SourceFile,Latitude (decimal),Longitude (decimal),Datetime
2021-01-23_1444.dat,15.336667,72.343333,2000-01-23 14:44:00
2021-01-23_1757.dat,15.406667,71.98,2000-01-23 17:57:00
2021-01-23_2049.dat,15.605,72.233333,2000-01-23 20:49:00
2021-02-04_2141.dat,15.603333,72.568333,2000-02-04 21:41:00
2021-02-07_2135.dat,15.678333,72.286667,2000-02-07 21:35:00
2021-02-09_2109.dat,16.8,71.441667,2000-02-09 21:09:00
2021-10-06_0118.dat,9.95,74.9,2000-10-06 01:18:00
2021-10-06_0655.dat,9.656667,75.216667,2000-10-06 06:55:00
2021-10-11_1929.dat,10.741667,75.2,2000-10-11 19:29:00
2021-10-12_0800.dat,13.775,73.386667,2000-10-12 08:00:00
2021-10-12_1246.dat,14.491667,73.133333,2000-10-12 12:46:00
2021-10-12_1805.dat,15.336667,73.046667,2000-10-12 18:05:00
2021-10-12_2059.dat,15.765,72.703333,2000-10-12 20:59:00
2021-10-13_0126.dat,15.791667,72.48,2000-10-13 01:26:00
2021-10-13_0505.dat,15.756667,72.375,2000-10-13 05:05:00
2021-10-13_2037.dat,15.521667,73.056667,2000-10-13 20:37:00
2021-10-13_2215.dat,15.601667,72.616667,2000-10-13 22:15:00
2021-10-14_0610.dat,14.2,73.186667,2000-10-14 06:10:00
2021-10-14_1758.dat,12.635,74.075,2000-10-14 17:58:00
2021-10-24_1948.dat,15.22,72.401667,2000-10-24 19:48:00
2021-10-25_0552.dat,14.1,71.758333,2000-10-25 05:52:00
2021-10-25_1149.dat,14.821667,72.338333,2000-10-25 11:49:00
2021-10-25_1809.dat,15.17,72.338333,2000-10-25 18:09:00
2021-10-25_2345.dat,15.155,72.335,2000-10-25 23:45:00
2021-10-26_0314.dat,14.958333,72.238333,2000-10-26 03:14:00
2021-10-26_1750.dat,15.425,72.085,2000-10-26 17:50:00
2021-10-27_0559.dat,14.85,71.72,2000-10-27 05:59:00
2021-10-27_1923.dat,15.183333,72.633333,2000-10-27 19:23:00
2021-10-28_0632.dat,14.056667,71.85,2000-10-28 06:32:00
2021-10-28_1801.dat,15.625,72.0,2000-10-28 18:01:00
2021-11-11_1154.dat,16.785,71.418333,2000-11-11 11:54:00
2021-11-11_1755.dat,16.106667,71.158333,2000-11-11 17:55:00
2021-11-14_0554.dat,15.85,72.323333,2000-11-14 05:54:00
2021-11-14_1151.dat,15.851667,71.804167,2000-11-14 11:51:00
2021-11-14_1755.dat,16.086667,71.121667,2000-11-14 17:55:00
2021-11-19_0254.dat,15.638333,72.573333,2000-11-19 02:54:00
2021-11-19_0830.dat,15.838333,72.233333,2000-11-19 08:30:00
2021-12-11_1722.dat,17.09,71.79,2000-12-11 17:22:00
2021-12-11_2235.dat,17.238333,71.703333,2000-12-11 22:35:00
2021-12-11_2251.dat,17.24,71.638333,2000-12-11 22:51:00
2021-12-11_2257.dat,17.24,71.616667,2000-12-11 22:57:00
2021-12-12_0540.dat,16.436667,70.818333,2000-12-12 05:40:00
2021-12-12_0835.dat,16.866667,71.033333,2000-12-12 08:35:00
2021-12-12_1202.dat,17.183333,71.223333,2000-12-12 12:02:00
2021-12-12_1715.dat,17.273333,71.251667,2000-12-12 17:15:00
2021-12-13_0608.dat,15.35,71.988333,2000-12-13 06:08:00
2021-12-15_0831.dat,13.933333,73.391667,2000-12-15 08:31:00
2021-12-15_1556.dat,14.0,73.0,2000-12-15 15:56:00
2021-12-15_1749.dat,14.766667,73.205,2000-12-15 17:49:00
2021-12-15_2335.dat,14.271667,72.188333,2000-12-15 23:35:00
2021-12-16_0506.dat,14.935,71.341667,2000-12-16 05:06:00
2021-12-16_1652.dat,16.658333,71.255,2000-12-16 16:52:00
2022-01-08_0510.dat,14.471667,72.275,2001-01-08 05:10:00
2001-12-31_2305.dat,17.683333,83.758333,2001-12-31 23:05:00
2001-12-31_2309.dat,17.37,83.873333,2001-12-31 23:09:00
2001-12-31_2315.dat,13.373333,93.988333,2001-12-31 23:15:00
2001-12-31_2318.dat,17.263333,83.611667,2001-12-31 23:18:00
2001-12-31_2324.dat,13.761667,92.861667,2001-12-31 23:24:00
2001-12-31_2325.dat,13.183333,93.21,2001-12-31 23:25:00
2002-01-01_0003 (2).dat,15.0,72.0,2002-01-01 00:03:00
2002-01-01_0003.dat,16.955,66.916667,2002-01-01 00:03:00
2002-01-01_0004.dat,15.053333,72.52,2002-01-01 00:04:00
2002-01-01_0005.dat,15.853333,72.49,2002-01-01 00:05:00
2002-01-01_0006.dat,-18.168333,57.638333,2002-01-01 00:06:00
2002-01-01_0007.dat,17.208333,70.755,2002-01-01 00:07:00
2002-01-01_0008.dat,15.535,72.568333,2002-01-01 00:08:00
2002-01-01_0009.dat,7.168333,79.418333,2002-01-01 00:09:00
2002-01-01_0010.dat,17.438333,83.635,2002-01-01 00:10:00
2022-01-01_0010.dat,18.315,71.398333,2002-01-01 00:10:00
2002-01-01_0012.dat,15.788333,7.368333,2002-01-01 00:12:00
2022-01-01_0013.dat,21.991667,67.206667,2002-01-01 00:13:00
2002-01-01_0014.dat,17.436667,83.661667,2002-01-01 00:14:00
2002-01-01_0015.dat,17.186667,83.738333,2002-01-01 00:15:00
2002-01-01_0016.dat,15.356667,72.433333,2002-01-01 00:16:00
2002-01-01_0017.dat,3.436667,62.03,2002-01-01 00:17:00
2021-01-01_0017.dat,15.393333,72.701667,2002-01-01 00:17:00
2022-01-01_0019.dat,15.0,71.0,2002-01-01 00:19:00
2022-01-01_0020.dat,17.566667,70.421667,2002-01-01 00:20:00
2002-01-01_0021.dat,6.228333,79.755,2002-01-01 00:21:00
2002-01-01_0022.dat,17.59,83.806667,2002-01-01 00:22:00
2002-01-01_0026.dat,12.703333,82.961667,2002-01-01 00:26:00
2002-01-01_0037.dat,15.823333,83.571667,2002-01-01 00:37:00
2002-01-01_0043.dat,11.671667,72.103333,2002-01-01 00:43:00
2002-01-01_0044.dat,19.923333,88.288333,2002-01-01 00:44:00
2022-01-01_0044.dat,15.0,71.0,2002-01-01 00:44:00
2022-01-01_0047.dat,17.373333,71.54,2002-01-01 00:47:00
2022-01-01_0048.dat,15.383333,72.668333,2002-01-01 00:48:00
2002-01-01_0049.dat,16.688333,71.805,2002-01-01 00:49:00
2002-01-01_0051.dat,17.068333,70.25,2002-01-01 00:51:00
2022-01-01_0053.dat,14.866667,72.208333,2002-01-01 00:53:00
2002-01-01_0057.dat,20.535,89.458333,2002-01-01 00:57:00
2002-01-01_0059.dat,7.005,93.495,2002-01-01 00:59:00
2002-01-01_0102.dat,7.123333,94.553333,2002-01-01 01:02:00
2002-01-01_0111.dat,17.033333,83.586667,2002-01-01 01:11:00
2002-01-01_0120.dat,20.208333,89.42,2002-01-01 01:20:00
2002-01-01_0153.dat,17.125,83.545,2002-01-01 01:53:00
2002-01-01_0224.dat,17.853333,84.023333,2002-01-01 02:24:00
2002-01-01_0238.dat,11.053333,82.788333,2002-01-01 02:38:00
2002-01-01_0239.dat,17.258333,83.573333,2002-01-01 02:39:00
2002-01-01_0321.dat,15.04,73.2,2002-01-01 03:21:00
2002-01-01_0331.dat,17.366667,83.701667,2002-01-01 03:31:00
2002-01-01_0353.dat,17.268333,83.605,2002-01-01 03:53:00
2002-01-01_0358.dat,7.425,79.42,2002-01-01 03:58:00
2002-01-01_0414.dat,16.191667,85.74,2002-01-01 04:14:00
2002-01-01_0502.dat,9.506667,82.573333,2002-01-01 05:02:00
2002-01-01_0514.dat,16.55,71.525,2002-01-01 05:14:00
2002-01-01_0530.dat,17.268333,83.606667,2002-01-01 05:30:00
2002-01-01_0531.dat,17.455,83.686667,2002-01-01 05:31:00
2002-01-01_0541.dat,17.281667,83.708333,2002-01-01 05:41:00
2002-01-01_0710.dat,17.168333,83.571667,2002-01-01 07:10:00
2002-01-01_0805.dat,13.781667,81.008333,2002-01-01 08:05:00
2002-01-01_1016.dat,6.668333,94.386667,2002-01-01 10:16:00
2002-01-01_1035.dat,6.668333,94.386667,2002-01-01 10:35:00
2002-01-01_1220.dat,-11.135,58.716667,2002-01-01 12:20:00
2021-01-01_1501.dat,14.61,72.381667,2002-01-01 15:01:00
2002-01-01_1533.dat,17.793333,83.981667,2002-01-01 15:33:00
2002-01-01_1658.dat,17.421667,83.655,2002-01-01 16:58:00
2002-01-01_1818.dat,17.405,83.666667,2002-01-01 18:18:00
2002-01-01_1819.dat,12.016667,46.3,2002-01-01 18:19:00
2002-01-01_1853.dat,17.318333,83.668333,2002-01-01 18:53:00
2021-01-01_2039.dat,27.475,50.113333,2002-01-01 20:39:00
2002-01-01_2041.dat,17.455,83.581667,2002-01-01 20:41:00
2002-01-01_2121.dat,17.458333,83.581667,2002-01-01 21:21:00
2021-01-01_2139.dat,20.291667,69.555,2002-01-01 21:39:00
2021-01-01_2150.dat,27.466667,50.1,2002-01-01 21:50:00
2022-01-01_0042 (8).dat,7.15,82.733333,2002-01-02 00:06:00
2022-01-01_0042 (9).dat,8.4,82.855,2002-01-02 01:52:00
2022-01-01_0042 (10).dat,9.585,82.961667,2002-01-02 03:56:00
2002-01-02_0533.dat,17.391667,83.44,2002-01-02 05:33:00
2022-01-01_0042 (11).dat,10.65,83.033333,2002-01-02 05:41:00
2002-01-02_0705.dat,14.11,83.118333,2002-01-02 07:05:00
2021-01-02_2203.dat,27.29,51.553333,2002-01-02 22:03:00
2021-01-02_2209.dat,20.216667,69.466667,2002-01-02 22:09:00
2002-01-03_1526.dat,22.015,123.508333,2002-01-03 15:26:00
2021-01-03_1701.dat,12.65,73.95,2002-01-03 17:01:00
2021-01-03_2215.dat,18.44,70.905,2002-01-03 22:15:00
2021-01-04_0745.dat,17.233333,71.233333,2002-01-04 07:45:00
2021-01-05_0108.dat,26.511667,56.406667,2002-01-05 01:08:00
2021-01-05_0602.dat,24.041667,58.905,2002-01-05 06:02:00
2002-01-05_0634.dat,17.033333,71.85,2002-01-05 06:34:00
2021-01-05_1519.dat,23.45,60.22,2002-01-05 15:19:00
2021-01-06_0237.dat,21.898333,62.483333,2002-01-06 02:37:00
2021-01-06_0442.dat,15.716667,72.016667,2002-01-06 04:42:00
2021-01-06_0748.dat,14.608333,73.246667,2002-01-06 07:48:00
2021-01-06_1101.dat,14.733333,72.72,2002-01-06 11:01:00
2021-01-06_1119.dat,19.445,67.76,2002-01-06 11:19:00
2021-01-06_1401.dat,14.516667,72.75,2002-01-06 14:01:00
2021-01-06_1635.dat,13.133333,73.366667,2002-01-06 16:35:00
2021-01-06_2015.dat,15.45,72.583333,2002-01-06 20:15:00
2021-01-06_2132.dat,17.85,69.178333,2002-01-06 21:32:00
2002-01-07_0334.dat,17.173333,71.825,2002-01-07 03:34:00
2021-01-07_0505.dat,14.36,72.136667,2002-01-07 05:05:00
2002-01-07_0558.dat,16.983333,71.816667,2002-01-07 05:58:00
2002-01-07_0709.dat,17.023333,71.651667,2002-01-07 07:09:00
2021-01-07_0722.dat,16.161667,71.436667,2002-01-07 07:22:00
2021-01-07_0903.dat,14.816667,72.366667,2002-01-07 09:03:00
2021-01-07_1644.dat,14.505,72.39,2002-01-07 16:44:00
2021-01-07_1855.dat,14.788333,71.906667,2002-01-07 18:55:00
2021-01-07_1931.dat,14.788333,71.906667,2002-01-07 19:31:00
2021-01-08_1238.dat,72.378333,15.436667,2002-01-08 12:38:00
2021-01-08_1535.dat,15.791667,72.095,2002-01-08 15:35:00
2021-01-08_1849.dat,15.671667,72.065,2002-01-08 18:49:00
2021-01-08_1932.dat,15.726667,72.191667,2002-01-08 19:32:00
2021-01-08_2020.dat,15.746667,72.3,2002-01-08 20:20:00
2021-01-09_0042.dat,15.305,72.506667,2002-01-09 00:42:00
2002-01-09_0510.dat,18.283333,71.916667,2002-01-09 05:10:00
2021-01-09_0712.dat,15.391667,72.12,2002-01-09 07:12:00
2002-01-09_1756.dat,17.466667,71.038333,2002-01-09 17:56:00
2002-01-09_1804.dat,17.466667,71.038333,2002-01-09 18:04:00
2002-01-10_1645.dat,17.106667,70.603333,2002-01-10 16:45:00
2002-01-13_0915.dat,19.455,70.608333,2002-01-13 09:15:00
2002-01-14_0945.dat,19.813333,87.91,2002-01-14 09:45:00
2002-01-19_0623.dat,12.54,74.298333,2002-01-19 06:23:00
2002-01-19_2200.dat,15.37,72.521667,2002-01-19 22:00:00
2021-01-21_1647.dat,19.853333,69.103333,2002-01-21 16:47:00
2021-01-21_2209.dat,20.858333,66.901667,2002-01-21 22:09:00
2021-01-22_1341.dat,22.883333,62.2,2002-01-22 13:41:00
2002-02-03_1953.dat,-9.086667,71.601667,2002-02-03 19:53:00
2022-01-01_0042 (12).dat,22.861667,37.093333,2002-02-07 07:20:00
2022-01-01_0042 (13).dat,15.728333,41.45,2002-02-08 07:18:00
2022-01-01_0042 (14).dat,13.113333,50.435,2002-02-10 06:38:00
2022-01-01_0042 (15).dat,15.415,53.443333,2002-02-11 07:10:00
2002-02-22_1807.dat,15.785,72.765,2002-02-22 18:07:00
2002-02-23_0605.dat,15.785,72.491667,2002-02-23 06:05:00
2002-04-21_1251.dat,13.0,87.0,2002-04-21 12:51:00
2002-04-21_1258.dat,13.0,87.0,2002-04-21 12:58:00
2002-04-21_1310.dat,13.0,87.0,2002-04-21 13:10:00
2002-04-24_0556.dat,12.0,87.0,2002-04-24 05:56:00
2002-06-17_1757.dat,18.685,85.72,2002-06-17 17:57:00
2002-06-21_1223.dat,17.75,83.7,2002-06-21 12:23:00
2002-10-17_2348.dat,9.513333,73.156667,2002-10-17 23:48:00
2014-01-01_0025.dat,17.283333,71.55,2003-01-01 00:25:00
2011-11-19_0630.dat,17.391667,83.485,2011-11-19 06:30:00
2014-04-11_2109.dat,9.803333,75.3145,2014-04-11 21:09:00
2014-04-11_2133.dat,9.725,75.316667,2014-04-11 21:33:00
2014-04-11_2229.dat,9.57,73.321833,2014-04-11 22:29:00
2014-04-23_0602.dat,10.69,72.428333,2014-04-23 06:02:00
2014-11-04_1344.dat,17.225,83.701667,2014-11-04 13:44:00
2014-11-06_1712.dat,17.136667,83.373333,2014-11-06 17:12:00
2014-11-14_0104.dat,15.305,81.583333,2014-11-14 01:04:00
2014-12-11_0030.dat,17.0,84.356667,2014-12-11 00:30:00
2014-12-11_0527.dat,17.505,84.203333,2014-12-11 05:27:00
2014-12-12_0505.dat,15.141667,83.75,2014-12-12 05:05:00
2014-12-13_0517.dat,15.305,84.47,2014-12-13 05:17:00
2014-12-14_0504.dat,15.108333,83.774333,2014-12-14 05:04:00
2014-12-15_0515.dat,15.055,85.005,2014-12-15 05:15:00
2014-12-16_0450.dat,13.32,81.123333,2014-12-16 04:50:00
2014-01-01_0019.dat,10.778333,56.891667,2015-01-01 00:19:00
2015-01-02_0619.dat,18.076667,67.746667,2015-01-02 06:19:00
2015-01-02_1158.dat,17.65,66.026667,2015-01-02 11:58:00
2015-01-02_1854.dat,17.111667,63.846667,2015-01-02 18:54:00
2015-01-02_1900.dat,17.111667,63.846667,2015-01-02 19:00:00
2015-01-03_0032.dat,16.581667,61.718333,2015-01-03 00:32:00
2015-01-03_0652.dat,16.063333,59.656667,2015-01-03 06:52:00
2015-01-03_0658.dat,16.063333,59.656667,2015-01-03 06:58:00
2015-01-03_1303.dat,15.58,57.703333,2015-01-03 13:03:00
2015-01-03_1910.dat,15.353333,57.291667,2015-01-03 19:10:00
2015-01-03_2331.dat,15.161667,55.95,2015-01-03 23:31:00
2015-01-03_2338.dat,15.161667,55.95,2015-01-03 23:38:00
2015-01-03_2348.dat,15.161667,55.95,2015-01-03 23:48:00
2015-01-04_0000.dat,15.161667,55.95,2015-01-04 00:00:00
2015-01-04_0619.dat,14.835,72.5,2015-01-04 06:19:00
2015-01-04_0631.dat,14.826667,54.046667,2015-01-04 06:31:00
2015-01-04_1040.dat,17.385,83.54,2015-01-04 10:40:00
2015-01-04_1223.dat,14.425,52.643333,2015-01-04 12:23:00
2015-01-04_1232.dat,14.425,52.643333,2015-01-04 12:32:00
2015-01-04_1242.dat,14.425,52.643333,2015-01-04 12:42:00
2015-01-04_1752.dat,14.05,51.321667,2015-01-04 17:52:00
2015-01-04_1810.dat,14.05,51.321667,2015-01-04 18:10:00
2015-01-04_1935.dat,12.418333,74.1695,2015-01-04 19:35:00
2015-01-05_0016.dat,13.573333,49.758333,2015-01-05 00:16:00
2015-01-05_0554.dat,13.166667,48.452333,2015-01-05 05:54:00
2015-01-05_0614.dat,14.991667,73.026667,2015-01-05 06:14:00
2015-01-05_1241.dat,12.788333,47.056667,2015-01-05 12:41:00
2015-01-05_1836.dat,16.723333,72.413333,2015-01-05 18:36:00
2015-01-05_1844.dat,12.32,45.723333,2015-01-05 18:44:00
2015-01-06_0607.dat,8.996667,93.808333,2015-01-06 06:07:00
2015-01-07_0614.dat,18.138333,71.875,2015-01-07 06:14:00
2015-01-07_0639.dat,11.818333,44.761667,2015-01-07 06:39:00
2015-01-07_0645.dat,11.818333,44.761667,2015-01-07 06:45:00
2015-01-07_1409.dat,12.173333,46.115,2015-01-07 14:09:00
2015-01-07_1829.dat,12.418333,46.995,2015-01-07 18:29:00
2015-01-07_2344.dat,12.763333,48.013333,2015-01-07 23:44:00
2015-01-08_0558.dat,13.156667,49.16,2015-01-08 05:58:00
2015-01-08_1152.dat,13.27,50.074667,2015-01-08 11:52:00
2015-01-08_1211.dat,18.34,71.51,2015-01-08 12:11:00
2015-01-08_1703.dat,16.718333,71.783333,2015-01-08 17:03:00
2015-01-08_1801.dat,13.746667,51.193333,2015-01-08 18:01:00
2015-01-08_2350.dat,14.038333,52.1795,2015-01-08 23:50:00
2015-01-08_2356.dat,14.038333,52.178333,2015-01-08 23:56:00
2015-01-09_0631.dat,14.565,53.198333,2015-01-09 06:31:00
2015-01-09_0638.dat,14.565,53.198333,2015-01-09 06:38:00
2015-01-09_0642.dat,17.885,70.441667,2015-01-09 06:42:00
2015-01-09_1212.dat,14.238333,52.361667,2015-01-09 12:12:00
2015-01-09_1219.dat,14.238333,52.361667,2015-01-09 12:19:00
2015-01-09_1249.dat,18.055,70.623333,2015-01-09 12:49:00
2015-01-09_1525.dat,17.83,70.445,2015-01-09 15:25:00
2015-01-09_1824.dat,13.851667,51.08,2015-01-09 18:24:00
2015-01-09_1828.dat,13.851667,51.08,2015-01-09 18:28:00
2015-01-09_2352.dat,13.496667,49.965,2015-01-09 23:52:00
2015-01-10_0512.dat,17.558333,70.82,2015-01-10 05:12:00
2015-01-10_0546.dat,13.17,48.788333,2015-01-10 05:46:00
2015-01-10_1205.dat,12.758333,47.57,2015-01-10 12:05:00
2015-01-10_1251.dat,12.758333,47.57,2015-01-10 12:51:00
2015-01-10_1744.dat,18.68,70.701667,2015-01-10 17:44:00
2015-01-10_1907.dat,12.341667,46.251667,2015-01-10 19:07:00
2015-01-10_2353.dat,12.038333,45.25,2015-01-10 23:53:00
2015-01-11_0717.dat,11.811667,44.971667,2015-01-11 07:17:00
2015-01-11_1239.dat,12.088333,45.895,2015-01-11 12:39:00
2015-01-11_1740.dat,19.246667,70.765667,2015-01-11 17:40:00
2015-01-11_1821.dat,12.455,47.048333,2015-01-11 18:21:00
2015-01-11_1942.dat,19.705,70.513333,2015-01-11 19:42:00
2015-01-11_2337.dat,12.776667,48.071667,2015-01-11 23:37:00
2015-01-11_2338.dat,12.776667,48.071667,2015-01-11 23:38:00
2015-01-12_0616.dat,13.091667,49.123333,2015-01-12 06:16:00
2015-01-12_1231.dat,13.431667,50.356667,2015-01-12 12:31:00
2015-01-12_1813.dat,13.753333,51.333333,2015-01-12 18:13:00
2015-01-12_2353.dat,14.021667,52.261667,2015-01-12 23:53:00
2015-01-13_0613.dat,14.378333,53.223333,2015-01-13 06:13:00
2015-01-13_1049.dat,19.005,70.438333,2015-01-13 10:49:00
2015-01-13_1249.dat,14.23,52.091667,2015-01-13 12:49:00
2015-01-13_1719.dat,70.663333,70.651667,2015-01-13 17:19:00
2015-01-13_1728.dat,18.996667,70.651667,2015-01-13 17:28:00
2015-01-13_1757.dat,13.896667,50.995,2015-01-13 17:57:00
2015-01-13_2006.dat,17.601667,83.685,2015-01-13 20:06:00
2015-01-14_0012.dat,13.478333,49.705,2015-01-14 00:12:00
2015-01-14_0022.dat,17.343333,83.551667,2015-01-14 00:22:00
2015-01-14_0128.dat,17.343333,83.501667,2015-01-14 01:28:00
2015-01-14_0320.dat,17.841667,83.893333,2015-01-14 03:20:00
2015-01-14_0512.dat,17.741667,83.878333,2015-01-14 05:12:00
2015-01-14_0610.dat,13.058333,48.328,2015-01-14 06:10:00
2015-01-14_0758.dat,17.636667,71.088333,2015-01-14 07:58:00
2015-01-14_1204.dat,12.73,47.101667,2015-01-14 12:04:00
2015-01-14_1249.dat,17.711667,83.436667,2015-01-14 12:49:00
2015-01-14_1838.dat,12.306667,45.738333,2015-01-14 18:38:00
2015-01-14_1842.dat,12.306667,45.738333,2015-01-14 18:42:00
2015-01-14_2110.dat,16.975,83.27,2015-01-14 21:10:00
2015-01-14_2157.dat,17.018333,83.271667,2015-01-14 21:57:00
2015-01-15_0513.dat,16.21,83.42,2015-01-15 05:13:00
2015-01-15_0545.dat,17.55,70.7,2015-01-15 05:45:00
2015-01-15_1148.dat,17.883333,71.033333,2015-01-15 11:48:00
2015-01-15_1741.dat,18.316667,71.066667,2015-01-15 17:41:00
2015-01-17_0652.dat,11.835,44.905,2015-01-17 06:52:00
2015-01-17_0659.dat,11.835,44.905,2015-01-17 06:59:00
2015-01-17_1202.dat,12.183333,45.986667,2015-01-17 12:02:00
2015-01-17_1818.dat,12.551667,47.226667,2015-01-17 18:18:00
2015-01-17_1843.dat,12.431667,81.466667,2015-01-17 18:43:00
2015-01-17_2107.dat,11.798333,81.72,2015-01-17 21:07:00
2015-01-17_2205.dat,11.656667,81.806667,2015-01-17 22:05:00
2015-01-17_2316.dat,11.476667,81.911667,2015-01-17 23:16:00
2015-01-17_2328.dat,11.87,81.566667,2015-01-17 23:28:00
2015-01-17_2356.dat,12.94,48.473333,2015-01-17 23:56:00
2015-01-18_0506.dat,10.401667,82.2,2015-01-18 05:06:00
2015-01-18_0527.dat,10.62,85.431667,2015-01-18 05:27:00
2015-01-18_0556.dat,13.29,49.586667,2015-01-18 05:56:00
2015-01-18_0624.dat,8.011667,94.713333,2015-01-18 06:24:00
2015-01-18_1143.dat,9.418333,82.57,2015-01-18 11:43:00
2015-01-18_1230.dat,13.678333,50.838333,2015-01-18 12:30:00
2015-01-18_1806.dat,14.03,51.993333,2015-01-18 18:06:00
2015-01-18_2232.dat,7.136667,82.783333,2015-01-18 22:32:00
2015-01-18_2353.dat,14.371667,53.04,2015-01-18 23:53:00
2015-01-19_0019.dat,6.073333,82.758333,2015-01-19 00:19:00
2015-01-19_0226.dat,6.461667,82.566667,2015-01-19 02:26:00
2015-01-19_0535.dat,6.171667,82.091667,2015-01-19 05:35:00
2015-01-19_0617.dat,14.75,52.995,2015-01-19 06:17:00
2015-01-19_1139.dat,5.833333,80.518333,2015-01-19 11:39:00
2015-01-19_1154.dat,14.271667,52.41,2015-01-19 11:54:00
2015-01-19_1205.dat,14.271667,52.401667,2015-01-19 12:05:00
2015-01-19_1403.dat,10.543333,91.328333,2015-01-19 14:03:00
2015-01-19_1830.dat,13.861667,51.113333,2015-01-19 18:30:00
2015-01-19_2300.dat,7.003333,77.981667,2015-01-19 23:00:00
2015-01-20_0004.dat,13.518333,49.975,2015-01-20 00:04:00
2015-01-20_0522.dat,7.755,76.811667,2015-01-20 05:22:00
2015-01-20_0605.dat,13.128333,48.746667,2015-01-20 06:05:00
2015-01-20_1129.dat,11.816667,89.196667,2015-01-20 11:29:00
2015-01-20_1213.dat,12.771667,47.531667,2015-01-20 12:13:00
2015-01-20_1851.dat,12.408333,46.356667,2015-01-20 18:51:00
2015-01-20_2339.dat,12.04,45.251667,2015-01-20 23:39:00
2015-01-21_0547.dat,11.703333,44.913333,2015-01-21 05:47:00
2015-01-21_1207.dat,12.113333,45.993333,2015-01-21 12:07:00
2015-01-21_1216.dat,17.323333,71.565,2015-01-21 12:16:00
2015-01-21_1232.dat,12.113333,45.993333,2015-01-21 12:32:00
2015-01-21_1721.dat,11.075,92.033333,2015-01-21 17:21:00
2015-01-21_1745.dat,12.546667,47.406667,2015-01-21 17:45:00
2015-01-21_2347.dat,12.99,48.806667,2015-01-21 23:47:00
2015-01-22_0058.dat,17.15,71.59,2015-01-22 00:58:00
2015-01-22_0402.dat,17.156667,71.721667,2015-01-22 04:02:00
2015-01-22_0600.dat,13.378333,50.055,2015-01-22 06:00:00
2015-01-22_0804.dat,17.208333,71.683333,2015-01-22 08:04:00
2015-01-22_1158.dat,13.823333,51.513333,2015-01-22 11:58:00
2015-01-22_1204.dat,13.823333,51.513333,2015-01-22 12:04:00
2015-01-22_1552.dat,17.248333,71.6,2015-01-22 15:52:00
2015-01-22_1801.dat,17.19,71.616667,2015-01-22 18:01:00
2015-01-22_1802.dat,14.236667,52.831667,2015-01-22 18:02:00
2015-01-22_1805.dat,14.236667,52.831667,2015-01-22 18:05:00
2015-01-22_1806.dat,14.236667,52.831667,2015-01-22 18:06:00
2015-01-22_2152.dat,15.538333,53.53,2015-01-22 21:52:00
2015-01-24_0859.dat,17.395,83.44,2015-01-24 08:59:00
2015-01-24_1014.dat,17.018333,83.396667,2015-01-24 10:14:00
2015-01-25_0603.dat,15.385,53.368333,2015-01-25 06:03:00
2015-01-25_1211.dat,14.323333,52.64,2015-01-25 12:11:00
2015-01-25_1849.dat,14.023333,51.451667,2015-01-25 18:49:00
2015-01-25_2327.dat,13.701667,50.385,2015-01-25 23:27:00
2015-01-26_0640.dat,13.275,49.068333,2015-01-26 06:40:00
2015-01-26_1221.dat,12.921667,47.975,2015-01-26 12:21:00
2015-01-26_1822.dat,12.53,46.725,2015-01-26 18:22:00
2015-01-26_2343.dat,12.215,45.67,2015-01-26 23:43:00
2015-01-27_0608.dat,11.61,44.818333,2015-01-27 06:08:00
2015-01-27_0651.dat,17.133333,63.783333,2015-01-27 06:51:00
2015-01-27_1209.dat,12.086667,45.846667,2015-01-27 12:09:00
2015-01-27_1213.dat,16.831667,62.576667,2015-01-27 12:13:00
2015-01-27_1214.dat,16.831667,62.576667,2015-01-27 12:14:00
2015-01-27_1831.dat,16.483333,61.133333,2015-01-27 18:31:00
2015-01-27_1837.dat,12.446667,47.026667,2015-01-27 18:37:00
2015-01-27_2333.dat,12.821667,48.178333,2015-01-27 23:33:00
2015-01-28_0624.dat,13.221667,49.578333,2015-01-28 06:24:00
2015-01-28_0711.dat,15.758333,58.256667,2015-01-28 07:11:00
2015-01-28_1257.dat,15.483333,56.975,2015-01-28 12:57:00
2015-01-28_1919.dat,15.25,55.616667,2015-01-28 19:19:00
2015-01-29_0623.dat,14.653333,53.265,2015-01-29 06:23:00
2015-01-29_0727.dat,14.966667,53.45,2015-01-29 07:27:00
2015-01-29_1209.dat,18.196667,72.533333,2015-01-29 12:09:00
2015-01-29_1947.dat,14.091667,51.825,2015-01-29 19:47:00
2015-01-30_0405.dat,17.246667,71.955,2015-01-30 04:05:00
2015-01-30_0536.dat,16.541667,59.915,2015-01-30 05:36:00
2015-01-30_0544.dat,16.541667,59.915,2015-01-30 05:44:00
2015-01-30_0638.dat,17.226667,71.674,2015-01-30 06:38:00
2015-01-30_0652.dat,9.531667,74.308333,2015-01-30 06:52:00
2015-01-30_0727.dat,17.221667,71.788333,2015-01-30 07:27:00
2015-01-30_0728.dat,17.445,71.616667,2015-01-30 07:28:00
2015-01-30_0730.dat,17.43,71.616667,2015-01-30 07:30:00
2015-01-30_0759.dat,13.391667,49.518333,2015-01-30 07:59:00
2015-01-30_1203.dat,17.183333,71.883333,2015-01-30 12:03:00
2015-01-30_1213.dat,17.201667,71.945,2015-01-30 12:13:00
2015-01-30_1333.dat,13.033333,48.0,2015-01-30 13:33:00
2015-01-30_1350.dat,17.025,71.921667,2015-01-30 13:50:00
2015-01-30_1501.dat,17.011667,71.883333,2015-01-30 15:01:00
2015-01-30_1513.dat,16.918333,71.776667,2015-01-30 15:13:00
2015-01-30_1518.dat,17.226667,71.674,2015-01-30 15:18:00
2015-01-30_1627.dat,17.085,71.796667,2015-01-30 16:27:00
2015-01-30_1718.dat,17.213333,71.688333,2015-01-30 17:18:00
2015-01-30_1745.dat,17.241667,71.656667,2015-01-30 17:45:00
2015-01-30_2248.dat,17.533333,71.44,2015-01-30 22:48:00
2015-01-31_0615.dat,17.946667,66.558333,2015-01-31 06:15:00
2015-01-31_0710.dat,17.226667,71.674,2015-01-31 07:10:00
2015-01-31_0742.dat,11.72,45.558333,2015-01-31 07:42:00
2015-01-31_0913.dat,17.3,71.59,2015-01-31 09:13:00
2015-01-31_1015.dat,17.105,71.595,2015-01-31 10:15:00
2015-01-31_1412.dat,12.066667,45.8,2015-01-31 14:12:00
2015-02-01_0153.dat,17.355,71.75,2015-02-01 01:53:00
2015-02-01_0620.dat,17.425,71.420833,2015-02-01 06:20:00
2015-02-01_0642.dat,17.175,71.508333,2015-02-01 06:42:00
2015-02-01_0817.dat,17.148333,71.545,2015-02-01 08:17:00
2015-02-01_1330.dat,13.686667,51.118333,2015-02-01 13:30:00
2015-02-01_1706.dat,17.966667,71.688333,2015-02-01 17:06:00
2015-02-01_1832.dat,16.266667,71.708333,2015-02-01 18:32:00
2015-02-01_1847.dat,16.275,71.703333,2015-02-01 18:47:00
2015-02-01_1924.dat,14.336667,52.025,2015-02-01 19:24:00
2015-02-01_2359.dat,17.075,71.018333,2015-02-01 23:59:00
2015-02-02_0644.dat,17.141667,70.936667,2015-02-02 06:44:00
2015-02-02_0715.dat,17.056667,70.823333,2015-02-02 07:15:00
2015-02-02_1640.dat,16.911667,70.963333,2015-02-02 16:40:00
2015-02-03_0512.dat,9.786667,75.226667,2015-02-03 05:12:00
2015-02-03_0622.dat,15.798333,71.696667,2015-02-03 06:22:00
2015-02-03_0624.dat,16.731667,71.785,2015-02-03 06:24:00
2015-02-03_0644.dat,16.621667,71.891667,2015-02-03 06:44:00
2015-02-03_1129.dat,16.728333,71.678333,2015-02-03 11:29:00
2015-02-03_1135.dat,9.566667,74.556667,2015-02-03 11:35:00
2015-02-03_1319.dat,16.191667,71.541667,2015-02-03 13:19:00
2015-02-03_1436.dat,17.211667,71.575,2015-02-03 14:36:00
2015-02-03_1721.dat,16.728333,71.751667,2015-02-03 17:21:00
2015-02-03_1723.dat,9.533333,74.591667,2015-02-03 17:23:00
2015-02-03_1746.dat,16.13,71.703333,2015-02-03 17:46:00
2015-02-03_2043.dat,15.725,71.771167,2015-02-03 20:43:00
2015-02-03_2228.dat,15.536667,71.465,2015-02-03 22:28:00
2015-02-03_2333.dat,10.545,74.888333,2015-02-03 23:33:00
2015-02-04_0523.dat,11.628333,74.685,2015-02-04 05:23:00
2015-02-04_0535.dat,11.596667,74.673333,2015-02-04 05:35:00
2015-02-04_0607.dat,15.958333,71.308333,2015-02-04 06:07:00
2015-02-04_0617.dat,15.941667,71.32,2015-02-04 06:17:00
2015-02-04_0808.dat,15.036667,35.541667,2015-02-04 08:08:00
2015-02-04_0811.dat,15.92,71.39,2015-02-04 08:11:00
2015-02-04_0905.dat,16.006667,71.386667,2015-02-04 09:05:00
2015-02-04_0922.dat,16.161667,71.618333,2015-02-04 09:22:00
2015-02-04_1012.dat,15.983333,71.498333,2015-02-04 10:12:00
2015-02-04_1129.dat,12.338333,74.198333,2015-02-04 11:29:00
2015-02-04_1151.dat,15.67,71.668333,2015-02-04 11:51:00
2015-02-04_1303.dat,15.685,71.846667,2015-02-04 13:03:00
2015-02-04_1322.dat,15.563333,71.805333,2015-02-04 13:22:00
2015-02-04_1331.dat,14.316667,52.55,2015-02-04 13:31:00
2015-02-04_1352.dat,15.64,71.858333,2015-02-04 13:52:00
2015-02-04_1414.dat,15.606667,71.918333,2015-02-04 14:14:00
2015-02-04_1425.dat,15.458333,71.798333,2015-02-04 14:25:00
2015-02-04_1708.dat,15.563333,71.805,2015-02-04 17:08:00
2015-02-04_1735.dat,13.175,73.863333,2015-02-04 17:35:00
2015-02-04_1750.dat,16.023333,71.626667,2015-02-04 17:50:00
2015-02-04_1931.dat,13.936667,51.325,2015-02-04 19:31:00
2015-02-04_2318.dat,15.538333,71.073,2015-02-04 23:18:00
2015-02-04_2325.dat,17.118333,73.048333,2015-02-04 23:25:00
2015-02-05_0546.dat,15.095,72.245,2015-02-05 05:46:00
2015-02-05_0547.dat,14.831667,72.371667,2015-02-05 05:47:00
2015-02-05_0606.dat,15.57,72.87,2015-02-05 06:06:00
2015-02-05_0635.dat,15.208333,72.038333,2015-02-05 06:35:00
2015-02-05_0812.dat,15.311667,71.84,2015-02-05 08:12:00
2015-02-05_0813.dat,15.505,75.073333,2015-02-05 08:13:00
2015-02-05_0819.dat,15.365,71.688333,2015-02-05 08:19:00
2015-02-05_0823.dat,15.233333,72.001667,2015-02-05 08:23:00
2015-02-05_0835.dat,15.265,71.608333,2015-02-05 08:35:00
2015-02-05_0837.dat,15.558333,72.135,2015-02-05 08:37:00
2015-02-05_0846.dat,13.116667,48.733333,2015-02-05 08:46:00
2015-02-05_1133.dat,16.5,71.155,2015-02-05 11:33:00
2015-02-05_1526.dat,15.928333,71.66,2015-02-05 15:26:00
2015-02-05_1555.dat,16.038333,71.408333,2015-02-05 15:55:00
2015-02-05_1735.dat,16.763333,71.551667,2015-02-05 17:35:00
2015-02-05_1808.dat,16.11,71.616667,2015-02-05 18:08:00
2015-02-05_1814.dat,16.705,71.403333,2015-02-05 18:14:00
2015-02-05_1830.dat,15.811667,71.711,2015-02-05 18:30:00
2015-02-05_2038.dat,16.786667,70.908333,2015-02-05 20:38:00
2015-02-06_0531.dat,16.201667,71.806667,2015-02-06 05:31:00
2015-02-06_0540.dat,17.265,71.68,2015-02-06 05:40:00
2015-02-06_0606.dat,15.683333,71.233333,2015-02-06 06:06:00
2015-02-06_0618.dat,16.266667,71.916667,2015-02-06 06:18:00
2015-02-06_0619.dat,15.603333,71.55,2015-02-06 06:19:00
2015-02-06_0817.dat,15.265,71.425,2015-02-06 08:17:00
2015-02-06_1012.dat,16.721667,71.0,2015-02-06 10:12:00
2015-02-06_1112.dat,16.676667,71.398333,2015-02-06 11:12:00
2015-02-06_1127.dat,16.755,71.343333,2015-02-06 11:27:00
2015-02-06_1206.dat,15.598333,72.023333,2015-02-06 12:06:00
2015-02-06_1351.dat,11.983333,45.45,2015-02-06 13:51:00
2015-02-06_1556.dat,17.293333,71.641167,2015-02-06 15:56:00
2015-02-06_1739.dat,16.033333,72.09,2015-02-06 17:39:00
2015-02-06_1754.dat,15.926667,72.136667,2015-02-06 17:54:00
2015-02-06_1945.dat,17.298333,71.564333,2015-02-06 19:45:00
2015-02-06_1949.dat,17.266667,71.605,2015-02-06 19:49:00
2015-02-06_2005.dat,16.835,71.08,2015-02-06 20:05:00
2015-02-07_0011.dat,16.07,72.353333,2015-02-07 00:11:00
2015-02-07_0522.dat,16.73,70.593333,2015-02-07 05:22:00
2015-02-07_0533.dat,16.893333,71.445,2015-02-07 05:33:00
2015-02-07_0537.dat,16.355,71.42,2015-02-07 05:37:00
2015-02-07_0539.dat,16.605,70.835,2015-02-07 05:39:00
2015-02-07_0604.dat,16.085,71.485,2015-02-07 06:04:00
2015-02-07_0614.dat,17.16,71.838333,2015-02-07 06:14:00
2015-02-07_0619.dat,16.15,71.535,2015-02-07 06:19:00
2015-02-07_0743.dat,13.103333,49.008333,2015-02-07 07:43:00
2015-02-07_0921.dat,15.973333,71.113333,2015-02-07 09:21:00
2015-02-07_1125.dat,15.768333,71.186667,2015-02-07 11:25:00
2015-02-07_1153.dat,15.666667,71.34,2015-02-07 11:53:00
2015-02-07_1352.dat,13.51,50.256667,2015-02-07 13:52:00
2015-02-07_1702.dat,16.796667,71.313333,2015-02-07 17:02:00
2015-02-07_1931.dat,13.816667,51.3,2015-02-07 19:31:00
2015-02-08_0620.dat,14.033333,71.566667,2015-02-08 06:20:00
2015-02-08_0643.dat,13.54,71.225,2015-02-08 06:43:00
2015-02-08_0740.dat,14.453333,52.625,2015-02-08 07:40:00
2015-02-08_1424.dat,14.286667,52.433333,2015-02-08 14:24:00
2015-02-08_1716.dat,13.286667,71.268333,2015-02-08 17:16:00
2015-02-08_1917.dat,13.97,51.41,2015-02-08 19:17:00
2015-02-09_0552.dat,11.49,74.715,2015-02-09 05:52:00
2015-02-09_0817.dat,13.175,48.821667,2015-02-09 08:17:00
2015-02-09_1409.dat,12.803333,47.596667,2015-02-09 14:09:00
2015-02-09_1723.dat,10.841667,73.571667,2015-02-09 17:23:00
2015-02-09_2004.dat,12.421667,43.395,2015-02-09 20:04:00
2015-02-10_0639.dat,10.821667,73.41,2015-02-10 06:39:00
2015-02-10_0701.dat,10.301667,72.3,2015-02-10 07:01:00
2015-02-10_0850.dat,11.836667,43.455,2015-02-10 08:50:00
2015-02-10_1722.dat,11.553333,73.508333,2015-02-10 17:22:00
2015-02-10_1842.dat,11.786667,73.62,2015-02-10 18:42:00
2015-02-10_2157.dat,12.525,73.696667,2015-02-10 21:57:00
2015-02-12_1422.dat,12.066667,45.85,2015-02-12 14:22:00
2015-02-12_2013.dat,12.433333,46.966667,2015-02-12 20:13:00
2015-02-13_0625.dat,14.356667,72.585,2015-02-13 06:25:00
2015-02-13_0629.dat,14.916667,70.783333,2015-02-13 06:29:00
2015-02-13_0841.dat,13.156667,49.313333,2015-02-13 08:41:00
2015-02-13_1500.dat,13.375,50.305,2015-02-13 15:00:00
2015-02-13_2020.dat,13.736667,51.195,2015-02-13 20:20:00
2015-02-14_0552.dat,14.583333,72.3,2015-02-14 05:52:00
2015-02-14_0615.dat,15.233333,72.083333,2015-02-14 06:15:00
2015-02-14_1758.dat,7.466667,84.891667,2015-02-14 17:58:00
2015-02-14_2035.dat,13.753333,51.125,2015-02-14 20:35:00
2015-02-15_0821.dat,13.208333,48.838333,2015-02-15 08:21:00
2015-02-15_1800.dat,5.82,68.841667,2015-02-15 18:00:00
2015-02-15_2016.dat,12.393333,46.488333,2015-02-15 20:16:00
2015-02-16_0848.dat,11.723333,45.006667,2015-02-16 08:48:00
2015-02-16_1052.dat,17.575,71.098333,2015-02-16 10:52:00
2015-02-16_2027.dat,12.505,47.288333,2015-02-16 20:27:00
2015-02-17_0607.dat,12.871667,72.973333,2015-02-17 06:07:00
2015-02-17_0625.dat,12.946667,72.963333,2015-02-17 06:25:00
2015-02-17_0851.dat,13.295,49.758333,2015-02-17 08:51:00
2015-02-17_1721.dat,11.241667,71.311667,2015-02-17 17:21:00
2015-02-17_2033.dat,14.03,52.09,2015-02-17 20:33:00
2015-02-18_0618.dat,8.386667,69.978333,2015-02-18 06:18:00
2015-02-18_0626.dat,8.445,69.913333,2015-02-18 06:26:00
2015-02-18_0723.dat,7.991667,69.9,2015-02-18 07:23:00
2015-02-18_0838.dat,14.47,52.608333,2015-02-18 08:38:00
2015-02-18_1140.dat,9.133333,93.516667,2015-02-18 11:40:00
2015-02-18_1710.dat,6.206667,68.825,2015-02-18 17:10:00
2015-02-19_0635.dat,3.058333,67.453333,2015-02-19 06:35:00
2015-02-19_0849.dat,13.14,48.681667,2015-02-19 08:49:00
2015-02-19_1713.dat,1.635,66.36,2015-02-19 17:13:00
2015-02-19_1729.dat,1.77,66.641667,2015-02-19 17:29:00
2015-02-19_1754.dat,1.836667,66.168333,2015-02-19 17:54:00
2015-02-19_1827.dat,1.77,66.641667,2015-02-19 18:27:00
2015-02-19_1835.dat,16.066667,69.591667,2015-02-19 18:35:00
2015-02-19_2353.dat,0.886667,65.198333,2015-02-19 23:53:00
2015-02-20_0619.dat,1.598333,63.69,2015-02-20 06:19:00
2015-02-20_0627.dat,2.2185,63.598333,2015-02-20 06:27:00
2015-02-20_0639.dat,1.783333,63.065167,2015-02-20 06:39:00
2015-02-20_0701.dat,1.841667,66.175,2015-02-20 07:01:00
2015-02-20_1742.dat,0.4,60.843333,2015-02-20 17:42:00
2015-02-20_1744.dat,2.095,61.211,2015-02-20 17:44:00
2015-02-20_1757.dat,1.853333,61.168333,2015-02-20 17:57:00
2015-02-20_2043.dat,16.196667,69.743333,2015-02-20 20:43:00
2015-02-21_0551.dat,2.033333,59.525,2015-02-21 05:51:00
2015-02-21_0627.dat,2.35,53.666667,2015-02-21 06:27:00
2015-02-21_0630.dat,2.061667,58.603333,2015-02-21 06:30:00
2015-02-21_0638.dat,1.803333,58.501667,2015-02-21 06:38:00
2015-02-21_1202.dat,3.088333,59.018333,2015-02-21 12:02:00
2015-02-21_1742.dat,4.108333,57.527667,2015-02-21 17:42:00
2015-02-21_1754.dat,3.835,57.168333,2015-02-21 17:54:00
2015-02-21_1801.dat,3.805,58.636667,2015-02-21 18:01:00
2015-02-21_2009.dat,16.205,69.763333,2015-02-21 20:09:00
2015-02-21_2352.dat,4.553333,57.671667,2015-02-21 23:52:00
2015-02-22_0626.dat,5.293333,58.773333,2015-02-22 06:26:00
2015-02-22_0628.dat,6.956667,56.583333,2015-02-22 06:28:00
2015-02-22_0655.dat,6.191667,56.775,2015-02-22 06:55:00
2015-02-22_0712.dat,6.818333,56.703333,2015-02-22 07:12:00
2015-02-22_0842.dat,11.726667,45.126667,2015-02-22 08:42:00
2015-02-22_1154.dat,6.373333,59.776667,2015-02-22 11:54:00
2015-02-22_1740.dat,8.508333,56.498167,2015-02-22 17:40:00
2015-02-22_1745.dat,7.858333,60.825,2015-02-22 17:45:00
2015-02-22_1750.dat,8.341667,56.341667,2015-02-22 17:50:00
2015-02-22_2324.dat,8.813333,62.196667,2015-02-22 23:24:00
2015-02-23_0557.dat,8.95,84.183333,2015-02-23 05:57:00
2015-02-23_0642.dat,13.336667,57.056667,2015-02-23 06:42:00
2015-02-23_0649.dat,11.573333,56.64,2015-02-23 06:49:00
2015-02-23_0846.dat,13.166667,49.366667,2015-02-23 08:46:00
2015-02-23_1200.dat,8.065,65.801667,2015-02-23 12:00:00
2015-02-23_1710.dat,13.1,56.3405,2015-02-23 17:10:00
2015-02-23_1746.dat,4.095,94.378333,2015-02-23 17:46:00
2015-02-23_1758.dat,8.468333,67.493333,2015-02-23 17:58:00
2015-02-23_2044.dat,13.911667,54.781667,2015-02-23 20:44:00
2015-02-23_2358.dat,9.466667,68.966667,2015-02-23 23:58:00
2015-02-24_0553.dat,8.706667,70.035,2015-02-24 05:53:00
2015-02-24_0559.dat,1.946667,95.211667,2015-02-24 05:59:00
2015-02-24_0619.dat,15.461667,57.386667,2015-02-24 06:19:00
2015-02-24_0629.dat,15.875,57.346667,2015-02-24 06:29:00
2015-02-24_0700.dat,15.935,57.958333,2015-02-24 07:00:00
2015-02-24_0854.dat,14.52,52.825,2015-02-24 08:54:00
2015-02-24_1149.dat,7.69,71.441667,2015-02-24 11:49:00
2015-02-24_1234.dat,1.04,95.805,2015-02-24 12:34:00
2015-02-24_1753.dat,9.075,72.325,2015-02-24 17:53:00
2015-02-24_1754.dat,16.978333,58.653333,2015-02-24 17:54:00
2015-02-24_1759.dat,0.135,96.496667,2015-02-24 17:59:00
2015-02-24_1857.dat,17.315,58.672,2015-02-24 18:57:00
2015-02-24_2024.dat,13.888333,51.003333,2015-02-24 20:24:00
2015-02-24_2343.dat,10.056667,73.051667,2015-02-24 23:43:00
2015-02-25_0003.dat,-0.815,97.298333,2015-02-25 00:03:00
2015-02-25_0601.dat,1.585,97.943333,2015-02-25 06:01:00
2015-02-25_0612.dat,11.416667,73.3,2015-02-25 06:12:00
2015-02-25_0625.dat,18.616667,59.1,2015-02-25 06:25:00
2015-02-25_0632.dat,13.616667,59.1,2015-02-25 06:32:00
2015-02-25_0638.dat,18.681667,59.301667,2015-02-25 06:38:00
2015-02-25_0706.dat,18.831667,59.343333,2015-02-25 07:06:00
2015-02-25_0837.dat,13.978333,48.705,2015-02-25 08:37:00
2015-02-25_1204.dat,12.075,72.958333,2015-02-25 12:04:00
2015-02-25_1242.dat,18.203333,63.8,2015-02-25 12:42:00
2015-02-25_1357.dat,13.283333,73.53,2015-02-25 13:57:00
2015-02-25_1729.dat,19.716667,61.283333,2015-02-25 17:29:00
2015-02-25_1752.dat,-3.388333,99.463333,2015-02-25 17:52:00
2015-02-25_1755.dat,19.695,61.49,2015-02-25 17:55:00
2015-02-25_1812.dat,13.235,71.738333,2015-02-25 18:12:00
2015-02-25_2022.dat,12.416667,46.416667,2015-02-25 20:22:00
2015-02-25_2358.dat,-4.343333,100.173333,2015-02-25 23:58:00
2015-02-26_0516.dat,16.078333,70.753333,2015-02-26 05:16:00
2015-02-26_0600.dat,-5.056667,100.815,2015-02-26 06:00:00
2015-02-26_0639.dat,19.336667,62.863833,2015-02-26 06:39:00
2015-02-26_0851.dat,11.783333,45.15,2015-02-26 08:51:00
2015-02-26_1123.dat,17.336667,70.356667,2015-02-26 11:23:00
2015-02-26_1157.dat,20.065,62.47,2015-02-26 11:57:00
2015-02-26_1204.dat,-5.993333,101.635,2015-02-26 12:04:00
2015-02-26_1748.dat,17.145,71.11,2015-02-26 17:48:00
2015-02-26_1755.dat,20.936667,61.503333,2015-02-26 17:55:00
2015-02-26_1756.dat,-6.321667,102.741667,2015-02-26 17:56:00
2015-02-26_1825.dat,19.683333,63.183333,2015-02-26 18:25:00
2015-02-26_1835.dat,19.683333,63.183333,2015-02-26 18:35:00
2015-02-26_1951.dat,12.42,46.945,2015-02-26 19:51:00
2015-02-26_2031.dat,12.983333,73.578333,2015-02-26 20:31:00
2015-02-26_2244.dat,17.055,71.251667,2015-02-26 22:44:00
2015-02-27_0021.dat,-6.296667,103.931667,2015-02-27 00:21:00
2015-02-27_0558.dat,17.0,71.5,2015-02-27 05:58:00
2015-02-27_0601.dat,-6.32,104.91,2015-02-27 06:01:00
2015-02-27_0700.dat,20.191667,64.97,2015-02-27 07:00:00
2015-02-27_0806.dat,19.376667,62.51,2015-02-27 08:06:00
2015-02-27_0815.dat,13.216667,49.48,2015-02-27 08:15:00
2015-03-01_0601.dat,17.801667,70.356667,2015-03-01 06:01:00
2015-03-01_0928.dat,16.933333,71.116667,2015-03-01 09:28:00
2015-03-02_0542.dat,13.153333,73.953333,2015-03-02 05:42:00
2015-03-02_1344.dat,14.333333,52.5,2015-03-02 13:44:00
2015-03-02_1952.dat,13.933333,51.216667,2015-03-02 19:52:00
2015-03-03_0557.dat,7.45,76.973333,2015-03-03 05:57:00
2015-03-03_1913.dat,12.483333,46.616667,2015-03-03 19:13:00
2015-03-04_0355.dat,17.208333,83.281667,2015-03-04 03:55:00
2015-03-04_0519.dat,17.055,83.336667,2015-03-04 05:19:00
2015-03-04_0639.dat,7.048333,82.553333,2015-03-04 06:39:00
2015-03-04_0952.dat,17.186667,83.381667,2015-03-04 09:52:00
2015-03-04_1047.dat,17.215,83.323333,2015-03-04 10:47:00
2015-03-04_1334.dat,12.036667,45.888333,2015-03-04 13:34:00
2015-03-04_1806.dat,9.668333,75.193833,2015-03-04 18:06:00
2015-03-05_0526.dat,13.683333,82.966667,2015-03-05 05:26:00
2015-03-05_0629.dat,8.246667,72.076667,2015-03-05 06:29:00
2015-03-05_0932.dat,15.105,83.132167,2015-03-05 09:32:00
2015-03-05_1123.dat,7.121667,71.611667,2015-03-05 11:23:00
2015-03-05_1727.dat,5.578333,70.976667,2015-03-05 17:27:00
2015-03-05_2255.dat,4.178333,70.406667,2015-03-05 22:55:00
2015-03-06_0630.dat,2.146667,69.566667,2015-03-06 06:30:00
2015-03-06_0809.dat,14.44,52.545,2015-03-06 08:09:00
2015-03-06_1736.dat,0.708333,68.983333,2015-03-06 17:36:00
2015-03-06_2323.dat,-2.235,67.771667,2015-03-06 23:23:00
2015-03-07_0649.dat,-4.096667,67.013333,2015-03-07 06:49:00
2015-03-07_1056.dat,14.321667,52.44,2015-03-07 10:56:00
2015-03-07_1934.dat,-6.98,65.826667,2015-03-07 19:34:00
2015-03-07_1941.dat,12.476667,46.546667,2015-03-07 19:41:00
2015-03-07_2304.dat,-8.071667,65.381667,2015-03-07 23:04:00
2015-03-07_2340.dat,15.848333,72.46,2015-03-07 23:40:00
2015-03-07_2353.dat,15.848333,72.46,2015-03-07 23:53:00
2015-03-08_0637.dat,14.028333,72.565,2015-03-08 06:37:00
2015-03-08_0646.dat,10.055,64.56,2015-03-08 06:46:00
2015-03-08_0739.dat,11.77,45.088333,2015-03-08 07:39:00
2015-03-08_1147.dat,12.916667,73.766667,2015-03-08 11:47:00
2015-03-08_1157.dat,-8.735,65.285,2015-03-08 11:57:00
2015-03-08_1231.dat,12.916667,73.766667,2015-03-08 12:31:00
2015-03-08_1307.dat,-11.286667,63.9135,2015-03-08 13:07:00
2015-03-08_1346.dat,12.655,74.186667,2015-03-08 13:46:00
2015-03-08_1759.dat,11.701667,74.533333,2015-03-08 17:59:00
2015-03-08_1842.dat,11.7,74.533333,2015-03-08 18:42:00
2015-03-08_1931.dat,12.416667,47.016667,2015-03-08 19:31:00
2015-03-08_2233.dat,10.873333,75.255167,2015-03-08 22:33:00
2015-03-09_0727.dat,13.243333,49.685,2015-03-09 07:27:00
2015-03-09_1758.dat,-18.646667,60.545,2015-03-09 17:58:00
2015-03-10_1902.dat,7.126667,74.886667,2015-03-10 19:02:00
2015-03-11_0012.dat,5.776667,74.438333,2015-03-11 00:12:00
2015-03-11_0618.dat,4.293333,73.931667,2015-03-11 06:18:00
2015-03-12_2354.dat,17.133333,84.153333,2015-03-12 23:54:00
2015-03-13_0601.dat,16.125,85.58,2015-03-13 06:01:00
2015-03-13_0635.dat,14.485,72.285,2015-03-13 06:35:00
2015-03-13_1151.dat,16.906667,72.22,2015-03-13 11:51:00
2015-03-13_1203.dat,15.551667,86.4,2015-03-13 12:03:00
2015-03-13_1226.dat,4.166667,74.481667,2015-03-13 12:26:00
2015-03-13_1805.dat,16.458333,71.656667,2015-03-13 18:05:00
2015-03-13_1821.dat,4.558333,75.446667,2015-03-13 18:21:00
2015-03-13_1839.dat,13.678333,89.038333,2015-03-13 18:39:00
2015-03-13_1858.dat,-19.101667,58.738333,2015-03-13 18:58:00
2015-03-13_2349.dat,12.668333,90.439833,2015-03-13 23:49:00
2015-03-13_2356.dat,5.998333,75.143333,2015-03-13 23:56:00
2015-03-13_2359.dat,18.338333,59.68,2015-03-13 23:59:00
2015-03-14_0515.dat,11.688333,91.801667,2015-03-14 05:15:00
2015-03-14_0744.dat,-16.578333,61.216667,2015-03-14 07:44:00
2015-03-14_1251.dat,7.361667,73.026667,2015-03-14 12:51:00
2015-03-14_1829.dat,-14.205,62.888333,2015-03-14 18:29:00
2015-03-15_0013.dat,6.878333,70.665,2015-03-15 00:13:00
2015-03-15_0021.dat,6.878333,70.665,2015-03-15 00:21:00
2015-03-15_0607.dat,5.531667,70.668333,2015-03-15 06:07:00
2015-03-15_0731.dat,-10.62,64.338333,2015-03-15 07:31:00
2015-03-15_0743.dat,10.62,60.338333,2015-03-15 07:43:00
2015-03-15_0912.dat,10.566667,93.618333,2015-03-15 09:12:00
2015-03-15_1214.dat,4.13,70.76,2015-03-15 12:14:00
2015-03-15_1536.dat,9.183333,95.32,2015-03-15 15:36:00
2015-03-15_1928.dat,-7.586667,6.594333,2015-03-15 19:28:00
2015-03-15_2150.dat,7.586667,96.866667,2015-03-15 21:50:00
2015-03-15_2152.dat,17.475,83.855,2015-03-15 21:52:00
2015-03-16_0014.dat,3.416667,72.55,2015-03-16 00:14:00
2015-03-16_0313.dat,6.956667,98.05,2015-03-16 03:13:00
2015-03-16_0721.dat,-4.181667,66.99,2015-03-16 07:21:00
2015-03-16_0910.dat,13.536667,82.77,2015-03-16 09:10:00
2015-03-16_1909.dat,-1.705,68.001667,2015-03-16 19:09:00
2015-03-16_1922.dat,4.306667,73.733333,2015-03-16 19:22:00
2015-03-17_0006.dat,5.57,74.13,2015-03-17 00:06:00
2015-03-17_0556.dat,7.103333,74.37,2015-03-17 05:56:00
2015-03-17_0653.dat,1.618333,69.358333,2015-03-17 06:53:00
2015-03-17_1105.dat,8.506667,74.366667,2015-03-17 11:05:00
2015-03-17_1208.dat,2.643333,69.95,2015-03-17 12:08:00
2015-03-17_1228.dat,18.493333,71.815,2015-03-17 12:28:00
2015-03-17_1758.dat,17.053333,92.53,2015-03-17 17:58:00
2015-03-17_1842.dat,9.85,74.348333,2015-03-17 18:42:00
2015-03-18_0003.dat,18.03,92.243333,2015-03-18 00:03:00
2015-03-18_0016.dat,11.4,74.146667,2015-03-18 00:16:00
2015-03-18_0544.dat,17.706667,70.583333,2015-03-18 05:44:00
2015-03-18_0555.dat,18.966667,91.968333,2015-03-18 05:55:00
2015-03-18_0701.dat,7.561667,71.791667,2015-03-18 07:01:00
2015-03-18_0716.dat,17.826667,70.68,2015-03-18 07:16:00
2015-03-18_0820.dat,17.876667,70.763333,2015-03-18 08:20:00
2015-03-18_0828.dat,17.876667,70.763333,2015-03-18 08:28:00
2015-03-18_0922.dat,17.83,70.595,2015-03-18 09:22:00
2015-03-18_1016.dat,17.855,70.603333,2015-03-18 10:16:00
2015-03-18_1031.dat,17.835,70.741667,2015-03-18 10:31:00
2015-03-18_1133.dat,7.928333,71.932667,2015-03-18 11:33:00
2015-03-18_1149.dat,14.606667,73.333333,2015-03-18 11:49:00
2015-03-18_1159.dat,19.396667,91.835,2015-03-18 11:59:00
2015-03-18_1812.dat,19.591667,91.701667,2015-03-18 18:12:00
2015-03-18_1815.dat,8.931667,73.1055,2015-03-18 18:15:00
2015-03-18_1819.dat,17.805,70.585,2015-03-18 18:19:00
2015-03-18_2246.dat,17.933333,70.668333,2015-03-18 22:46:00
2015-03-18_2255.dat,17.933333,70.668333,2015-03-18 22:55:00
2015-03-18_2347.dat,17.831667,70.701667,2015-03-18 23:47:00
2015-03-19_0040.dat,17.831667,70.625,2015-03-19 00:40:00
2015-03-19_0605.dat,17.833333,70.533333,2015-03-19 06:05:00
2015-03-19_0703.dat,17.25,83.711667,2015-03-19 07:03:00
2015-03-19_0726.dat,17.865,70.76,2015-03-19 07:26:00
2015-03-19_0735.dat,17.865,70.76,2015-03-19 07:35:00
2015-03-19_0916.dat,17.816667,70.656667,2015-03-19 09:16:00
2015-03-19_1400.dat,17.978333,70.691667,2015-03-19 14:00:00
2015-03-19_1941.dat,17.785,70.745,2015-03-19 19:41:00
2015-03-19_2201.dat,17.82,70.73,2015-03-19 22:01:00
2015-03-19_2326.dat,17.808333,70.683333,2015-03-19 23:26:00
2015-03-20_0050.dat,17.806667,70.81,2015-03-20 00:50:00
2015-03-20_0557.dat,17.716667,70.7,2015-03-20 05:57:00
2015-03-20_1725.dat,17.946667,70.58,2015-03-20 17:25:00
2015-03-20_1952.dat,17.866667,70.606667,2015-03-20 19:52:00
2015-03-22_0016.dat,7.888333,96.97,2015-03-22 00:16:00
2015-03-22_1204.dat,10.201667,94.153333,2015-03-22 12:04:00
2015-03-22_1810.dat,11.45,92.968333,2015-03-22 18:10:00
2015-03-23_2353.dat,12.263333,90.891667,2015-03-23 23:53:00
2015-03-24_1129.dat,-23.73,70.266667,2015-03-24 11:29:00
2015-03-24_1210.dat,17.258333,83.75,2015-03-24 12:10:00
2015-03-24_1251.dat,17.116667,83.74,2015-03-24 12:51:00
2015-03-24_1737.dat,13.29,89.583333,2015-03-24 17:37:00
2015-03-25_0031.dat,14.368333,88.105,2015-03-25 00:31:00
2015-03-25_0547.dat,15.485,86.538333,2015-03-25 05:47:00
2015-03-25_2331.dat,-23.45,65.553833,2015-03-25 23:31:00
2015-03-26_1126.dat,-24.408333,64.52,2015-03-26 11:26:00
2015-03-27_1126.dat,-22.1,59.826667,2015-03-27 11:26:00
2015-03-30_1324.dat,17.633333,83.665,2015-03-30 13:24:00
2015-03-30_1738.dat,17.135,83.923333,2015-03-30 17:38:00
2015-03-30_1753.dat,17.91,83.985,2015-03-30 17:53:00
2015-03-30_1907.dat,17.27,84.043167,2015-03-30 19:07:00
2015-03-30_1929.dat,17.216667,83.98,2015-03-30 19:29:00
2015-03-31_0515.dat,16.151667,83.998333,2015-03-31 05:15:00
2015-03-31_1431.dat,7.533333,78.183333,2015-03-31 14:31:00
2015-04-01_0411.dat,17.306667,83.568333,2015-04-01 04:11:00
2015-04-01_0441.dat,17.15,71.533333,2015-04-01 04:41:00
2015-04-01_0526.dat,16.531667,83.858333,2015-04-01 05:26:00
2015-04-01_0611.dat,17.39,83.651667,2015-04-01 06:11:00
2015-04-01_0613.dat,15.143333,66.083333,2015-04-01 06:13:00
2015-04-01_1109.dat,16.765,71.168333,2015-04-01 11:09:00
2015-04-01_1224.dat,14.385,64.763333,2015-04-01 12:24:00
2015-04-01_1320.dat,17.053333,83.686667,2015-04-01 13:20:00
2015-04-01_1325.dat,17.203333,71.405,2015-04-01 13:25:00
2015-04-01_1540.dat,17.116667,71.483333,2015-04-01 15:40:00
2015-04-01_1632.dat,17.183333,71.5,2015-04-01 16:32:00
2015-04-01_1736.dat,17.615,83.086667,2015-04-01 17:36:00
2015-04-01_1848.dat,14.005,63.558333,2015-04-01 18:48:00
2015-04-01_2148.dat,17.101667,71.525,2015-04-01 21:48:00
2015-04-01_2356.dat,17.091667,71.716667,2015-04-01 23:56:00
2015-04-02_1115.dat,-17.963333,66.088333,2015-04-02 11:15:00
2015-04-03_0747.dat,13.905,55.601667,2015-04-03 07:47:00
2015-04-03_1126.dat,-21.365,65.195,2015-04-03 11:26:00
2015-04-03_1320.dat,14.171667,54.436667,2015-04-03 13:20:00
2015-04-03_2018.dat,14.333333,52.841667,2015-04-03 20:18:00
2015-04-04_1133.dat,-24.796667,63.126667,2015-04-04 11:33:00
2015-04-04_1203.dat,13.228333,48.958333,2015-04-04 12:03:00
2015-04-04_1753.dat,12.785,47.63,2015-04-04 17:53:00
2015-04-04_2201.dat,12.48,46.583333,2015-04-04 22:01:00
2015-04-06_1129.dat,-19.698333,66.304833,2015-04-06 11:29:00
2015-04-07_1124.dat,-18.675,67.486667,2015-04-07 11:24:00
2015-04-07_1532.dat,17.643333,83.775,2015-04-07 15:32:00
2015-04-08_0451.dat,17.271667,83.466667,2015-04-08 04:51:00
2015-04-08_0529.dat,17.125,83.456667,2015-04-08 05:29:00
2015-04-08_0635.dat,17.235,83.435,2015-04-08 06:35:00
2015-04-08_0706.dat,17.733333,83.476667,2015-04-08 07:06:00
2015-04-08_0936.dat,17.333333,83.5,2015-04-08 09:36:00
2015-04-08_1033.dat,17.308333,83.45,2015-04-08 10:33:00
2015-04-08_1119.dat,-19.943333,63.1245,2015-04-08 11:19:00
2015-04-09_1136.dat,-19.711667,57.698333,2015-04-09 11:36:00
2015-04-09_1242.dat,17.701667,83.516667,2015-04-09 12:42:00
2015-04-09_1432.dat,17.638333,83.816667,2015-04-09 14:32:00
2015-04-10_0521.dat,17.715,83.215,2015-04-10 05:21:00
2015-04-10_0619.dat,17.655,83.935,2015-04-10 06:19:00
2015-04-10_0652.dat,17.66,84.195,2015-04-10 06:52:00
2015-04-10_0858.dat,17.638333,83.76,2015-04-10 08:58:00
2015-04-10_1140.dat,17.65,83.893333,2015-04-10 11:40:00
2015-04-10_1810.dat,17.613333,84.088333,2015-04-10 18:10:00
2015-04-10_1817.dat,17.553333,84.053333,2015-04-10 18:17:00
2015-04-10_1909.dat,17.703333,84.003333,2015-04-10 19:09:00
2015-04-10_1918.dat,17.82,84.051667,2015-04-10 19:18:00
2015-04-11_0601.dat,18.441667,85.045,2015-04-11 06:01:00
2015-04-11_0604.dat,16.755,71.335,2015-04-11 06:04:00
2015-04-11_0948.dat,16.8,71.233333,2015-04-11 09:48:00
2015-04-11_1728.dat,18.735,85.535,2015-04-11 17:28:00
2015-04-12_0555.dat,16.17,70.826667,2015-04-12 05:55:00
2015-04-12_2148.dat,12.318333,46.5,2015-04-12 21:48:00
2015-04-13_1253.dat,12.753333,49.79,2015-04-13 12:53:00
2015-04-14_0546.dat,-18.145,84.741667,2015-04-14 05:46:00
2015-04-14_1309.dat,-19.853333,57.4875,2015-04-14 13:09:00
2015-04-14_1608.dat,17.55,84.046667,2015-04-14 16:08:00
2015-04-14_1633.dat,17.675,84.008333,2015-04-14 16:33:00
2015-04-14_1945.dat,17.511667,83.985,2015-04-14 19:45:00
2015-04-14_2001.dat,17.655,83.94,2015-04-14 20:01:00
2015-04-14_2135.dat,13.146667,57.285,2015-04-14 21:35:00
2015-04-14_2255.dat,17.538333,83.803333,2015-04-14 22:55:00
2015-04-15_0126.dat,17.525,83.855,2015-04-15 01:26:00
2015-04-15_0255.dat,17.473333,83.818333,2015-04-15 02:55:00
2015-04-15_0532.dat,16.871667,83.761667,2015-04-15 05:32:00
2015-04-15_0546.dat,13.205,59.203333,2015-04-15 05:46:00
2015-04-15_1017.dat,17.146667,83.938333,2015-04-15 10:17:00
2015-04-15_1055.dat,17.098333,83.895,2015-04-15 10:55:00
2015-04-15_1104.dat,17.341667,83.886667,2015-04-15 11:04:00
2015-04-15_1124.dat,-17.725,60.825,2015-04-15 11:24:00
2015-04-15_1425.dat,17.75,71.926667,2015-04-15 14:25:00
2015-04-15_2321.dat,-13.875,62.73,2015-04-15 23:21:00
2015-04-16_0015.dat,17.033333,71.535,2015-04-16 00:15:00
2015-04-16_0647.dat,12.705,64.348333,2015-04-16 06:47:00
2015-04-16_0856.dat,15.586667,85.6,2015-04-16 08:56:00
2015-04-16_1030.dat,15.735,83.99,2015-04-16 10:30:00
2015-04-16_1135.dat,-11.208333,64.01,2015-04-16 11:35:00
2015-04-16_2326.dat,-8.755,65.141667,2015-04-16 23:26:00
2015-04-17_1139.dat,-6.123333,66.353333,2015-04-17 11:39:00
2015-04-17_1415.dat,9.833333,75.9,2015-04-17 14:15:00
2015-04-17_2321.dat,-3.5,67.551667,2015-04-17 23:21:00
2015-04-18_1132.dat,-0.951667,68.698333,2015-04-18 11:32:00
2015-04-18_2321.dat,1.541667,69.818333,2015-04-18 23:21:00
2015-04-20_1134.dat,8.366667,72.933333,2015-04-20 11:34:00
2015-04-20_2316.dat,9.211667,74.555,2015-04-20 23:16:00
2015-04-21_1503.dat,18.601667,72.0,2015-04-21 15:03:00
2015-04-21_1612.dat,9.8,75.383333,2015-04-21 16:12:00
2015-04-21_1900.dat,10.276667,75.178333,2015-04-21 19:00:00
2015-04-21_1910.dat,10.29,75.106667,2015-04-21 19:10:00
2015-04-22_0008.dat,10.661667,74.276667,2015-04-22 00:08:00
2015-04-22_0444.dat,10.15,75.466667,2015-04-22 04:44:00
2015-04-22_1719.dat,17.875,71.416667,2015-04-22 17:19:00
2015-04-22_1814.dat,17.783333,71.148333,2015-04-22 18:14:00
2015-04-22_1852.dat,17.736667,71.271667,2015-04-22 18:52:00
2015-04-22_1957.dat,17.636667,71.188333,2015-04-22 19:57:00
2015-04-22_2102.dat,17.618333,71.151667,2015-04-22 21:02:00
2015-04-22_2125.dat,17.573333,71.121667,2015-04-22 21:25:00
2015-04-23_0334.dat,17.945,70.858333,2015-04-23 03:34:00
2015-04-23_0507.dat,17.14,70.965,2015-04-23 05:07:00
2015-04-23_0746.dat,17.033333,71.05,2015-04-23 07:46:00
2015-04-23_0850.dat,17.185,70.986667,2015-04-23 08:50:00
2015-04-23_1014.dat,17.088333,71.1,2015-04-23 10:14:00
2015-04-23_1105.dat,17.221667,70.936667,2015-04-23 11:05:00
2015-04-23_1127.dat,17.938333,70.63,2015-04-23 11:27:00
2015-04-23_2257.dat,17.395,71.445,2015-04-23 22:57:00
2015-04-23_2314.dat,17.355,71.523333,2015-04-23 23:14:00
2015-04-24_0030.dat,17.311667,71.389167,2015-04-24 00:30:00
2015-04-24_0049.dat,17.251667,71.301667,2015-04-24 00:49:00
2015-04-27_0631.dat,19.531667,69.448333,2015-04-27 06:31:00
2015-04-27_1251.dat,20.113333,67.973333,2015-04-27 12:51:00
2015-04-27_1841.dat,20.778333,67.316667,2015-04-27 18:41:00
2015-04-28_0001.dat,21.318333,64.94,2015-04-28 00:01:00
2015-04-28_0639.dat,22.151667,63.28,2015-04-28 06:39:00
2015-04-28_1207.dat,22.945,61.85,2015-04-28 12:07:00
2015-04-28_1304.dat,9.97,75.75,2015-04-28 13:04:00
2015-04-28_1818.dat,23.781667,60.201667,2015-04-28 18:18:00
2015-04-28_1912.dat,9.966667,75.75,2015-04-28 19:12:00
2015-04-28_2057.dat,15.066667,72.443333,2015-04-28 20:57:00
2015-04-28_2121.dat,14.928333,72.453333,2015-04-28 21:21:00
2015-04-28_2204.dat,9.75,75.116667,2015-04-28 22:04:00
2015-04-29_0013.dat,24.183333,59.893333,2015-04-29 00:13:00
2015-04-29_0355.dat,16.945,83.406667,2015-04-29 03:55:00
2015-04-29_0536.dat,17.101667,83.588333,2015-04-29 05:36:00
2015-04-29_0543.dat,9.293333,75.63,2015-04-29 05:43:00
2015-04-29_0559.dat,14.401667,72.606667,2015-04-29 05:59:00
2015-04-29_0609.dat,14.355,72.543333,2015-04-29 06:09:00
2015-04-29_0637.dat,24.063333,61.481667,2015-04-29 06:37:00
2015-04-29_1202.dat,24.071667,62.925,2015-04-29 12:02:00
2015-04-29_1255.dat,10.091667,75.475,2015-04-29 12:55:00
2015-04-29_1812.dat,24.095,64.41,2015-04-29 18:12:00
2015-04-29_1843.dat,1.515,71.56,2015-04-29 18:43:00
2015-04-29_1846.dat,14.598333,71.431667,2015-04-29 18:46:00
2015-04-30_0418.dat,16.916667,84.118333,2015-04-30 04:18:00
2015-04-30_0644.dat,23.075,67.265,2015-04-30 06:44:00
2015-04-30_0834.dat,14.161667,72.373333,2015-04-30 08:34:00
2015-04-30_0842.dat,14.221667,72.355,2015-04-30 08:42:00
2015-04-30_1842.dat,14.956667,71.641667,2015-04-30 18:42:00
2015-04-30_1855.dat,14.96,71.648333,2015-04-30 18:55:00
2015-05-01_0642.dat,1.478333,71.866667,2015-05-01 06:42:00
2015-05-01_0700.dat,14.685,71.905,2015-05-01 07:00:00
2015-05-03_1042.dat,17.368333,83.381667,2015-05-03 10:42:00
2015-05-03_2104.dat,17.82,84.08,2015-05-03 21:04:00
2015-05-03_2202.dat,17.79,84.02,2015-05-03 22:02:00
2015-05-04_0518.dat,16.485,83.938333,2015-05-04 05:18:00
2015-05-04_0537.dat,16.401667,83.88,2015-05-04 05:37:00
2015-05-04_1111.dat,16.053333,84.151667,2015-05-04 11:11:00
2015-05-04_1709.dat,16.051667,83.995,2015-05-04 17:09:00
2015-05-04_1954.dat,16.536667,83.711667,2015-05-04 19:54:00
2015-05-04_2017.dat,16.496667,83.548333,2015-05-04 20:17:00
2015-05-04_2033.dat,16.451667,83.575,2015-05-04 20:33:00
2015-05-05_0515.dat,17.635,84.068333,2015-05-05 05:15:00
2015-05-05_0609.dat,17.443333,84.108333,2015-05-05 06:09:00
2015-05-06_0613.dat,17.755,83.75,2015-05-06 06:13:00
2015-05-06_0653.dat,17.843333,83.915,2015-05-06 06:53:00
2015-05-06_1650.dat,17.801667,84.275,2015-05-06 16:50:00
2015-05-06_2006.dat,17.893333,84.155,2015-05-06 20:06:00
2015-05-06_2011.dat,17.795,84.068333,2015-05-06 20:11:00
2015-05-07_0433.dat,16.666667,83.831667,2015-05-07 04:33:00
2015-05-07_0445.dat,16.835,83.805,2015-05-07 04:45:00
2015-05-07_0534.dat,16.455,83.721667,2015-05-07 05:34:00
2015-05-07_1351.dat,10.333333,75.75,2015-05-07 13:51:00
2015-05-07_1904.dat,15.0,84.0,2015-05-07 19:04:00
2015-05-07_2337.dat,15.455,84.885,2015-05-07 23:37:00
2015-05-08_0522.dat,13.716667,73.583333,2015-05-08 05:22:00
2015-05-08_0528.dat,14.633333,84.163333,2015-05-08 05:28:00
2015-05-08_0544.dat,14.836667,85.011667,2015-05-08 05:44:00
2015-05-08_1210.dat,15.208333,84.803333,2015-05-08 12:10:00
2015-05-08_1214.dat,15.041667,72.91,2015-05-08 12:14:00
2015-05-08_1221.dat,15.041667,72.9,2015-05-08 12:21:00
2015-05-08_1531.dat,14.97,72.656667,2015-05-08 15:31:00
2015-05-08_1726.dat,16.098333,83.536667,2015-05-08 17:26:00
2015-05-08_1736.dat,14.806667,72.533333,2015-05-08 17:36:00
2015-05-08_2022.dat,14.816667,72.533333,2015-05-08 20:22:00
2015-05-08_2237.dat,14.783333,72.583333,2015-05-08 22:37:00
2015-05-08_2250.dat,14.783333,72.583333,2015-05-08 22:50:00
2015-05-10_0647.dat,18.45,69.995,2015-05-10 06:47:00
2015-05-10_1824.dat,16.475,69.875,2015-05-10 18:24:00
2015-05-11_1146.dat,15.731667,71.752167,2015-05-11 11:46:00
2015-05-11_1200.dat,15.3,73.283333,2015-05-11 12:00:00
2015-05-11_1312.dat,15.798333,71.691667,2015-05-11 13:12:00
2015-05-11_1645.dat,15.645,71.493333,2015-05-11 16:45:00
2015-05-11_1744.dat,15.058333,72.168333,2015-05-11 17:44:00
2015-05-11_1933.dat,15.7,71.883333,2015-05-11 19:33:00
2015-05-11_1956.dat,15.755,71.59,2015-05-11 19:56:00
2015-05-11_2151.dat,15.876667,71.476667,2015-05-11 21:51:00
2015-05-11_2313.dat,15.981667,70.92,2015-05-11 23:13:00
2015-05-12_0520.dat,16.263333,85.251667,2015-05-12 05:20:00
2015-05-12_0542.dat,15.996667,69.586667,2015-05-12 05:42:00
2015-05-12_0703.dat,15.975,69.403333,2015-05-12 07:03:00
2015-05-12_0956.dat,16.356667,71.361667,2015-05-12 09:56:00
2015-05-12_1249.dat,13.75,72.383333,2015-05-12 12:49:00
2015-05-12_1725.dat,14.685,69.116667,2015-05-12 17:25:00
2015-05-13_0535.dat,13.218333,89.563333,2015-05-13 05:35:00
2015-05-13_0636.dat,13.535,69.51,2015-05-13 06:36:00
2015-05-13_1110.dat,12.615,90.458333,2015-05-13 11:10:00
2015-05-13_1727.dat,14.005,69.003333,2015-05-13 17:27:00
2015-05-13_1924.dat,11.595,91.933333,2015-05-13 19:24:00
2015-05-13_2322.dat,11.393333,92.765,2015-05-13 23:22:00
2015-05-14_0638.dat,13.451667,69.507833,2015-05-14 06:38:00
2015-05-14_1710.dat,15.155,69.705,2015-05-14 17:10:00
2015-05-14_1716.dat,15.155,69.706167,2015-05-14 17:16:00
2015-05-15_1139.dat,11.435,92.873333,2015-05-15 11:39:00
2015-05-15_1745.dat,10.503333,93.576667,2015-05-15 17:45:00
2015-05-15_2333.dat,9.553333,94.548333,2015-05-15 23:33:00
2015-05-16_0539.dat,18.303333,72.035,2015-05-16 05:39:00
2015-05-16_0547.dat,8.316667,95.841667,2015-05-16 05:47:00
2015-05-16_0651.dat,17.181667,71.746667,2015-05-16 06:51:00
2015-05-16_1141.dat,7.065,96.98,2015-05-16 11:41:00
2015-05-25_2337.dat,3.128333,104.648333,2015-05-25 23:37:00
2015-05-26_0616.dat,17.761667,71.263333,2015-05-26 06:16:00
2015-05-26_1744.dat,10.315,75.527167,2015-05-26 17:44:00
2015-05-26_1751.dat,10.315,75.527167,2015-05-26 17:51:00
2015-05-29_0519.dat,-8.168333,104.535,2015-05-29 05:19:00
2015-05-29_0639.dat,12.105,74.675,2015-05-29 06:39:00
2015-05-29_1133.dat,8.54,104.691667,2015-05-29 11:33:00
2015-05-29_1533.dat,-8.968333,104.913333,2015-05-29 15:33:00
2015-05-29_1745.dat,9.611667,104.976667,2015-05-29 17:45:00
2015-05-29_2344.dat,-10.693333,105.293333,2015-05-29 23:44:00
2015-05-30_0415.dat,-6.108333,104.773333,2015-05-30 04:15:00
2015-05-30_0555.dat,-11.838333,105.813333,2015-05-30 05:55:00
2015-05-31_0536.dat,-16.098333,107.903333,2015-05-31 05:36:00
2015-05-31_1208.dat,-17.233333,108.416667,2015-05-31 12:08:00
2015-05-31_1750.dat,-18.176667,108.798333,2015-05-31 17:50:00
2015-05-31_2335.dat,-19.21,109.091667,2015-05-31 23:35:00
2015-06-01_0541.dat,-20.338333,109.898333,2015-06-01 05:41:00
2015-06-01_1153.dat,-21.34,110.221667,2015-06-01 11:53:00
2015-06-01_1605.dat,18.03,72.226667,2015-06-01 16:05:00
2015-06-01_1719.dat,17.911667,71.995167,2015-06-01 17:19:00
2015-06-01_1745.dat,17.948333,84.23,2015-06-01 17:45:00
2015-06-01_1747.dat,-22.11,110.303333,2015-06-01 17:47:00
2015-06-01_2028.dat,17.795,71.51,2015-06-01 20:28:00
2015-06-01_2322.dat,18.205,71.156667,2015-06-01 23:22:00
2015-06-01_2336.dat,-23.236667,110.138333,2015-06-01 23:36:00
2015-06-02_0513.dat,17.196667,70.441667,2015-06-02 05:13:00
2015-06-02_0555.dat,-24.185,111.265,2015-06-02 05:55:00
2015-06-02_0624.dat,16.36,70.121667,2015-06-02 06:24:00
2015-06-02_0630.dat,16.36,70.121667,2015-06-02 06:30:00
2015-06-02_0809.dat,16.805,70.161667,2015-06-02 08:09:00
2015-06-02_1137.dat,16.256667,69.765,2015-06-02 11:37:00
2015-06-02_1521.dat,16.483333,70.458333,2015-06-02 15:21:00
2015-06-02_1533.dat,16.483333,70.458333,2015-06-02 15:33:00
2015-06-02_1624.dat,16.545,70.74,2015-06-02 16:24:00
2015-06-02_1632.dat,19.566667,86.206667,2015-06-02 16:32:00
2015-06-02_1648.dat,16.648333,70.795,2015-06-02 16:48:00
2015-06-02_1652.dat,16.515,70.805,2015-06-02 16:52:00
2015-06-02_1900.dat,17.076667,70.955,2015-06-02 19:00:00
2015-06-02_1937.dat,17.218333,70.87,2015-06-02 19:37:00
2015-06-02_1959.dat,17.226667,70.919667,2015-06-02 19:59:00
2015-06-02_2019.dat,17.166667,70.811667,2015-06-02 20:19:00
2015-06-02_2327.dat,-26.671667,112.42,2015-06-02 23:27:00
2015-06-03_0551.dat,16.698333,70.065,2015-06-03 05:51:00
2015-06-03_0643.dat,16.671667,70.205,2015-06-03 06:43:00
2015-06-03_0748.dat,16.658333,70.41,2015-06-03 07:48:00
2015-06-03_0754.dat,16.658333,70.41,2015-06-03 07:54:00
2015-06-03_1134.dat,15.766667,72.698333,2015-06-03 11:34:00
2015-06-03_1256.dat,16.388333,70.908667,2015-06-03 12:56:00
2015-06-03_1313.dat,16.466667,70.833333,2015-06-03 13:13:00
2015-06-03_1323.dat,16.466667,70.835,2015-06-03 13:23:00
2015-06-03_1328.dat,16.55,70.85,2015-06-03 13:28:00
2015-06-03_1349.dat,16.72,70.891667,2015-06-03 13:49:00
2015-06-03_1602.dat,17.096667,70.930833,2015-06-03 16:02:00
2015-06-03_1624.dat,17.0,70.866667,2015-06-03 16:24:00
2015-06-03_1630.dat,16.53,71.643333,2015-06-03 16:30:00
2015-06-03_1652.dat,16.838333,71.586667,2015-06-03 16:52:00
2015-06-03_1743.dat,18.48,85.168333,2015-06-03 17:43:00
2015-06-03_1802.dat,-30.441667,113.341667,2015-06-03 18:02:00
2015-06-03_1817.dat,16.878333,71.311667,2015-06-03 18:17:00
2015-06-03_2320.dat,17.4,71.306667,2015-06-03 23:20:00
2015-06-04_0726.dat,14.913333,72.546667,2015-06-04 07:26:00
2015-06-07_0646.dat,-11.688333,114.436667,2015-06-07 06:46:00
2015-06-07_1529.dat,-13.468333,114.548333,2015-06-07 15:29:00
2015-06-07_2337.dat,15.455,84.885,2015-06-07 23:37:00
2015-06-08_0302.dat,-15.861667,115.365,2015-06-08 03:02:00
2015-06-08_1432.dat,-31.791667,115.15,2015-06-08 14:32:00
2015-06-08_1444.dat,-31.736667,115.098333,2015-06-08 14:44:00
2015-06-08_1811.dat,-31.583333,114.47,2015-06-08 18:11:00
2015-06-09_0321.dat,-19.478333,112.335,2015-06-09 03:21:00
2015-06-09_0638.dat,-28.355,113.178333,2015-06-09 06:38:00
2015-06-09_1512.dat,-21.188333,111.6,2015-06-09 15:12:00
2015-06-10_0354.dat,-23.583333,112.801667,2015-06-10 03:54:00
2015-06-10_0537.dat,-23.81,112.965,2015-06-10 05:37:00
2015-06-10_0846.dat,22.721667,112.998333,2015-06-10 08:46:00
2015-06-10_1208.dat,-22.561667,113.041667,2015-06-10 12:08:00
2015-06-10_1456.dat,-21.881667,113.455,2015-06-10 14:56:00
2015-06-10_1759.dat,-21.24,113.555,2015-06-10 17:59:00
2015-06-10_2005.dat,-21.286667,113.52,2015-06-10 20:05:00
2015-06-10_2047.dat,-20.745,113.653333,2015-06-10 20:47:00
2015-06-11_0335.dat,-19.253333,113.951667,2015-06-11 03:35:00
2015-06-11_0900.dat,-18.996667,114.285,2015-06-11 09:00:00
2015-06-11_0909.dat,17.366667,71.683333,2015-06-11 09:09:00
2015-06-11_1900.dat,-16.641667,114.755,2015-06-11 19:00:00
2015-06-11_2112.dat,-16.62,114.708333,2015-06-11 21:12:00
2015-06-12_0337.dat,-14.745,115.153333,2015-06-12 03:37:00
2015-06-12_0539.dat,-14.761667,115.093333,2015-06-12 05:39:00
2015-06-12_1040.dat,-13.928333,115.398333,2015-06-12 10:40:00
2015-06-12_1513.dat,-13.091667,115.436667,2015-06-12 15:13:00
2015-06-12_2022.dat,-12.013333,115.4,2015-06-12 20:22:00
2015-06-13_0320.dat,-10.053333,115.301667,2015-06-13 03:20:00
2015-06-13_0528.dat,-9.94,115.401667,2015-06-13 05:28:00
2015-06-13_0653.dat,11.0,73.0,2015-06-13 06:53:00
2015-06-13_0701.dat,11.0,73.0,2015-06-13 07:01:00
2015-06-13_0828.dat,-9.013333,115.651667,2015-06-13 08:28:00
2015-06-13_1154.dat,-8.755,115.758333,2015-06-13 11:54:00
2015-06-13_1506.dat,7.676667,115.45,2015-06-13 15:06:00
2015-06-13_1721.dat,10.7,72.266667,2015-06-13 17:21:00
2015-06-13_1745.dat,-7.541667,115.315,2015-06-13 17:45:00
2015-06-13_1827.dat,-7.401667,115.163333,2015-06-13 18:27:00
2015-06-13_2326.dat,6.388333,114.491667,2015-06-13 23:26:00
2015-06-14_0601.dat,-5.263333,113.605,2015-06-14 06:01:00
2015-06-14_0614.dat,10.705,74.191667,2015-06-14 06:14:00
2015-06-14_0619.dat,10.038333,74.191667,2015-06-14 06:19:00
2015-06-16_2127.dat,22.596667,67.891667,2015-06-16 21:27:00
2015-06-24_0703.dat,34.0,61.0,2015-06-24 07:03:00
2015-06-24_1318.dat,2.273,60.091667,2015-06-24 13:18:00
2015-06-24_1846.dat,1.4115,58.830667,2015-06-24 18:46:00
2015-06-25_0001.dat,50.0,57.0,2015-06-25 00:01:00
2015-06-25_0638.dat,0.89,57.031667,2015-06-25 06:38:00
2015-06-25_2019.dat,31.0,56.0,2015-06-25 20:19:00
2015-06-25_2346.dat,32.0,55.0,2015-06-25 23:46:00
2015-06-27_0908.dat,17.2,71.85,2015-06-27 09:08:00
2015-06-29_1228.dat,12.955,47.92,2015-06-29 12:28:00
2015-06-29_1238.dat,15.97,47.953333,2015-06-29 12:38:00
2015-06-29_1239.dat,15.97,47.953333,2015-06-29 12:39:00
2015-06-30_0921.dat,4.731667,99.423333,2015-06-30 09:21:00
2015-06-30_1605.dat,5.72,98.348333,2015-06-30 16:05:00
2015-06-30_1838.dat,3.596667,54.905,2015-06-30 18:38:00
2015-06-30_2132.dat,6.856667,97.438333,2015-06-30 21:32:00
2015-07-01_0006.dat,3.986667,53.0,2015-07-01 00:06:00
2015-07-01_0017.dat,3.986667,53.0,2015-07-01 00:17:00
2015-07-01_0413.dat,8.165,96.365,2015-07-01 04:13:00
2015-07-01_0542.dat,8.175,96.405,2015-07-01 05:42:00
2015-07-01_0624.dat,-4.808333,52.236667,2015-07-01 06:24:00
2015-07-01_0631.dat,-4.808333,52.236667,2015-07-01 06:31:00
2015-07-01_1027.dat,8.65,96.19,2015-07-01 10:27:00
2015-07-01_1343.dat,55.0,51.0,2015-07-01 13:43:00
2015-07-01_1753.dat,9.515,95.611667,2015-07-01 17:53:00
2015-07-01_1822.dat,6.925,49.715333,2015-07-01 18:22:00
2015-07-01_2256.dat,10.381667,94.876667,2015-07-01 22:56:00
2015-07-02_0014.dat,-7.87,48.523333,2015-07-02 00:14:00
2015-07-02_0528.dat,11.448333,93.928333,2015-07-02 05:28:00
2015-07-02_0640.dat,8.904,47.326667,2015-07-02 06:40:00
2015-07-02_0740.dat,14.958333,53.318333,2015-07-02 07:40:00
2015-07-02_1216.dat,-9.6115,46.473833,2015-07-02 12:16:00
2015-07-02_1500.dat,14.266667,52.251667,2015-07-02 15:00:00
2015-07-02_1749.dat,-9.96,46.876667,2015-07-02 17:49:00
2015-07-02_1918.dat,13.958333,51.366667,2015-07-02 19:18:00
2015-07-02_2323.dat,-10.256667,47.846667,2015-07-02 23:23:00
2015-07-02_2355.dat,13.691667,50.441667,2015-07-02 23:55:00
2015-07-03_0555.dat,-9.59,47.864667,2015-07-03 05:55:00
2015-07-03_1207.dat,9.778833,48.354167,2015-07-03 12:07:00
2015-07-03_1209.dat,12.786667,46.773333,2015-07-03 12:09:00
2015-07-03_1214.dat,9.778833,48.354167,2015-07-03 12:14:00
2015-07-03_1746.dat,12.435,46.575,2015-07-03 17:46:00
2015-07-03_1818.dat,-9.361667,49.496667,2015-07-03 18:18:00
2015-07-03_2333.dat,-8.985,50.196667,2015-07-03 23:33:00
2015-07-03_2341.dat,-8.985,50.196667,2015-07-03 23:41:00
2015-07-03_2347.dat,12.111667,45.561667,2015-07-03 23:47:00
2015-07-04_0556.dat,13.691667,48.936667,2015-07-04 05:56:00
2015-07-04_0613.dat,-8.535,50.951667,2015-07-04 06:13:00
2015-07-04_1208.dat,-7.758333,5.2075,2015-07-04 12:08:00
2015-07-04_1818.dat,-6.936667,51.893333,2015-07-04 18:18:00
2015-07-04_2347.dat,6.206167,52.309167,2015-07-04 23:47:00
2015-07-04_2355.dat,6.205,52.309167,2015-07-04 23:55:00
2015-07-05_0556.dat,-5.375,52.805833,2015-07-05 05:56:00
2015-07-05_1205.dat,4.671833,53.420833,2015-07-05 12:05:00
2015-07-05_1213.dat,4.671833,53.420833,2015-07-05 12:13:00
2015-07-05_1801.dat,-5.011667,54.278167,2015-07-05 18:01:00
2015-07-05_2231.dat,11.661667,91.395,2015-07-05 22:31:00
2015-07-05_2340.dat,-5.220167,54.888667,2015-07-05 23:40:00
2015-07-06_0551.dat,12.556667,89.628333,2015-07-06 05:51:00
2015-07-06_0631.dat,12.615,89.495,2015-07-06 06:31:00
2015-07-06_0845.dat,12.675,89.358333,2015-07-06 08:45:00
2015-07-06_1113.dat,12.706667,88.766667,2015-07-06 11:13:00
2015-07-06_1700.dat,11.748333,80.125,2015-07-06 17:00:00
2015-07-06_1701.dat,13.616667,88.215,2015-07-06 17:01:00
2015-07-06_2215.dat,14.64,87.85,2015-07-06 22:15:00
2015-07-07_0502.dat,15.483333,86.0,2015-07-07 05:02:00
2015-07-07_0619.dat,15.566667,86.218333,2015-07-07 06:19:00
2015-07-07_0800.dat,17.753333,70.755,2015-07-07 08:00:00
2015-07-07_1100.dat,16.31,85.806667,2015-07-07 11:00:00
2015-07-07_1703.dat,17.27,85.183333,2015-07-07 17:03:00
2015-07-07_1750.dat,17.8,70.35,2015-07-07 17:50:00
2015-07-07_1844.dat,17.875,70.533333,2015-07-07 18:44:00
2015-07-07_1915.dat,17.21,84.521667,2015-07-07 19:15:00
2015-07-07_2136.dat,17.463333,84.406667,2015-07-07 21:36:00
2015-07-07_2302.dat,17.323333,84.678333,2015-07-07 23:02:00
2015-07-08_0708.dat,18.766667,69.433333,2015-07-08 07:08:00
2015-07-08_0845.dat,14.493333,81.523333,2015-07-08 08:45:00
2015-07-09_1042.dat,16.308333,82.585,2015-07-09 10:42:00
2015-07-10_0613.dat,-9.186667,56.09,2015-07-10 06:13:00
2015-07-10_1151.dat,-10.423333,56.571667,2015-07-10 11:51:00
2015-07-10_1818.dat,-10.488333,56.61,2015-07-10 18:18:00
2015-07-11_0649.dat,10.39,56.521,2015-07-11 06:49:00
2015-07-11_1247.dat,-11.42,56.493333,2015-07-11 12:47:00
2015-07-11_1253.dat,-11.42,56.493333,2015-07-11 12:53:00
2015-07-11_1741.dat,-12.401667,56.5765,2015-07-11 17:41:00
2015-07-11_2334.dat,-13.545,56.663333,2015-07-11 23:34:00
2015-07-11_2340.dat,-13.545,56.663333,2015-07-11 23:40:00
2015-07-12_0003.dat,13.545,56.663333,2015-07-12 00:03:00
2015-07-12_0023.dat,13.545,56.663333,2015-07-12 00:23:00
2015-07-12_0613.dat,-14.871667,56.776667,2015-07-12 06:13:00
2015-07-12_1227.dat,16.136667,56.888,2015-07-12 12:27:00
2015-07-12_1758.dat,-17.293333,56.978333,2015-07-12 17:58:00
2015-07-12_2337.dat,-18.46,57.138333,2015-07-12 23:37:00
2015-07-16_0631.dat,11.758333,44.82,2015-07-16 06:31:00
2015-07-16_1800.dat,12.558333,47.151667,2015-07-16 18:00:00
2015-07-16_2347.dat,12.938333,48.375,2015-07-16 23:47:00
2015-07-17_0617.dat,13.386667,49.836667,2015-07-17 06:17:00
2015-07-17_1227.dat,13.69,51.046667,2015-07-17 12:27:00
2015-07-17_1321.dat,17.63,83.715,2015-07-17 13:21:00
2015-07-17_1742.dat,14.023333,52.116667,2015-07-17 17:42:00
2015-07-17_1802.dat,14.07,5.348333,2015-07-17 18:02:00
2015-07-18_0548.dat,17.583333,83.66,2015-07-18 05:48:00
2015-07-18_1237.dat,19.53,86.023333,2015-07-18 12:37:00
2015-07-18_1815.dat,-15.401667,58.995,2015-07-18 18:15:00
2015-07-19_0643.dat,13.238333,57.936667,2015-07-19 06:43:00
2015-07-19_1205.dat,-12.211667,57.441667,2015-07-19 12:05:00
2015-07-19_1756.dat,-11.206667,56.943833,2015-07-19 17:56:00
2015-07-21_1007.dat,13.785,73.32,2015-07-21 10:07:00
2015-07-24_1900.dat,11.3,-74.9725,2015-07-24 19:00:00
2015-07-24_2252.dat,11.906667,74.515,2015-07-24 22:52:00
2015-07-25_1122.dat,14.46,72.858333,2015-07-25 11:22:00
2015-07-25_1711.dat,15.205,72.548333,2015-07-25 17:11:00
2015-07-27_0640.dat,-17.66,57.71,2015-07-27 06:40:00
2015-07-28_0609.dat,13.438333,58.213167,2015-07-28 06:09:00
2015-07-28_1632.dat,9.816667,75.35,2015-07-28 16:32:00
2015-07-29_0550.dat,10.216667,75.583333,2015-07-29 05:50:00
2015-07-29_0604.dat,-9.101667,58.726667,2015-07-29 06:04:00
2015-07-30_0601.dat,-4.4805,60.870333,2015-07-30 06:01:00
2015-07-30_0613.dat,-4.4805,60.870333,2015-07-30 06:13:00
2015-07-30_1110.dat,16.896667,72.921667,2015-07-30 11:10:00
2015-07-31_0821.dat,0.806667,63.816667,2015-07-31 08:21:00
2015-08-01_0615.dat,5.34,66.34,2015-08-01 06:15:00
2015-08-02_0554.dat,9.882,68.773333,2015-08-02 05:54:00
2015-08-03_0602.dat,14.475,71.287333,2015-08-03 06:02:00
2015-08-04_2305.dat,18.856667,71.03,2015-08-04 23:05:00
2015-08-05_0659.dat,18.468333,69.236667,2015-08-05 06:59:00
2015-08-05_1422.dat,18.066667,67.616667,2015-08-05 14:22:00
2015-08-05_1621.dat,12.338333,46.683333,2015-08-05 16:21:00
2015-08-05_2155.dat,17.666667,65.916667,2015-08-05 21:55:00
2015-08-06_0608.dat,17.17,63.875,2015-08-06 06:08:00
2015-08-06_0910.dat,13.435,50.251667,2015-08-06 09:10:00
2015-08-07_0752.dat,15.8,58.316667,2015-08-07 07:52:00
2015-08-07_1524.dat,15.366667,56.551667,2015-08-07 15:24:00
2015-08-07_2113.dat,15.085,55.386667,2015-08-07 21:13:00
2015-08-08_0753.dat,14.528333,53.11,2015-08-08 07:53:00
2015-08-08_1539.dat,14.04,51.536667,2015-08-08 15:39:00
2015-08-08_2229.dat,13.586667,50.075,2015-08-08 22:29:00
2015-08-09_1015.dat,17.566667,83.453333,2015-08-09 10:15:00
2015-08-09_1623.dat,12.5,46.588333,2015-08-09 16:23:00
2015-08-09_2239.dat,12.081667,45.26,2015-08-09 22:39:00
2015-08-10_1513.dat,9.933333,75.466667,2015-08-10 15:13:00
2015-08-11_1214.dat,12.001667,46.135,2015-08-11 12:14:00
2015-08-11_1611.dat,17.493333,83.505,2015-08-11 16:11:00
2015-08-11_1813.dat,12.475,47.403333,2015-08-11 18:13:00
2015-08-12_0617.dat,12.741667,48.806667,2015-08-12 06:17:00
2015-08-12_0651.dat,17.045,83.176667,2015-08-12 06:51:00
2015-08-12_0734.dat,16.993333,83.295,2015-08-12 07:34:00
2015-08-12_1807.dat,13.035,50.008333,2015-08-12 18:07:00
2015-08-12_2346.dat,13.593333,51.25,2015-08-12 23:46:00
2015-08-13_0528.dat,15.968333,83.96,2015-08-13 05:28:00
2015-08-13_0545.dat,16.215,84.361667,2015-08-13 05:45:00
2015-08-13_0605.dat,16.13,84.39,2015-08-13 06:05:00
2015-08-13_0634.dat,13.87,52.44,2015-08-13 06:34:00
2015-08-13_1117.dat,15.876667,84.243333,2015-08-13 11:17:00
2015-08-13_1218.dat,15.52,84.251667,2015-08-13 12:18:00
2015-08-13_1639.dat,12.555,43.491667,2015-08-13 16:39:00
2015-08-13_1738.dat,16.42,84.058333,2015-08-13 17:38:00
2015-08-13_1911.dat,16.686667,84.028333,2015-08-13 19:11:00
2015-08-13_1917.dat,16.701667,83.971667,2015-08-13 19:17:00
2015-08-13_1940.dat,16.89,83.62,2015-08-13 19:40:00
2015-08-14_0053.dat,13.966667,42.418333,2015-08-14 00:53:00
2015-08-14_0531.dat,16.151667,83.901667,2015-08-14 05:31:00
2015-08-14_0645.dat,15.513333,41.641667,2015-08-14 06:45:00
2015-08-14_1716.dat,14.8,83.281667,2015-08-14 17:16:00
2015-08-14_1721.dat,14.815,83.31,2015-08-14 17:21:00
2015-08-14_2213.dat,18.325,40.056667,2015-08-14 22:13:00
2015-08-15_0533.dat,14.135,80.91,2015-08-15 05:33:00
2015-08-15_0626.dat,17.881667,84.11,2015-08-15 06:26:00
2015-08-15_0635.dat,19.868333,39.168333,2015-08-15 06:35:00
2015-08-15_1123.dat,13.785,80.773333,2015-08-15 11:23:00
2015-08-15_1602.dat,21.066667,38.466667,2015-08-15 16:02:00
2015-08-15_2232.dat,22.466667,37.65,2015-08-15 22:32:00
2015-08-16_0710.dat,24.003333,36.755,2015-08-16 07:10:00
2015-08-16_1447.dat,25.396667,35.878333,2015-08-16 14:47:00
2015-08-16_2109.dat,26.2,35.25,2015-08-16 21:09:00
2015-08-17_0638.dat,15.19,73.403333,2015-08-17 06:38:00
2015-08-17_0745.dat,27.803333,33.753333,2015-08-17 07:45:00
2015-08-17_1153.dat,14.688333,73.958333,2015-08-17 11:53:00
2015-08-17_1711.dat,11.2,74.8,2015-08-17 17:11:00
2015-08-17_1738.dat,14.196667,81.428333,2015-08-17 17:38:00
2015-08-17_1746.dat,14.196667,81.428333,2015-08-17 17:46:00
2015-08-17_1748.dat,14.713333,73.036667,2015-08-17 17:48:00
2015-08-17_2118.dat,12.1,74.45,2015-08-17 21:18:00
2015-08-17_2353.dat,14.768333,82.14,2015-08-17 23:53:00
2015-08-18_0551.dat,15.061667,71.653667,2015-08-18 05:51:00
2015-08-18_0850.dat,14.583333,73.016667,2015-08-18 08:50:00
2015-08-18_1324.dat,14.583333,72.916667,2015-08-18 13:24:00
2015-08-18_1756.dat,14.233333,73.2,2015-08-18 17:56:00
2015-08-18_1853.dat,15.473333,72.530667,2015-08-18 18:53:00
2015-08-18_2027.dat,17.385,83.89,2015-08-18 20:27:00
2015-08-18_2103.dat,17.298333,83.745,2015-08-18 21:03:00
2015-08-18_2248.dat,32.155,33.473333,2015-08-18 22:48:00
2015-08-19_0412.dat,32.676667,34.435,2015-08-19 04:12:00
2015-08-19_0558.dat,13.531667,73.181833,2015-08-19 05:58:00
2015-08-19_1135.dat,14.455,73.298333,2015-08-19 11:35:00
2015-08-19_1157.dat,15.236667,83.47,2015-08-19 11:57:00
2015-08-19_1815.dat,14.316667,72.8,2015-08-19 18:15:00
2015-08-19_1939.dat,17.726667,83.813333,2015-08-19 19:39:00
2015-08-19_2209.dat,17.605,83.893333,2015-08-19 22:09:00
2015-08-19_2251.dat,17.458333,83.813333,2015-08-19 22:51:00
2015-08-20_0532.dat,20.116667,74.316667,2015-08-20 05:32:00
2015-08-20_1720.dat,14.886667,73.435,2015-08-20 17:20:00
2015-08-20_2254.dat,16.565,72.755,2015-08-20 22:54:00
2015-08-21_0643.dat,6.8,78.246667,2015-08-21 06:43:00
2015-08-21_1737.dat,17.645,72.081667,2015-08-21 17:37:00
2015-08-22_0600.dat,14.315,73.235,2015-08-22 06:00:00
2015-08-22_1420.dat,32.986667,34.353333,2015-08-22 14:20:00
2015-08-22_2211.dat,33.238333,32.286667,2015-08-22 22:11:00
2015-08-22_2313.dat,10.785,75.163333,2015-08-22 23:13:00
2015-08-22_2318.dat,10.785,75.163333,2015-08-22 23:18:00
2015-08-23_0621.dat,33.51,30.165,2015-08-23 06:21:00
2015-08-23_0646.dat,17.381667,83.641667,2015-08-23 06:46:00
2015-08-23_1410.dat,33.77,28.108333,2015-08-23 14:10:00
2015-08-23_2219.dat,34.051667,25.833333,2015-08-23 22:19:00
2015-08-24_0609.dat,34.318333,23.708333,2015-08-24 06:09:00
2015-08-24_0617.dat,17.246667,83.545,2015-08-24 06:17:00
2015-08-24_1406.dat,34.605,21.775,2015-08-24 14:06:00
2015-08-24_2315.dat,34.825,19.608333,2015-08-24 23:15:00
2015-08-25_0622.dat,35.09,17.51,2015-08-25 06:22:00
2015-08-25_0623.dat,17.311667,83.638333,2015-08-25 06:23:00
2015-08-25_1434.dat,35.353333,15.373333,2015-08-25 14:34:00
2015-08-25_1558.dat,10.696667,75.27,2015-08-25 15:58:00
2015-08-25_1820.dat,17.791667,84.911667,2015-08-25 18:20:00
2015-08-25_2252.dat,36.066667,13.621667,2015-08-25 22:52:00
2015-08-26_0538.dat,12.688333,74.021667,2015-08-26 05:38:00
2015-08-26_0619.dat,17.26,83.58,2015-08-26 06:19:00
2015-08-26_0634.dat,37.133333,11.816667,2015-08-26 06:34:00
2015-08-26_1402.dat,37.938333,9.97,2015-08-26 14:02:00
2015-08-26_2158.dat,38.17,7.756667,2015-08-26 21:58:00
2015-08-27_0613.dat,38.386667,5.741667,2015-08-27 06:13:00
2015-08-27_0621.dat,17.215,83.566667,2015-08-27 06:21:00
2015-08-27_0636.dat,18.82,84.818333,2015-08-27 06:36:00
2015-08-27_1420.dat,38.551667,4.128333,2015-08-27 14:20:00
2015-08-27_2211.dat,39.11,2.158333,2015-08-27 22:11:00
2015-08-31_1411.dat,38.693333,0.56,2015-08-31 14:11:00
2015-08-31_2238.dat,37.256667,-0.77,2015-08-31 22:38:00
2015-09-01_0843.dat,36.31,-3.136667,2015-09-01 08:43:00
2015-09-01_1131.dat,9.965,76.18,2015-09-01 11:31:00
2015-09-01_1808.dat,10.071667,75.245,2015-09-01 18:08:00
2015-09-02_0611.dat,10.235,75.755,2015-09-02 06:11:00
2015-09-02_1212.dat,20.488333,67.641667,2015-09-02 12:12:00
2015-09-02_1252.dat,37.605,9.59,2015-09-02 12:52:00
2015-09-02_1835.dat,21.076667,66.438333,2015-09-02 18:35:00
2015-09-02_2329.dat,21.598333,66.331667,2015-09-02 23:29:00
2015-09-03_1428.dat,43.151667,-9.773333,2015-09-03 14:28:00
2015-09-04_2125.dat,48.586667,5.783333,2015-09-04 21:25:00
2015-09-06_0911.dat,17.0,83.0,2015-09-06 09:11:00
2015-09-06_1845.dat,17.42,83.611667,2015-09-06 18:45:00
2015-09-07_0647.dat,17.316667,83.0,2015-09-07 06:47:00
2015-09-07_1812.dat,17.328333,83.518333,2015-09-07 18:12:00
2015-09-07_1910.dat,16.75,83.74,2015-09-07 19:10:00
2015-09-07_1948.dat,16.718333,83.955,2015-09-07 19:48:00
2015-09-08_0509.dat,16.221667,83.9,2015-09-08 05:09:00
2015-09-08_0616.dat,17.415,83.588333,2015-09-08 06:16:00
2015-09-08_1520.dat,17.356667,83.575,2015-09-08 15:20:00
2015-09-08_1947.dat,26.06,54.371667,2015-09-08 19:47:00
2015-09-08_2006.dat,16.475,84.068333,2015-09-08 20:06:00
2015-09-08_2237.dat,9.491667,75.28,2015-09-08 22:37:00
2015-09-09_0316.dat,26.418333,53.023333,2015-09-09 03:16:00
2015-09-09_0521.dat,17.391667,84.218333,2015-09-09 05:21:00
2015-09-09_0542.dat,17.405,83.591667,2015-09-09 05:42:00
2015-09-09_0636.dat,9.853333,75.371667,2015-09-09 06:36:00
2015-09-09_0853.dat,17.605,84.54,2015-09-09 08:53:00
2015-09-09_1157.dat,9.94,75.648333,2015-09-09 11:57:00
2015-09-10_0619.dat,12.763333,73.653333,2015-09-10 06:19:00
2015-09-13_1430.dat,27.27,50.225,2015-09-13 14:30:00
2015-09-13_2102.dat,27.305,51.698333,2015-09-13 21:02:00
2015-09-14_0136.dat,26.703333,52.635,2015-09-14 01:36:00
2015-09-16_1238.dat,10.511667,75.348333,2015-09-16 12:38:00
2015-09-16_1838.dat,18.0,72.0,2015-09-16 18:38:00
2015-09-16_2213.dat,12.75,74.066667,2015-09-16 22:13:00
2015-09-17_0512.dat,17.813333,72.12,2015-09-17 05:12:00
2015-09-17_0547.dat,14.92,73.306667,2015-09-17 05:47:00
2015-09-17_1209.dat,15.123333,72.998333,2015-09-17 12:09:00
2015-09-17_1612.dat,15.285,72.623333,2015-09-17 16:12:00
2015-09-17_1843.dat,17.368333,84.195,2015-09-17 18:43:00
2015-09-17_2136.dat,15.536667,72.378333,2015-09-17 21:36:00
2015-09-18_0747.dat,26.333333,55.991667,2015-09-18 07:47:00
2015-09-18_1408.dat,25.93,56.788333,2015-09-18 14:08:00
2015-09-18_1908.dat,15.125,73.218333,2015-09-18 19:08:00
2015-09-18_1935.dat,25.12,57.475,2015-09-18 19:35:00
2015-09-18_1940.dat,17.62,84.368333,2015-09-18 19:40:00
2015-09-18_2241.dat,50.351667,-0.938333,2015-09-18 22:41:00
2015-09-18_2246.dat,50.351667,-0.938333,2015-09-18 22:46:00
2015-09-19_0008.dat,25.59,58.15,2015-09-19 00:08:00
2015-09-19_0502.dat,14.251667,72.936667,2015-09-19 05:02:00
2015-09-19_0805.dat,49.64,-4.635,2015-09-19 08:05:00
2015-09-19_2127.dat,47.19,7.151667,2015-09-19 21:27:00
2015-09-20_0824.dat,44.828333,-8.96,2015-09-20 08:24:00
2015-09-20_2236.dat,41.85,-10.101667,2015-09-20 22:36:00
2015-09-21_0843.dat,39.493333,-10.101667,2015-09-21 08:43:00
2015-09-21_2118.dat,36.758333,-9.501667,2015-09-21 21:18:00
2015-09-22_0909.dat,45.89,6.516667,2015-09-22 09:09:00
2015-09-22_1113.dat,17.0,71.0,2015-09-22 11:13:00
2015-09-22_1759.dat,17.016667,71.95,2015-09-22 17:59:00
2015-09-22_1831.dat,17.246667,83.573333,2015-09-22 18:31:00
2015-09-22_2113.dat,36.206667,3.466667,2015-09-22 21:13:00
2015-09-22_2152.dat,17.0,71.0,2015-09-22 21:52:00
2015-09-23_0604.dat,17.0,72.0,2015-09-23 06:04:00
2015-09-23_0720.dat,22.313333,63.271667,2015-09-23 07:20:00
2015-09-23_0811.dat,17.0,72.0,2015-09-23 08:11:00
2015-09-23_0830.dat,17.68,83.84,2015-09-23 08:30:00
2015-09-23_0903.dat,37.068333,-0.588333,2015-09-23 09:03:00
2015-09-23_1138.dat,21.983333,63.75,2015-09-23 11:38:00
2015-09-23_1218.dat,17.848333,83.941667,2015-09-23 12:18:00
2015-09-23_1722.dat,17.255,83.71,2015-09-23 17:22:00
2015-09-23_1729.dat,17.255,83.71,2015-09-23 17:29:00
2015-09-23_1745.dat,21.466667,64.631667,2015-09-23 17:45:00
2015-09-23_2158.dat,38.34,2.133333,2015-09-23 21:58:00
2015-09-23_2244.dat,21.156667,65.91,2015-09-23 22:44:00
2015-09-23_2332.dat,16.976667,83.043333,2015-09-23 23:32:00
2015-09-24_0905.dat,39.391667,4.486667,2015-09-24 09:05:00
2015-09-24_1200.dat,8.366667,95.6,2015-09-24 12:00:00
2015-09-24_1242.dat,-19.35,58.466667,2015-09-24 12:42:00
2015-09-24_1800.dat,7.39,96.687667,2015-09-24 18:00:00
2015-09-25_0001.dat,6.686667,97.383333,2015-09-25 00:01:00
2015-09-25_0423.dat,5.84,98.233333,2015-09-25 04:23:00
2015-09-25_0846.dat,16.878333,84.208333,2015-09-25 08:46:00
2015-09-27_0732.dat,3.738333,106.108333,2015-09-27 07:32:00
2015-09-27_1430.dat,4.286667,107.058333,2015-09-27 14:30:00
2015-09-27_2022.dat,5.216667,107.658333,2015-09-27 20:22:00
2015-09-28_0136.dat,6.185,108.32,2015-09-28 01:36:00
2015-09-28_0746.dat,12.0,72.0,2015-09-28 07:46:00
2015-09-28_1431.dat,8.123333,109.621667,2015-09-28 14:31:00
2015-09-28_1930.dat,9.858333,109.853333,2015-09-28 19:30:00
2015-09-29_0156.dat,10.0,110.0,2015-09-29 01:56:00
2015-09-29_0732.dat,11.333333,110.0,2015-09-29 07:32:00
2015-09-29_0948.dat,-5.858333,54.333333,2015-09-29 09:48:00
2015-09-29_1119.dat,72.958333,6.005,2015-09-29 11:19:00
2015-09-29_1330.dat,11.791667,110.041667,2015-09-29 13:30:00
2015-09-29_1938.dat,12.403333,110.316667,2015-09-29 19:38:00
2015-09-29_2102.dat,41.19,6.596667,2015-09-29 21:02:00
2015-09-30_0140.dat,13.123333,111.225,2015-09-30 01:40:00
2015-09-30_0734.dat,13.906667,112.053333,2015-09-30 07:34:00
2015-09-30_0903.dat,38.566667,8.108333,2015-09-30 09:03:00
2015-09-30_0924.dat,-3.203333,55.865,2015-09-30 09:24:00
2015-09-30_1328.dat,14.658333,112.538333,2015-09-30 13:28:00
2015-09-30_1934.dat,15.155,11.428333,2015-09-30 19:34:00
2015-09-30_2104.dat,37.325,11.26,2015-09-30 21:04:00
2015-09-30_2259.dat,-3.396667,55.973333,2015-09-30 22:59:00
2015-10-01_0234.dat,15.633333,72.3,2015-10-01 02:34:00
2015-10-01_0738.dat,15.585,110.805,2015-10-01 07:38:00
2015-10-01_0915.dat,36.315,14.528333,2015-10-01 09:15:00
2015-10-01_1934.dat,15.0,110.0,2015-10-01 19:34:00
2015-10-01_2130.dat,36.073333,17.751667,2015-10-01 21:30:00
2015-10-02_0138.dat,15.951667,109.451667,2015-10-02 01:38:00
2015-10-02_0921.dat,35.683333,20.905,2015-10-02 09:21:00
2015-10-02_1959.dat,36.57,23.798333,2015-10-02 19:59:00
2015-10-03_0829.dat,39.088333,25.036667,2015-10-03 08:29:00
2015-10-03_2143.dat,40.606667,27.325,2015-10-03 21:43:00
2015-10-05_2030.dat,-3.603333,55.065,2015-10-05 20:30:00
2015-10-06_0914.dat,-4.24,52.536667,2015-10-06 09:14:00
2015-10-07_0606.dat,-5.335,58.951667,2015-10-07 06:06:00
2015-10-07_0703.dat,17.703333,110.916667,2015-10-07 07:03:00
2015-10-07_0837.dat,40.311667,26.591667,2015-10-07 08:37:00
2015-10-07_1332.dat,17.253333,112.456667,2015-10-07 13:32:00
2015-10-07_1732.dat,14.621667,73.828333,2015-10-07 17:32:00
2015-10-07_1756.dat,-3.635,58.971667,2015-10-07 17:56:00
2015-10-07_1933.dat,17.418333,113.84,2015-10-07 19:33:00
2015-10-07_2201.dat,38.07,25.518333,2015-10-07 22:01:00
2015-10-07_2346.dat,14.72,72.986667,2015-10-07 23:46:00
2015-10-08_0011.dat,17.875,114.805,2015-10-08 00:11:00
2015-10-08_0414.dat,18.201667,115.503333,2015-10-08 04:14:00
2015-10-08_0601.dat,-3.605,57.38,2015-10-08 06:01:00
2015-10-08_0610.dat,15.83,72.886667,2015-10-08 06:10:00
2015-10-08_0816.dat,18.638333,116.438333,2015-10-08 08:16:00
2015-10-08_0931.dat,36.09,27.388333,2015-10-08 09:31:00
2015-10-08_1219.dat,19.071667,117.423333,2015-10-08 12:19:00
2015-10-08_1610.dat,19.468333,118.216667,2015-10-08 16:10:00
2015-10-08_1757.dat,-3.581667,56.433333,2015-10-08 17:57:00
2015-10-08_2009.dat,19.673333,118.638333,2015-10-08 20:09:00
2015-10-08_2232.dat,17.033333,83.533333,2015-10-08 22:32:00
2015-10-08_2315.dat,34.435,29.158333,2015-10-08 23:15:00
2015-10-09_0005.dat,19.673333,118.638333,2015-10-09 00:05:00
2015-10-09_0207.dat,15.741667,72.451667,2015-10-09 02:07:00
2015-10-09_0225.dat,15.666667,72.433333,2015-10-09 02:25:00
2015-10-09_0233.dat,15.711667,72.358333,2015-10-09 02:33:00
2015-10-09_0415.dat,15.583333,72.5,2015-10-09 04:15:00
2015-10-09_0504.dat,16.098333,82.848333,2015-10-09 05:04:00
2015-10-09_0620.dat,15.616667,73.316667,2015-10-09 06:20:00
2015-10-09_0811.dat,21.521667,121.801667,2015-10-09 08:11:00
2015-10-09_0948.dat,15.903333,82.343333,2015-10-09 09:48:00
2015-10-09_1007.dat,32.868333,31.321667,2015-10-09 10:07:00
2015-10-09_1255.dat,6.015,79.481667,2015-10-09 12:55:00
2015-10-09_1331.dat,22.183333,122.853333,2015-10-09 13:31:00
2015-10-09_1609.dat,22.468333,123.335,2015-10-09 16:09:00
2015-10-09_1832.dat,5.716667,80.683333,2015-10-09 18:32:00
2015-10-09_1944.dat,15.161667,72.086667,2015-10-09 19:44:00
2015-10-09_2032.dat,22.84,124.073333,2015-10-09 20:32:00
2015-10-09_2245.dat,23.101667,124.525,2015-10-09 22:45:00
2015-10-10_0032.dat,61.533333,81.886667,2015-10-10 00:32:00
2015-10-10_0409.dat,23.583333,125.37,2015-10-10 04:09:00
2015-10-10_0508.dat,13.566667,80.963333,2015-10-10 05:08:00
2015-10-10_0537.dat,6.945,82.481667,2015-10-10 05:37:00
2015-10-10_0600.dat,15.7,73.066667,2015-10-10 06:00:00
2015-10-10_0628.dat,15.696667,73.088333,2015-10-10 06:28:00
2015-10-10_0823.dat,24.035,126.193333,2015-10-10 08:23:00
2015-10-10_1214.dat,8.426667,82.08,2015-10-10 12:14:00
2015-10-10_1225.dat,24.408333,126.868333,2015-10-10 12:25:00
2015-10-10_1613.dat,24.825,127.64,2015-10-10 16:13:00
2015-10-10_1903.dat,9.673333,81.646667,2015-10-10 19:03:00
2015-10-10_2006.dat,25.29,128.203333,2015-10-10 20:06:00
2015-10-10_2232.dat,29.333333,33.171667,2015-10-10 22:32:00
2015-10-11_0008.dat,25.866667,128.668333,2015-10-11 00:08:00
2015-10-11_0024.dat,10.81,81.253333,2015-10-11 00:24:00
2015-10-11_0509.dat,16.9,72.785,2015-10-11 05:09:00
2015-10-11_0515.dat,16.638333,72.591667,2015-10-11 05:15:00
2015-10-11_0523.dat,16.525,72.64,2015-10-11 05:23:00
2015-10-11_0538.dat,16.666667,72.716667,2015-10-11 05:38:00
2015-10-11_0654.dat,12.191667,80.77,2015-10-11 06:54:00
2015-10-11_0704.dat,16.271667,72.568333,2015-10-11 07:04:00
2015-10-11_0753.dat,16.183333,72.483333,2015-10-11 07:53:00
2015-10-11_1607.dat,28.283333,130.655,2015-10-11 16:07:00
2015-10-11_2013.dat,28.905,131.203333,2015-10-11 20:13:00
2015-10-11_2344.dat,29.37,131.698333,2015-10-11 23:44:00
2015-10-12_0426.dat,30.088333,132.155,2015-10-12 04:26:00
2015-10-12_0550.dat,17.633333,72.183333,2015-10-12 05:50:00
2015-10-12_0625.dat,15.903333,73.183333,2015-10-12 06:25:00
2015-10-12_0804.dat,30.771667,132.585,2015-10-12 08:04:00
2015-10-12_1550.dat,13.375,80.65,2015-10-12 15:50:00
2015-10-12_1554.dat,31.003333,133.698333,2015-10-12 15:54:00
2015-10-12_1605.dat,13.416667,80.666667,2015-10-12 16:05:00
2015-10-12_1615.dat,13.45,80.683333,2015-10-12 16:15:00
2015-10-12_1624.dat,13.466667,80.7,2015-10-12 16:24:00
2015-10-12_2005.dat,31.523333,133.825,2015-10-12 20:05:00
2015-10-12_2359.dat,31.903333,134.535,2015-10-12 23:59:00
2015-10-13_0420.dat,32.433333,135.296667,2015-10-13 04:20:00
2015-10-13_0956.dat,16.583333,89.983333,2015-10-13 09:56:00
2015-10-14_1220.dat,26.773333,34.093333,2015-10-14 12:20:00
2015-10-14_2250.dat,25.0,35.523333,2015-10-14 22:50:00
2015-10-15_0517.dat,17.33,83.625,2015-10-15 05:17:00
2015-10-15_0849.dat,23.258333,36.658333,2015-10-15 08:49:00
2015-10-15_2331.dat,20.825,38.07,2015-10-15 23:31:00
2015-10-16_0450.dat,17.453333,83.676667,2015-10-16 04:50:00
2015-10-16_0922.dat,19.073333,39.086667,2015-10-16 09:22:00
2015-10-16_1743.dat,12.581667,81.668333,2015-10-16 17:43:00
2015-10-16_2148.dat,16.945,40.493333,2015-10-16 21:48:00
2015-10-16_2221.dat,12.52,80.22,2015-10-16 22:21:00
2015-10-17_0428.dat,17.335,83.523333,2015-10-17 04:28:00
2015-10-17_0512.dat,12.671667,82.635,2015-10-17 05:12:00
2015-10-17_0617.dat,12.575,82.495,2015-10-17 06:17:00
2015-10-17_1518.dat,11.94,81.843333,2015-10-17 15:18:00
2015-10-17_1646.dat,12.578333,81.916667,2015-10-17 16:46:00
2015-10-17_1748.dat,11.47,81.463333,2015-10-17 17:48:00
2015-10-17_2020.dat,12.553333,81.936667,2015-10-17 20:20:00
2015-10-17_2035.dat,13.21,43.021667,2015-10-17 20:35:00
2015-10-18_0308.dat,11.173333,81.39,2015-10-18 03:08:00
2015-10-18_0452.dat,17.293333,83.611667,2015-10-18 04:52:00
2015-10-18_0515.dat,12.236667,80.868333,2015-10-18 05:15:00
2015-10-18_0755.dat,11.855,43.355,2015-10-18 07:55:00
2015-10-18_1351.dat,17.331667,83.61,2015-10-18 13:51:00
2015-10-19_0427.dat,17.386667,83.686667,2015-10-19 04:27:00
2015-10-19_0500.dat,11.381667,81.518333,2015-10-19 05:00:00
2015-10-19_0937.dat,12.105,46.0,2015-10-19 09:37:00
2015-10-19_1611.dat,34.34,138.691667,2015-10-19 16:11:00
2015-10-19_1927.dat,12.711667,81.991667,2015-10-19 19:27:00
2015-10-19_2008.dat,33.79,137.656667,2015-10-19 20:08:00
2015-10-19_2213.dat,13.266667,49.833333,2015-10-19 22:13:00
2015-10-19_2305.dat,13.146667,81.955,2015-10-19 23:05:00
2015-10-20_0006.dat,33.286667,136.818333,2015-10-20 00:06:00
2015-10-20_0413.dat,32.791667,135.773333,2015-10-20 04:13:00
2015-10-20_0414.dat,18.383333,72.116667,2015-10-20 04:14:00
2015-10-20_0431.dat,17.418333,83.75,2015-10-20 04:31:00
2015-10-20_0453.dat,14.13,82.291667,2015-10-20 04:53:00
2015-10-20_0811.dat,32.186667,134.673333,2015-10-20 08:11:00
2015-10-20_0818.dat,14.191667,52.653333,2015-10-20 08:18:00
2015-10-20_1207.dat,31.841667,133.721667,2015-10-20 12:07:00
2015-10-20_1658.dat,31.441667,132.485,2015-10-20 16:58:00
2015-10-20_2010.dat,31.14,131.55,2015-10-20 20:10:00
2015-10-20_2148.dat,15.083333,56.036667,2015-10-20 21:48:00
2015-10-21_0002.dat,30.916667,130.373333,2015-10-21 00:02:00
2015-10-21_0321.dat,17.241667,83.515,2015-10-21 03:21:00
2015-10-21_0536.dat,17.066667,71.716667,2015-10-21 05:36:00
2015-10-21_0655.dat,17.365,83.571667,2015-10-21 06:55:00
2015-10-21_0752.dat,31.545,128.091667,2015-10-21 07:52:00
2015-10-21_0858.dat,15.878333,59.116667,2015-10-21 08:58:00
2015-10-21_1218.dat,31.936667,127.25,2015-10-21 12:18:00
2015-10-21_2011.dat,32.468333,126.038333,2015-10-21 20:11:00
2015-10-21_2122.dat,-18.8,58.205,2015-10-21 21:22:00
2015-10-21_2236.dat,16.8,62.706667,2015-10-21 22:36:00
2015-10-22_0008.dat,32.848333,125.298333,2015-10-22 00:08:00
2015-10-22_0602.dat,-19.313333,59.671667,2015-10-22 06:02:00
2015-10-22_1800.dat,-19.166667,61.473333,2015-10-22 18:00:00
2015-10-22_1801.dat,-19.166667,61.473333,2015-10-22 18:01:00
2015-10-22_2104.dat,35.97,124.958333,2015-10-22 21:04:00
2015-10-23_0000.dat,36.333333,125.27,2015-10-23 00:00:00
2015-10-23_0603.dat,-17.5,61.263333,2015-10-23 06:03:00
2015-10-23_1814.dat,-16.458333,61.826667,2015-10-23 18:14:00
2015-10-24_2047.dat,-18.231667,58.665,2015-10-24 20:47:00
2015-10-25_0503.dat,17.316667,68.623333,2015-10-25 05:03:00
2015-10-25_0756.dat,-19.95,57.433333,2015-10-25 07:56:00
2015-10-25_0853.dat,15.141667,73.383333,2015-10-25 08:53:00
2015-10-26_0503.dat,15.036667,63.436,2015-10-26 05:03:00
2015-10-26_1309.dat,12.201667,82.163333,2015-10-26 13:09:00
2015-10-27_0513.dat,13.313333,63.987,2015-10-27 05:13:00
2015-10-27_2358.dat,34.956667,124.875,2015-10-27 23:58:00
2015-10-28_0423.dat,33.701667,124.841667,2015-10-28 04:23:00
2015-10-28_0445.dat,15.496667,65.403333,2015-10-28 04:45:00
2015-10-28_1803.dat,-19.271667,58.316667,2015-10-28 18:03:00
2015-10-28_1944.dat,-20.073333,57.356667,2015-10-28 19:44:00
2015-10-28_2111.dat,28.925,125.358333,2015-10-28 21:11:00
2015-10-29_0108.dat,27.805,125.1,2015-10-29 01:08:00
2015-10-29_0500.dat,18.256667,70.496333,2015-10-29 05:00:00
2015-10-29_0517.dat,26.62,124.575,2015-10-29 05:17:00
2015-10-29_0807.dat,25.586667,124.136667,2015-10-29 08:07:00
2015-10-29_1636.dat,23.656667,122.95,2015-10-29 16:36:00
2015-10-29_2003.dat,22.716667,122.435,2015-10-29 20:03:00
2015-10-30_0419.dat,21.133333,121.555,2015-10-30 04:19:00
2015-10-30_0447.dat,17.44,83.738333,2015-10-30 04:47:00
2015-10-30_0605.dat,18.0,77.343333,2015-10-30 06:05:00
2015-10-30_0738.dat,16.818333,71.536667,2015-10-30 07:38:00
2015-10-30_0805.dat,20.506667,121.188333,2015-10-30 08:05:00
2015-10-30_0808.dat,17.48,83.775,2015-10-30 08:08:00
2015-10-30_2022.dat,19.741667,120.671667,2015-10-30 20:22:00
2015-10-30_2036.dat,17.083333,8.518333,2015-10-30 20:36:00
2015-10-31_0005.dat,18.823333,120.221667,2015-10-31 00:05:00
2015-10-31_0436.dat,17.62,119.746667,2015-10-31 04:36:00
2015-10-31_0530.dat,15.133333,70.476667,2015-10-31 05:30:00
2015-10-31_0540.dat,17.386667,83.853333,2015-10-31 05:40:00
2015-10-31_0547.dat,14.816667,7.035,2015-10-31 05:47:00
2015-10-31_0628.dat,14.868333,70.368333,2015-10-31 06:28:00
2015-10-31_0733.dat,8.556667,81.603333,2015-10-31 07:33:00
2015-10-31_0814.dat,16.72,119.291667,2015-10-31 08:14:00
2015-10-31_1204.dat,15.683333,70.866667,2015-10-31 12:04:00
2015-10-31_1806.dat,16.178333,71.113333,2015-10-31 18:06:00
2015-10-31_1947.dat,15.618333,119.51,2015-10-31 19:47:00
2015-10-31_2335.dat,16.178333,71.846667,2015-10-31 23:35:00
2015-10-31_2353.dat,14.891667,119.733333,2015-10-31 23:53:00
2015-11-01_0432.dat,14.436667,120.153333,2015-11-01 04:32:00
2015-11-02_1029.dat,17.546667,83.638,2015-11-02 10:29:00
2015-11-02_1116.dat,17.611667,83.653333,2015-11-02 11:16:00
2015-11-02_1157.dat,17.553333,83.751667,2015-11-02 11:57:00
2015-11-02_1427.dat,17.535,83.813333,2015-11-02 14:27:00
2015-11-02_1817.dat,17.191667,83.87,2015-11-02 18:17:00
2015-11-02_1919.dat,16.966667,83.828333,2015-11-02 19:19:00
2015-11-03_0552.dat,15.825,83.516667,2015-11-03 05:52:00
2015-11-03_0628.dat,15.901667,83.57,2015-11-03 06:28:00
2015-11-03_0638.dat,14.373333,83.718333,2015-11-03 06:38:00
2015-11-03_1341.dat,15.863333,83.916667,2015-11-03 13:41:00
2015-11-03_1859.dat,15.975,83.68,2015-11-03 18:59:00
2015-11-03_1935.dat,16.033333,83.566667,2015-11-03 19:35:00
2015-11-04_0607.dat,15.983333,63.3,2015-11-04 06:07:00
2015-11-04_0726.dat,22.436667,61.968333,2015-11-04 07:26:00
2015-11-04_1309.dat,15.25,72.783333,2015-11-04 13:09:00
2015-11-04_1625.dat,17.956667,119.285,2015-11-04 16:25:00
2015-11-04_2013.dat,13.456667,118.155,2015-11-04 20:13:00
2015-11-05_0000.dat,12.956667,117.021667,2015-11-05 00:00:00
2015-11-05_0408.dat,12.451667,115.871667,2015-11-05 04:08:00
2015-11-05_0542.dat,16.268333,60.563333,2015-11-05 05:42:00
2015-11-05_0629.dat,17.366667,83.783333,2015-11-05 06:29:00
2015-11-05_0804.dat,11.951667,114.768333,2015-11-05 08:04:00
2015-11-05_1011.dat,23.455,65.938333,2015-11-05 10:11:00
2015-11-05_1200.dat,11.405,113.77,2015-11-05 12:00:00
2015-11-05_1513.dat,17.463333,83.478333,2015-11-05 15:13:00
2015-11-05_1646.dat,10.5,112.75,2015-11-05 16:46:00
2015-11-05_1648.dat,17.42,83.44,2015-11-05 16:48:00
2015-11-05_2351.dat,9.17,111.158333,2015-11-05 23:51:00
2015-11-06_0414.dat,17.316667,65.666667,2015-11-06 04:14:00
2015-11-06_0733.dat,17.466667,83.766667,2015-11-06 07:33:00
2015-11-06_0809.dat,7.533333,109.288333,2015-11-06 08:09:00
2015-11-06_1252.dat,6.52,108.533333,2015-11-06 12:52:00
2015-11-06_1302.dat,21.706667,66.21,2015-11-06 13:02:00
2015-11-06_1628.dat,5.586667,107.938333,2015-11-06 16:28:00
2015-11-07_0002.dat,3.921667,106.506667,2015-11-07 00:02:00
2015-11-07_0404.dat,3.316667,105.433333,2015-11-07 04:04:00
2015-11-07_0513.dat,14.975,70.123333,2015-11-07 05:13:00
2015-11-07_0710.dat,19.0,70.0,2015-11-07 07:10:00
2015-11-07_1101.dat,19.783333,69.683333,2015-11-07 11:01:00
2015-11-07_1905.dat,20.916667,69.281667,2015-11-07 19:05:00
2015-11-08_0453.dat,14.666667,71.45,2015-11-08 04:53:00
2015-11-08_1553.dat,24.358333,65.681667,2015-11-08 15:53:00
2015-11-17_1019.dat,16.928333,83.366667,2015-11-17 10:19:00
2015-11-17_2112.dat,15.2,72.533333,2015-11-17 21:12:00
2015-11-18_0346.dat,17.236667,83.688333,2015-11-18 03:46:00
2015-11-18_0805.dat,16.336667,83.651667,2015-11-18 08:05:00
2015-11-18_1128.dat,17.0,72.0,2015-11-18 11:28:00
2015-11-18_1321.dat,17.0,71.0,2015-11-18 13:21:00
2015-11-18_1715.dat,15.958333,84.146667,2015-11-18 17:15:00
2015-11-18_1740.dat,17.0,71.0,2015-11-18 17:40:00
2015-11-18_2011.dat,17.0,71.0,2015-11-18 20:11:00
2015-11-18_2226.dat,18.0,73.0,2015-11-18 22:26:00
2015-11-18_2308.dat,15.291667,84.12,2015-11-18 23:08:00
2015-11-19_0133.dat,17.0,71.0,2015-11-19 01:33:00
2015-11-19_0536.dat,18.0,72.0,2015-11-19 05:36:00
2015-11-19_0618.dat,18.0,72.0,2015-11-19 06:18:00
2015-11-19_0619.dat,15.45,85.038333,2015-11-19 06:19:00
2015-11-19_0849.dat,18.0,72.0,2015-11-19 08:49:00
2015-11-19_0947.dat,15.408333,85.416667,2015-11-19 09:47:00
2015-11-20_0636.dat,13.055,87.701667,2015-11-20 06:36:00
2015-11-21_0856.dat,9.2705,90.838,2015-11-21 08:56:00
2015-11-22_0528.dat,6.428333,93.975,2015-11-22 05:28:00
2015-11-22_1804.dat,7.0,94.111667,2015-11-22 18:04:00
2015-11-22_2313.dat,7.118333,95.323333,2015-11-22 23:13:00
2015-11-24_1644.dat,17.373333,83.626667,2015-11-24 16:44:00
2015-11-25_0509.dat,17.381667,83.538333,2015-11-25 05:09:00
2015-11-25_0903.dat,17.361667,83.513333,2015-11-25 09:03:00
2015-11-27_0925.dat,14.718333,87.961667,2015-11-27 09:25:00
2015-12-02_1217.dat,17.646667,84.056667,2015-12-02 12:17:00
2015-12-02_1224.dat,17.643333,84.095,2015-12-02 12:24:00
2015-12-02_1709.dat,17.383333,83.871667,2015-12-02 17:09:00
2015-12-02_1715.dat,17.371667,83.868333,2015-12-02 17:15:00
2015-12-02_1723.dat,17.368333,83.866667,2015-12-02 17:23:00
2015-12-02_1728.dat,17.353333,83.87,2015-12-02 17:28:00
2015-12-02_1742.dat,17.345,83.875,2015-12-02 17:42:00
2015-12-02_1748.dat,17.371667,83.921667,2015-12-02 17:48:00
2015-12-07_0526.dat,12.508333,83.83,2015-12-07 05:26:00
2015-12-07_0624.dat,12.201667,83.818333,2015-12-07 06:24:00
2015-12-07_1007.dat,11.761667,83.843333,2015-12-07 10:07:00
2015-12-07_1220.dat,11.416667,83.65,2015-12-07 12:20:00
2015-12-07_1606.dat,18.0,72.0,2015-12-07 16:06:00
2015-12-07_1743.dat,18.0,72.0,2015-12-07 17:43:00
2015-12-07_1856.dat,18.0,72.0,2015-12-07 18:56:00
2015-12-07_1950.dat,18.0,71.0,2015-12-07 19:50:00
2015-12-07_2121.dat,18.0,72.0,2015-12-07 21:21:00
2015-12-07_2202.dat,18.0,72.0,2015-12-07 22:02:00
2015-12-08_0028.dat,18.0,72.0,2015-12-08 00:28:00
2015-12-08_0528.dat,17.0,71.0,2015-12-08 05:28:00
2015-12-08_0614.dat,17.183333,71.45,2015-12-08 06:14:00
2015-12-08_0852.dat,16.155,59.518333,2015-12-08 08:52:00
2015-12-08_0903.dat,17.0,71.0,2015-12-08 09:03:00
2015-12-08_0908.dat,16.155,59.518333,2015-12-08 09:08:00
2015-12-08_1800.dat,15.05,72.45,2015-12-08 18:00:00
2015-12-09_0609.dat,6.285,79.186667,2015-12-09 06:09:00
2015-12-09_0611.dat,11.625,74.786667,2015-12-09 06:11:00
2015-12-09_1008.dat,14.486667,53.018333,2015-12-09 10:08:00
2015-12-09_1127.dat,10.926667,75.251667,2015-12-09 11:27:00
2015-12-09_1955.dat,12.585,51.396667,2015-12-09 19:55:00
2015-12-10_0615.dat,9.371667,75.823333,2015-12-10 06:15:00
2015-12-10_0818.dat,13.156667,48.873333,2015-12-10 08:18:00
2015-12-10_1824.dat,16.711667,83.571667,2015-12-10 18:24:00
2015-12-10_1918.dat,12.626667,46.983333,2015-12-10 19:18:00
2015-12-11_0435.dat,15.111667,83.105,2015-12-11 04:35:00
2015-12-11_0745.dat,15.325,83.423333,2015-12-11 07:45:00
2015-12-11_0759.dat,11.79,44.965,2015-12-11 07:59:00
2015-12-11_0805.dat,11.793333,44.965,2015-12-11 08:05:00
2015-12-11_1137.dat,15.386667,84.053333,2015-12-11 11:37:00
2015-12-11_1200.dat,9.69,75.766667,2015-12-11 12:00:00
2015-12-11_1612.dat,15.935,83.975,2015-12-11 16:12:00
2015-12-11_1647.dat,15.978333,84.04,2015-12-11 16:47:00
2015-12-11_1801.dat,10.155,74.87,2015-12-11 18:01:00
2015-12-11_1807.dat,9.883333,75.066667,2015-12-11 18:07:00
2015-12-11_2251.dat,10.258333,74.5,2015-12-11 22:51:00
2015-12-11_2322.dat,16.45,84.12,2015-12-11 23:22:00
2015-12-12_0622.dat,9.616667,75.283333,2015-12-12 06:22:00
2015-12-12_0655.dat,9.603333,75.323333,2015-12-12 06:55:00
2015-12-12_0804.dat,13.276667,49.71,2015-12-12 08:04:00
2015-12-12_0826.dat,9.933333,75.25,2015-12-12 08:26:00
2015-12-12_1400.dat,9.896667,75.208333,2015-12-12 14:00:00
2015-12-12_1752.dat,10.083333,74.966667,2015-12-12 17:52:00
2015-12-12_1945.dat,10.121667,75.01,2015-12-12 19:45:00
2015-12-12_2002.dat,13.978333,51.975,2015-12-12 20:02:00
2015-12-12_2040.dat,9.805833,75.261333,2015-12-12 20:40:00
2015-12-12_2047.dat,9.763333,75.155,2015-12-12 20:47:00
2015-12-12_2103.dat,9.661667,75.035,2015-12-12 21:03:00
2015-12-12_2134.dat,10.001667,75.395,2015-12-12 21:34:00
2015-12-12_2137.dat,9.698333,75.261667,2015-12-12 21:37:00
2015-12-12_2306.dat,9.763333,75.155,2015-12-12 23:06:00
2015-12-13_0000.dat,10.216667,75.616667,2015-12-13 00:00:00
2015-12-13_0020.dat,8.968333,75.241667,2015-12-13 00:20:00
2015-12-13_0657.dat,9.291667,75.486667,2015-12-13 06:57:00
2015-12-13_1239.dat,9.55,75.51,2015-12-13 12:39:00
2015-12-13_1734.dat,9.481667,75.813333,2015-12-13 17:34:00
2015-12-13_1736.dat,9.508333,75.885,2015-12-13 17:36:00
2015-12-13_1834.dat,9.341667,75.053333,2015-12-13 18:34:00
2015-12-13_1953.dat,9.373333,75.663333,2015-12-13 19:53:00
2015-12-13_2251.dat,9.29,74.521667,2015-12-13 22:51:00
2015-12-14_0600.dat,9.648333,75.648333,2015-12-14 06:00:00
2015-12-14_1509.dat,9.94,75.616667,2015-12-14 15:09:00
2015-12-15_0918.dat,14.94,53.221667,2015-12-15 09:18:00
2015-12-15_1822.dat,10.583333,75.18,2015-12-15 18:22:00
2015-12-15_1929.dat,13.95,51.26,2015-12-15 19:29:00
2015-12-15_2004.dat,13.95,51.26,2015-12-15 20:04:00
2015-12-16_0558.dat,10.386667,74.945,2015-12-16 05:58:00
2015-12-16_0802.dat,10.3,75.25,2015-12-16 08:02:00
2015-12-16_0803.dat,13.145,48.72,2015-12-16 08:03:00
2015-12-16_1759.dat,11.6,74.683333,2015-12-16 17:59:00
2015-12-16_1919.dat,12.52,46.783333,2015-12-16 19:19:00
2015-12-17_0807.dat,11.798333,44.881667,2015-12-17 08:07:00
2015-12-17_1953.dat,12.38,46.83,2015-12-17 19:53:00
2015-12-18_0539.dat,16.771667,85.256667,2015-12-18 05:39:00
2015-12-18_0821.dat,13.068333,49.051667,2015-12-18 08:21:00
2015-12-18_1957.dat,13.676667,51.063333,2015-12-18 19:57:00
2015-12-19_0518.dat,15.838333,86.316667,2015-12-19 05:18:00
2015-12-19_1200.dat,16.368333,86.37,2015-12-19 12:00:00
2015-12-19_1730.dat,16.358333,86.44,2015-12-19 17:30:00
2015-12-19_1815.dat,14.0,51.501667,2015-12-19 18:15:00
2015-12-20_0033.dat,16.188333,86.153333,2015-12-20 00:33:00
2015-12-20_0530.dat,16.401667,86.32,2015-12-20 05:30:00
2015-12-20_0536.dat,16.155,87.16,2015-12-20 05:36:00
2015-12-20_0649.dat,13.238333,49.015,2015-12-20 06:49:00
2015-12-20_1137.dat,17.0,72.0,2015-12-20 11:37:00
2015-12-20_1157.dat,15.865,86.85,2015-12-20 11:57:00
2015-12-20_1526.dat,17.0,72.0,2015-12-20 15:26:00
2015-12-20_1627.dat,17.0,72.0,2015-12-20 16:27:00
2015-12-20_1731.dat,15.335,87.606667,2015-12-20 17:31:00
2015-12-20_1732.dat,15.398333,87.54,2015-12-20 17:32:00
2015-12-20_1800.dat,17.0,72.0,2015-12-20 18:00:00
2015-12-20_1910.dat,17.0,72.0,2015-12-20 19:10:00
2015-12-20_2102.dat,17.0,72.0,2015-12-20 21:02:00
2015-12-20_2328.dat,17.0,72.0,2015-12-20 23:28:00
2015-12-20_2333.dat,14.376667,88.36,2015-12-20 23:33:00
2015-12-20_2348.dat,14.366667,88.425,2015-12-20 23:48:00
2015-12-21_0542.dat,13.386667,89.173333,2015-12-21 05:42:00
2015-12-21_0604.dat,13.325,89.16,2015-12-21 06:04:00
2015-12-21_0614.dat,13.325,89.16,2015-12-21 06:14:00
2015-12-21_0643.dat,17.0,72.0,2015-12-21 06:43:00
2015-12-21_0654.dat,11.801667,44.961667,2015-12-21 06:54:00
2015-12-21_0657.dat,11.801667,44.961667,2015-12-21 06:57:00
2015-12-21_1134.dat,12.966667,89.803333,2015-12-21 11:34:00
2015-12-21_1748.dat,12.733333,90.296667,2015-12-21 17:48:00
2015-12-21_1815.dat,12.516667,47.248333,2015-12-21 18:15:00
2015-12-22_0512.dat,10.653333,91.23,2015-12-22 05:12:00
2015-12-22_0646.dat,13.361667,49.951667,2015-12-22 06:46:00
2015-12-22_1816.dat,9.695,91.955,2015-12-22 18:16:00
2015-12-22_1825.dat,14.236667,52.511667,2015-12-22 18:25:00
2015-12-23_0502.dat,9.85,92.383333,2015-12-23 05:02:00
2015-12-23_1122.dat,17.541667,83.59,2015-12-23 11:22:00
2015-12-23_1722.dat,9.973333,92.668333,2015-12-23 17:22:00
2015-12-24_0538.dat,10.385,92.77,2015-12-24 05:38:00
2015-12-24_0546.dat,17.268333,83.401667,2015-12-24 05:46:00
2015-12-24_0551.dat,10.418333,93.111667,2015-12-24 05:51:00
2015-12-24_1004.dat,11.2,93.023333,2015-12-24 10:04:00
2015-12-24_1130.dat,10.968333,93.15,2015-12-24 11:30:00
2015-12-24_1250.dat,17.388333,83.503333,2015-12-24 12:50:00
2015-12-24_1420.dat,11.315,93.023333,2015-12-24 14:20:00
2015-12-24_1733.dat,10.85,93.118333,2015-12-24 17:33:00
2015-12-24_2046.dat,10.875,93.231667,2015-12-24 20:46:00
2015-12-25_0526.dat,11.391667,93.058333,2015-12-25 05:26:00
2015-12-25_0730.dat,14.955,53.218333,2015-12-25 07:30:00
2015-12-25_1831.dat,13.901667,51.105,2015-12-25 18:31:00
2015-12-25_2302.dat,11.93,90.805,2015-12-25 23:02:00
2015-12-26_0518.dat,12.826667,90.006667,2015-12-26 05:18:00
2015-12-26_0613.dat,13.073333,89.986667,2015-12-26 06:13:00
2015-12-26_0722.dat,13.021667,48.276667,2015-12-26 07:22:00
2015-12-26_1129.dat,13.013333,89.478333,2015-12-26 11:29:00
2015-12-26_1132.dat,13.015,89.461667,2015-12-26 11:32:00
2015-12-26_1626.dat,12.701667,89.55,2015-12-26 16:26:00
2015-12-26_1803.dat,12.258333,45.871667,2015-12-26 18:03:00
2015-12-26_1909.dat,12.831667,89.39,2015-12-26 19:09:00
2015-12-27_0517.dat,13.806667,81.841667,2015-12-27 05:17:00
2015-12-27_0723.dat,11.758333,44.926667,2015-12-27 07:23:00
2015-12-27_1302.dat,11.731667,90.645,2015-12-27 13:02:00
2015-12-27_1956.dat,12.105,90.493333,2015-12-27 19:56:00
2015-12-28_0538.dat,15.335,83.958333,2015-12-28 05:38:00
2015-12-28_0545.dat,13.001667,89.788333,2015-12-28 05:45:00
2015-12-28_1118.dat,13.72,89.353333,2015-12-28 11:18:00
2015-12-28_1705.dat,14.385,83.891667,2015-12-28 17:05:00
2015-12-29_0453.dat,14.986667,86.806667,2015-12-29 04:53:00
2015-12-29_0709.dat,16.238333,68.951667,2015-12-29 07:09:00
2015-12-29_0740.dat,14.645,53.081667,2015-12-29 07:40:00
2015-12-29_1204.dat,17.556667,69.97,2015-12-29 12:04:00
2015-12-29_1534.dat,15.421667,86.638333,2015-12-29 15:34:00
2015-12-29_1758.dat,13.995,51.435,2015-12-29 17:58:00
2015-12-30_0514.dat,17.69,69.745,2015-12-30 05:14:00
2015-12-30_0548.dat,17.073333,83.765,2015-12-30 05:48:00
2015-12-30_0653.dat,16.225,68.768333,2015-12-30 06:53:00
2015-12-30_0724.dat,13.11,48.59,2015-12-30 07:24:00
2015-12-30_1857.dat,12.368333,46.195,2015-12-30 18:57:00
2016-01-02_0827.dat,11.84,45.036667,2016-01-02 08:27:00
2016-01-03_1907.dat,13.856667,51.526667,2016-01-03 19:07:00
2016-01-04_0939.dat,9.016667,82.688333,2016-01-04 09:39:00
2016-01-04_1929.dat,13.89,51.055,2016-01-04 19:29:00
2016-01-05_0618.dat,13.118333,48.62,2016-01-05 06:18:00
2016-01-05_1402.dat,73.0,22.0,2016-01-05 14:02:00
2016-01-06_0926.dat,7.506667,76.178333,2016-01-06 09:26:00
2016-01-06_1658.dat,12.418333,46.963333,2016-01-06 16:58:00
2016-01-07_0642.dat,13.24,49.596667,2016-01-07 06:42:00
2016-01-07_1001.dat,13.431667,50.195,2016-01-07 10:01:00
2016-01-07_1225.dat,9.463333,71.658333,2016-01-07 12:25:00
2016-01-07_1658.dat,17.675,72.29,2016-01-07 16:58:00
2016-01-07_1703.dat,17.553333,72.408333,2016-01-07 17:03:00
2016-01-07_1736.dat,17.573333,72.233333,2016-01-07 17:36:00
2016-01-07_1745.dat,17.0,72.0,2016-01-07 17:45:00
2016-01-07_1957.dat,17.205,72.471667,2016-01-07 19:57:00
2016-01-08_0302.dat,15.586667,73.188333,2016-01-08 03:02:00
2016-01-08_0542.dat,15.701667,73.466667,2016-01-08 05:42:00
2016-01-08_0548.dat,14.516667,73.85,2016-01-08 05:48:00
2016-01-08_0748.dat,14.46,73.598333,2016-01-08 07:48:00
2016-01-08_1138.dat,14.235,74.07,2016-01-08 11:38:00
2016-01-08_1715.dat,13.92,51.233333,2016-01-08 17:15:00
2016-01-08_1733.dat,11.273333,67.5,2016-01-08 17:33:00
2016-01-08_1735.dat,14.265,73.618333,2016-01-08 17:35:00
2016-01-08_1827.dat,14.345,73.45,2016-01-08 18:27:00
2016-01-08_2033.dat,14.735,73.071667,2016-01-08 20:33:00
2016-01-08_2042.dat,14.751667,73.0,2016-01-08 20:42:00
2016-01-08_2043.dat,14.633333,73.053333,2016-01-08 20:43:00
2016-01-08_2346.dat,15.255,72.866667,2016-01-08 23:46:00
2016-01-09_0306.dat,16.073333,73.986667,2016-01-09 03:06:00
2016-01-09_0509.dat,15.666667,72.583333,2016-01-09 05:09:00
2016-01-09_0607.dat,15.9,71.233333,2016-01-09 06:07:00
2016-01-09_0616.dat,15.925,72.595,2016-01-09 06:16:00
2016-01-09_0622.dat,15.866667,72.533333,2016-01-09 06:22:00
2016-01-09_0658.dat,16.0,72.0,2016-01-09 06:58:00
2016-01-09_0959.dat,15.0,72.0,2016-01-09 09:59:00
2016-01-09_1047.dat,14.915,72.248333,2016-01-09 10:47:00
2016-01-09_1310.dat,12.666667,47.246667,2016-01-09 13:10:00
2016-01-09_1523.dat,14.908333,72.183333,2016-01-09 15:23:00
2016-01-09_1824.dat,12.35,46.238333,2016-01-09 18:24:00
2016-01-09_1907.dat,14.665,72.188333,2016-01-09 19:07:00
2016-01-09_1917.dat,16.0,72.0,2016-01-09 19:17:00
2016-01-09_2227.dat,15.071667,72.21,2016-01-09 22:27:00
2016-01-10_0523.dat,15.111667,72.201667,2016-01-10 05:23:00
2016-01-10_0538.dat,15.09,72.193333,2016-01-10 05:38:00
2016-01-10_1318.dat,18.0,72.0,2016-01-10 13:18:00
2016-01-10_1658.dat,14.871667,72.22,2016-01-10 16:58:00
2016-01-11_1644.dat,15.875,56.716667,2016-01-11 16:44:00
2016-01-12_0720.dat,11.846667,45.028333,2016-01-12 07:20:00
2016-01-12_1802.dat,12.42,46.93,2016-01-12 18:02:00
2016-01-13_0546.dat,13.081667,48.97,2016-01-13 05:46:00
2016-01-13_1221.dat,17.431667,83.561667,2016-01-13 12:21:00
2016-01-13_1249.dat,17.35,83.566667,2016-01-13 12:49:00
2016-01-14_0633.dat,14.768333,54.613333,2016-01-14 06:33:00
2016-01-14_1136.dat,14.463333,53.001667,2016-01-14 11:36:00
2016-01-14_1714.dat,15.506667,57.531667,2016-01-14 17:14:00
2016-01-15_0725.dat,17.5,83.616667,2016-01-15 07:25:00
2016-01-15_0821.dat,17.483333,83.633333,2016-01-15 08:21:00
2016-01-15_0941.dat,17.42,83.646667,2016-01-15 09:41:00
2016-01-15_1458.dat,8.075,78.63,2016-01-15 14:58:00
2016-01-15_1538.dat,17.478333,83.466667,2016-01-15 15:38:00
2016-01-15_1615.dat,17.093333,63.888333,2016-01-15 16:15:00
2016-01-16_1123.dat,11.931667,45.33,2016-01-16 11:23:00
2016-01-16_1552.dat,18.238333,68.593333,2016-01-16 15:52:00
2016-01-18_1116.dat,18.75,72.15,2016-01-18 11:16:00
2016-01-18_1815.dat,18.516667,72.15,2016-01-18 18:15:00
2016-01-19_0000.dat,16.883333,72.4,2016-01-19 00:00:00
2016-01-19_0513.dat,15.45,72.883333,2016-01-19 05:13:00
2016-01-19_1154.dat,13.866667,73.25,2016-01-19 11:54:00
2016-01-19_1157.dat,9.755,75.665,2016-01-19 11:57:00
2016-01-19_1205.dat,18.816667,72.55,2016-01-19 12:05:00
2016-01-19_1729.dat,12.9,73.8,2016-01-19 17:29:00
2016-01-19_1733.dat,12.8,73.866667,2016-01-19 17:33:00
2016-01-19_2317.dat,11.866667,74.516667,2016-01-19 23:17:00
2016-01-20_0556.dat,10.341667,75.376667,2016-01-20 05:56:00
2016-01-20_0557.dat,10.035,75.126667,2016-01-20 05:57:00
2016-01-20_1227.dat,9.365,75.846667,2016-01-20 12:27:00
2016-01-20_1823.dat,14.021667,21.61,2016-01-20 18:23:00
2016-01-20_1833.dat,8.3,75.41,2016-01-20 18:33:00
2016-01-20_2353.dat,7.341667,77.068333,2016-01-20 23:53:00
2016-01-21_0431.dat,6.616667,78.178333,2016-01-21 04:31:00
2016-01-21_1003.dat,5.937833,79.355,2016-01-21 10:03:00
2016-01-21_1008.dat,5.936667,79.355,2016-01-21 10:08:00
2016-01-21_1102.dat,13.0,48.29,2016-01-21 11:02:00
2016-01-21_1712.dat,5.538333,80.905,2016-01-21 17:12:00
2016-01-21_2227.dat,5.456667,80.92,2016-01-21 22:27:00
2016-01-22_0629.dat,7.593333,82.451667,2016-01-22 06:29:00
2016-01-22_1102.dat,11.956667,45.34,2016-01-22 11:02:00
2016-01-22_1128.dat,8.688333,82.215,2016-01-22 11:28:00
2016-01-22_1149.dat,8.945,82.122833,2016-01-22 11:49:00
2016-01-22_1802.dat,10.185,81.0,2016-01-22 18:02:00
2016-01-23_1944.dat,13.868333,51.433333,2016-01-23 19:44:00
2016-01-26_1918.dat,12.55,47.333333,2016-01-26 19:18:00
2016-01-27_2059.dat,16.455,72.95,2016-01-27 20:59:00
2016-01-29_1525.dat,17.735,71.353333,2016-01-29 15:25:00
2016-01-29_1528.dat,17.735,71.353333,2016-01-29 15:28:00
2016-01-29_1810.dat,17.501667,73.221667,2016-01-29 18:10:00
2016-01-30_0426.dat,17.373333,71.508333,2016-01-30 04:26:00
2016-01-30_0531.dat,17.143333,71.556667,2016-01-30 05:31:00
2016-01-30_0534.dat,17.143333,71.556667,2016-01-30 05:34:00
2016-01-30_0621.dat,17.018333,71.58,2016-01-30 06:21:00
2016-01-30_0626.dat,17.018333,71.58,2016-01-30 06:26:00
2016-01-30_0725.dat,17.163333,71.621667,2016-01-30 07:25:00
2016-01-30_0736.dat,17.163333,71.62,2016-01-30 07:36:00
2016-01-30_0824.dat,17.068333,71.62,2016-01-30 08:24:00
2016-01-30_0928.dat,17.201667,71.591667,2016-01-30 09:28:00
2016-01-30_1232.dat,17.668333,84.266667,2016-01-30 12:32:00
2016-01-31_1118.dat,12.983333,48.25,2016-01-31 11:18:00
2016-02-02_1125.dat,13.24,49.611667,2016-02-02 11:25:00
2016-02-04_1202.dat,12.946667,48.0,2016-02-04 12:02:00
2016-02-07_1946.dat,17.12,83.378333,2016-02-07 19:46:00
2016-02-07_2330.dat,17.156667,83.356667,2016-02-07 23:30:00
2016-02-09_1803.dat,16.648333,83.431667,2016-02-09 18:03:00
2016-02-09_1821.dat,16.2,83.183333,2016-02-09 18:21:00
2016-02-09_2125.dat,16.663333,84.066667,2016-02-09 21:25:00
2016-02-09_2142.dat,16.67,84.065,2016-02-09 21:42:00
2016-02-10_0554.dat,17.261667,84.84,2016-02-10 05:54:00
2016-02-10_0558.dat,13.688333,82.955,2016-02-10 05:58:00
2016-02-10_0633.dat,17.223333,84.911667,2016-02-10 06:33:00
2016-02-10_0635.dat,17.268333,84.906667,2016-02-10 06:35:00
2016-02-10_0656.dat,17.471667,84.828333,2016-02-10 06:56:00
2016-02-10_0708.dat,17.371667,84.828333,2016-02-10 07:08:00
2016-02-10_1055.dat,17.31,84.211667,2016-02-10 10:55:00
2016-02-10_1212.dat,12.17,82.79,2016-02-10 12:12:00
2016-02-10_1743.dat,10.78,82.613333,2016-02-10 17:43:00
2016-02-10_2043.dat,18.686667,85.24,2016-02-10 20:43:00
2016-02-10_2326.dat,9.396667,82.57,2016-02-10 23:26:00
2016-02-11_0534.dat,8.1,82.463333,2016-02-11 05:34:00
2016-02-11_0558.dat,8.033333,82.5,2016-02-11 05:58:00
2016-02-11_1143.dat,6.3,82.083333,2016-02-11 11:43:00
2016-02-11_1242.dat,6.416667,82.16,2016-02-11 12:42:00
2016-02-11_1801.dat,5.8,80.88,2016-02-11 18:01:00
2016-02-11_1807.dat,5.831667,80.063333,2016-02-11 18:07:00
2016-02-11_2314.dat,5.933333,79.706667,2016-02-11 23:14:00
2016-02-12_2041.dat,8.506667,76.138333,2016-02-12 20:41:00
2016-02-12_2126.dat,8.69,76.016667,2016-02-12 21:26:00
2016-02-13_0520.dat,17.258333,83.571667,2016-02-13 05:20:00
2016-02-13_0604.dat,19.671667,86.578333,2016-02-13 06:04:00
2016-02-13_0722.dat,17.146667,83.685,2016-02-13 07:22:00
2016-02-13_0940.dat,17.23,83.631667,2016-02-13 09:40:00
2016-02-13_1240.dat,17.26,83.556667,2016-02-13 12:40:00
2016-02-17_0500.dat,6.77,82.378333,2016-02-17 05:00:00
2016-02-18_1141.dat,16.363333,72.943333,2016-02-18 11:41:00
2016-02-18_1159.dat,16.363333,72.943333,2016-02-18 11:59:00
2016-02-18_1757.dat,15.013333,73.0,2016-02-18 17:57:00
2016-02-18_2017.dat,14.491667,73.496667,2016-02-18 20:17:00
2016-02-18_2033.dat,17.258333,83.656667,2016-02-18 20:33:00
2016-02-18_2244.dat,14.033333,73.655,2016-02-18 22:44:00
2016-02-19_0416.dat,17.238333,71.65,2016-02-19 04:16:00
2016-02-19_0533.dat,17.038333,71.64,2016-02-19 05:33:00
2016-02-19_0540.dat,17.038333,71.64,2016-02-19 05:40:00
2016-02-19_0606.dat,9.151667,74.933333,2016-02-19 06:06:00
2016-02-19_0609.dat,12.45,74.2,2016-02-19 06:09:00
2016-02-19_0615.dat,8.975,75.351667,2016-02-19 06:15:00
2016-02-19_0638.dat,17.148333,71.611667,2016-02-19 06:38:00
2016-02-19_0735.dat,17.011667,71.59,2016-02-19 07:35:00
2016-02-19_0837.dat,17.115,71.705,2016-02-19 08:37:00
2016-02-19_0936.dat,17.071667,71.555,2016-02-19 09:36:00
2016-02-19_1121.dat,11.005,69.061667,2016-02-19 11:21:00
2016-02-19_1129.dat,17.911667,84.053333,2016-02-19 11:29:00
2016-02-19_1156.dat,10.045,75.031667,2016-02-19 11:56:00
2016-02-19_1204.dat,17.035,71.47,2016-02-19 12:04:00
2016-02-19_1211.dat,11.45,74.583333,2016-02-19 12:11:00
2016-02-19_1804.dat,10.185,74.591667,2016-02-19 18:04:00
2016-02-20_0521.dat,13.603333,74.051667,2016-02-20 05:21:00
2016-02-20_0608.dat,17.351667,83.743333,2016-02-20 06:08:00
2016-02-20_1128.dat,14.255,73.735,2016-02-20 11:28:00
2016-02-20_1209.dat,12.896667,47.891667,2016-02-20 12:09:00
2016-02-20_1742.dat,14.971667,72.851667,2016-02-20 17:42:00
2016-02-20_2337.dat,16.696667,72.523333,2016-02-20 23:37:00
2016-02-21_0052.dat,16.953333,72.672333,2016-02-21 00:52:00
2016-02-23_1404.dat,15.626667,73.085,2016-02-23 14:04:00
2016-02-23_1942.dat,15.766667,72.261667,2016-02-23 19:42:00
2016-02-24_0553.dat,15.816667,72.45,2016-02-24 05:53:00
2016-02-24_0617.dat,15.748333,72.533333,2016-02-24 06:17:00
2016-02-24_0657.dat,17.358333,70.711667,2016-02-24 06:57:00
2016-02-24_0708.dat,17.358333,70.711667,2016-02-24 07:08:00
2016-02-24_1627.dat,15.5,72.583333,2016-02-24 16:27:00
2016-02-24_1743.dat,15.631667,72.383333,2016-02-24 17:43:00
2016-02-24_2141.dat,16.256667,71.391667,2016-02-24 21:41:00
2016-02-25_0529.dat,15.121667,72.246667,2016-02-25 05:29:00
2016-02-25_0734.dat,15.65,72.266667,2016-02-25 07:34:00
2016-02-25_0904.dat,15.863333,72.35,2016-02-25 09:04:00
2016-02-25_1446.dat,15.423333,72.518333,2016-02-25 14:46:00
2016-02-25_1505.dat,15.423333,72.518333,2016-02-25 15:05:00
2016-02-25_1746.dat,15.548333,72.704333,2016-02-25 17:46:00
2016-02-25_1905.dat,15.511667,72.74,2016-02-25 19:05:00
2016-02-25_1910.dat,15.511667,72.740833,2016-02-25 19:10:00
2016-02-25_2136.dat,15.513333,72.728333,2016-02-25 21:36:00
2016-02-26_1131.dat,13.046667,48.4,2016-02-26 11:31:00
2016-02-27_0524.dat,17.171667,83.52,2016-02-27 05:24:00
2016-02-27_0705.dat,17.155,83.5,2016-02-27 07:05:00
2016-02-27_0951.dat,18.415,68.446667,2016-02-27 09:51:00
2016-02-27_1107.dat,17.331667,83.618333,2016-02-27 11:07:00
2016-02-27_1351.dat,17.225,83.476667,2016-02-27 13:51:00
2016-02-27_1510.dat,17.325,83.358333,2016-02-27 15:10:00
2016-03-01_0522.dat,17.143333,71.556667,2016-03-01 05:22:00
2016-03-01_0615.dat,17.11,71.591667,2016-03-01 06:15:00
2016-03-01_1628.dat,12.665,73.986667,2016-03-01 16:28:00
2016-03-01_1846.dat,18.15,71.916667,2016-03-01 18:46:00
2016-03-02_0533.dat,17.706667,83.67,2016-03-02 05:33:00
2016-03-02_0630.dat,15.816667,71.233333,2016-03-02 06:30:00
2016-03-02_1708.dat,12.118333,45.998333,2016-03-02 17:08:00
2016-03-03_0007.dat,12.183333,70.183333,2016-03-03 00:07:00
2016-03-03_0332.dat,15.685,73.36,2016-03-03 03:32:00
2016-03-03_0517.dat,17.27,83.418333,2016-03-03 05:17:00
2016-03-03_2329.dat,18.246667,70.941667,2016-03-03 23:29:00
2016-03-04_0633.dat,4.266667,75.266667,2016-03-04 06:33:00
2016-03-04_1828.dat,3.85,67.883333,2016-03-04 18:28:00
2016-03-05_0644.dat,1.45,67.166667,2016-03-05 06:44:00
2016-03-05_0915.dat,16.766667,72.033333,2016-03-05 09:15:00
2016-03-05_0930.dat,7.263333,82.496667,2016-03-05 09:30:00
2016-03-05_1906.dat,-0.9,66.483333,2016-03-05 19:06:00
2016-03-05_2356.dat,-0.65,67.183333,2016-03-05 23:56:00
2016-03-06_0838.dat,17.708333,83.571667,2016-03-06 08:38:00
2016-03-06_0951.dat,17.555,83.573333,2016-03-06 09:51:00
2016-03-06_1243.dat,4.55,65.483333,2016-03-06 12:43:00
2016-03-06_1814.dat,12.335,72.338333,2016-03-06 18:14:00
2016-03-06_1905.dat,17.975,84.128333,2016-03-06 19:05:00
2016-03-06_2044.dat,17.728333,84.031667,2016-03-06 20:44:00
2016-03-06_2059.dat,17.703333,83.958333,2016-03-06 20:59:00
2016-03-06_2101.dat,17.645,83.998333,2016-03-06 21:01:00
2016-03-06_2124.dat,17.623333,83.925,2016-03-06 21:24:00
2016-03-07_0448.dat,16.776667,84.191667,2016-03-07 04:48:00
2016-03-07_0536.dat,16.618333,84.325,2016-03-07 05:36:00
2016-03-07_0554.dat,17.345,83.633333,2016-03-07 05:54:00
2016-03-07_0701.dat,-8.45,64.383333,2016-03-07 07:01:00
2016-03-07_1848.dat,15.3,84.411667,2016-03-07 18:48:00
2016-03-07_2321.dat,16.273333,84.951667,2016-03-07 23:21:00
2016-03-08_0100.dat,12.166667,63.633333,2016-03-08 01:00:00
2016-03-08_0512.dat,16.003333,83.983333,2016-03-08 05:12:00
2016-03-08_1342.dat,-13.716667,62.516667,2016-03-08 13:42:00
2016-03-08_1854.dat,9.941667,75.273333,2016-03-08 18:54:00
2016-03-08_2251.dat,9.865,75.455,2016-03-08 22:51:00
2016-03-09_0526.dat,9.201667,75.296667,2016-03-09 05:26:00
2016-03-09_1701.dat,17.853333,70.4,2016-03-09 17:01:00
2016-03-10_0454.dat,17.646667,70.823333,2016-03-10 04:54:00
2016-03-10_0554.dat,15.843333,72.481667,2016-03-10 05:54:00
2016-03-10_0747.dat,17.761667,70.725,2016-03-10 07:47:00
2016-03-10_0936.dat,17.735,70.671667,2016-03-10 09:36:00
2016-03-10_1022.dat,17.713333,70.653333,2016-03-10 10:22:00
2016-03-10_1037.dat,17.665,70.71,2016-03-10 10:37:00
2016-03-10_1527.dat,15.65,72.676667,2016-03-10 15:27:00
2016-03-10_1654.dat,17.848333,70.485,2016-03-10 16:54:00
2016-03-11_0436.dat,16.4,72.25,2016-03-11 04:36:00
2016-03-11_0542.dat,16.416667,72.25,2016-03-11 05:42:00
2016-03-11_0605.dat,17.303333,71.023333,2016-03-11 06:05:00
2016-03-11_1009.dat,17.555,83.605,2016-03-11 10:09:00
2016-03-11_1100.dat,15.855,72.343333,2016-03-11 11:00:00
2016-03-11_1150.dat,17.428333,70.795,2016-03-11 11:50:00
2016-03-11_1809.dat,17.5,71.16,2016-03-11 18:09:00
2016-03-11_2325.dat,13.336667,72.836667,2016-03-11 23:25:00
2016-03-11_2334.dat,17.753333,71.365,2016-03-11 23:34:00
2016-03-12_0456.dat,17.591667,83.701667,2016-03-12 04:56:00
2016-03-12_0557.dat,17.563333,83.711667,2016-03-12 05:57:00
2016-03-12_0730.dat,17.428333,83.715,2016-03-12 07:30:00
2016-03-12_1008.dat,17.351667,83.768333,2016-03-12 10:08:00
2016-03-13_1539.dat,-19.983333,57.383333,2016-03-13 15:39:00
2016-03-14_1909.dat,-14.133333,57.916667,2016-03-14 19:09:00
2016-03-15_0745.dat,-11.516667,58.15,2016-03-15 07:45:00
2016-03-16_0709.dat,-6.816667,59.35,2016-03-16 07:09:00
2016-03-16_1022.dat,15.818333,83.275,2016-03-16 10:22:00
2016-03-16_1550.dat,10.096667,75.686667,2016-03-16 15:50:00
2016-03-16_1851.dat,-4.933333,60.283333,2016-03-16 18:51:00
2016-03-16_1855.dat,18.2,84.533333,2016-03-16 18:55:00
2016-03-16_1950.dat,10.285,74.978333,2016-03-16 19:50:00
2016-03-16_2215.dat,10.031667,74.863333,2016-03-16 22:15:00
2016-03-17_0035.dat,19.05,85.6,2016-03-17 00:35:00
2016-03-17_0553.dat,9.131667,75.26,2016-03-17 05:53:00
2016-03-17_0710.dat,-2.466667,61.516667,2016-03-17 07:10:00
2016-03-17_1136.dat,9.306667,75.735,2016-03-17 11:36:00
2016-03-17_1917.dat,-0.121667,62.666667,2016-03-17 19:17:00
2016-03-18_0606.dat,17.666667,83.79,2016-03-18 06:06:00
2016-03-18_0720.dat,3.133333,64.0,2016-03-18 07:20:00
2016-03-18_0831.dat,17.673333,83.986667,2016-03-18 08:31:00
2016-03-18_0933.dat,17.506667,83.856667,2016-03-18 09:33:00
2016-03-18_1158.dat,17.45,83.801667,2016-03-18 11:58:00
2016-03-18_1647.dat,17.516667,83.968333,2016-03-18 16:47:00
2016-03-18_1917.dat,17.43,83.858333,2016-03-18 19:17:00
2016-03-18_1919.dat,4.283333,64.833333,2016-03-18 19:19:00
2016-03-18_1944.dat,17.475,83.875,2016-03-18 19:44:00
2016-03-18_2111.dat,17.566667,83.92,2016-03-18 21:11:00
2016-03-19_0138.dat,17.5,83.833333,2016-03-19 01:38:00
2016-03-19_0555.dat,17.573333,83.97,2016-03-19 05:55:00
2016-03-19_0651.dat,6.55,65.966667,2016-03-19 06:51:00
2016-03-19_0855.dat,17.558333,83.901667,2016-03-19 08:55:00
2016-03-19_1828.dat,8.783333,67.083333,2016-03-19 18:28:00
2016-03-19_1846.dat,17.618333,83.86,2016-03-19 18:46:00
2016-03-19_2227.dat,17.603333,83.911667,2016-03-19 22:27:00
2016-03-20_1237.dat,12.4,68.866667,2016-03-20 12:37:00
2016-03-21_1812.dat,17.783333,70.65,2016-03-21 18:12:00
2016-03-26_0331.dat,16.558333,83.513333,2016-03-26 03:31:00
2016-03-26_0342.dat,16.548333,83.555,2016-03-26 03:42:00
2016-03-26_0513.dat,16.251667,83.888333,2016-03-26 05:13:00
2016-03-26_0709.dat,16.241667,84.28,2016-03-26 07:09:00
2016-03-26_1903.dat,15.953333,84.286667,2016-03-26 19:03:00
2016-03-27_0515.dat,15.733333,83.418333,2016-03-27 05:15:00
2016-03-27_0905.dat,16.106667,83.978333,2016-03-27 09:05:00
2016-03-27_1813.dat,16.24,84.751667,2016-03-27 18:13:00
2016-03-27_2205.dat,12.398333,46.383333,2016-03-27 22:05:00
2016-03-28_0514.dat,16.693333,85.44,2016-03-28 05:14:00
2016-03-28_1247.dat,9.853333,76.261667,2016-03-28 12:47:00
2016-03-28_1554.dat,18.733333,72.016667,2016-03-28 15:54:00
2016-03-28_1725.dat,10.886667,75.233333,2016-03-28 17:25:00
2016-03-28_2141.dat,11.556667,74.736667,2016-03-28 21:41:00
2016-03-28_2229.dat,11.725,74.706667,2016-03-28 22:29:00
2016-03-29_0514.dat,16.036667,83.52,2016-03-29 05:14:00
2016-03-29_0521.dat,17.96,70.346667,2016-03-29 05:21:00
2016-03-29_0535.dat,13.5,84.758333,2016-03-29 05:35:00
2016-03-29_0613.dat,13.58,73.816667,2016-03-29 06:13:00
2016-03-29_0614.dat,17.841667,70.416667,2016-03-29 06:14:00
2016-03-29_0750.dat,17.75,70.416667,2016-03-29 07:50:00
2016-03-29_0834.dat,17.831667,70.33,2016-03-29 08:34:00
2016-03-29_1121.dat,17.916667,74.733333,2016-03-29 11:21:00
2016-03-29_1139.dat,14.671667,73.156667,2016-03-29 11:39:00
2016-03-29_1411.dat,15.04,74.988333,2016-03-29 14:11:00
2016-03-29_1604.dat,17.85,70.355,2016-03-29 16:04:00
2016-03-29_1637.dat,14.84,72.723333,2016-03-29 16:37:00
2016-03-29_1721.dat,14.825,72.783333,2016-03-29 17:21:00
2016-03-29_1726.dat,16.693333,84.108333,2016-03-29 17:26:00
2016-03-29_1727.dat,13.433333,85.471667,2016-03-29 17:27:00
2016-03-29_1735.dat,13.378333,85.576667,2016-03-29 17:35:00
2016-03-29_1752.dat,13.361667,85.63,2016-03-29 17:52:00
2016-03-29_1915.dat,14.893333,72.74,2016-03-29 19:15:00
2016-03-29_2028.dat,17.706667,70.8,2016-03-29 20:28:00
2016-03-29_2050.dat,14.828333,72.655,2016-03-29 20:50:00
2016-03-29_2123.dat,13.21,85.12,2016-03-29 21:23:00
2016-03-30_0044.dat,12.806667,84.921667,2016-03-30 00:44:00
2016-03-30_0517.dat,17.305,83.476667,2016-03-30 05:17:00
2016-03-30_0556.dat,12.771667,84.818333,2016-03-30 05:56:00
2016-03-30_0634.dat,12.826667,84.758333,2016-03-30 06:34:00
2016-03-30_1408.dat,17.393333,83.485,2016-03-30 14:08:00
2016-03-30_1651.dat,17.025,70.508333,2016-03-30 16:51:00
2016-03-30_1658.dat,17.025,70.508333,2016-03-30 16:58:00
2016-03-30_1930.dat,14.755,73.19,2016-03-30 19:30:00
2016-03-30_2143.dat,16.683333,71.366667,2016-03-30 21:43:00
2016-03-30_2245.dat,16.703333,71.253333,2016-03-30 22:45:00
2016-03-30_2306.dat,14.095,73.358333,2016-03-30 23:06:00
2016-03-31_0446.dat,17.75,71.543333,2016-03-31 04:46:00
2016-03-31_0526.dat,12.565,74.321667,2016-03-31 05:26:00
2016-03-31_0541.dat,17.866667,71.383333,2016-03-31 05:41:00
2016-03-31_0550.dat,17.283333,83.6,2016-03-31 05:50:00
2016-03-31_0631.dat,17.081667,71.543333,2016-03-31 06:31:00
2016-03-31_0646.dat,7.775,82.806667,2016-03-31 06:46:00
2016-03-31_1151.dat,11.388333,75.033333,2016-03-31 11:51:00
2016-03-31_1234.dat,11.19,75.201667,2016-03-31 12:34:00
2016-03-31_1336.dat,17.018333,71.435,2016-03-31 13:36:00
2016-03-31_1707.dat,5.846667,81.496667,2016-03-31 17:07:00
2016-03-31_2043.dat,17.058333,71.74,2016-03-31 20:43:00
2016-04-01_0522.dat,17.07,78.996667,2016-04-01 05:22:00
2016-04-01_0540.dat,7.168333,78.97,2016-04-01 05:40:00
2016-04-01_0551.dat,17.371667,83.46,2016-04-01 05:51:00
2016-04-01_0557.dat,18.221667,71.301667,2016-04-01 05:57:00
2016-04-01_0733.dat,17.265,71.505,2016-04-01 07:33:00
2016-04-01_1139.dat,8.435,78.501667,2016-04-01 11:39:00
2016-04-01_1149.dat,17.265,83.63,2016-04-01 11:49:00
2016-04-02_0554.dat,17.336667,83.695,2016-04-02 05:54:00
2016-04-02_1732.dat,8.34,78.715,2016-04-02 17:32:00
2016-04-02_1806.dat,17.471667,83.6,2016-04-02 18:06:00
2016-04-02_2108.dat,73.785,78.795,2016-04-02 21:08:00
2016-04-02_2134.dat,7.415,78.828333,2016-04-02 21:34:00
2016-04-03_0540.dat,6.005,79.635,2016-04-03 05:40:00
2016-04-03_0545.dat,17.375,83.466667,2016-04-03 05:45:00
2016-04-03_0547.dat,5.935,79.735,2016-04-03 05:47:00
2016-04-03_1124.dat,5.733333,80.973333,2016-04-03 11:24:00
2016-04-03_1710.dat,6.056667,82.14,2016-04-03 17:10:00
2016-04-03_1754.dat,6.098333,82.231667,2016-04-03 17:54:00
2016-04-03_1801.dat,17.423333,83.588333,2016-04-03 18:01:00
2016-04-03_2343.dat,6.705,83.22,2016-04-03 23:43:00
2016-04-04_0007.dat,7.503333,97.278333,2016-04-04 00:07:00
2016-04-04_0657.dat,7.406667,84.675,2016-04-04 06:57:00
2016-04-04_0810.dat,17.44,83.571667,2016-04-04 08:10:00
2016-04-04_1351.dat,18.65,71.983333,2016-04-04 13:51:00
2016-04-04_1631.dat,17.368333,83.446667,2016-04-04 16:31:00
2016-04-04_1732.dat,8.365,86.845,2016-04-04 17:32:00
2016-04-05_0543.dat,17.506667,83.468333,2016-04-05 05:43:00
2016-04-05_0557.dat,9.636667,89.535,2016-04-05 05:57:00
2016-04-05_1458.dat,17.39,83.468333,2016-04-05 14:58:00
2016-04-05_1844.dat,14.045,51.58,2016-04-05 18:44:00
2016-04-06_0543.dat,17.528333,83.471667,2016-04-06 05:43:00
2016-04-06_0938.dat,15.446667,72.133333,2016-04-06 09:38:00
2016-04-06_1324.dat,15.423333,72.108333,2016-04-06 13:24:00
2016-04-06_1619.dat,15.151667,72.15,2016-04-06 16:19:00
2016-04-06_1627.dat,15.166667,72.15,2016-04-06 16:27:00
2016-04-06_1637.dat,15.198333,72.15,2016-04-06 16:37:00
2016-04-06_1656.dat,17.433333,83.488333,2016-04-06 16:56:00
2016-04-06_2058.dat,15.561667,72.135,2016-04-06 20:58:00
2016-04-06_2107.dat,15.568333,72.153333,2016-04-06 21:07:00
2016-04-07_0535.dat,17.436667,83.038333,2016-04-07 05:35:00
2016-04-07_0624.dat,15.433333,72.151667,2016-04-07 06:24:00
2016-04-07_0707.dat,15.371667,72.156667,2016-04-07 07:07:00
2016-04-07_0916.dat,15.201667,72.141667,2016-04-07 09:16:00
2016-04-07_1306.dat,11.77,93.235,2016-04-07 13:06:00
2016-04-07_1744.dat,12.595,93.453333,2016-04-07 17:44:00
2016-04-07_1746.dat,12.583333,93.446667,2016-04-07 17:46:00
2016-04-07_2245.dat,17.4,83.508333,2016-04-07 22:45:00
2016-04-07_2343.dat,13.503333,93.606667,2016-04-07 23:43:00
2016-04-08_0525.dat,14.536667,93.375,2016-04-08 05:25:00
2016-04-08_0551.dat,17.425,83.486667,2016-04-08 05:51:00
2016-04-08_0601.dat,14.518333,93.191667,2016-04-08 06:01:00
2016-04-08_1827.dat,7.708333,97.741667,2016-04-08 18:27:00
2016-04-09_0012.dat,7.706667,96.92,2016-04-09 00:12:00
2016-04-09_0453.dat,14.985,88.258333,2016-04-09 04:53:00
2016-04-09_0533.dat,14.951667,88.12,2016-04-09 05:33:00
2016-04-09_0544.dat,17.415,83.491667,2016-04-09 05:44:00
2016-04-09_0555.dat,7.711667,96.093333,2016-04-09 05:55:00
2016-04-09_1151.dat,15.041667,87.48,2016-04-09 11:51:00
2016-04-09_1744.dat,15.363333,86.173333,2016-04-09 17:44:00
2016-04-09_2350.dat,15.635,84.97,2016-04-09 23:50:00
2016-04-10_0520.dat,16.008333,84.091667,2016-04-10 05:20:00
2016-04-10_0544.dat,16.018333,84.113333,2016-04-10 05:44:00
2016-04-10_1242.dat,15.925,84.17,2016-04-10 12:42:00
2016-04-10_1535.dat,18.666667,72.016667,2016-04-10 15:35:00
2016-04-10_1743.dat,16.845,84.3,2016-04-10 17:43:00
2016-04-10_1844.dat,16.868333,84.11,2016-04-10 18:44:00
2016-04-10_1903.dat,16.865,84.043333,2016-04-10 19:03:00
2016-04-10_1907.dat,16.863333,83.976667,2016-04-10 19:07:00
2016-04-10_1911.dat,16.851667,83.938333,2016-04-10 19:11:00
2016-04-10_2040.dat,18.483333,71.95,2016-04-10 20:40:00
2016-04-10_2344.dat,16.818333,83.726667,2016-04-10 23:44:00
2016-04-11_0019.dat,16.875,83.801667,2016-04-11 00:19:00
2016-04-11_0111.dat,16.948333,83.758333,2016-04-11 01:11:00
2016-04-11_0637.dat,16.841667,83.555,2016-04-11 06:37:00
2016-04-11_0902.dat,16.646667,83.581667,2016-04-11 09:02:00
2016-04-11_0903.dat,16.69,83.523333,2016-04-11 09:03:00
2016-04-11_1055.dat,16.633333,83.616667,2016-04-11 10:55:00
2016-04-11_1139.dat,16.656667,83.575,2016-04-11 11:39:00
2016-04-12_1222.dat,10.251667,75.693333,2016-04-12 12:22:00
2016-04-12_2143.dat,12.186667,74.306667,2016-04-12 21:43:00
2016-04-12_2146.dat,12.166667,74.316667,2016-04-12 21:46:00
2016-04-13_0018.dat,12.64,74.056667,2016-04-13 00:18:00
2016-04-13_0751.dat,14.376667,73.405,2016-04-13 07:51:00
2016-04-13_1534.dat,15.39,72.806667,2016-04-13 15:34:00
2016-04-13_1659.dat,15.026667,72.78,2016-04-13 16:59:00
2016-04-13_2022.dat,14.581667,72.675,2016-04-13 20:22:00
2016-04-13_2039.dat,14.48,72.676667,2016-04-13 20:39:00
2016-04-14_1811.dat,15.133333,73.14,2016-04-14 18:11:00
2016-04-15_0533.dat,12.891667,74.02,2016-04-15 05:33:00
2016-04-15_0603.dat,16.706667,71.106667,2016-04-15 06:03:00
2016-04-15_1242.dat,16.481667,71.42,2016-04-15 12:42:00
2016-04-15_1818.dat,17.285,71.656667,2016-04-15 18:18:00
2016-04-15_2113.dat,17.15,71.585,2016-04-15 21:13:00
2016-04-15_2140.dat,2.386667,71.386667,2016-04-15 21:40:00
2016-04-15_2200.dat,12.788333,71.606667,2016-04-15 22:00:00
2016-04-16_0647.dat,16.038333,72.186667,2016-04-16 06:47:00
2016-04-16_0753.dat,15.961667,72.171667,2016-04-16 07:53:00
2016-04-16_0809.dat,15.961667,72.171667,2016-04-16 08:09:00
2016-04-17_0045.dat,11.976667,45.046667,2016-04-17 00:45:00
2016-04-20_0554.dat,17.335,83.591667,2016-04-20 05:54:00
2016-04-20_1535.dat,13.598333,50.641667,2016-04-20 15:35:00
2016-04-20_1544.dat,17.423333,83.616667,2016-04-20 15:44:00
2016-04-20_1925.dat,17.341667,83.596667,2016-04-20 19:25:00
2016-04-21_0451.dat,17.343333,83.7,2016-04-21 04:51:00
2016-04-23_0800.dat,16.008333,83.79,2016-04-23 08:00:00
2016-04-25_1204.dat,17.846667,84.081667,2016-04-25 12:04:00
2016-04-25_1814.dat,16.455,82.753333,2016-04-25 18:14:00
2016-04-26_0618.dat,17.716667,83.745,2016-04-26 06:18:00
2016-04-26_0734.dat,17.746667,83.988333,2016-04-26 07:34:00
2016-04-26_1014.dat,17.761667,83.856667,2016-04-26 10:14:00
2016-04-26_1127.dat,17.486667,83.74,2016-04-26 11:27:00
2016-04-26_1355.dat,12.855,47.771667,2016-04-26 13:55:00
2016-04-26_1742.dat,10.331667,75.335,2016-04-26 17:42:00
2016-04-26_2057.dat,17.726667,84.078333,2016-04-26 20:57:00
2016-04-26_2132.dat,17.94,84.365,2016-04-26 21:32:00
2016-04-26_2226.dat,17.601667,83.855,2016-04-26 22:26:00
2016-04-26_2251.dat,10.13,75.936667,2016-04-26 22:51:00
2016-04-27_0434.dat,16.715,83.921667,2016-04-27 04:34:00
2016-04-27_0542.dat,17.241667,83.59,2016-04-27 05:42:00
2016-04-27_0719.dat,15.813333,71.885,2016-04-27 07:19:00
2016-04-27_0911.dat,16.965,83.403333,2016-04-27 09:11:00
2016-04-27_0913.dat,17.008333,83.493333,2016-04-27 09:13:00
2016-04-27_0953.dat,16.98,83.478333,2016-04-27 09:53:00
2016-04-27_1226.dat,15.573333,71.978333,2016-04-27 12:26:00
2016-04-27_1735.dat,15.215,72.008333,2016-04-27 17:35:00
2016-04-27_2335.dat,15.841667,71.741667,2016-04-27 23:35:00
2016-04-28_0018.dat,11.37,80.388333,2016-04-28 00:18:00
2016-04-28_0044.dat,11.288333,80.373333,2016-04-28 00:44:00
2016-04-28_0531.dat,16.096667,84.256667,2016-04-28 05:31:00
2016-04-28_0600.dat,16.998333,71.756667,2016-04-28 06:00:00
2016-04-28_0703.dat,15.993333,84.335,2016-04-28 07:03:00
2016-04-28_0822.dat,17.126667,71.606667,2016-04-28 08:22:00
2016-04-28_2353.dat,11.838333,80.448333,2016-04-28 23:53:00
2016-04-29_1302.dat,13.7,80.825,2016-04-29 13:02:00
2016-04-29_1759.dat,14.691667,81.536667,2016-04-29 17:59:00
2016-04-29_2335.dat,15.868333,82.371667,2016-04-29 23:35:00
2016-04-30_0606.dat,17.123333,83.246667,2016-04-30 06:06:00
2016-05-01_1857.dat,16.596667,56.181667,2016-05-01 18:57:00
2016-05-02_0734.dat,17.155,59.638333,2016-05-02 07:34:00
2016-05-02_1825.dat,17.65,62.815,2016-05-02 18:25:00
2016-05-03_0717.dat,18.233333,66.545,2016-05-03 07:17:00
2016-05-03_1039.dat,17.578333,83.713333,2016-05-03 10:39:00
2016-05-03_1440.dat,17.556667,83.808333,2016-05-03 14:40:00
2016-05-03_1720.dat,18.3,71.381667,2016-05-03 17:20:00
2016-05-04_0502.dat,17.656667,83.808333,2016-05-04 05:02:00
2016-05-04_0720.dat,20.216667,68.183333,2016-05-04 07:20:00
2016-05-04_0805.dat,20.293333,68.228333,2016-05-04 08:05:00
2016-05-04_1207.dat,20.366667,68.116667,2016-05-04 12:07:00
2016-05-04_2300.dat,9.626667,75.475,2016-05-04 23:00:00
2016-05-05_0624.dat,21.953333,64.351667,2016-05-05 06:24:00
2016-05-05_0643.dat,9.0,75.033333,2016-05-05 06:43:00
2016-05-05_1211.dat,22.466667,63.191667,2016-05-05 12:11:00
2016-05-05_1721.dat,22.956667,66.095,2016-05-05 17:21:00
2016-05-05_1722.dat,22.956667,66.095,2016-05-05 17:22:00
2016-05-05_1821.dat,23.068333,61.848333,2016-05-05 18:21:00
2016-05-05_2324.dat,23.793333,60.57,2016-05-05 23:24:00
2016-05-06_0646.dat,24.57,58.986667,2016-05-06 06:46:00
2016-05-06_0657.dat,24.57,58.986667,2016-05-06 06:57:00
2016-05-06_1208.dat,25.335,57.59,2016-05-06 12:08:00
2016-05-06_1823.dat,26.55,56.643333,2016-05-06 18:23:00
2016-05-07_0049.dat,26.326667,55.283333,2016-05-07 00:49:00
2016-05-07_1047.dat,14.496667,52.978333,2016-05-07 10:47:00
2016-05-09_0622.dat,6.145,79.023333,2016-05-09 06:22:00
2016-05-10_1207.dat,17.095,84.106667,2016-05-10 12:07:00
2016-05-10_1937.dat,15.988333,85.508333,2016-05-10 19:37:00
2016-05-11_0000.dat,15.393333,86.251667,2016-05-11 00:00:00
2016-05-11_0741.dat,27.19,52.076667,2016-05-11 07:41:00
2016-05-11_1228.dat,10.083333,75.816667,2016-05-11 12:28:00
2016-05-11_1235.dat,13.718333,87.965,2016-05-11 12:35:00
2016-05-11_1332.dat,27.771667,50.995,2016-05-11 13:32:00
2016-05-11_1859.dat,13.69,88.958333,2016-05-11 18:59:00
2016-05-11_1932.dat,28.601667,50.351667,2016-05-11 19:32:00
2016-05-11_1933.dat,28.601667,50.351667,2016-05-11 19:33:00
2016-05-11_1935.dat,28.601667,50.351667,2016-05-11 19:35:00
2016-05-11_1940.dat,28.601667,50.351667,2016-05-11 19:40:00
2016-05-12_0528.dat,14.146667,73.501667,2016-05-12 05:28:00
2016-05-12_0538.dat,13.018333,90.018333,2016-05-12 05:38:00
2016-05-12_1149.dat,15.001667,72.936667,2016-05-12 11:49:00
2016-05-12_1642.dat,14.716667,72.4,2016-05-12 16:42:00
2016-05-12_1654.dat,14.716667,72.4,2016-05-12 16:54:00
2016-05-12_1739.dat,14.745,72.635,2016-05-12 17:39:00
2016-05-12_1921.dat,14.733333,72.716667,2016-05-12 19:21:00
2016-05-12_2003.dat,12.998333,87.986667,2016-05-12 20:03:00
2016-05-13_0959.dat,14.671667,73.903333,2016-05-13 09:59:00
2016-05-13_1135.dat,14.91,73.718333,2016-05-13 11:35:00
2016-05-13_1146.dat,12.061667,45.525,2016-05-13 11:46:00
2016-05-13_1759.dat,15.07,73.235,2016-05-13 17:59:00
2016-05-13_1851.dat,14.933333,72.983333,2016-05-13 18:51:00
2016-05-13_1900.dat,13.335,89.998333,2016-05-13 19:00:00
2016-05-13_2345.dat,14.011667,73.211667,2016-05-13 23:45:00
2016-05-13_2346.dat,14.008333,89.981667,2016-05-13 23:46:00
2016-05-14_0628.dat,12.653333,89.838333,2016-05-14 06:28:00
2016-05-14_1719.dat,13.321667,89.71,2016-05-14 17:19:00
2016-05-14_1748.dat,17.525,83.608333,2016-05-14 17:48:00
2016-05-14_2008.dat,17.368333,83.465,2016-05-14 20:08:00
2016-05-14_2351.dat,13.66,89.563333,2016-05-14 23:51:00
2016-05-15_0625.dat,12.345,89.556667,2016-05-15 06:25:00
2016-05-15_1733.dat,13.733333,89.42,2016-05-15 17:33:00
2016-05-15_2352.dat,13.26,89.281667,2016-05-15 23:52:00
2016-05-16_0204.dat,27.38,51.151667,2016-05-16 02:04:00
2016-05-16_0614.dat,12.052833,89.2755,2016-05-16 06:14:00
2016-05-16_1148.dat,13.005,89.14,2016-05-16 11:48:00
2016-05-16_1743.dat,14.0045,89.1225,2016-05-16 17:43:00
2016-05-17_0548.dat,11.986667,88.95,2016-05-17 05:48:00
2016-05-17_1135.dat,12.768333,88.86,2016-05-17 11:35:00
2016-05-17_1255.dat,12.941667,88.865,2016-05-17 12:55:00
2016-05-17_1750.dat,13.845,88.855,2016-05-17 17:50:00
2016-05-17_2341.dat,14.808333,88.993333,2016-05-17 23:41:00
2016-05-18_0554.dat,15.866667,87.535,2016-05-18 05:54:00
2016-05-18_1826.dat,17.663333,85.75,2016-05-18 18:26:00
2016-05-18_2023.dat,16.225,83.966667,2016-05-18 20:23:00
2016-05-18_2032.dat,16.225,84.036667,2016-05-18 20:32:00
2016-05-20_0521.dat,12.601667,89.736667,2016-05-20 05:21:00
2016-05-20_0637.dat,26.285,53.968333,2016-05-20 06:37:00
2016-05-20_1102.dat,13.33,50.058333,2016-05-20 11:02:00
2016-05-20_1135.dat,11.856667,90.868333,2016-05-20 11:35:00
2016-05-20_1307.dat,26.196667,55.596667,2016-05-20 13:07:00
2016-05-20_1751.dat,11.293333,91.345,2016-05-20 17:51:00
2016-05-20_1856.dat,26.151667,56.83,2016-05-20 18:56:00
2016-05-21_0057.dat,25.025,57.631667,2016-05-21 00:57:00
2016-05-22_1500.dat,22.406667,63.69,2016-05-22 15:00:00
2016-05-22_1909.dat,10.391667,93.586667,2016-05-22 19:09:00
2016-05-22_2207.dat,22.975,62.418333,2016-05-22 22:07:00
2016-05-23_0328.dat,23.583333,61.323333,2016-05-23 03:28:00
2016-05-23_0606.dat,8.683333,95.471667,2016-05-23 06:06:00
2016-05-23_1115.dat,24.321667,59.633333,2016-05-23 11:15:00
2016-05-23_1745.dat,24.65,58.675,2016-05-23 17:45:00
2016-05-23_1856.dat,7.318333,96.983333,2016-05-23 18:56:00
2016-05-23_1929.dat,12.093333,89.868333,2016-05-23 19:29:00
2016-05-23_2319.dat,25.073333,58.123333,2016-05-23 23:19:00
2016-05-24_0020.dat,6.405,97.826667,2016-05-24 00:20:00
2016-05-24_0347.dat,25.706667,57.205,2016-05-24 03:47:00
2016-05-24_0411.dat,5.75,98.466667,2016-05-24 04:11:00
2016-05-24_0529.dat,13.495,88.321667,2016-05-24 05:29:00
2016-05-24_1037.dat,4.531667,99.385,2016-05-24 10:37:00
2016-05-24_1124.dat,14.243333,87.538333,2016-05-24 11:24:00
2016-05-24_1438.dat,23.656667,59.266667,2016-05-24 14:38:00
2016-05-24_1647.dat,23.613333,59.738333,2016-05-24 16:47:00
2016-05-24_1652.dat,23.613333,59.738333,2016-05-24 16:52:00
2016-05-24_1714.dat,14.711667,86.628333,2016-05-24 17:14:00
2016-05-24_1740.dat,24.155,60.395,2016-05-24 17:40:00
2016-05-24_1901.dat,23.591667,60.293333,2016-05-24 19:01:00
2016-05-24_2228.dat,15.445,85.985,2016-05-24 22:28:00
2016-05-24_2353.dat,24.296667,61.846667,2016-05-24 23:53:00
2016-05-25_0049.dat,23.696667,61.683333,2016-05-25 00:49:00
2016-05-25_0533.dat,16.331667,84.953333,2016-05-25 05:33:00
2016-05-25_0640.dat,23.67,63.141667,2016-05-25 06:40:00
2016-05-25_0648.dat,24.328333,63.4,2016-05-25 06:48:00
2016-05-25_1127.dat,24.321667,64.428333,2016-05-25 11:27:00
2016-05-25_1136.dat,16.851667,84.38,2016-05-25 11:36:00
2016-05-25_1234.dat,23.131667,63.075,2016-05-25 12:34:00
2016-05-25_1743.dat,24.05,65.841667,2016-05-25 17:43:00
2016-05-25_1807.dat,22.533333,63.66,2016-05-25 18:07:00
2016-05-25_2301.dat,22.583333,66.573333,2016-05-25 23:01:00
2016-05-26_0013.dat,21.755,65.271667,2016-05-26 00:13:00
2016-05-26_0622.dat,4.21,105.88,2016-05-26 06:22:00
2016-05-26_0632.dat,21.571667,67.828333,2016-05-26 06:32:00
2016-05-26_1159.dat,20.305,68.238333,2016-05-26 11:59:00
2016-05-26_1322.dat,5.168333,106.985,2016-05-26 13:22:00
2016-05-26_1630.dat,5.368333,107.153333,2016-05-26 16:30:00
2016-05-26_1806.dat,19.44,69.523333,2016-05-26 18:06:00
2016-05-27_0014.dat,3.733333,75.833333,2016-05-27 00:14:00
2016-05-27_0055.dat,15.988333,85.848333,2016-05-27 00:55:00
2016-05-27_0524.dat,3.176667,76.256667,2016-05-27 05:24:00
2016-05-27_0622.dat,7.458333,109.173333,2016-05-27 06:22:00
2016-05-27_1151.dat,14.52,87.966667,2016-05-27 11:51:00
2016-05-27_1154.dat,7.936667,109.625,2016-05-27 11:54:00
2016-05-27_1232.dat,2.801667,76.225,2016-05-27 12:32:00
2016-05-27_1614.dat,14.04,88.671167,2016-05-27 16:14:00
2016-05-27_1758.dat,8.911667,110.548333,2016-05-27 17:58:00
2016-05-27_1811.dat,2.311667,75.543333,2016-05-27 18:11:00
2016-05-27_2142.dat,26.675,56.635,2016-05-27 21:42:00
2016-05-27_2337.dat,1.726667,76.211667,2016-05-27 23:37:00
2016-05-27_2338.dat,13.0,88.726667,2016-05-27 23:38:00
2016-05-28_0007.dat,9.8,111.383333,2016-05-28 00:07:00
2016-05-28_0236.dat,1.326667,76.251667,2016-05-28 02:36:00
2016-05-28_0302.dat,25.556667,57.231667,2016-05-28 03:02:00
2016-05-28_0603.dat,10.613333,112.263333,2016-05-28 06:03:00
2016-05-28_0647.dat,0.86,75.638333,2016-05-28 06:47:00
2016-05-28_1034.dat,16.361667,70.536667,2016-05-28 10:34:00
2016-05-28_1117.dat,24.601667,58.905,2016-05-28 11:17:00
2016-05-28_1150.dat,0.37,74.956667,2016-05-28 11:50:00
2016-05-28_1203.dat,11.356667,113.098333,2016-05-28 12:03:00
2016-05-28_1212.dat,24.033333,60.133333,2016-05-28 12:12:00
2016-05-28_1430.dat,12.908333,47.9,2016-05-28 14:30:00
2016-05-28_1713.dat,23.486667,61.335,2016-05-28 17:13:00
2016-05-28_1757.dat,0.021667,74.768333,2016-05-28 17:57:00
2016-05-28_1802.dat,11.913333,113.891667,2016-05-28 18:02:00
2016-05-28_1819.dat,15.403333,68.941667,2016-05-28 18:19:00
2016-05-28_2235.dat,22.79,62.723333,2016-05-28 22:35:00
2016-05-28_2341.dat,13.5,88.437,2016-05-28 23:41:00
2016-05-29_0001.dat,11.95,113.15,2016-05-29 00:01:00
2016-05-29_0531.dat,1.913333,75.02,2016-05-29 05:31:00
2016-05-29_0607.dat,11.971667,111.99,2016-05-29 06:07:00
2016-05-29_0626.dat,21.891667,64.686667,2016-05-29 06:26:00
2016-05-29_0748.dat,14.701667,69.388333,2016-05-29 07:48:00
2016-05-29_1039.dat,11.968333,88.291667,2016-05-29 10:39:00
2016-05-29_1223.dat,2.903333,75.786667,2016-05-29 12:23:00
2016-05-29_1703.dat,20.643333,67.2,2016-05-29 17:03:00
2016-05-29_1736.dat,13.233333,88.29,2016-05-29 17:36:00
2016-05-29_1803.dat,3.431667,74.868333,2016-05-29 18:03:00
2016-05-29_2054.dat,14.038333,118.723333,2016-05-29 20:54:00
2016-05-29_2341.dat,3.963333,74.393333,2016-05-29 23:41:00
2016-05-29_2346.dat,13.855,88.151667,2016-05-29 23:46:00
2016-05-30_0004.dat,14.323333,119.338333,2016-05-30 00:04:00
2016-05-30_0614.dat,12.775,88.151667,2016-05-30 06:14:00
2016-05-30_0626.dat,13.285,67.583333,2016-05-30 06:26:00
2016-05-30_1035.dat,11.996667,88.152333,2016-05-30 10:35:00
2016-05-30_1536.dat,12.421667,66.828333,2016-05-30 15:36:00
2016-05-30_1822.dat,13.22,88.006667,2016-05-30 18:22:00
2016-05-30_2334.dat,13.703333,88.165,2016-05-30 23:34:00
2016-05-31_0554.dat,14.251667,87.69,2016-05-31 05:54:00
2016-05-31_1216.dat,15.088333,86.64,2016-05-31 12:16:00
2016-05-31_1442.dat,14.298333,52.381667,2016-05-31 14:42:00
2016-05-31_2343.dat,16.568333,84.768333,2016-05-31 23:43:00
2016-06-02_1803.dat,14.216667,119.15,2016-06-02 18:03:00
2016-06-02_2356.dat,13.931667,118.071667,2016-06-02 23:56:00
2016-06-03_0633.dat,13.633333,116.8,2016-06-03 06:33:00
2016-06-03_1719.dat,13.383333,115.35,2016-06-03 17:19:00
2016-06-03_1749.dat,18.1,71.233333,2016-06-03 17:49:00
2016-06-03_1812.dat,18.041667,71.201667,2016-06-03 18:12:00
2016-06-03_1900.dat,12.086667,110.42,2016-06-03 19:00:00
2016-06-04_0002.dat,13.168333,114.171667,2016-06-04 00:02:00
2016-06-04_0023.dat,12.436667,111.715,2016-06-04 00:23:00
2016-06-04_0606.dat,13.05,113.635,2016-06-04 06:06:00
2016-06-04_0608.dat,12.731667,112.606667,2016-06-04 06:08:00
2016-06-04_1218.dat,13.388333,113.503333,2016-06-04 12:18:00
2016-06-04_1220.dat,13.355,113.525,2016-06-04 12:20:00
2016-06-04_1806.dat,14.086667,114.551667,2016-06-04 18:06:00
2016-06-04_1829.dat,14.186667,114.69,2016-06-04 18:29:00
2016-06-05_0000.dat,14.833333,115.55,2016-06-05 00:00:00
2016-06-05_0015.dat,14.898333,115.646667,2016-06-05 00:15:00
2016-06-05_0604.dat,15.486667,116.59,2016-06-05 06:04:00
2016-06-05_0621.dat,15.576667,116.725,2016-06-05 06:21:00
2016-06-05_1208.dat,15.968333,117.288333,2016-06-05 12:08:00
2016-06-05_1217.dat,15.973333,117.351667,2016-06-05 12:17:00
2016-06-05_1624.dat,13.848333,51.425,2016-06-05 16:24:00
2016-06-05_1757.dat,16.653333,118.043333,2016-06-05 17:57:00
2016-06-05_1807.dat,12.335,72.338333,2016-06-05 18:07:00
2016-06-05_2359.dat,12.335,72.338333,2016-06-05 23:59:00
2016-06-06_0019.dat,17.778333,118.77,2016-06-06 00:19:00
2016-06-06_0604.dat,18.65,19.436667,2016-06-06 06:04:00
2016-06-06_0609.dat,18.741667,119.503333,2016-06-06 06:09:00
2016-06-06_1209.dat,19.781667,120.248333,2016-06-06 12:09:00
2016-06-06_1220.dat,19.761667,120.233333,2016-06-06 12:20:00
2016-06-06_1804.dat,20.378333,120.553333,2016-06-06 18:04:00
2016-06-06_1822.dat,20.42,120.531667,2016-06-06 18:22:00
2016-06-06_2355.dat,21.186667,121.538333,2016-06-06 23:55:00
2016-06-07_0011.dat,21.231667,121.65,2016-06-07 00:11:00
2016-06-07_0626.dat,22.258333,122.636667,2016-06-07 06:26:00
2016-06-07_0726.dat,22.39,122.68,2016-06-07 07:26:00
2016-06-07_0735.dat,22.456667,122.705,2016-06-07 07:35:00
2016-06-07_1236.dat,23.501667,123.0,2016-06-07 12:36:00
2016-06-07_1844.dat,24.855,123.581667,2016-06-07 18:44:00
2016-06-07_2010.dat,25.0,123.0,2016-06-07 20:10:00
2016-06-08_1054.dat,12.308333,46.173333,2016-06-08 10:54:00
2016-06-09_1757.dat,32.186667,129.168333,2016-06-09 17:57:00
2016-06-14_1806.dat,32.121667,129.331667,2016-06-14 18:06:00
2016-06-15_0518.dat,29.875,131.523333,2016-06-15 05:18:00
2016-06-15_0607.dat,29.828333,131.54,2016-06-15 06:07:00
2016-06-15_1207.dat,29.205,131.576667,2016-06-15 12:07:00
2016-06-15_1706.dat,28.088333,131.136667,2016-06-15 17:06:00
2016-06-15_1833.dat,28.03,130.975,2016-06-15 18:33:00
2016-06-16_0003.dat,27.09,131.096667,2016-06-16 00:03:00
2016-06-16_0257.dat,27.055,131.033333,2016-06-16 02:57:00
2016-06-16_0614.dat,26.721667,130.925,2016-06-16 06:14:00
2016-06-16_0719.dat,22.185,67.283333,2016-06-16 07:19:00
2016-06-16_0833.dat,26.803333,130.94,2016-06-16 08:33:00
2016-06-16_1154.dat,26.536667,130.778333,2016-06-16 11:54:00
2016-06-16_1455.dat,26.523333,130.818333,2016-06-16 14:55:00
2016-06-16_1755.dat,26.235,130.871667,2016-06-16 17:55:00
2016-06-16_2042.dat,26.2,130.916667,2016-06-16 20:42:00
2016-06-17_0017.dat,26.998333,131.665,2016-06-17 00:17:00
2016-06-17_0619.dat,27.413333,132.258333,2016-06-17 06:19:00
2016-06-17_0826.dat,27.016667,132.85,2016-06-17 08:26:00
2016-06-17_1012.dat,13.1,48.54,2016-06-17 10:12:00
2016-06-17_1215.dat,27.546667,133.381667,2016-06-17 12:15:00
2016-06-17_1442.dat,17.398333,83.713333,2016-06-17 14:42:00
2016-06-17_1447.dat,17.37,83.73,2016-06-17 14:47:00
2016-06-17_1500.dat,17.346667,83.751667,2016-06-17 15:00:00
2016-06-17_1504.dat,17.331667,83.763333,2016-06-17 15:04:00
2016-06-17_1527.dat,17.293333,83.791667,2016-06-17 15:27:00
2016-06-17_1535.dat,17.288333,83.79,2016-06-17 15:35:00
2016-06-17_1540.dat,17.288333,83.788333,2016-06-17 15:40:00
2016-06-17_1659.dat,17.306667,83.711667,2016-06-17 16:59:00
2016-06-17_2100.dat,27.633333,134.033333,2016-06-17 21:00:00
2016-06-18_0011.dat,27.623333,135.326667,2016-06-18 00:11:00
2016-06-18_0546.dat,28.788333,133.593333,2016-06-18 05:46:00
2016-06-18_0608.dat,27.746667,136.648333,2016-06-18 06:08:00
2016-06-18_0858.dat,28.753333,133.62,2016-06-18 08:58:00
2016-06-18_1443.dat,29.491667,133.001667,2016-06-18 14:43:00
2016-06-18_1605.dat,29.0,132.0,2016-06-18 16:05:00
2016-06-18_1957.dat,30.16,132.383333,2016-06-18 19:57:00
2016-06-18_2352.dat,30.623333,132.016667,2016-06-18 23:52:00
2016-06-19_0014.dat,27.998333,140.243333,2016-06-19 00:14:00
2016-06-19_0543.dat,30.916667,130.95,2016-06-19 05:43:00
2016-06-19_0641.dat,28.115,141.541667,2016-06-19 06:41:00
2016-06-19_1219.dat,28.188333,142.741667,2016-06-19 12:19:00
2016-06-19_1318.dat,13.536667,50.535,2016-06-19 13:18:00
2016-06-19_1804.dat,27.988333,143.975,2016-06-19 18:04:00
2016-06-20_0001.dat,31.308333,123.541667,2016-06-20 00:01:00
2016-06-20_0009.dat,28.0,145.283333,2016-06-20 00:09:00
2016-06-20_0607.dat,27.765,146.611667,2016-06-20 06:07:00
2016-06-20_0613.dat,32.486667,127.933333,2016-06-20 06:13:00
2016-06-20_1152.dat,33.203333,128.206667,2016-06-20 11:52:00
2016-06-20_1205.dat,27.661667,147.753333,2016-06-20 12:05:00
2016-06-20_1801.dat,33.825,129.251667,2016-06-20 18:01:00
2016-06-20_1814.dat,27.56,148.905,2016-06-20 18:14:00
2016-06-20_2354.dat,34.738333,130.088333,2016-06-20 23:54:00
2016-06-21_0010.dat,27.431667,150.238333,2016-06-21 00:10:00
2016-06-21_0614.dat,27.308333,151.596667,2016-06-21 06:14:00
2016-06-21_1202.dat,27.196667,152.815,2016-06-21 12:02:00
2016-06-21_1218.dat,15.16,69.171667,2016-06-21 12:18:00
2016-06-21_1804.dat,27.096667,154.085,2016-06-21 18:04:00
2016-06-22_0024.dat,26.955,155.46,2016-06-22 00:24:00
2016-06-22_0612.dat,26.845,156.68,2016-06-22 06:12:00
2016-06-22_0701.dat,12.271667,66.915,2016-06-22 07:01:00
2016-06-22_1207.dat,26.698333,158.18,2016-06-22 12:07:00
2016-06-22_1705.dat,26.615,159.13,2016-06-22 17:05:00
2016-06-22_1832.dat,10.353333,65.416667,2016-06-22 18:32:00
2016-06-23_0623.dat,26.38,161.713333,2016-06-23 06:23:00
2016-06-23_0801.dat,7.921667,63.533333,2016-06-23 08:01:00
2016-06-23_1059.dat,13.083333,48.495,2016-06-23 10:59:00
2016-06-23_1227.dat,26.285,162.786667,2016-06-23 12:27:00
2016-06-23_1805.dat,6.106667,62.138333,2016-06-23 18:05:00
2016-06-23_1806.dat,6.106667,62.138333,2016-06-23 18:06:00
2016-06-23_1819.dat,26.158333,164.088333,2016-06-23 18:19:00
2016-06-24_0020.dat,26.04,165.391667,2016-06-24 00:20:00
2016-06-24_0607.dat,26.925,166.618333,2016-06-24 06:07:00
2016-06-24_0737.dat,3.575,60.218333,2016-06-24 07:37:00
2016-06-24_1225.dat,25.831667,167.748333,2016-06-24 12:25:00
2016-06-24_1250.dat,2.751667,59.588333,2016-06-24 12:50:00
2016-06-24_1818.dat,2.318333,59.27,2016-06-24 18:18:00
2016-06-24_1820.dat,25.698333,169.036667,2016-06-24 18:20:00
2016-06-25_0008.dat,25.581667,170.306667,2016-06-25 00:08:00
2016-06-25_0626.dat,25.461667,171.64,2016-06-25 06:26:00
2016-06-25_0757.dat,-0.186667,57.361667,2016-06-25 07:57:00
2016-06-25_1219.dat,25.348333,172.836667,2016-06-25 12:19:00
2016-06-25_1424.dat,-1.358333,66.45,2016-06-25 14:24:00
2016-06-25_1708.dat,25.253333,173.83,2016-06-25 17:08:00
2016-06-25_1833.dat,-2.041667,55.088333,2016-06-25 18:33:00
2016-06-26_0003.dat,25.153333,175.053333,2016-06-26 00:03:00
2016-06-26_0005.dat,24.535,-178.99,2016-06-26 00:05:00
2016-06-26_0021.dat,-3.155,55.486667,2016-06-26 00:21:00
2016-06-26_0037.dat,36.923333,131.0,2016-06-26 00:37:00
2016-06-26_0608.dat,24.23,-177.381667,2016-06-26 06:08:00
2016-06-26_0628.dat,25.02,176.368333,2016-06-26 06:28:00
2016-06-26_0634.dat,38.015,131.468333,2016-06-26 06:34:00
2016-06-26_1215.dat,23.925,-175.783333,2016-06-26 12:15:00
2016-06-26_1217.dat,39.283333,131.766667,2016-06-26 12:17:00
2016-06-26_1243.dat,24.875,177.896667,2016-06-26 12:43:00
2016-06-26_1816.dat,23.636667,-174.276667,2016-06-26 18:16:00
2016-06-26_1838.dat,40.741667,132.24,2016-06-26 18:38:00
2016-06-26_2341.dat,41.925,132.37,2016-06-26 23:41:00
2016-06-27_1206.dat,22.826667,-170.048333,2016-06-27 12:06:00
2016-06-27_1810.dat,22.651667,169.146667,2016-06-27 18:10:00
2016-06-27_1835.dat,11.863333,44.475,2016-06-27 18:35:00
2016-06-28_0434.dat,17.468333,83.93,2016-06-28 04:34:00
2016-06-28_1008.dat,17.488333,83.811667,2016-06-28 10:08:00
2016-06-28_1429.dat,17.485,83.53,2016-06-28 14:29:00
2016-06-28_1432.dat,17.513333,83.88,2016-06-28 14:32:00
2016-06-28_1812.dat,21.783333,-164.631667,2016-06-28 18:12:00
2016-06-29_0616.dat,21.193333,-161.581667,2016-06-29 06:16:00
2016-06-29_1804.dat,21.1,-161.086667,2016-06-29 18:04:00
2016-06-30_0015.dat,21.098333,-159.881667,2016-06-30 00:15:00
2016-07-01_1204.dat,4.95,55.436667,2016-07-01 12:04:00
2016-07-01_1803.dat,41.8,132.286667,2016-07-01 18:03:00
2016-07-01_1820.dat,-6.516667,55.275,2016-07-01 18:20:00
2016-07-02_0602.dat,39.488333,131.891667,2016-07-02 06:02:00
2016-07-02_0739.dat,-9.558333,56.266667,2016-07-02 07:39:00
2016-07-02_1154.dat,38.668333,130.95,2016-07-02 11:54:00
2016-07-02_1245.dat,10.33,56.57,2016-07-02 12:45:00
2016-07-02_1903.dat,-10.966667,56.621667,2016-07-02 19:03:00
2016-07-02_1908.dat,37.453333,130.325,2016-07-02 19:08:00
2016-07-03_0600.dat,35.155,130.435,2016-07-03 06:00:00
2016-07-03_0747.dat,-13.99,56.875,2016-07-03 07:47:00
2016-07-03_0756.dat,-13.99,56.875,2016-07-03 07:56:00
2016-07-03_1201.dat,34.173333,129.583333,2016-07-03 12:01:00
2016-07-03_1238.dat,-15.225,56.985,2016-07-03 12:38:00
2016-07-03_1807.dat,33.433333,128.446667,2016-07-03 18:07:00
2016-07-03_1840.dat,-16.686667,57.118333,2016-07-03 18:40:00
2016-07-03_2356.dat,32.486667,127.823333,2016-07-03 23:56:00
2016-07-04_0557.dat,31.341667,127.441667,2016-07-04 05:57:00
2016-07-04_1217.dat,30.025,126.72,2016-07-04 12:17:00
2016-07-04_1825.dat,28.803333,125.966667,2016-07-04 18:25:00
2016-07-05_0000.dat,27.635,125.14,2016-07-05 00:00:00
2016-07-05_0627.dat,26.32,124.19,2016-07-05 06:27:00
2016-07-05_1840.dat,23.855,123.096667,2016-07-05 18:40:00
2016-07-07_0615.dat,18.97,118.788333,2016-07-07 06:15:00
2016-07-07_1818.dat,18.743333,118.616667,2016-07-07 18:18:00
2016-07-07_1841.dat,-19.835,57.603333,2016-07-07 18:41:00
2016-07-07_2337.dat,18.09,117.736667,2016-07-07 23:37:00
2016-07-08_0614.dat,17.271667,116.635,2016-07-08 06:14:00
2016-07-08_1208.dat,16.396667,115.881667,2016-07-08 12:08:00
2016-07-08_2331.dat,15.5,60.016667,2016-07-08 23:31:00
2016-07-09_0038.dat,14.535,114.788333,2016-07-09 00:38:00
2016-07-09_0613.dat,13.57,114.173333,2016-07-09 06:13:00
2016-07-09_0752.dat,-14.15,59.421667,2016-07-09 07:52:00
2016-07-09_1246.dat,12.456667,113.503333,2016-07-09 12:46:00
2016-07-09_1249.dat,-13.321667,58.79,2016-07-09 12:49:00
2016-07-09_1835.dat,-12.315,58.43,2016-07-09 18:35:00
2016-07-10_0031.dat,-11.295,67.96,2016-07-10 00:31:00
2016-07-10_0036.dat,10.54,112.258333,2016-07-10 00:36:00
2016-07-10_0644.dat,9.716667,111.486667,2016-07-10 06:44:00
2016-07-10_0743.dat,-10.556667,56.671667,2016-07-10 07:43:00
2016-07-10_1156.dat,8.89,110.835,2016-07-10 11:56:00
2016-07-10_1329.dat,-10.35,56.578333,2016-07-10 13:29:00
2016-07-10_1614.dat,12.188333,46.203333,2016-07-10 16:14:00
2016-07-10_1808.dat,10.195,56.433333,2016-07-10 18:08:00
2016-07-10_1819.dat,8.071667,109.868333,2016-07-10 18:19:00
2016-07-10_2024.dat,12.441667,47.025,2016-07-10 20:24:00
2016-07-11_0049.dat,-9.38,55.738333,2016-07-11 00:49:00
2016-07-11_0633.dat,6.383333,108.116667,2016-07-11 06:33:00
2016-07-11_0650.dat,13.208333,49.421667,2016-07-11 06:50:00
2016-07-11_0753.dat,-10.336667,56.553333,2016-07-11 07:53:00
2016-07-11_1153.dat,5.601667,107.488333,2016-07-11 11:53:00
2016-07-11_1407.dat,-10.623333,56.61,2016-07-11 14:07:00
2016-07-11_1818.dat,11.655,56.685,2016-07-11 18:18:00
2016-07-11_1853.dat,4.608333,106.49,2016-07-11 18:53:00
2016-07-11_2356.dat,3.885,105.755,2016-07-11 23:56:00
2016-07-12_0009.dat,-12.748333,56.776667,2016-07-12 00:09:00
2016-07-12_0734.dat,-14.573333,56.93,2016-07-12 07:34:00
2016-07-12_1157.dat,2.051667,105.158333,2016-07-12 11:57:00
2016-07-12_1416.dat,-16.038333,57.055,2016-07-12 14:16:00
2016-07-12_1806.dat,20.623333,-158.17,2016-07-12 18:06:00
2016-07-12_1828.dat,-17.075,57.156667,2016-07-12 18:28:00
2016-07-12_2322.dat,-18.22,57.258333,2016-07-12 23:22:00
2016-07-13_0000.dat,1.368333,105.626667,2016-07-13 00:00:00
2016-07-13_0600.dat,19.355,-158.461667,2016-07-13 06:00:00
2016-07-13_0611.dat,0.218333,106.37,2016-07-13 06:11:00
2016-07-13_0646.dat,13.32,49.253333,2016-07-13 06:46:00
2016-07-13_1159.dat,19.181667,-158.485,2016-07-13 11:59:00
2016-07-13_1801.dat,12.755,47.506667,2016-07-13 18:01:00
2016-07-13_1905.dat,19.303333,-158.33,2016-07-13 19:05:00
2016-07-13_2337.dat,12.511667,46.733333,2016-07-13 23:37:00
2016-07-14_0012.dat,18.92,-158.423333,2016-07-14 00:12:00
2016-07-14_0611.dat,19.101667,-158.43,2016-07-14 06:11:00
2016-07-14_1149.dat,18.38,-158.518333,2016-07-14 11:49:00
2016-07-14_1221.dat,12.521667,46.836667,2016-07-14 12:21:00
2016-07-14_1809.dat,18.46,-158.228333,2016-07-14 18:09:00
2016-07-15_0013.dat,18.663333,-158.27,2016-07-15 00:13:00
2016-07-15_0613.dat,19.15,-158.335,2016-07-15 06:13:00
2016-07-15_1223.dat,18.948333,158.348333,2016-07-15 12:23:00
2016-07-15_1743.dat,4.136667,7.22,2016-07-15 17:43:00
2016-07-15_1904.dat,19.296667,-158.34,2016-07-15 19:04:00
2016-07-16_0043.dat,19.505,-158.938333,2016-07-16 00:43:00
2016-07-16_1159.dat,19.476667,-158.715,2016-07-16 11:59:00
2016-07-16_1309.dat,-20.075,57.378333,2016-07-16 13:09:00
2016-07-16_1906.dat,-18.653333,57.171667,2016-07-16 19:06:00
2016-07-16_1915.dat,3.523333,74.433333,2016-07-16 19:15:00
2016-07-16_2334.dat,-17.54,56.963333,2016-07-16 23:34:00
2016-07-17_0638.dat,21.645,-159.765,2016-07-17 06:38:00
2016-07-17_0755.dat,-16.453333,56.59,2016-07-17 07:55:00
2016-07-17_1211.dat,21.745,-159.826667,2016-07-17 12:11:00
2016-07-17_1311.dat,-14.188333,56.376667,2016-07-17 13:11:00
2016-07-17_1800.dat,21.22,-158.31,2016-07-17 18:00:00
2016-07-18_0009.dat,-11.418333,55.92,2016-07-18 00:09:00
2016-07-18_0023.dat,20.29,-158.83,2016-07-18 00:23:00
2016-07-18_0609.dat,18.911667,-158.965,2016-07-18 06:09:00
2016-07-18_0805.dat,-9.486667,55.588333,2016-07-18 08:05:00
2016-07-18_1158.dat,18.895,-158.263333,2016-07-18 11:58:00
2016-07-18_1237.dat,17.443333,83.93,2016-07-18 12:37:00
2016-07-18_1752.dat,18.285,-158.235,2016-07-18 17:52:00
2016-07-18_1832.dat,-7.023333,56.183333,2016-07-18 18:32:00
2016-07-18_1925.dat,17.078333,85.238333,2016-07-18 19:25:00
2016-07-18_1938.dat,17.095,85.281667,2016-07-18 19:38:00
2016-07-18_2322.dat,16.775,86.236667,2016-07-18 23:22:00
2016-07-18_2346.dat,55.478333,54.995,2016-07-18 23:46:00
2016-07-18_2351.dat,18.22,-158.518333,2016-07-18 23:51:00
2016-07-19_0613.dat,19.43,-158.601667,2016-07-19 06:13:00
2016-07-19_1016.dat,18.701667,72.021667,2016-07-19 10:16:00
2016-07-19_1202.dat,12.535,49.535,2016-07-19 12:02:00
2016-07-19_1206.dat,19.188333,-158.248333,2016-07-19 12:06:00
2016-07-19_1344.dat,15.915,88.601667,2016-07-19 13:44:00
2016-07-19_1746.dat,12.206667,48.268333,2016-07-19 17:46:00
2016-07-20_0013.dat,19.706667,-158.643333,2016-07-20 00:13:00
2016-07-20_0558.dat,14.921667,92.096667,2016-07-20 05:58:00
2016-07-20_0621.dat,20.46,-159.753333,2016-07-20 06:21:00
2016-07-20_0850.dat,6.503333,97.933333,2016-07-20 08:50:00
2016-07-20_0928.dat,6.836667,97.568333,2016-07-20 09:28:00
2016-07-20_1224.dat,12.14,45.873333,2016-07-20 12:24:00
2016-07-20_1653.dat,13.911667,93.808333,2016-07-20 16:53:00
2016-07-20_1803.dat,18.896667,-158.215,2016-07-20 18:03:00
2016-07-20_2043.dat,13.08,93.645,2016-07-20 20:43:00
2016-07-20_2353.dat,18.295,-158.568333,2016-07-20 23:53:00
2016-07-21_0014.dat,8.281667,95.74,2016-07-21 00:14:00
2016-07-21_0610.dat,19.198333,-158.793333,2016-07-21 06:10:00
2016-07-21_0613.dat,9.273333,95.038333,2016-07-21 06:13:00
2016-07-21_0634.dat,9.195,95.048333,2016-07-21 06:34:00
2016-07-21_1151.dat,8.973333,94.405,2016-07-21 11:51:00
2016-07-21_1751.dat,9.395,94.23,2016-07-21 17:51:00
2016-07-21_1756.dat,19.113333,-158.501667,2016-07-21 17:56:00
2016-07-21_1812.dat,-3.85,55.501667,2016-07-21 18:12:00
2016-07-21_1841.dat,12.385,50.603333,2016-07-21 18:41:00
2016-07-21_2339.dat,-2.343333,56.385,2016-07-21 23:39:00
2016-07-21_2341.dat,10.448333,93.545,2016-07-21 23:41:00
2016-07-21_2344.dat,-2.343333,56.385,2016-07-21 23:44:00
2016-07-22_0101.dat,18.906667,-158.38,2016-07-22 01:01:00
2016-07-22_0626.dat,18.903333,-158.465,2016-07-22 06:26:00
2016-07-22_0737.dat,-0.546667,57.631667,2016-07-22 07:37:00
2016-07-22_1156.dat,19.003333,-158.561667,2016-07-22 11:56:00
2016-07-22_1326.dat,-0.276667,54.498333,2016-07-22 13:26:00
2016-07-22_1917.dat,19.423333,-159.39,2016-07-22 19:17:00
2016-07-22_2329.dat,2.968333,60.186667,2016-07-22 23:29:00
2016-07-23_0520.dat,11.88,90.446667,2016-07-23 05:20:00
2016-07-23_0647.dat,12.941667,45.356667,2016-07-23 06:47:00
2016-07-23_0815.dat,4.923333,61.67,2016-07-23 08:15:00
2016-07-23_1417.dat,5.623333,62.105,2016-07-23 14:17:00
2016-07-23_1755.dat,11.785,46.803333,2016-07-23 17:55:00
2016-07-23_1758.dat,6.356667,62.738333,2016-07-23 17:58:00
2016-07-23_1807.dat,6.356667,62.738333,2016-07-23 18:07:00
2016-07-23_2317.dat,7.556667,63.636667,2016-07-23 23:17:00
2016-07-24_0623.dat,9.201667,64.87,2016-07-24 06:23:00
2016-07-24_0637.dat,18.373333,-158.313333,2016-07-24 06:37:00
2016-07-24_1158.dat,12.058333,45.773333,2016-07-24 11:58:00
2016-07-24_1213.dat,10.533333,65.838333,2016-07-24 12:13:00
2016-07-24_1805.dat,12.49,47.056667,2016-07-24 18:05:00
2016-07-24_1815.dat,18.801667,-158.98,2016-07-24 18:15:00
2016-07-24_1824.dat,11.938333,66.89,2016-07-24 18:24:00
2016-07-24_2153.dat,12.605,67.39,2016-07-24 21:53:00
2016-07-25_0602.dat,19.208333,-159.056667,2016-07-25 06:02:00
2016-07-25_0700.dat,13.366667,49.996667,2016-07-25 07:00:00
2016-07-25_0830.dat,11.951667,84.17,2016-07-25 08:30:00
2016-07-25_1112.dat,12.99,83.605,2016-07-25 11:12:00
2016-07-25_1154.dat,19.951667,-158.715,2016-07-25 11:54:00
2016-07-25_1633.dat,13.686667,83.9,2016-07-25 16:33:00
2016-07-25_1801.dat,16.853333,70.616667,2016-07-25 18:01:00
2016-07-26_0008.dat,19.845,-158.801667,2016-07-26 00:08:00
2016-07-26_0610.dat,20.728333,-159.82,2016-07-26 06:10:00
2016-07-26_0624.dat,13.606667,84.008333,2016-07-26 06:24:00
2016-07-26_1200.dat,20.88,159.351667,2016-07-26 12:00:00
2016-07-26_1239.dat,14.338333,83.935,2016-07-26 12:39:00
2016-07-26_1834.dat,20.795,-159.978333,2016-07-26 18:34:00
2016-07-26_2349.dat,21.138333,-160.986667,2016-07-26 23:49:00
2016-07-27_0549.dat,13.843333,83.395,2016-07-27 05:49:00
2016-07-27_0615.dat,21.093333,-161.303333,2016-07-27 06:15:00
2016-07-27_1202.dat,21.686667,-161.09,2016-07-27 12:02:00
2016-07-27_1757.dat,16.196667,83.143333,2016-07-27 17:57:00
2016-07-27_1824.dat,22.521667,-160.821667,2016-07-27 18:24:00
2016-07-27_2345.dat,14.853333,82.956667,2016-07-27 23:45:00
2016-07-28_0013.dat,22.998333,-160.716667,2016-07-28 00:13:00
2016-07-28_0559.dat,13.471667,82.773333,2016-07-28 05:59:00
2016-07-28_0610.dat,22.701667,-160.588333,2016-07-28 06:10:00
2016-07-28_1151.dat,14.283333,52.483333,2016-07-28 11:51:00
2016-07-28_1215.dat,12.998333,82.911667,2016-07-28 12:15:00
2016-07-28_1835.dat,23.115,-159.643333,2016-07-28 18:35:00
2016-07-28_1849.dat,12.805,82.996667,2016-07-28 18:49:00
2016-07-29_0605.dat,21.855,-159.895,2016-07-29 06:05:00
2016-07-29_1145.dat,12.486667,82.918333,2016-07-29 11:45:00
2016-07-29_1221.dat,13.116667,48.616667,2016-07-29 12:21:00
2016-07-29_1759.dat,12.806667,82.885,2016-07-29 17:59:00
2016-07-29_1815.dat,20.946667,-159.856667,2016-07-29 18:15:00
2016-07-29_2346.dat,13.003333,82.85,2016-07-29 23:46:00
2016-07-30_0709.dat,15.605,65.178333,2016-07-30 07:09:00
2016-07-30_1758.dat,15.268333,68.623333,2016-07-30 17:58:00
2016-07-30_1759.dat,12.838333,82.81,2016-07-30 17:59:00
2016-07-30_1806.dat,19.24,-158.925,2016-07-30 18:06:00
2016-07-30_1851.dat,11.966667,45.166667,2016-07-30 18:51:00
2016-07-31_0632.dat,19.985,-158.881667,2016-07-31 06:32:00
2016-07-31_0646.dat,14.885,72.518333,2016-07-31 06:46:00
2016-07-31_0705.dat,12.85,48.166667,2016-07-31 07:05:00
2016-07-31_1140.dat,12.973333,82.725,2016-07-31 11:40:00
2016-07-31_1222.dat,20.091667,-158.72,2016-07-31 12:22:00
2016-07-31_1748.dat,12.633333,82.716667,2016-07-31 17:48:00
2016-07-31_1859.dat,19.996667,-158.575,2016-07-31 18:59:00
2016-08-01_0020.dat,19.971667,-158.696667,2016-08-01 00:20:00
2016-08-01_0556.dat,12.843333,82.651667,2016-08-01 05:56:00
2016-08-01_1150.dat,20.041667,-157.415,2016-08-01 11:50:00
2016-08-01_1719.dat,12.66,82.625,2016-08-01 17:19:00
2016-08-02_0005.dat,20.071667,-157.555,2016-08-02 00:05:00
2016-08-02_1705.dat,16.955,83.12,2016-08-02 17:05:00
2016-08-02_1816.dat,20.771667,-158.445,2016-08-02 18:16:00
2016-08-05_1441.dat,12.05,45.866667,2016-08-05 14:41:00
2016-08-05_1834.dat,20.958333,-158.663333,2016-08-05 18:34:00
2016-08-06_0020.dat,20.495,-159.711667,2016-08-06 00:20:00
2016-08-06_1224.dat,19.428333,-162.118333,2016-08-06 12:24:00
2016-08-06_1800.dat,18.725,-163.706667,2016-08-06 18:00:00
2016-08-06_2117.dat,13.35,50.516667,2016-08-06 21:17:00
2016-08-07_0011.dat,18.085,-165.133333,2016-08-07 00:11:00
2016-08-07_0621.dat,17.438333,-166.576667,2016-08-07 06:21:00
2016-08-07_1204.dat,19.0,72.433333,2016-08-07 12:04:00
2016-08-07_1207.dat,16.828333,-167.923333,2016-08-07 12:07:00
2016-08-07_1800.dat,16.198333,-169.321667,2016-08-07 18:00:00
2016-08-08_0005.dat,15.683333,-170.46,2016-08-08 00:05:00
2016-08-08_0040.dat,17.653333,83.891667,2016-08-08 00:40:00
2016-08-08_0604.dat,15.201667,-171.521667,2016-08-08 06:04:00
2016-08-08_1222.dat,14.69,-172.643333,2016-08-08 12:22:00
2016-08-08_1840.dat,14.165,-173.798333,2016-08-08 18:40:00
2016-08-09_0015.dat,13.601667,-176.03,2016-08-09 00:15:00
2016-08-09_0617.dat,12.963333,-176.415,2016-08-09 06:17:00
2016-08-09_0914.dat,13.066667,74.26,2016-08-09 09:14:00
2016-08-09_1156.dat,12.66,-177.165,2016-08-09 11:56:00
2016-08-09_1908.dat,11.876667,-178.778333,2016-08-09 19:08:00
2016-08-10_0053.dat,11.175,-179.696667,2016-08-10 00:53:00
2016-08-10_0941.dat,16.196667,83.265,2016-08-10 09:41:00
2016-08-11_0604.dat,10.618333,178.518333,2016-08-11 06:04:00
2016-08-11_1137.dat,13.853333,74.06,2016-08-11 11:37:00
2016-08-11_1208.dat,9.978333,177.12,2016-08-11 12:08:00
2016-08-11_1757.dat,9.401667,175.778333,2016-08-11 17:57:00
2016-08-12_0009.dat,8.756667,174.38,2016-08-12 00:09:00
2016-08-12_0610.dat,8.133333,173.038333,2016-08-12 06:10:00
2016-08-15_1201.dat,11.916667,45.516667,2016-08-15 12:01:00
2016-08-15_1812.dat,7.271667,170.085,2016-08-15 18:12:00
2016-08-16_0008.dat,6.823333,168.728333,2016-08-16 00:08:00
2016-08-16_0613.dat,6.56,167.303333,2016-08-16 06:13:00
2016-08-16_0633.dat,13.25,49.583333,2016-08-16 06:33:00
2016-08-16_1215.dat,6.668333,165.536667,2016-08-16 12:15:00
2016-08-16_1811.dat,6.77,163.985,2016-08-16 18:11:00
2016-08-17_0007.dat,6.863333,162.635,2016-08-17 00:07:00
2016-08-17_0626.dat,6.95,161.398333,2016-08-17 06:26:00
2016-08-17_1805.dat,7.03,160.4,2016-08-17 18:05:00
2016-08-18_1505.dat,17.716667,83.82,2016-08-18 15:05:00
2016-08-20_0654.dat,13.866667,49.583333,2016-08-20 06:54:00
2016-08-20_1215.dat,7.11,157.536667,2016-08-20 12:15:00
2016-08-20_1803.dat,5.925,156.21,2016-08-20 18:03:00
2016-08-20_1849.dat,18.006667,72.39,2016-08-20 18:49:00
2016-08-20_2125.dat,17.461667,71.9,2016-08-20 21:25:00
2016-08-21_0007.dat,6.715,154.703333,2016-08-21 00:07:00
2016-08-21_0616.dat,6.501667,153.185,2016-08-21 06:16:00
2016-08-21_1211.dat,6.296667,151.706667,2016-08-21 12:11:00
2016-08-21_1219.dat,19.033333,68.733333,2016-08-21 12:19:00
2016-08-21_1802.dat,6.063333,150.078333,2016-08-21 18:02:00
2016-08-22_0018.dat,5.858333,148.585,2016-08-22 00:18:00
2016-08-22_0609.dat,5.661667,147.173333,2016-08-22 06:09:00
2016-08-22_0658.dat,13.3,70.9,2016-08-22 06:58:00
2016-08-22_0714.dat,13.305,70.908333,2016-08-22 07:14:00
2016-08-22_1119.dat,12.556667,69.925,2016-08-22 11:19:00
2016-08-22_1218.dat,5.485,145.703333,2016-08-22 12:18:00
2016-08-22_1354.dat,17.671667,83.485,2016-08-22 13:54:00
2016-08-22_1800.dat,5.438333,144.346667,2016-08-22 18:00:00
2016-08-22_1803.dat,11.39,68.403333,2016-08-22 18:03:00
2016-08-23_0606.dat,5.335,141.44,2016-08-23 06:06:00
2016-08-23_0703.dat,90.1,65.4,2016-08-23 07:03:00
2016-08-23_1144.dat,8.056667,64.486667,2016-08-23 11:44:00
2016-08-23_1200.dat,5.291667,140.188333,2016-08-23 12:00:00
2016-08-23_1718.dat,6.733333,63.466667,2016-08-23 17:18:00
2016-08-23_1808.dat,5.235,138.606667,2016-08-23 18:08:00
2016-08-23_2352.dat,5.188333,137.208333,2016-08-23 23:52:00
2016-08-24_0013.dat,5.153333,62.185,2016-08-24 00:13:00
2016-08-24_0641.dat,16.111667,71.635,2016-08-24 06:41:00
2016-08-24_0711.dat,3.635,61.021667,2016-08-24 07:11:00
2016-08-24_1206.dat,5.085,134.195,2016-08-24 12:06:00
2016-08-24_1801.dat,5.038333,132.698333,2016-08-24 18:01:00
2016-08-24_1808.dat,1.35,59.11,2016-08-24 18:08:00
2016-08-24_1911.dat,12.85,47.233333,2016-08-24 19:11:00
2016-08-24_2239.dat,0.926667,58.543333,2016-08-24 22:39:00
2016-08-25_0541.dat,11.328333,70.766667,2016-08-25 05:41:00
2016-08-25_0608.dat,5.063333,129.833333,2016-08-25 06:08:00
2016-08-25_1154.dat,-1.375,57.608333,2016-08-25 11:54:00
2016-08-25_1205.dat,-1.375,57.608333,2016-08-25 12:05:00
2016-08-25_1214.dat,5.083333,128.595,2016-08-25 12:14:00
2016-08-25_1323.dat,17.771667,83.68,2016-08-25 13:23:00
2016-08-25_1330.dat,9.735,70.483333,2016-08-25 13:30:00
2016-08-25_1739.dat,-2.17,56.701667,2016-08-25 17:39:00
2016-08-25_1827.dat,5.111667,126.923333,2016-08-25 18:27:00
2016-08-25_2356.dat,-39.516667,55.82,2016-08-25 23:56:00
2016-08-26_0011.dat,5.136667,125.403333,2016-08-26 00:11:00
2016-08-26_0015.dat,13.366667,50.416667,2016-08-26 00:15:00
2016-08-26_0535.dat,8.888333,70.355,2016-08-26 05:35:00
2016-08-26_1207.dat,6.485,122.7,2016-08-26 12:07:00
2016-08-26_1223.dat,9.151667,70.668333,2016-08-26 12:23:00
2016-08-26_1724.dat,18.0,70.0,2016-08-26 17:24:00
2016-08-26_1733.dat,18.0,71.0,2016-08-26 17:33:00
2016-08-26_1809.dat,7.128333,121.378333,2016-08-26 18:09:00
2016-08-27_0005.dat,7.7,120.003333,2016-08-27 00:05:00
2016-08-27_0507.dat,10.953333,69.041667,2016-08-27 05:07:00
2016-08-27_0612.dat,14.783333,52.016667,2016-08-27 06:12:00
2016-08-27_0618.dat,8.268333,118.606667,2016-08-27 06:18:00
2016-08-27_1815.dat,7.655,115.995,2016-08-27 18:15:00
2016-08-28_0002.dat,7.345,114.705,2016-08-28 00:02:00
2016-08-28_0528.dat,15.05,68.945,2016-08-28 05:28:00
2016-08-28_0627.dat,7.083333,113.536667,2016-08-28 06:27:00
2016-08-28_0700.dat,13.1,48.133333,2016-08-28 07:00:00
2016-08-28_1209.dat,6.985,112.443333,2016-08-28 12:09:00
2016-08-28_1225.dat,16.193333,69.8725,2016-08-28 12:25:00
2016-08-28_1804.dat,6.798333,111.328333,2016-08-28 18:04:00
2016-08-29_0033.dat,-5.945,54.923333,2016-08-29 00:33:00
2016-08-29_0101.dat,6.571667,109.98,2016-08-29 01:01:00
2016-08-29_0617.dat,6.363333,108.746667,2016-08-29 06:17:00
2016-08-29_0705.dat,-7.125,54.425,2016-08-29 07:05:00
2016-08-29_1225.dat,-8.171667,54.316667,2016-08-29 12:25:00
2016-08-29_1833.dat,-9.423333,54.236667,2016-08-29 18:33:00
2016-08-29_1842.dat,17.598333,83.665,2016-08-29 18:42:00
2016-08-30_0323.dat,17.61,83.876667,2016-08-30 03:23:00
2016-08-30_1201.dat,4.298333,105.935,2016-08-30 12:01:00
2016-08-31_1952.dat,17.651667,83.928333,2016-08-31 19:52:00
2016-09-01_0656.dat,17.518333,83.68,2016-09-01 06:56:00
2016-09-02_0702.dat,15.133333,52.95,2016-09-02 07:02:00
2016-09-02_0801.dat,17.366667,83.386667,2016-09-02 08:01:00
2016-09-02_1129.dat,17.291667,8.44,2016-09-02 11:29:00
2016-09-02_1814.dat,17.385,83.47,2016-09-02 18:14:00
2016-09-02_1819.dat,17.368333,83.443333,2016-09-02 18:19:00
2016-09-03_0709.dat,13.5,49.366667,2016-09-03 07:09:00
2016-09-04_0647.dat,10.503333,46.996667,2016-09-04 06:47:00
2016-09-04_1200.dat,-10.303333,45.986667,2016-09-04 12:00:00
2016-09-04_1833.dat,-10.033333,44.7,2016-09-04 18:33:00
2016-09-04_2320.dat,-9.536667,43.921667,2016-09-04 23:20:00
2016-09-05_0632.dat,-8.653333,42.82,2016-09-05 06:32:00
2016-09-05_0912.dat,-8.338333,42.443333,2016-09-05 09:12:00
2016-09-05_1657.dat,13.65,51.666667,2016-09-05 16:57:00
2016-09-05_1823.dat,-7.24,41.086667,2016-09-05 18:23:00
2016-09-05_2345.dat,-6.65,40.333333,2016-09-05 23:45:00
2016-09-06_0531.dat,16.023333,72.868333,2016-09-06 05:31:00
2016-09-06_1003.dat,17.668333,83.473333,2016-09-06 10:03:00
2016-09-06_1107.dat,17.491667,83.741667,2016-09-06 11:07:00
2016-09-06_1710.dat,14.2,51.633333,2016-09-06 17:10:00
2016-09-06_1712.dat,13.37,73.758333,2016-09-06 17:12:00
2016-09-08_2046.dat,18.533333,72.016667,2016-09-08 20:46:00
2016-09-09_0545.dat,17.415,71.696667,2016-09-09 05:45:00
2016-09-09_0905.dat,17.2,71.778333,2016-09-09 09:05:00
2016-09-09_1733.dat,17.196667,71.773333,2016-09-09 17:33:00
2016-09-09_1740.dat,17.158333,71.81,2016-09-09 17:40:00
2016-09-09_1756.dat,17.145,71.846667,2016-09-09 17:56:00
2016-09-09_1803.dat,17.165,71.828333,2016-09-09 18:03:00
2016-09-10_0020.dat,-7.34,40.601667,2016-09-10 00:20:00
2016-09-10_0522.dat,17.006667,71.59,2016-09-10 05:22:00
2016-09-10_0537.dat,16.916667,71.608333,2016-09-10 05:37:00
2016-09-10_0624.dat,-8.318333,41.175,2016-09-10 06:24:00
2016-09-10_0629.dat,16.736667,71.655,2016-09-10 06:29:00
2016-09-10_0640.dat,11.833333,45.183333,2016-09-10 06:40:00
2016-09-10_0854.dat,17.091667,71.525,2016-09-10 08:54:00
2016-09-10_0859.dat,17.091667,71.525,2016-09-10 08:59:00
2016-09-10_0906.dat,17.098333,71.525,2016-09-10 09:06:00
2016-09-10_0918.dat,8.84,41.485,2016-09-10 09:18:00
2016-09-10_1213.dat,17.941667,71.845,2016-09-10 12:13:00
2016-09-10_2346.dat,-10.971667,42.35,2016-09-10 23:46:00
2016-09-11_0631.dat,-12.238333,42.15,2016-09-11 06:31:00
2016-09-11_0703.dat,13.1,49.35,2016-09-11 07:03:00
2016-09-11_0905.dat,13.16,73.868333,2016-09-11 09:05:00
2016-09-11_1006.dat,13.461667,73.741667,2016-09-11 10:06:00
2016-09-11_1216.dat,12.908333,42.16,2016-09-11 12:16:00
2016-09-11_1545.dat,14.851667,73.380833,2016-09-11 15:45:00
2016-09-11_1818.dat,-13.755,42.036667,2016-09-11 18:18:00
2016-09-12_0517.dat,17.47,72.685,2016-09-12 05:17:00
2016-09-12_0647.dat,-16.183333,40.866667,2016-09-12 06:47:00
2016-09-12_0702.dat,16.283333,53.533333,2016-09-12 07:02:00
2016-09-12_1224.dat,-16.901667,40.521667,2016-09-12 12:24:00
2016-09-12_1352.dat,15.7,72.966667,2016-09-12 13:52:00
2016-09-12_1400.dat,15.7,72.966667,2016-09-12 14:00:00
2016-09-12_1741.dat,-17.85,40.08,2016-09-12 17:41:00
2016-09-13_0633.dat,-20.083333,38.87,2016-09-13 06:33:00
2016-09-13_0656.dat,14.15,50.883333,2016-09-13 06:56:00
2016-09-13_0734.dat,12.406667,74.426667,2016-09-13 07:34:00
2016-09-13_1744.dat,-22.005,37.825,2016-09-13 17:44:00
2016-09-14_0639.dat,-24.055,36.673333,2016-09-14 06:39:00
2016-09-14_0642.dat,-24.055,36.673333,2016-09-14 06:42:00
2016-09-14_1813.dat,12.915,74.011667,2016-09-14 18:13:00
2016-09-14_2338.dat,12.866667,48.716667,2016-09-14 23:38:00
2016-09-15_0547.dat,17.393333,83.641667,2016-09-15 05:47:00
2016-09-15_0611.dat,17.341667,83.475,2016-09-15 06:11:00
2016-09-15_0616.dat,17.328333,83.496667,2016-09-15 06:16:00
2016-09-15_0623.dat,11.853333,74.885,2016-09-15 06:23:00
2016-09-15_0655.dat,13.283333,49.933333,2016-09-15 06:55:00
2016-09-15_0915.dat,-23.55,36.966667,2016-09-15 09:15:00
2016-09-15_1700.dat,12.013333,74.994833,2016-09-15 17:00:00
2016-09-15_1745.dat,-24.731667,36.018333,2016-09-15 17:45:00
2016-09-15_2341.dat,-24.9,36.9,2016-09-15 23:41:00
2016-09-16_0601.dat,14.453333,73.573333,2016-09-16 06:01:00
2016-09-16_0719.dat,-23.95,36.45,2016-09-16 07:19:00
2016-09-16_1221.dat,14.5,52.783333,2016-09-16 12:21:00
2016-09-16_1411.dat,13.086667,81.775,2016-09-16 14:11:00
2016-09-16_1839.dat,-25.6,36.74,2016-09-16 18:39:00
2016-09-17_1212.dat,13.366667,48.633333,2016-09-17 12:12:00
2016-09-17_1737.dat,16.751667,83.533333,2016-09-17 17:37:00
2016-09-17_1844.dat,16.815,83.526667,2016-09-17 18:44:00
2016-09-17_2027.dat,17.471667,83.936667,2016-09-17 20:27:00
2016-09-17_2327.dat,17.041667,83.406667,2016-09-17 23:27:00
2016-09-18_0634.dat,17.083333,83.603333,2016-09-18 06:34:00
2016-09-18_0704.dat,11.816667,44.3,2016-09-18 07:04:00
2016-09-18_1600.dat,17.346667,83.485,2016-09-18 16:00:00
2016-09-18_1928.dat,17.501667,83.843333,2016-09-18 19:28:00
2016-09-18_2210.dat,17.473333,83.873333,2016-09-18 22:10:00
2016-09-19_0536.dat,17.27,83.371667,2016-09-19 05:36:00
2016-09-19_0834.dat,17.491667,83.923333,2016-09-19 08:34:00
2016-09-19_1341.dat,17.195,83.328333,2016-09-19 13:41:00
2016-09-19_1426.dat,-25.788333,33.183333,2016-09-19 14:26:00
2016-09-19_1933.dat,17.521667,83.986667,2016-09-19 19:33:00
2016-09-20_0432.dat,17.036667,83.516667,2016-09-20 04:32:00
2016-09-20_0545.dat,17.503333,83.961667,2016-09-20 05:45:00
2016-09-20_1448.dat,17.306667,83.476667,2016-09-20 14:48:00
2016-09-21_0541.dat,17.983333,71.863333,2016-09-21 05:41:00
2016-09-21_0612.dat,17.395,83.626667,2016-09-21 06:12:00
2016-09-21_0656.dat,13.016667,49.016667,2016-09-21 06:56:00
2016-09-21_1054.dat,17.29,71.511667,2016-09-21 10:54:00
2016-09-21_1212.dat,16.285,83.238333,2016-09-21 12:12:00
2016-09-22_0514.dat,17.115,71.648333,2016-09-22 05:14:00
2016-09-22_0522.dat,19.086667,86.086667,2016-09-22 05:22:00
2016-09-23_0430.dat,17.153333,71.576667,2016-09-23 04:30:00
2016-09-23_1759.dat,-29.068333,32.206667,2016-09-23 17:59:00
2016-09-23_1801.dat,12.516667,46.35,2016-09-23 18:01:00
2016-09-23_1836.dat,18.993333,86.463333,2016-09-23 18:36:00
2016-09-23_1843.dat,-27.121667,34.668333,2016-09-23 18:43:00
2016-09-23_2330.dat,-28.15,33.351667,2016-09-23 23:30:00
2016-09-24_1745.dat,-22.775,37.406667,2016-09-24 17:45:00
2016-09-24_2332.dat,12.066667,45.516667,2016-09-24 23:32:00
2016-09-24_2359.dat,-21.685,38.0,2016-09-24 23:59:00
2016-09-25_0629.dat,13.183333,49.466667,2016-09-25 06:29:00
2016-09-25_0631.dat,-20.026667,38.956667,2016-09-25 06:31:00
2016-09-25_1242.dat,-18.42,39.736667,2016-09-25 12:42:00
2016-09-26_0117.dat,-16.568333,40.913333,2016-09-26 01:17:00
2016-09-26_1814.dat,17.635,72.41,2016-09-26 18:14:00
2016-09-26_1817.dat,-12.37,42.588333,2016-09-26 18:17:00
2016-09-26_2213.dat,17.271667,72.543333,2016-09-26 22:13:00
2016-09-27_0010.dat,-10.818333,43.273333,2016-09-27 00:10:00
2016-09-27_0431.dat,16.838333,71.986667,2016-09-27 04:31:00
2016-09-27_0550.dat,16.976667,72.175,2016-09-27 05:50:00
2016-09-27_0559.dat,-9.425,43.87,2016-09-27 05:59:00
2016-09-27_0608.dat,10.281667,73.096667,2016-09-27 06:08:00
2016-09-27_0746.dat,16.885,72.041667,2016-09-27 07:46:00
2016-09-27_0814.dat,16.886667,72.041667,2016-09-27 08:14:00
2016-09-27_0842.dat,16.893333,71.951667,2016-09-27 08:42:00
2016-09-27_0923.dat,16.955,71.875,2016-09-27 09:23:00
2016-09-27_1125.dat,17.0,71.0,2016-09-27 11:25:00
2016-09-27_1206.dat,-8.008333,44.773333,2016-09-27 12:06:00
2016-09-28_0441.dat,16.758333,71.955,2016-09-28 04:41:00
2016-09-28_0555.dat,16.91,71.866667,2016-09-28 05:55:00
2016-09-28_0623.dat,16.878333,71.885,2016-09-28 06:23:00
2016-09-28_0624.dat,16.878333,71.885,2016-09-28 06:24:00
2016-09-28_0638.dat,14.968333,73.0055,2016-09-28 06:38:00
2016-09-28_0656.dat,16.891667,71.876667,2016-09-28 06:56:00
2016-09-28_0744.dat,16.941667,71.818333,2016-09-28 07:44:00
2016-09-28_1738.dat,-1.73,50.791667,2016-09-28 17:38:00
2016-09-28_2359.dat,-0.601667,51.963333,2016-09-28 23:59:00
2016-09-29_0621.dat,15.486667,71.666667,2016-09-29 06:21:00
2016-09-29_0703.dat,0.631667,53.243333,2016-09-29 07:03:00
2016-09-29_1231.dat,14.913333,54.416667,2016-09-29 12:31:00
2016-09-29_1239.dat,14.913333,54.416667,2016-09-29 12:39:00
2016-09-29_1640.dat,16.906667,71.266667,2016-09-29 16:40:00
2016-09-30_0733.dat,19.0,71.0,2016-09-30 07:33:00
2016-09-30_1207.dat,7.998333,60.78,2016-09-30 12:07:00
2016-09-30_1656.dat,19.0,71.0,2016-09-30 16:56:00
2016-09-30_1741.dat,7.183333,50.85,2016-09-30 17:41:00
2016-10-01_0004.dat,3.566667,63.39,2016-10-01 00:04:00
2016-10-01_0559.dat,19.0,71.0,2016-10-01 05:59:00
2016-10-01_1139.dat,9.82,75.735,2016-10-01 11:39:00
2016-10-01_1847.dat,19.0,71.0,2016-10-01 18:47:00
2016-10-02_0533.dat,20.205,63.241667,2016-10-02 05:33:00
2016-10-03_0547.dat,21.728333,67.878333,2016-10-03 05:47:00
2016-10-04_0526.dat,21.163333,67.218333,2016-10-04 05:26:00
2016-10-04_0536.dat,21.163333,67.218333,2016-10-04 05:36:00
2016-10-04_0543.dat,15.47,73.15,2016-10-04 05:43:00
2016-10-04_1228.dat,14.133333,73.636667,2016-10-04 12:28:00
2016-10-04_1920.dat,12.936667,73.765,2016-10-04 19:20:00
2016-10-05_0417.dat,17.478333,83.9,2016-10-05 04:17:00
2016-10-05_0533.dat,21.548333,68.261667,2016-10-05 05:33:00
2016-10-05_0636.dat,17.563333,83.891667,2016-10-05 06:36:00
2016-10-06_0133.dat,21.396667,67.195,2016-10-06 01:33:00
2016-10-06_0535.dat,21.07,67.755,2016-10-06 05:35:00
2016-10-06_1154.dat,10.808333,72.398333,2016-10-06 11:54:00
2016-10-06_1905.dat,9.338333,72.655,2016-10-06 19:05:00
2016-10-06_2343.dat,15.895,82.37,2016-10-06 23:43:00
2016-10-06_2354.dat,15.841667,82.341667,2016-10-06 23:54:00
2016-10-07_0544.dat,14.808333,81.620333,2016-10-07 05:44:00
2016-10-07_0553.dat,21.338333,67.855,2016-10-07 05:53:00
2016-10-07_1051.dat,7.6,74.821667,2016-10-07 10:51:00
2016-10-07_1210.dat,13.616667,80.776667,2016-10-07 12:10:00
2016-10-07_1748.dat,7.545,75.355,2016-10-07 17:48:00
2016-10-07_2126.dat,7.711667,74.853333,2016-10-07 21:26:00
2016-10-08_0534.dat,20.515,67.665,2016-10-08 05:34:00
2016-10-08_0624.dat,8.208333,73.246667,2016-10-08 06:24:00
2016-10-08_1255.dat,8.335333,73.153167,2016-10-08 12:55:00
2016-10-08_1839.dat,8.848333,74.1,2016-10-08 18:39:00
2016-10-09_0702.dat,20.138333,68.061667,2016-10-09 07:02:00
2016-10-13_1652.dat,21.95,67.602833,2016-10-13 16:52:00
2016-10-14_0559.dat,14.946667,73.638333,2016-10-14 05:59:00
2016-10-14_0622.dat,21.163333,68.19,2016-10-14 06:22:00
2016-10-14_0658.dat,11.983333,45.45,2016-10-14 06:58:00
2016-10-14_1832.dat,21.981667,66.746667,2016-10-14 18:32:00
2016-10-15_0528.dat,17.335,71.435,2016-10-15 05:28:00
2016-10-15_0530.dat,21.73,67.714167,2016-10-15 05:30:00
2016-10-15_0555.dat,14.693333,73.773333,2016-10-15 05:55:00
2016-10-16_0632.dat,21.451667,68.168333,2016-10-16 06:32:00
2016-10-16_1827.dat,21.281667,67.175,2016-10-16 18:27:00
2016-10-17_0647.dat,21.94,67.488333,2016-10-17 06:47:00
2016-10-17_1153.dat,2.25,69.883333,2016-10-17 11:53:00
2016-10-17_1723.dat,21.675,67.722,2016-10-17 17:23:00
2016-10-17_1731.dat,21.675,67.722,2016-10-17 17:31:00
2016-10-17_1741.dat,20.416667,69.533333,2016-10-17 17:41:00
2016-10-17_2248.dat,19.453333,70.433333,2016-10-17 22:48:00
2016-10-18_0537.dat,17.558333,71.118333,2016-10-18 05:37:00
2016-10-18_0632.dat,21.596667,67.335,2016-10-18 06:32:00
2016-10-18_0649.dat,17.668333,70.983333,2016-10-18 06:49:00
2016-10-18_0709.dat,17.606667,71.035,2016-10-18 07:09:00
2016-10-18_0749.dat,17.443333,70.975,2016-10-18 07:49:00
2016-10-18_0845.dat,17.593333,71.043333,2016-10-18 08:45:00
2016-10-18_0946.dat,17.476667,70.958333,2016-10-18 09:46:00
2016-10-18_1232.dat,18.0,72.0,2016-10-18 12:32:00
2016-10-18_1757.dat,20.955,68.518833,2016-10-18 17:57:00
2016-10-18_1825.dat,18.0,72.0,2016-10-18 18:25:00
2016-10-18_1936.dat,17.38,83.356667,2016-10-18 19:36:00
2016-10-18_2052.dat,17.74,83.363333,2016-10-18 20:52:00
2016-10-18_2116.dat,17.293333,83.576667,2016-10-18 21:16:00
2016-10-18_2117.dat,17.301667,83.401667,2016-10-18 21:17:00
2016-10-18_2148.dat,17.078333,83.34,2016-10-18 21:48:00
2016-10-18_2346.dat,11.718333,80.271667,2016-10-18 23:46:00
2016-10-19_0553.dat,15.601667,84.07,2016-10-19 05:53:00
2016-10-19_1812.dat,16.103333,83.756667,2016-10-19 18:12:00
2016-10-19_1905.dat,16.401667,83.72,2016-10-19 19:05:00
2016-10-19_2018.dat,16.525,83.586667,2016-10-19 20:18:00
2016-10-19_2028.dat,16.631667,83.52,2016-10-19 20:28:00
2016-10-19_2042.dat,16.66,83.48,2016-10-19 20:42:00
2016-10-19_2043.dat,17.5,83.563333,2016-10-19 20:43:00
2016-10-20_0035.dat,17.056667,83.591667,2016-10-20 00:35:00
2016-10-20_0920.dat,17.601667,83.938333,2016-10-20 09:20:00
2016-10-21_0804.dat,17.625,83.871667,2016-10-21 08:04:00
2016-10-23_0914.dat,21.8,67.626667,2016-10-23 09:14:00
2016-10-24_0455.dat,21.856667,67.643333,2016-10-24 04:55:00
2016-10-24_1639.dat,10.881667,80.3715,2016-10-24 16:39:00
2016-10-24_1744.dat,21.863333,67.171667,2016-10-24 17:44:00
2016-10-25_0307.dat,16.541667,72.475,2016-10-25 03:07:00
2016-10-25_0552.dat,13.528333,81.505,2016-10-25 05:52:00
2016-10-25_1750.dat,15.663333,82.421667,2016-10-25 17:50:00
2016-10-25_2347.dat,16.658333,82.903333,2016-10-25 23:47:00
2016-10-26_0540.dat,19.29,70.638333,2016-10-26 05:40:00
2016-10-26_1203.dat,7.701667,96.005,2016-10-26 12:03:00
2016-10-26_1803.dat,7.718333,96.951667,2016-10-26 18:03:00
2016-10-27_0622.dat,16.966667,72.75,2016-10-27 06:22:00
2016-10-27_1801.dat,14.93,73.758333,2016-10-27 18:01:00
2016-10-31_1737.dat,18.89,71.613333,2016-10-31 17:37:00
2016-11-01_0008.dat,8.418333,96.775,2016-11-01 00:08:00
2016-11-01_0617.dat,9.67,96.403333,2016-11-01 06:17:00
2016-11-01_1212.dat,10.845,96.328333,2016-11-01 12:12:00
2016-11-02_1740.dat,21.745,68.24,2016-11-02 17:40:00
2016-11-03_0431.dat,17.413333,83.575,2016-11-03 04:31:00
2016-11-03_0507.dat,20.913333,68.496667,2016-11-03 05:07:00
2016-11-03_0513.dat,16.35,72.306667,2016-11-03 05:13:00
2016-11-03_1148.dat,16.521667,70.36,2016-11-03 11:48:00
2016-11-03_1323.dat,17.405,83.3,2016-11-03 13:23:00
2016-11-03_1711.dat,16.23,70.605,2016-11-03 17:11:00
2016-11-03_1744.dat,16.0,72.305,2016-11-03 17:44:00
2016-11-03_2249.dat,16.47,70.338333,2016-11-03 22:49:00
2016-11-04_0514.dat,14.978333,71.446667,2016-11-04 05:14:00
2016-11-04_0517.dat,15.713333,71.471667,2016-11-04 05:17:00
2016-11-04_0531.dat,15.693333,71.441667,2016-11-04 05:31:00
2016-11-04_0639.dat,15.253333,83.575,2016-11-04 06:39:00
2016-11-04_1129.dat,15.07,71.456667,2016-11-04 11:29:00
2016-11-04_1133.dat,15.07,71.456667,2016-11-04 11:33:00
2016-11-04_1144.dat,15.07,71.458,2016-11-04 11:44:00
2016-11-04_1208.dat,16.086667,84.135,2016-11-04 12:08:00
2016-11-04_1338.dat,16.878333,70.115,2016-11-04 13:38:00
2016-11-04_1708.dat,15.01,70.748333,2016-11-04 17:08:00
2016-11-04_1732.dat,14.53,71.016667,2016-11-04 17:32:00
2016-11-04_2319.dat,14.916667,71.636667,2016-11-04 23:19:00
2016-11-04_2327.dat,14.916667,71.636667,2016-11-04 23:27:00
2016-11-05_0527.dat,15.29,70.728333,2016-11-05 05:27:00
2016-11-05_0544.dat,15.29,70.728333,2016-11-05 05:44:00
2016-11-05_0600.dat,15.31,70.736667,2016-11-05 06:00:00
2016-11-05_0615.dat,17.033333,71.751667,2016-11-05 06:15:00
2016-11-05_1106.dat,17.005,71.488333,2016-11-05 11:06:00
2016-11-07_1728.dat,18.195,68.77,2016-11-07 17:28:00
2016-11-07_1750.dat,17.458333,83.458333,2016-11-07 17:50:00
2016-11-07_1900.dat,17.115,83.46,2016-11-07 19:00:00
2016-11-07_1905.dat,21.576667,69.136667,2016-11-07 19:05:00
2016-11-07_1934.dat,18.933333,70.866667,2016-11-07 19:34:00
2016-11-07_2005.dat,20.905,69.594167,2016-11-07 20:05:00
2016-11-07_2120.dat,20.0,70.0,2016-11-07 21:20:00
2016-11-08_0000.dat,14.571667,93.081667,2016-11-08 00:00:00
2016-11-08_0057.dat,20.0,70.0,2016-11-08 00:57:00
2016-11-08_0506.dat,17.146667,83.661667,2016-11-08 05:06:00
2016-11-08_0545.dat,20.043333,69.939667,2016-11-08 05:45:00
2016-11-08_0606.dat,15.34,92.606667,2016-11-08 06:06:00
2016-11-08_0641.dat,20.0,71.0,2016-11-08 06:41:00
2016-11-08_0842.dat,19.533333,72.333333,2016-11-08 08:42:00
2016-11-08_1156.dat,16.01,92.371667,2016-11-08 11:56:00
2016-11-08_1251.dat,19.633333,70.216667,2016-11-08 12:51:00
2016-11-08_1301.dat,20.0,70.0,2016-11-08 13:01:00
2016-11-08_1339.dat,18.983333,70.45,2016-11-08 13:39:00
2016-11-08_1435.dat,22.486667,67.796667,2016-11-08 14:35:00
2016-11-08_1735.dat,19.33,69.796,2016-11-08 17:35:00
2016-11-08_1745.dat,17.9,67.953333,2016-11-08 17:45:00
2016-11-08_1756.dat,22.016667,67.78,2016-11-08 17:56:00
2016-11-08_1759.dat,15.686667,92.516667,2016-11-08 17:59:00
2016-11-08_1801.dat,20.0,71.0,2016-11-08 18:01:00
2016-11-08_1934.dat,19.1,70.383333,2016-11-08 19:34:00
2016-11-08_2027.dat,16.72,82.99,2016-11-08 20:27:00
2016-11-08_2331.dat,16.086667,82.688333,2016-11-08 23:31:00
2016-11-08_2339.dat,16.72,92.263333,2016-11-08 23:39:00
2016-11-08_2340.dat,19.2,70.3,2016-11-08 23:40:00
2016-11-09_0035.dat,20.0,71.0,2016-11-09 00:35:00
2016-11-09_0513.dat,22.368333,68.108333,2016-11-09 05:13:00
2016-11-09_0518.dat,21.8,67.116667,2016-11-09 05:18:00
2016-11-09_0610.dat,17.743333,91.916667,2016-11-09 06:10:00
2016-11-09_0617.dat,20.0,70.0,2016-11-09 06:17:00
2016-11-09_0621.dat,18.413333,68.9235,2016-11-09 06:21:00
2016-11-09_0630.dat,20.0,70.0,2016-11-09 06:30:00
2016-11-09_0654.dat,19.3,70.35,2016-11-09 06:54:00
2016-11-09_0731.dat,16.375,67.856667,2016-11-09 07:31:00
2016-11-09_0835.dat,17.655,83.876667,2016-11-09 08:35:00
2016-11-09_1131.dat,13.253333,81.438333,2016-11-09 11:31:00
2016-11-09_1205.dat,19.533333,70.4,2016-11-09 12:05:00
2016-11-09_1210.dat,18.618333,91.766667,2016-11-09 12:10:00
2016-11-09_1255.dat,20.0,71.0,2016-11-09 12:55:00
2016-11-09_1335.dat,22.111667,67.963333,2016-11-09 13:35:00
2016-11-09_1722.dat,12.118333,80.986667,2016-11-09 17:22:00
2016-11-09_1745.dat,17.321667,70.026833,2016-11-09 17:45:00
2016-11-09_1755.dat,15.475,67.868333,2016-11-09 17:55:00
2016-11-09_1802.dat,19.473333,91.411667,2016-11-09 18:02:00
2016-11-09_1927.dat,18.35,71.0,2016-11-09 19:27:00
2016-11-09_2118.dat,21.425,67.833333,2016-11-09 21:18:00
2016-11-09_2319.dat,11.018333,80.886667,2016-11-09 23:19:00
2016-11-10_0009.dat,18.2,71.233333,2016-11-10 00:09:00
2016-11-10_0045.dat,18.0,72.0,2016-11-10 00:45:00
2016-11-10_0529.dat,21.35,66.983333,2016-11-10 05:29:00
2016-11-10_0535.dat,21.35,66.983333,2016-11-10 05:35:00
2016-11-10_0631.dat,17.313333,69.851667,2016-11-10 06:31:00
2016-11-10_0644.dat,22.286667,67.428333,2016-11-10 06:44:00
2016-11-10_0655.dat,18.433333,71.35,2016-11-10 06:55:00
2016-11-10_0834.dat,21.956667,66.99,2016-11-10 08:34:00
2016-11-10_0940.dat,22.0,67.151667,2016-11-10 09:40:00
2016-11-10_0956.dat,22.0,67.151667,2016-11-10 09:56:00
2016-11-10_1155.dat,20.058333,90.778333,2016-11-10 11:55:00
2016-11-10_1235.dat,18.05,70.916667,2016-11-10 12:35:00
2016-11-10_1303.dat,17.0,71.0,2016-11-10 13:03:00
2016-11-10_1750.dat,20.026667,90.895,2016-11-10 17:50:00
2016-11-10_1809.dat,22.235,67.933333,2016-11-10 18:09:00
2016-11-10_1819.dat,15.481667,73.123333,2016-11-10 18:19:00
2016-11-10_1916.dat,21.056667,67.091667,2016-11-10 19:16:00
2016-11-11_0518.dat,21.746667,68.536667,2016-11-11 05:18:00
2016-11-11_1747.dat,19.418333,86.19,2016-11-11 17:47:00
2016-11-12_0540.dat,19.056667,85.65,2016-11-12 05:40:00
2016-11-12_0803.dat,17.603333,83.983333,2016-11-12 08:03:00
2016-11-12_1258.dat,17.265,83.675,2016-11-12 12:58:00
2016-11-12_1343.dat,17.253333,83.523333,2016-11-12 13:43:00
2016-11-12_1630.dat,17.145,83.646667,2016-11-12 16:30:00
2016-11-12_1632.dat,17.113333,83.433333,2016-11-12 16:32:00
2016-11-12_1640.dat,17.298333,83.641667,2016-11-12 16:40:00
2016-11-13_0510.dat,21.556667,67.803333,2016-11-13 05:10:00
2016-11-13_0532.dat,16.643333,83.396667,2016-11-13 05:32:00
2016-11-13_0537.dat,16.611667,83.35,2016-11-13 05:37:00
2016-11-13_0603.dat,16.763333,83.39,2016-11-13 06:03:00
2016-11-13_0726.dat,16.888333,83.34,2016-11-13 07:26:00
2016-11-13_0729.dat,16.895,83.405,2016-11-13 07:29:00
2016-11-13_0819.dat,21.566667,67.466667,2016-11-13 08:19:00
2016-11-13_0835.dat,16.928333,83.393333,2016-11-13 08:35:00
2016-11-13_0846.dat,17.03,83.451667,2016-11-13 08:46:00
2016-11-13_1224.dat,17.15,83.6,2016-11-13 12:24:00
2016-11-13_1502.dat,17.125,83.588333,2016-11-13 15:02:00
2016-11-13_1512.dat,17.186667,83.605,2016-11-13 15:12:00
2016-11-13_1540.dat,17.143333,83.573333,2016-11-13 15:40:00
2016-11-13_2347.dat,16.635,84.001667,2016-11-13 23:47:00
2016-11-14_0521.dat,16.471667,84.066667,2016-11-14 05:21:00
2016-11-14_0550.dat,21.15,67.733333,2016-11-14 05:50:00
2016-11-14_0600.dat,16.141667,85.073333,2016-11-14 06:00:00
2016-11-14_0650.dat,16.773333,84.015,2016-11-14 06:50:00
2016-11-14_0656.dat,16.82,83.966667,2016-11-14 06:56:00
2016-11-14_1146.dat,16.093333,86.618333,2016-11-14 11:46:00
2016-11-15_0608.dat,17.191667,86.051667,2016-11-15 06:08:00
2016-11-15_1256.dat,19.973333,69.465,2016-11-15 12:56:00
2016-11-15_1743.dat,18.01,85.521667,2016-11-15 17:43:00
2016-11-15_2014.dat,17.118333,83.388333,2016-11-15 20:14:00
2016-11-15_2310.dat,17.308333,84.923333,2016-11-15 23:10:00
2016-11-16_0028.dat,21.583333,67.933333,2016-11-16 00:28:00
2016-11-16_0411.dat,17.168333,83.518333,2016-11-16 04:11:00
2016-11-16_0453.dat,17.168333,83.698333,2016-11-16 04:53:00
2016-11-16_0612.dat,18.911667,90.13,2016-11-16 06:12:00
2016-11-16_0613.dat,17.121667,83.515,2016-11-16 06:13:00
2016-11-16_1131.dat,17.581667,83.741667,2016-11-16 11:31:00
2016-11-16_1748.dat,17.588333,84.27,2016-11-16 17:48:00
2016-11-16_2318.dat,17.126667,83.626667,2016-11-16 23:18:00
2016-11-17_0536.dat,11.621667,80.263333,2016-11-17 05:36:00
2016-11-17_1730.dat,21.483333,67.485,2016-11-17 17:30:00
2016-11-18_1444.dat,17.505,83.95,2016-11-18 14:44:00
2016-11-18_1834.dat,21.823333,67.716667,2016-11-18 18:34:00
2016-11-18_2327.dat,11.935,80.285,2016-11-18 23:27:00
2016-11-19_1817.dat,21.788333,67.36,2016-11-19 18:17:00
2016-11-20_1224.dat,18.478333,70.326667,2016-11-20 12:24:00
2016-11-21_1149.dat,18.411667,70.366667,2016-11-21 11:49:00
2016-11-21_1308.dat,6.59,75.111667,2016-11-21 13:08:00
2016-11-21_1744.dat,6.893333,74.426667,2016-11-21 17:44:00
2016-11-22_0527.dat,20.153333,68.625,2016-11-22 05:27:00
2016-11-22_0612.dat,7.865,74.165,2016-11-22 06:12:00
2016-11-22_0906.dat,17.323333,83.476667,2016-11-22 09:06:00
2016-11-22_0927.dat,17.218333,83.408333,2016-11-22 09:27:00
2016-11-22_1135.dat,16.995,83.583333,2016-11-22 11:35:00
2016-11-22_1219.dat,8.276667,75.313333,2016-11-22 12:19:00
2016-11-22_1221.dat,20.543333,68.76,2016-11-22 12:21:00
2016-11-22_1641.dat,15.998333,83.903333,2016-11-22 16:41:00
2016-11-22_1721.dat,17.5,71.433333,2016-11-22 17:21:00
2016-11-22_1738.dat,17.5,71.433333,2016-11-22 17:38:00
2016-11-22_2004.dat,17.633333,71.466667,2016-11-22 20:04:00
2016-11-22_2257.dat,15.751667,83.678333,2016-11-22 22:57:00
2016-11-23_0520.dat,21.223333,68.481667,2016-11-23 05:20:00
2016-11-23_0534.dat,18.245,71.465,2016-11-23 05:34:00
2016-11-23_0536.dat,18.488333,70.3,2016-11-23 05:36:00
2016-11-23_0551.dat,18.0,77.343333,2016-11-23 05:51:00
2016-11-23_0617.dat,15.051667,84.431667,2016-11-23 06:17:00
2016-11-23_1625.dat,16.785,83.535,2016-11-23 16:25:00
2016-11-23_1640.dat,16.763333,83.643333,2016-11-23 16:40:00
2016-11-23_1652.dat,16.781667,83.7,2016-11-23 16:52:00
2016-11-23_1723.dat,16.781667,83.7,2016-11-23 17:23:00
2016-11-23_1753.dat,21.101667,67.818333,2016-11-23 17:53:00
2016-11-23_1837.dat,17.933333,70.9,2016-11-23 18:37:00
2016-11-23_1908.dat,17.035,83.478333,2016-11-23 19:08:00
2016-11-23_2101.dat,17.161667,83.335,2016-11-23 21:01:00
2016-11-24_0525.dat,18.878333,70.113333,2016-11-24 05:25:00
2016-11-24_0540.dat,21.481667,68.091667,2016-11-24 05:40:00
2016-11-24_0547.dat,17.56,70.803333,2016-11-24 05:47:00
2016-11-24_0548.dat,16.936667,83.696667,2016-11-24 05:48:00
2016-11-24_1515.dat,10.866667,80.366667,2016-11-24 15:15:00
2016-11-24_1734.dat,11.291667,80.558333,2016-11-24 17:34:00
2016-11-24_1741.dat,18.555,71.451667,2016-11-24 17:41:00
2016-11-24_2322.dat,12.361667,81.035,2016-11-24 23:22:00
2016-11-25_0528.dat,13.58,83.566667,2016-11-25 05:28:00
2016-11-25_0624.dat,10.553333,72.835,2016-11-25 06:24:00
2016-11-25_1130.dat,14.758333,82.108333,2016-11-25 11:30:00
2016-11-25_1317.dat,10.878333,72.946667,2016-11-25 13:17:00
2016-11-25_1724.dat,15.791667,82.57,2016-11-25 17:24:00
2016-11-25_1728.dat,22.15,67.821667,2016-11-25 17:28:00
2016-11-25_1815.dat,10.615,72.571667,2016-11-25 18:15:00
2016-11-25_2336.dat,16.725,82.963333,2016-11-25 23:36:00
2016-11-26_0554.dat,22.478333,67.348333,2016-11-26 05:54:00
2016-11-26_0601.dat,8.538333,72.925,2016-11-26 06:01:00
2016-11-26_0848.dat,18.981667,69.278333,2016-11-26 08:48:00
2016-11-26_1209.dat,8.406667,72.881667,2016-11-26 12:09:00
2016-11-26_1726.dat,21.865,67.851667,2016-11-26 17:26:00
2016-11-26_1805.dat,8.396667,73.068333,2016-11-26 18:05:00
2016-11-27_0540.dat,19.166667,68.95,2016-11-27 05:40:00
2016-11-27_0554.dat,21.258333,67.46,2016-11-27 05:54:00
2016-11-27_0655.dat,10.676667,72.291667,2016-11-27 06:55:00
2016-11-27_0705.dat,10.676667,72.291667,2016-11-27 07:05:00
2016-11-27_1157.dat,10.74,72.615,2016-11-27 11:57:00
2016-11-28_0533.dat,18.78,69.576667,2016-11-28 05:33:00
2016-11-28_0614.dat,21.446667,67.473333,2016-11-28 06:14:00
2016-11-28_1149.dat,10.701667,73.043333,2016-11-28 11:49:00
2016-11-28_1554.dat,18.468333,70.711667,2016-11-28 15:54:00
2016-11-28_1857.dat,18.33,70.895,2016-11-28 18:57:00
2016-11-29_0530.dat,21.31,67.411667,2016-11-29 05:30:00
2016-11-30_0857.dat,19.173333,69.146667,2016-11-30 08:57:00
2016-12-01_1727.dat,18.86,69.701667,2016-12-01 17:27:00
2016-12-01_1756.dat,20.495,68.871667,2016-12-01 17:56:00
2016-12-02_0631.dat,21.921667,67.356667,2016-12-02 06:31:00
2016-12-02_1137.dat,17.545,83.726667,2016-12-02 11:37:00
2016-12-03_0631.dat,21.973333,67.646667,2016-12-03 06:31:00
2016-12-03_1838.dat,21.521667,67.066667,2016-12-03 18:38:00
2016-12-04_0912.dat,21.92,67.606667,2016-12-04 09:12:00
2016-12-04_1820.dat,21.185,67.338333,2016-12-04 18:20:00
2016-12-04_2218.dat,17.28,83.401667,2016-12-04 22:18:00
2016-12-05_0317.dat,17.313333,83.551667,2016-12-05 03:17:00
2016-12-05_0624.dat,21.763333,67.08,2016-12-05 06:24:00
2016-12-05_1017.dat,17.085,83.32,2016-12-05 10:17:00
2016-12-06_0650.dat,20.966667,67.65,2016-12-06 06:50:00
2016-12-07_0602.dat,21.63,67.681667,2016-12-07 06:02:00
2016-12-09_0538.dat,17.17,72.84,2016-12-09 05:38:00
2016-12-12_0703.dat,8.446167,73.302667,2016-12-12 07:03:00
2016-12-12_1219.dat,8.431667,73.078333,2016-12-12 12:19:00
2016-12-12_1831.dat,10.441667,72.68,2016-12-12 18:31:00
2016-12-13_0453.dat,16.995,71.301667,2016-12-13 04:53:00
2016-12-13_0514.dat,17.333333,71.45,2016-12-13 05:14:00
2016-12-13_0547.dat,17.566667,71.75,2016-12-13 05:47:00
2016-12-13_0810.dat,17.171667,71.556667,2016-12-13 08:10:00
2016-12-13_0931.dat,17.08,71.563333,2016-12-13 09:31:00
2016-12-13_1002.dat,16.666667,71.6,2016-12-13 10:02:00
2016-12-13_1354.dat,17.228333,71.526667,2016-12-13 13:54:00
2016-12-13_1836.dat,10.808333,73.638333,2016-12-13 18:36:00
2016-12-13_2318.dat,15.456667,72.425,2016-12-13 23:18:00
2016-12-14_0431.dat,17.063333,71.481667,2016-12-14 04:31:00
2016-12-14_0454.dat,14.766667,72.75,2016-12-14 04:54:00
2016-12-14_0807.dat,17.19,83.401667,2016-12-14 08:07:00
2016-12-14_0907.dat,17.123333,83.443333,2016-12-14 09:07:00
2016-12-14_1109.dat,14.266667,73.833333,2016-12-14 11:09:00
2016-12-14_1312.dat,10.098333,75.723333,2016-12-14 13:12:00
2016-12-14_1622.dat,18.266667,84.571667,2016-12-14 16:22:00
2016-12-14_1849.dat,17.01,71.643333,2016-12-14 18:49:00
2016-12-15_0448.dat,14.638333,72.815,2016-12-15 04:48:00
2016-12-15_0543.dat,17.588333,83.825,2016-12-15 05:43:00
2016-12-15_1719.dat,14.606667,73.258333,2016-12-15 17:19:00
2016-12-15_2306.dat,14.133333,72.515,2016-12-15 23:06:00
2016-12-16_0506.dat,14.916667,72.466667,2016-12-16 05:06:00
2016-12-16_1141.dat,17.453333,83.516667,2016-12-16 11:41:00
2016-12-16_1233.dat,17.243333,83.376667,2016-12-16 12:33:00
2016-12-16_1239.dat,17.175,83.486667,2016-12-16 12:39:00
2016-12-16_1701.dat,16.326667,82.958333,2016-12-16 17:01:00
2016-12-16_2307.dat,15.161667,82.103333,2016-12-16 23:07:00
2016-12-17_0519.dat,13.896667,80.955,2016-12-17 05:19:00
2016-12-17_0602.dat,18.496667,85.51,2016-12-17 06:02:00
2016-12-17_1846.dat,13.32,84.27,2016-12-17 18:46:00
2016-12-18_1244.dat,13.218333,80.51,2016-12-18 12:44:00
2016-12-18_1500.dat,9.403333,84.948333,2016-12-18 15:00:00
2016-12-19_0517.dat,20.145,69.211667,2016-12-19 05:17:00
2016-12-19_0518.dat,16.326667,82.958333,2016-12-19 05:18:00
2016-12-19_1243.dat,17.618333,83.616667,2016-12-19 12:43:00
2016-12-19_1604.dat,4.736667,85.748333,2016-12-19 16:04:00
2016-12-20_0456.dat,20.643333,67.931667,2016-12-20 04:56:00
2016-12-20_0551.dat,15.273333,83.951667,2016-12-20 05:51:00
2016-12-20_0647.dat,1.933333,86.226667,2016-12-20 06:47:00
2016-12-20_0814.dat,20.183333,68.6,2016-12-20 08:14:00
2016-12-20_1237.dat,15.951667,84.018333,2016-12-20 12:37:00
2016-12-20_1501.dat,16.183333,83.92,2016-12-20 15:01:00
2016-12-20_1536.dat,20.13,68.085,2016-12-20 15:36:00
2016-12-20_1540.dat,20.05,67.883333,2016-12-20 15:40:00
2016-12-20_1649.dat,16.255,84.71,2016-12-20 16:49:00
2016-12-20_1901.dat,13.178333,80.628333,2016-12-20 19:01:00
2016-12-21_0450.dat,20.055,68.205,2016-12-21 04:50:00
2016-12-21_0455.dat,20.055,68.205,2016-12-21 04:55:00
2016-12-21_0517.dat,16.318333,83.703333,2016-12-21 05:17:00
2016-12-21_0602.dat,14.556667,82.835,2016-12-21 06:02:00
2016-12-21_1215.dat,15.186667,83.995,2016-12-21 12:15:00
2016-12-21_1537.dat,20.116667,68.3,2016-12-21 15:37:00
2016-12-22_0827.dat,20.483333,68.4,2016-12-22 08:27:00
2016-12-22_1701.dat,20.033333,68.216667,2016-12-22 17:01:00
2016-12-23_0424.dat,17.228333,71.588333,2016-12-23 04:24:00
2016-12-23_0510.dat,17.131667,71.62,2016-12-23 05:10:00
2016-12-23_0603.dat,20.016667,68.25,2016-12-23 06:03:00
2016-12-23_0613.dat,17.126667,71.773333,2016-12-23 06:13:00
2016-12-23_0802.dat,17.1,71.626667,2016-12-23 08:02:00
2016-12-23_0813.dat,17.1,71.626833,2016-12-23 08:13:00
2016-12-23_1810.dat,-13.785,88.923333,2016-12-23 18:10:00
2016-12-24_2251.dat,21.14,67.57,2016-12-24 22:51:00
2016-12-25_0524.dat,21.406667,67.033333,2016-12-25 05:24:00
2016-12-25_0810.dat,20.628333,90.145,2016-12-25 08:10:00
2016-12-25_1720.dat,-22.301667,90.448333,2016-12-25 17:20:00
2016-12-26_0644.dat,21.906667,67.525,2016-12-26 06:44:00
2016-12-26_2004.dat,17.193333,83.416667,2016-12-26 20:04:00
2016-12-26_2338.dat,17.148333,83.365,2016-12-26 23:38:00
2016-12-27_0449.dat,17.205,83.538333,2016-12-27 04:49:00
2016-12-27_0611.dat,17.206667,83.498333,2016-12-27 06:11:00
2016-12-27_0631.dat,8.238333,72.653333,2016-12-27 06:31:00
2016-12-27_0805.dat,17.046667,83.38,2016-12-27 08:05:00
2016-12-27_1221.dat,17.108333,83.46,2016-12-27 12:21:00
2016-12-28_0708.dat,8.383333,72.875,2016-12-28 07:08:00
2016-12-28_1638.dat,-14.318333,89.946667,2016-12-28 16:38:00
2016-12-29_0546.dat,17.34,72.328333,2016-12-29 05:46:00
2016-12-29_0643.dat,8.368333,72.886667,2016-12-29 06:43:00
2016-12-29_1527.dat,21.483333,67.516667,2016-12-29 15:27:00
2016-12-29_1613.dat,-10.146667,89.586667,2016-12-29 16:13:00
2016-12-30_0433.dat,17.39,83.55,2016-12-30 04:33:00
2016-12-30_1614.dat,-6.145,89.25,2016-12-30 16:14:00
2016-12-30_1733.dat,21.316667,67.025,2016-12-30 17:33:00
2016-12-31_1709.dat,20.998333,67.005,2016-12-31 17:09:00
2017-01-03_1715.dat,9.528333,86.315,2017-01-03 17:15:00
2017-01-12_0606.dat,15.638333,84.085,2017-01-12 06:06:00
2017-01-12_1136.dat,16.071667,83.546667,2017-01-12 11:36:00
2017-01-24_0545.dat,17.24,83.826667,2017-01-24 05:45:00
2017-01-24_1301.dat,15.026667,72.741667,2017-01-24 13:01:00
2017-01-24_1746.dat,11.883333,85.618333,2017-01-24 17:46:00
2017-01-27_0604.dat,8.393333,82.845,2017-01-27 06:04:00
2017-01-27_1126.dat,7.336667,82.8,2017-01-27 11:26:00
2017-01-27_1732.dat,6.233333,82.66,2017-01-27 17:32:00
2017-01-27_1734.dat,1.521667,90.561667,2017-01-27 17:34:00
2017-01-27_2028.dat,14.916667,72.698167,2017-01-27 20:28:00
2017-01-27_2032.dat,14.916667,72.763333,2017-01-27 20:32:00
2017-01-27_2304.dat,5.528333,81.695,2017-01-27 23:04:00
2017-01-28_1221.dat,6.15,78.9,2017-01-28 12:21:00
2017-01-28_1722.dat,6.75,78.001667,2017-01-28 17:22:00
2017-01-28_2247.dat,6.673333,77.79,2017-01-28 22:47:00
2017-01-29_0541.dat,7.638333,76.711667,2017-01-29 05:41:00
2017-01-29_1237.dat,8.226667,76.256667,2017-01-29 12:37:00
2017-01-29_1525.dat,14.203333,71.906667,2017-01-29 15:25:00
2017-01-29_1719.dat,14.968333,72.983333,2017-01-29 17:19:00
2017-01-29_1733.dat,8.773333,75.756667,2017-01-29 17:33:00
2017-01-29_2307.dat,9.623333,75.011667,2017-01-29 23:07:00
2017-01-29_2323.dat,17.991667,72.11,2017-01-29 23:23:00
2017-01-30_0539.dat,11.121667,74.711667,2017-01-30 05:39:00
2017-01-30_0652.dat,15.806667,72.151667,2017-01-30 06:52:00
2017-01-30_0657.dat,15.516667,71.95,2017-01-30 06:57:00
2017-01-31_0550.dat,14.515,73.181667,2017-01-31 05:50:00
2017-01-31_0911.dat,14.71,73.008333,2017-01-31 09:11:00
2017-01-31_0923.dat,14.71,73.008333,2017-01-31 09:23:00
2017-01-31_0938.dat,14.71,73.0095,2017-01-31 09:38:00
2017-01-31_1105.dat,14.818333,72.755,2017-01-31 11:05:00
2017-01-31_1125.dat,14.88,72.766667,2017-01-31 11:25:00
2017-01-31_1633.dat,14.903333,71.44,2017-01-31 16:33:00
2017-01-31_1738.dat,15.581667,72.228333,2017-01-31 17:38:00
2017-02-01_0514.dat,14.876667,72.681667,2017-02-01 05:14:00
2017-02-01_1134.dat,14.338333,73.01,2017-02-01 11:34:00
2017-02-01_1707.dat,14.82,73.215,2017-02-01 17:07:00
2017-02-01_1725.dat,-3.326667,91.216667,2017-02-01 17:25:00
2017-02-02_1724.dat,1.68,89.355,2017-02-02 17:24:00
2017-02-06_1030.dat,14.356667,71.625,2017-02-06 10:30:00
2017-02-06_1340.dat,15.49,72.618333,2017-02-06 13:40:00
2017-02-07_0523.dat,15.198333,72.995,2017-02-07 05:23:00
2017-02-13_1839.dat,8.615,76.305,2017-02-13 18:39:00
2017-02-15_1047.dat,11.97,75.196667,2017-02-15 10:47:00
2017-02-17_0647.dat,2.613333,75.5125,2017-02-17 06:47:00
2017-02-18_0930.dat,0.82,75.168333,2017-02-18 09:30:00
2017-02-19_0846.dat,5.025,76.991667,2017-02-19 08:46:00
2017-02-19_0902.dat,14.431667,66.246667,2017-02-19 09:02:00
2017-02-19_1548.dat,5.568333,84.285,2017-02-19 15:48:00
2017-02-19_1706.dat,7.321667,78.066667,2017-02-19 17:06:00
2017-02-21_0808.dat,9.995,72.11,2017-02-21 08:08:00
2017-02-21_1222.dat,16.865,64.986667,2017-02-21 12:22:00
2017-02-21_1224.dat,16.968333,65.101667,2017-02-21 12:24:00
2017-02-21_1640.dat,16.668333,66.155,2017-02-21 16:40:00
2017-02-21_2339.dat,16.28,67.91,2017-02-21 23:39:00
2017-02-22_0928.dat,17.105,70.77,2017-02-22 09:28:00
2017-02-24_0655.dat,16.005,70.436667,2017-02-24 06:55:00
2017-02-24_0801.dat,16.323333,70.275,2017-02-24 08:01:00
2017-02-24_0936.dat,15.95,70.538333,2017-02-24 09:36:00
2017-02-24_1208.dat,16.201667,70.46,2017-02-24 12:08:00
2017-02-27_0608.dat,16.22,20.935667,2017-02-27 06:08:00
2017-02-27_0613.dat,16.22,20.935667,2017-02-27 06:13:00
2017-02-27_0701.dat,16.983333,71.22,2017-02-27 07:01:00
2017-02-27_0947.dat,16.54,70.953333,2017-02-27 09:47:00
2017-02-27_0953.dat,16.356667,70.686667,2017-02-27 09:53:00
2017-02-27_1138.dat,16.341667,70.725,2017-02-27 11:38:00
2017-02-27_1144.dat,16.341667,70.725,2017-02-27 11:44:00
2017-02-27_1151.dat,16.303333,70.738333,2017-02-27 11:51:00
2017-02-27_1159.dat,16.288333,70.741667,2017-02-27 11:59:00
2017-02-27_1440.dat,16.036667,70.825,2017-02-27 14:40:00
2017-02-27_1808.dat,15.98,71.063333,2017-02-27 18:08:00
2017-02-28_0853.dat,17.571667,83.92,2017-02-28 08:53:00
2017-03-01_1815.dat,16.306667,70.05,2017-03-01 18:15:00
2017-03-01_1820.dat,16.306667,70.05,2017-03-01 18:20:00
2017-03-22_0541.dat,15.766667,72.416667,2017-03-22 05:41:00
2017-03-22_1135.dat,14.321667,72.656667,2017-03-22 11:35:00
2017-03-22_1747.dat,14.566667,72.233333,2017-03-22 17:47:00
2017-03-22_1803.dat,14.616667,72.2,2017-03-22 18:03:00
2017-03-24_0423.dat,16.078333,71.705,2017-03-24 04:23:00
2017-03-24_0810.dat,11.785,91.295,2017-03-24 08:10:00
2017-03-24_1131.dat,11.941667,90.991667,2017-03-24 11:31:00
2017-03-24_1717.dat,12.586667,89.973333,2017-03-24 17:17:00
2017-03-24_2248.dat,13.221667,88.913333,2017-03-24 22:48:00
2017-03-31_1811.dat,16.226667,84.426667,2017-03-31 18:11:00
2017-04-01_1335.dat,17.408333,83.791667,2017-04-01 13:35:00
2017-04-03_1152.dat,17.451667,83.388333,2017-04-03 11:52:00
2017-04-03_1411.dat,17.076667,83.325,2017-04-03 14:11:00
2017-04-03_1842.dat,17.111667,83.38,2017-04-03 18:42:00
2017-04-03_2257.dat,16.958333,83.155,2017-04-03 22:57:00
2017-04-04_0510.dat,17.18,83.42,2017-04-04 05:10:00
2017-04-04_1102.dat,17.033333,83.393333,2017-04-04 11:02:00
2017-04-04_1707.dat,17.053333,83.381667,2017-04-04 17:07:00
2017-04-04_2242.dat,17.153333,83.403333,2017-04-04 22:42:00
2017-04-05_0504.dat,17.218333,83.51,2017-04-05 05:04:00
2017-04-05_1050.dat,17.388333,83.663333,2017-04-05 10:50:00
2017-04-05_1635.dat,17.551667,83.853333,2017-04-05 16:35:00
2017-04-06_0645.dat,18.485,69.165,2017-04-06 06:45:00
2017-04-06_1828.dat,18.096667,66.513333,2017-04-06 18:28:00
2017-04-07_0631.dat,16.966667,62.833333,2017-04-07 06:31:00
2017-04-07_1953.dat,16.86,59.995,2017-04-07 19:53:00
2017-04-08_0547.dat,15.865,57.376667,2017-04-08 05:47:00
2017-04-08_1759.dat,14.461667,54.6,2017-04-08 17:59:00
2017-04-09_0635.dat,13.953333,51.68,2017-04-09 06:35:00
2017-04-09_0644.dat,13.953333,15.681333,2017-04-09 06:44:00
2017-04-09_0656.dat,13.953333,51.68,2017-04-09 06:56:00
2017-04-09_1143.dat,13.728333,51.118333,2017-04-09 11:43:00
2017-04-09_1813.dat,12.993333,49.325,2017-04-09 18:13:00
2017-04-10_0619.dat,11.703333,45.820333,2017-04-10 06:19:00
2017-04-10_1302.dat,12.183333,44.09,2017-04-10 13:02:00
2017-04-11_0720.dat,15.886667,41.455,2017-04-11 07:20:00
2017-04-11_1002.dat,16.48,41.128333,2017-04-11 10:02:00
2017-04-11_1923.dat,18.083333,40.123833,2017-04-11 19:23:00
2017-04-12_0904.dat,20.48,38.735833,2017-04-12 09:04:00
2017-04-12_2008.dat,22.45,37.683333,2017-04-12 20:08:00
2017-04-13_0805.dat,24.566667,36.416667,2017-04-13 08:05:00
2017-04-13_2009.dat,26.566667,34.998333,2017-04-13 20:09:00
2017-04-13_2022.dat,26.566667,34.998333,2017-04-13 20:22:00
2017-04-13_2036.dat,26.566667,34.998333,2017-04-13 20:36:00
2017-04-14_0951.dat,28.443333,33.172,2017-04-14 09:51:00
2017-04-16_1013.dat,32.855,30.193333,2017-04-16 10:13:00
2017-04-16_1018.dat,32.855,30.193333,2017-04-16 10:18:00
2017-04-20_2116.dat,35.645,22.75,2017-04-20 21:16:00
2017-04-21_0747.dat,17.703333,83.265,2017-04-21 07:47:00
2017-04-21_0910.dat,35.84,19.378333,2017-04-21 09:10:00
2017-04-21_1218.dat,17.703333,83.265,2017-04-21 12:18:00
2017-04-21_1420.dat,35.945,17.948167,2017-04-21 14:20:00
2017-04-21_1429.dat,35.945,17.948167,2017-04-21 14:29:00
2017-04-21_2013.dat,36.16,16.58,2017-04-21 20:13:00
2017-04-21_2333.dat,17.12,83.785,2017-04-21 23:33:00
2017-04-22_0237.dat,36.236667,14.730667,2017-04-22 02:37:00
2017-04-22_0503.dat,16.3,83.88,2017-04-22 05:03:00
2017-04-22_0844.dat,36.69,13.0605,2017-04-22 08:44:00
2017-04-22_1128.dat,15.801667,84.118333,2017-04-22 11:28:00
2017-04-22_1444.dat,37.278333,11.631667,2017-04-22 14:44:00
2017-04-22_1719.dat,15.665,84.31,2017-04-22 17:19:00
2017-04-22_2038.dat,38.223333,10.599167,2017-04-22 20:38:00
2017-04-22_2049.dat,38.223333,10.599167,2017-04-22 20:49:00
2017-04-22_2051.dat,15.591667,84.211667,2017-04-22 20:51:00
2017-04-22_2300.dat,15.703333,84.505,2017-04-22 23:00:00
2017-04-23_0246.dat,39.548333,10.45,2017-04-23 02:46:00
2017-04-23_0526.dat,16.563333,85.508333,2017-04-23 05:26:00
2017-04-23_0821.dat,17.041667,83.655,2017-04-23 08:21:00
2017-04-23_0919.dat,40.796667,10.296667,2017-04-23 09:19:00
2017-04-23_1135.dat,16.75,85.876667,2017-04-23 11:35:00
2017-04-23_1432.dat,16.896667,85.483333,2017-04-23 14:32:00
2017-04-23_1501.dat,42.03,9.946667,2017-04-23 15:01:00
2017-04-23_2039.dat,17.266667,84.258333,2017-04-23 20:39:00
2017-04-23_2115.dat,43.171667,9.391667,2017-04-23 21:15:00
2017-04-24_0231.dat,42.983333,7.911667,2017-04-24 02:31:00
2017-04-24_0519.dat,17.715,84.238333,2017-04-24 05:19:00
2017-04-29_2131.dat,43.175,9.183167,2017-04-29 21:31:00
2017-04-29_2136.dat,43.175,9.181667,2017-04-29 21:36:00
2017-04-30_0250.dat,41.871667,10.0125,2017-04-30 02:50:00
2017-04-30_0256.dat,41.871667,10.0125,2017-04-30 02:56:00
2017-04-30_0913.dat,40.42,10.42,2017-04-30 09:13:00
2017-04-30_1515.dat,38.995,10.807333,2017-04-30 15:15:00
2017-04-30_2133.dat,37.6,11.481667,2017-04-30 21:33:00
2017-05-01_0252.dat,36.79,12.697333,2017-05-01 02:52:00
2017-05-01_0300.dat,36.79,12.697333,2017-05-01 03:00:00
2017-05-01_0935.dat,36.288333,14.338333,2017-05-01 09:35:00
2017-05-01_0947.dat,36.288333,14.338333,2017-05-01 09:47:00
2017-05-01_1522.dat,35.896667,15.927333,2017-05-01 15:22:00
2017-05-01_2115.dat,35.561667,17.546667,2017-05-01 21:15:00
2017-05-01_2121.dat,35.561667,17.546667,2017-05-01 21:21:00
2017-05-02_0243.dat,35.241667,18.933167,2017-05-02 02:43:00
2017-05-02_0923.dat,35.09,21.458333,2017-05-02 09:23:00
2017-05-02_1535.dat,34.958333,23.459667,2017-05-02 15:35:00
2017-05-02_2113.dat,34.638333,23.856667,2017-05-02 21:13:00
2017-05-03_0224.dat,34.173333,23.881833,2017-05-03 02:24:00
2017-05-03_0236.dat,34.173333,23.881833,2017-05-03 02:36:00
2017-05-03_0924.dat,34.09,25.322333,2017-05-03 09:24:00
2017-05-04_0235.dat,34.09,24.1125,2017-05-04 02:35:00
2017-05-04_0931.dat,34.091667,28.3685,2017-05-04 09:31:00
2017-05-04_1510.dat,34.071667,29.323333,2017-05-04 15:10:00
2017-05-04_2130.dat,34.083333,29.513333,2017-05-04 21:30:00
2017-05-05_0237.dat,33.16,29.420667,2017-05-05 02:37:00
2017-05-08_2025.dat,32.613333,31.421667,2017-05-08 20:25:00
2017-05-08_2044.dat,32.613333,31.422667,2017-05-08 20:44:00
2017-05-12_1600.dat,32.23,33.865,2017-05-12 16:00:00
2017-05-14_0919.dat,27.251667,34.26,2017-05-14 09:19:00
2017-05-14_2114.dat,25.735,35.331667,2017-05-14 21:14:00
2017-05-15_0206.dat,25.125,35.835,2017-05-15 02:06:00
2017-05-15_0848.dat,24.27,36.571667,2017-05-15 08:48:00
2017-05-15_2029.dat,23.331667,37.623333,2017-05-15 20:29:00
2017-05-15_2034.dat,23.331667,39.656667,2017-05-15 20:34:00
2017-05-16_0129.dat,22.85,37.696167,2017-05-16 01:29:00
2017-05-19_1443.dat,20.985,38.815,2017-05-19 14:43:00
2017-05-19_1951.dat,20.003333,38.9875,2017-05-19 19:51:00
2017-05-20_0128.dat,18.948333,39.1825,2017-05-20 01:28:00
2017-05-20_0747.dat,17.938333,39.868333,2017-05-20 07:47:00
2017-05-20_1436.dat,16.843333,40.688333,2017-05-20 14:36:00
2017-05-20_1940.dat,16.041667,41.265667,2017-05-20 19:40:00
2017-05-21_0142.dat,15.061667,41.831667,2017-05-21 01:42:00
2017-05-21_0706.dat,14.023333,42.328167,2017-05-21 07:06:00
2017-05-21_1315.dat,12.736667,43.271833,2017-05-21 13:15:00
2017-05-21_2011.dat,11.645,44.962833,2017-05-21 20:11:00
2017-05-22_0027.dat,11.813333,46.07,2017-05-22 00:27:00
2017-05-22_0635.dat,12.336667,47.743667,2017-05-22 06:35:00
2017-05-22_1904.dat,13.136667,49.165167,2017-05-22 19:04:00
2017-05-22_2353.dat,13.33,50.436667,2017-05-22 23:53:00
2017-05-23_0000.dat,13.33,50.436667,2017-05-23 00:00:00
2017-05-23_0607.dat,13.721667,52.124667,2017-05-23 06:07:00
2017-05-23_1207.dat,14.16,53.875,2017-05-23 12:07:00
2017-05-23_1918.dat,14.563333,55.9735,2017-05-23 19:18:00
2017-05-23_2350.dat,14.776667,57.21,2017-05-23 23:50:00
2017-05-24_0002.dat,14.776667,57.21,2017-05-24 00:02:00
2017-05-24_0558.dat,15.065,58.892667,2017-05-24 05:58:00
2017-05-24_1212.dat,15.183333,60.248667,2017-05-24 12:12:00
2017-05-24_1745.dat,15.411667,61.3065,2017-05-24 17:45:00
2017-05-24_2356.dat,15.693333,62.968333,2017-05-24 23:56:00
2017-05-25_0628.dat,15.933333,64.609833,2017-05-25 06:28:00
2017-06-09_1500.dat,16.35,53.883333,2017-06-09 15:00:00
2017-06-11_0720.dat,14.666667,53.133333,2017-06-11 07:20:00
2017-06-13_2045.dat,12.683333,47.733333,2017-06-13 20:45:00
2017-06-15_0526.dat,18.013333,82.86,2017-06-15 05:26:00
2017-06-19_1742.dat,18.431667,84.888333,2017-06-19 17:42:00
2017-06-19_2225.dat,12.566667,14.316667,2017-06-19 22:25:00
2017-06-20_0614.dat,19.35,84.74,2017-06-20 06:14:00
2017-06-20_1823.dat,20.138333,90.163333,2017-06-20 18:23:00
2017-06-21_0548.dat,19.866667,92.163333,2017-06-21 05:48:00
2017-06-21_1758.dat,17.72,92.628333,2017-06-21 17:58:00
2017-06-22_0611.dat,18.975,92.203333,2017-06-22 06:11:00
2017-06-23_0611.dat,20.066667,89.738333,2017-06-23 06:11:00
2017-06-25_1450.dat,12.3,46.6,2017-06-25 14:50:00
2017-06-26_1025.dat,13.45,50.266667,2017-06-26 10:25:00
2017-06-28_0544.dat,13.3,49.083333,2017-06-28 05:44:00
2017-06-30_1754.dat,11.65,44.116667,2017-06-30 17:54:00
2017-07-01_0621.dat,-1.586667,58.685,2017-07-01 06:21:00
2017-07-01_0644.dat,15.595,72.31,2017-07-01 06:44:00
2017-07-02_0546.dat,2.261167,64.455667,2017-07-02 05:46:00
2017-07-02_1222.dat,11.7,44.016667,2017-07-02 12:22:00
2017-07-05_0650.dat,18.271667,71.398333,2017-07-05 06:50:00
2017-07-05_1609.dat,18.468333,71.713333,2017-07-05 16:09:00
2017-07-06_0704.dat,19.905,70.281667,2017-07-06 07:04:00
2017-07-06_1908.dat,17.138333,83.373333,2017-07-06 19:08:00
2017-07-06_2007.dat,6.018333,97.036667,2017-07-06 20:07:00
2017-07-07_1057.dat,6.498333,97.428333,2017-07-07 10:57:00
2017-07-07_1234.dat,17.445,83.71,2017-07-07 12:34:00
2017-07-08_1709.dat,6.973333,96.251667,2017-07-08 17:09:00
2017-07-13_1721.dat,13.045,80.75,2017-07-13 17:21:00
2017-07-13_1850.dat,13.055,80.751667,2017-07-13 18:50:00
2017-07-13_1953.dat,13.093333,81.185,2017-07-13 19:53:00
2017-07-14_0838.dat,7.958333,95.888333,2017-07-14 08:38:00
2017-07-14_1550.dat,13.038333,80.718333,2017-07-14 15:50:00
2017-07-14_1945.dat,2.89,81.0,2017-07-14 19:45:00
2017-07-14_2233.dat,14.19,81.341667,2017-07-14 22:33:00
2017-07-15_0615.dat,14.733333,83.025,2017-07-15 06:15:00
2017-07-15_1322.dat,6.201667,95.475,2017-07-15 13:22:00
2017-07-15_1555.dat,14.326667,81.286667,2017-07-15 15:55:00
2017-07-15_1803.dat,14.338333,81.32,2017-07-15 18:03:00
2017-07-16_0538.dat,16.786667,83.125,2017-07-16 05:38:00
2017-07-16_0647.dat,6.305,95.546667,2017-07-16 06:47:00
2017-07-17_0527.dat,6.405,95.67,2017-07-17 05:27:00
2017-07-18_0532.dat,14.888333,72.895,2017-07-18 05:32:00
2017-07-18_0637.dat,6.506667,97.485,2017-07-18 06:37:00
2017-07-18_1021.dat,15.026667,72.868333,2017-07-18 10:21:00
2017-07-18_1037.dat,14.936667,72.908333,2017-07-18 10:37:00
2017-07-18_1339.dat,16.115,53.493333,2017-07-18 13:39:00
2017-07-19_0253.dat,7.105,98.201667,2017-07-19 02:53:00
2017-07-19_0644.dat,15.15,73.383333,2017-07-19 06:44:00
2017-07-19_1103.dat,22.44,67.506667,2017-07-19 11:03:00
2017-07-19_1731.dat,6.426667,97.185,2017-07-19 17:31:00
2017-07-20_0623.dat,16.685,72.855,2017-07-20 06:23:00
2017-07-20_0638.dat,6.413333,97.003333,2017-07-20 06:38:00
2017-07-21_0638.dat,6.553333,96.335,2017-07-21 06:38:00
2017-07-21_1632.dat,22.325,67.558333,2017-07-21 16:32:00
2017-07-22_0001.dat,15.868333,53.166667,2017-07-22 00:01:00
2017-07-22_1220.dat,17.38,83.7,2017-07-22 12:20:00
2017-07-22_1804.dat,16.476667,84.326667,2017-07-22 18:04:00
2017-07-23_0002.dat,15.521667,85.076667,2017-07-23 00:02:00
2017-07-23_1211.dat,19.776667,86.44,2017-07-23 12:11:00
2017-07-23_1649.dat,8.363333,94.788333,2017-07-23 16:49:00
2017-07-23_1744.dat,20.023333,91.496667,2017-07-23 17:44:00
2017-07-23_1759.dat,12.968333,87.081667,2017-07-23 17:59:00
2017-07-23_2218.dat,20.771667,91.54,2017-07-23 22:18:00
2017-07-24_0721.dat,6.358333,95.418333,2017-07-24 07:21:00
2017-07-24_1156.dat,10.391667,89.166667,2017-07-24 11:56:00
2017-07-24_1808.dat,9.416667,89.941667,2017-07-24 18:08:00
2017-07-25_0018.dat,11.578333,45.03,2017-07-25 00:18:00
2017-07-25_0216.dat,6.495,95.25,2017-07-25 02:16:00
2017-07-25_0608.dat,8.401667,90.728333,2017-07-25 06:08:00
2017-07-25_0829.dat,11.801667,45.105,2017-07-25 08:29:00
2017-07-25_1529.dat,17.773333,71.775,2017-07-25 15:29:00
2017-07-25_1749.dat,5.953333,92.653333,2017-07-25 17:49:00
2017-07-25_2357.dat,5.608333,93.77,2017-07-25 23:57:00
2017-07-26_0003.dat,12.516667,48.05,2017-07-26 00:03:00
2017-07-26_0553.dat,6.493333,96.968333,2017-07-26 05:53:00
2017-07-26_0820.dat,13.271667,49.596667,2017-07-26 08:20:00
2017-07-26_1752.dat,3.436667,94.956667,2017-07-26 17:52:00
2017-07-27_1117.dat,6.226667,97.626667,2017-07-27 11:17:00
2017-07-27_1407.dat,16.4,53.666667,2017-07-27 14:07:00
2017-07-27_1846.dat,21.956667,68.473333,2017-07-27 18:46:00
2017-07-28_0004.dat,-1.938333,98.77,2017-07-28 00:04:00
2017-07-28_0524.dat,19.823333,92.083333,2017-07-28 05:24:00
2017-07-28_0546.dat,22.418333,67.666667,2017-07-28 05:46:00
2017-07-28_0607.dat,-2.733333,99.406667,2017-07-28 06:07:00
2017-07-28_1141.dat,-3.516667,100.008333,2017-07-28 11:41:00
2017-07-28_1748.dat,-4.403333,100.705,2017-07-28 17:48:00
2017-07-28_1756.dat,18.65,92.571667,2017-07-28 17:56:00
2017-07-29_0607.dat,5.831667,80.965,2017-07-29 06:07:00
2017-07-29_1137.dat,6.408333,97.24,2017-07-29 11:37:00
2017-07-29_1153.dat,18.541667,92.641667,2017-07-29 11:53:00
2017-07-30_0623.dat,19.913333,91.53,2017-07-30 06:23:00
2017-07-30_0627.dat,-6.996667,103.841667,2017-07-30 06:27:00
2017-07-30_1627.dat,7.575,94.048333,2017-07-30 16:27:00
2017-07-30_1738.dat,18.796667,89.065,2017-07-30 17:38:00
2017-07-31_0000.dat,-7.248333,105.216667,2017-07-31 00:00:00
2017-07-31_0704.dat,17.94,86.466667,2017-07-31 07:04:00
2017-07-31_1726.dat,17.256667,85.218333,2017-07-31 17:26:00
2017-07-31_1742.dat,-7.733333,106.03,2017-07-31 17:42:00
2017-07-31_2349.dat,13.083333,47.55,2017-07-31 23:49:00
2017-08-01_0551.dat,-6.926667,104.296667,2017-08-01 05:51:00
2017-08-01_0600.dat,16.063333,83.631667,2017-08-01 06:00:00
2017-08-01_1405.dat,12.2,46.271667,2017-08-01 14:05:00
2017-08-01_1734.dat,14.558333,83.873333,2017-08-01 17:34:00
2017-08-01_1743.dat,-5.431667,103.045,2017-08-01 17:43:00
2017-08-01_1949.dat,11.316667,44.483333,2017-08-01 19:49:00
2017-08-02_0604.dat,4.921667,101.258333,2017-08-02 06:04:00
2017-08-02_0616.dat,16.941667,83.975,2017-08-02 06:16:00
2017-08-02_1141.dat,5.051667,100.953333,2017-08-02 11:41:00
2017-08-03_0720.dat,-6.175,102.988333,2017-08-03 07:20:00
2017-08-03_1149.dat,-5.58,102.833333,2017-08-03 11:49:00
2017-08-03_2350.dat,13.731667,50.525,2017-08-03 23:50:00
2017-08-03_2354.dat,-6.24,103.758333,2017-08-03 23:54:00
2017-08-04_1139.dat,-6.423333,104.665,2017-08-04 11:39:00
2017-08-04_2347.dat,12.383333,46.266667,2017-08-04 23:47:00
2017-08-05_0554.dat,-6.483333,104.161667,2017-08-05 05:54:00
2017-08-05_0653.dat,21.688333,67.481667,2017-08-05 06:53:00
2017-08-05_1337.dat,21.333333,67.635,2017-08-05 13:37:00
2017-08-06_0830.dat,11.783333,43.233333,2017-08-06 08:30:00
2017-08-06_1145.dat,21.608333,67.746667,2017-08-06 11:45:00
2017-08-06_1755.dat,-6.37,105.103333,2017-08-06 17:55:00
2017-08-07_0632.dat,21.605,67.895,2017-08-07 06:32:00
2017-08-07_1204.dat,12.0,45.783333,2017-08-07 12:04:00
2017-08-07_1830.dat,12.4,46.983333,2017-08-07 18:30:00
2017-08-08_0005.dat,12.716667,47.95,2017-08-08 00:05:00
2017-08-08_0550.dat,6.44,104.308333,2017-08-08 05:50:00
2017-08-08_0614.dat,13.028333,48.945,2017-08-08 06:14:00
2017-08-08_1200.dat,-6.831667,103.69,2017-08-08 12:00:00
2017-08-08_1212.dat,13.3,49.933333,2017-08-08 12:12:00
2017-08-08_1802.dat,13.55,50.9,2017-08-08 18:02:00
2017-08-09_0001.dat,13.983333,51.916667,2017-08-09 00:01:00
2017-08-09_0610.dat,14.9,52.8,2017-08-09 06:10:00
2017-08-09_1201.dat,21.821667,67.75,2017-08-09 12:01:00
2017-08-09_1221.dat,14.688333,52.531667,2017-08-09 12:21:00
2017-08-09_1827.dat,14.216667,51.683333,2017-08-09 18:27:00
2017-08-10_0007.dat,13.916667,50.833333,2017-08-10 00:07:00
2017-08-10_0654.dat,13.3,49.2,2017-08-10 06:54:00
2017-08-10_1141.dat,-7.238333,99.823333,2017-08-10 11:41:00
2017-08-10_1205.dat,15.933333,71.166667,2017-08-10 12:05:00
2017-08-10_1810.dat,12.5,46.666667,2017-08-10 18:10:00
2017-08-10_2356.dat,-6.706667,97.333333,2017-08-10 23:56:00
2017-08-11_0005.dat,12.211667,45.6,2017-08-11 00:05:00
2017-08-11_0603.dat,-6.475,96.18,2017-08-11 06:03:00
2017-08-11_0614.dat,11.583333,45.383333,2017-08-11 06:14:00
2017-08-11_1200.dat,12.045,45.916667,2017-08-11 12:00:00
2017-08-11_1804.dat,-6.011667,93.89,2017-08-11 18:04:00
2017-08-11_2350.dat,12.783333,48.166667,2017-08-11 23:50:00
2017-08-12_0612.dat,-5.523333,91.49,2017-08-12 06:12:00
2017-08-12_0634.dat,13.166667,49.466667,2017-08-12 06:34:00
2017-08-12_1213.dat,13.5,50.416667,2017-08-12 12:13:00
2017-08-13_1147.dat,-3.951667,86.046667,2017-08-13 11:47:00
2017-08-13_1803.dat,-3.79,85.196667,2017-08-13 18:03:00
2017-08-14_0610.dat,-3.535,83.453333,2017-08-14 06:10:00
2017-08-14_1153.dat,-3.338333,82.883333,2017-08-14 11:53:00
2017-08-14_1817.dat,-3.088333,81.74,2017-08-14 18:17:00
2017-08-15_0649.dat,22.586667,67.631667,2017-08-15 06:49:00
2017-08-15_1152.dat,-2.285,78.0,2017-08-15 11:52:00
2017-08-15_1818.dat,-1.423333,77.721667,2017-08-15 18:18:00
2017-08-16_0642.dat,22.623333,68.033333,2017-08-16 06:42:00
2017-08-16_1311.dat,14.85,52.416667,2017-08-16 13:11:00
2017-08-16_1759.dat,14.2,51.333333,2017-08-16 17:59:00
2017-08-16_2358.dat,11.633333,50.366667,2017-08-16 23:58:00
2017-08-17_0554.dat,6.458333,82.793333,2017-08-17 05:54:00
2017-08-17_0612.dat,13.283333,49.25,2017-08-17 06:12:00
2017-08-17_0648.dat,21.46,67.138333,2017-08-17 06:48:00
2017-08-17_1250.dat,12.983333,48.133333,2017-08-17 12:50:00
2017-08-17_1515.dat,18.37,71.8,2017-08-17 15:15:00
2017-08-17_1837.dat,12.566667,46.916667,2017-08-17 18:37:00
2017-08-18_0001.dat,13.183333,49.466667,2017-08-18 00:01:00
2017-08-18_0638.dat,21.298333,67.186667,2017-08-18 06:38:00
2017-08-18_0639.dat,11.85,45.416667,2017-08-18 06:39:00
2017-08-18_1251.dat,12.1,45.966667,2017-08-18 12:51:00
2017-08-18_1810.dat,18.741667,72.17,2017-08-18 18:10:00
2017-08-18_1816.dat,18.741667,18.736667,2017-08-18 18:16:00
2017-08-18_1827.dat,12.533333,47.25,2017-08-18 18:27:00
2017-08-18_2347.dat,12.833333,48.25,2017-08-18 23:47:00
2017-08-19_0613.dat,12.95,48.85,2017-08-19 06:13:00
2017-08-19_0640.dat,21.34,67.565,2017-08-19 06:40:00
2017-08-19_1211.dat,12.986667,48.866667,2017-08-19 12:11:00
2017-08-19_1809.dat,13.3,49.833333,2017-08-19 18:09:00
2017-08-19_2350.dat,13.266667,50.083333,2017-08-19 23:50:00
2017-08-20_0607.dat,12.583333,48.666667,2017-08-20 06:07:00
2017-08-20_1007.dat,13.05,7.566667,2017-08-20 10:07:00
2017-08-20_1015.dat,13.05,7.55,2017-08-20 10:15:00
2017-08-20_1020.dat,13.0,73.733333,2017-08-20 10:20:00
2017-08-20_1025.dat,13.0,73.733333,2017-08-20 10:25:00
2017-08-20_1029.dat,13.0,73.733333,2017-08-20 10:29:00
2017-08-20_1040.dat,12.933333,73.783333,2017-08-20 10:40:00
2017-08-20_1044.dat,12.916667,73.783333,2017-08-20 10:44:00
2017-08-20_1049.dat,12.916667,73.783333,2017-08-20 10:49:00
2017-08-20_1053.dat,12.9,73.8,2017-08-20 10:53:00
2017-08-20_1058.dat,12.883333,73.816667,2017-08-20 10:58:00
2017-08-20_1102.dat,12.883333,73.816667,2017-08-20 11:02:00
2017-08-20_1109.dat,12.85,73.833333,2017-08-20 11:09:00
2017-08-20_1115.dat,12.833333,73.85,2017-08-20 11:15:00
2017-08-20_1119.dat,12.833333,73.85,2017-08-20 11:19:00
2017-08-20_1126.dat,12.8,73.883333,2017-08-20 11:26:00
2017-08-20_1129.dat,12.9,73.883333,2017-08-20 11:29:00
2017-08-20_1134.dat,12.783333,73.9,2017-08-20 11:34:00
2017-08-20_1156.dat,11.95,47.416667,2017-08-20 11:56:00
2017-08-20_1203.dat,12.7,73.966667,2017-08-20 12:03:00
2017-08-20_1208.dat,12.7,73.966667,2017-08-20 12:08:00
2017-08-20_1747.dat,11.3,43.133333,2017-08-20 17:47:00
2017-08-20_2349.dat,11.1,45.133333,2017-08-20 23:49:00
2017-08-21_0610.dat,11.1,44.483333,2017-08-21 06:10:00
2017-08-21_1302.dat,10.766667,44.516667,2017-08-21 13:02:00
2017-08-22_0005.dat,11.583333,44.616667,2017-08-22 00:05:00
2017-08-22_0600.dat,11.5,44.95,2017-08-22 06:00:00
2017-08-22_1259.dat,11.333333,40.6,2017-08-22 12:59:00
2017-08-23_0353.dat,17.506667,83.545,2017-08-23 03:53:00
2017-08-23_1228.dat,12.75,43.283333,2017-08-23 12:28:00
2017-08-23_1841.dat,21.088333,67.505,2017-08-23 18:41:00
2017-08-23_1904.dat,12.483333,43.533333,2017-08-23 19:04:00
2017-08-23_2351.dat,11.883333,44.083333,2017-08-23 23:51:00
2017-08-24_0019.dat,21.846667,67.205,2017-08-24 00:19:00
2017-08-24_0526.dat,21.141667,67.351667,2017-08-24 05:26:00
2017-08-24_1127.dat,17.618333,83.796667,2017-08-24 11:27:00
2017-08-24_1205.dat,21.835,67.253333,2017-08-24 12:05:00
2017-08-24_1312.dat,17.74,83.84,2017-08-24 13:12:00
2017-08-24_1838.dat,21.241667,67.915,2017-08-24 18:38:00
2017-08-25_0001.dat,21.63,67.47,2017-08-25 00:01:00
2017-08-25_0500.dat,15.378333,72.851667,2017-08-25 05:00:00
2017-08-25_0510.dat,15.378333,72.851667,2017-08-25 05:10:00
2017-08-25_0613.dat,12.666667,48.083333,2017-08-25 06:13:00
2017-08-25_0618.dat,21.085,67.495,2017-08-25 06:18:00
2017-08-25_0800.dat,15.033333,7.883333,2017-08-25 08:00:00
2017-08-25_1142.dat,21.791667,67.845,2017-08-25 11:42:00
2017-08-25_1539.dat,17.635,83.833333,2017-08-25 15:39:00
2017-08-25_1556.dat,17.621667,83.808333,2017-08-25 15:56:00
2017-08-25_1759.dat,21.581667,67.036667,2017-08-25 17:59:00
2017-08-25_1818.dat,12.9,49.766667,2017-08-25 18:18:00
2017-08-26_0009.dat,21.136667,67.818333,2017-08-26 00:09:00
2017-08-26_0026.dat,13.816667,51.75,2017-08-26 00:26:00
2017-08-26_0525.dat,12.258333,74.51,2017-08-26 05:25:00
2017-08-26_0555.dat,21.796667,67.256667,2017-08-26 05:55:00
2017-08-26_1157.dat,21.306667,67.495,2017-08-26 11:57:00
2017-08-26_1803.dat,21.161667,67.821667,2017-08-26 18:03:00
2017-08-26_1808.dat,14.083333,51.283333,2017-08-26 18:08:00
2017-08-26_1857.dat,10.306667,75.141667,2017-08-26 18:57:00
2017-08-26_2356.dat,21.605,67.055,2017-08-26 23:56:00
2017-08-27_0532.dat,9.18,75.855,2017-08-27 05:32:00
2017-08-27_0558.dat,21.501667,67.903333,2017-08-27 05:58:00
2017-08-27_0612.dat,13.25,49.0,2017-08-27 06:12:00
2017-08-27_1225.dat,21.255,67.096667,2017-08-27 12:25:00
2017-08-27_1803.dat,21.826667,67.685,2017-08-27 18:03:00
2017-08-27_2211.dat,12.316667,45.966667,2017-08-27 22:11:00
2017-08-28_0006.dat,21.721667,67.125,2017-08-28 00:06:00
2017-08-28_0608.dat,11.75,45.1,2017-08-28 06:08:00
2017-08-28_0657.dat,21.176667,67.881667,2017-08-28 06:57:00
2017-08-28_1127.dat,17.64,83.723333,2017-08-28 11:27:00
2017-08-28_1203.dat,21.896667,67.41,2017-08-28 12:03:00
2017-08-28_1802.dat,21.05,67.335,2017-08-28 18:02:00
2017-08-28_1805.dat,12.483333,47.15,2017-08-28 18:05:00
2017-08-29_0505.dat,17.436667,83.851667,2017-08-29 05:05:00
2017-08-29_0559.dat,17.175,72.08,2017-08-29 05:59:00
2017-08-29_0619.dat,13.283333,49.516667,2017-08-29 06:19:00
2017-08-29_0658.dat,12.335,72.338333,2017-08-29 06:58:00
2017-08-29_0659.dat,17.355,71.94,2017-08-29 06:59:00
2017-08-29_0705.dat,17.301667,71.933333,2017-08-29 07:05:00
2017-08-29_0751.dat,17.301667,71.716667,2017-08-29 07:51:00
2017-08-29_0810.dat,17.22,71.623333,2017-08-29 08:10:00
2017-08-29_0827.dat,17.22,71.608333,2017-08-29 08:27:00
2017-08-29_1125.dat,16.13,71.563333,2017-08-29 11:25:00
2017-08-29_1456.dat,16.653333,71.635,2017-08-29 14:56:00
2017-08-29_1734.dat,16.783333,71.401667,2017-08-29 17:34:00
2017-08-29_1743.dat,16.786667,71.473333,2017-08-29 17:43:00
2017-08-29_1756.dat,16.786667,71.473333,2017-08-29 17:56:00
2017-08-29_2214.dat,17.525,83.951667,2017-08-29 22:14:00
2017-08-29_2337.dat,17.608333,83.641667,2017-08-29 23:37:00
2017-08-30_0509.dat,17.05,71.073333,2017-08-30 05:09:00
2017-08-30_0612.dat,15.883333,73.0,2017-08-30 06:12:00
2017-08-30_0617.dat,15.883333,73.0,2017-08-30 06:17:00
2017-08-30_0708.dat,16.075,84.001667,2017-08-30 07:08:00
2017-08-30_0725.dat,17.04,71.403333,2017-08-30 07:25:00
2017-08-30_1046.dat,17.133333,71.57,2017-08-30 10:46:00
2017-08-30_1312.dat,15.361667,72.216667,2017-08-30 13:12:00
2017-08-30_1357.dat,15.87,83.806667,2017-08-30 13:57:00
2017-08-30_1509.dat,15.81,84.23,2017-08-30 15:09:00
2017-08-30_1632.dat,17.138333,71.666667,2017-08-30 16:32:00
2017-08-30_1952.dat,16.766667,83.44,2017-08-30 19:52:00
2017-08-30_2007.dat,16.106667,71.755,2017-08-30 20:07:00
2017-08-30_2217.dat,17.24,83.701667,2017-08-30 22:17:00
2017-08-31_0048.dat,17.366667,83.623333,2017-08-31 00:48:00
2017-08-31_0521.dat,17.085,71.116667,2017-08-31 05:21:00
2017-08-31_0533.dat,9.785,75.048333,2017-08-31 05:33:00
2017-08-31_0557.dat,15.935,84.256667,2017-08-31 05:57:00
2017-08-31_0640.dat,13.216667,48.783333,2017-08-31 06:40:00
2017-08-31_0816.dat,17.038333,83.536667,2017-08-31 08:16:00
2017-08-31_1326.dat,17.071667,83.34,2017-08-31 13:26:00
2017-08-31_1738.dat,17.225,83.485,2017-08-31 17:38:00
2017-08-31_1758.dat,17.1,71.533333,2017-08-31 17:58:00
2017-08-31_1812.dat,8.058333,82.921667,2017-08-31 18:12:00
2017-08-31_2016.dat,17.676667,83.603333,2017-08-31 20:16:00
2017-08-31_2053.dat,17.318333,83.433333,2017-08-31 20:53:00
2017-08-31_2301.dat,17.615,83.666667,2017-08-31 23:01:00
2017-08-31_2346.dat,17.566667,83.87,2017-08-31 23:46:00
2017-09-01_0411.dat,16.958333,71.573333,2017-09-01 04:11:00
2017-09-01_0522.dat,11.178333,74.84,2017-09-01 05:22:00
2017-09-01_0523.dat,17.168333,83.743333,2017-09-01 05:23:00
2017-09-01_0706.dat,5.775,83.235,2017-09-01 07:06:00
2017-09-01_0945.dat,22.446667,67.518333,2017-09-01 09:45:00
2017-09-01_1041.dat,17.295,83.455,2017-09-01 10:41:00
2017-09-01_1042.dat,17.473333,83.758333,2017-09-01 10:42:00
2017-09-01_1257.dat,4.525,83.501667,2017-09-01 12:57:00
2017-09-01_1321.dat,17.45,83.77,2017-09-01 13:21:00
2017-09-01_1612.dat,17.348333,83.975,2017-09-01 16:12:00
2017-09-01_1804.dat,22.658333,67.58,2017-09-01 18:04:00
2017-09-01_1831.dat,3.356667,83.691667,2017-09-01 18:31:00
2017-09-01_1838.dat,3.356667,83.691667,2017-09-01 18:38:00
2017-09-01_1847.dat,17.318333,83.958333,2017-09-01 18:47:00
2017-09-01_2342.dat,22.641667,67.626667,2017-09-01 23:42:00
2017-09-02_0619.dat,-1.8,83.795,2017-09-02 06:19:00
2017-09-02_0623.dat,22.566667,67.576667,2017-09-02 06:23:00
2017-09-02_1241.dat,-2.033333,83.795,2017-09-02 12:41:00
2017-09-02_1809.dat,-3.27,83.791667,2017-09-02 18:09:00
2017-09-02_2331.dat,22.645,67.625,2017-09-02 23:31:00
2017-09-03_0641.dat,-5.64,83.638333,2017-09-03 06:41:00
2017-09-03_0726.dat,22.216667,67.738333,2017-09-03 07:26:00
2017-09-03_1133.dat,18.036667,67.935,2017-09-03 11:33:00
2017-09-03_1141.dat,15.2,73.333333,2017-09-03 11:41:00
2017-09-03_1209.dat,-6.791667,83.836667,2017-09-03 12:09:00
2017-09-03_1213.dat,21.463333,67.168333,2017-09-03 12:13:00
2017-09-03_1219.dat,15.04,73.221667,2017-09-03 12:19:00
2017-09-03_1752.dat,14.426667,73.156667,2017-09-03 17:52:00
2017-09-03_1756.dat,22.406667,67.51,2017-09-03 17:56:00
2017-09-03_1801.dat,-7.025,83.956667,2017-09-03 18:01:00
2017-09-03_1823.dat,18.216667,66.733333,2017-09-03 18:23:00
2017-09-03_2202.dat,18.64,66.086667,2017-09-03 22:02:00
2017-09-03_2306.dat,22.743333,67.708333,2017-09-03 23:06:00
2017-09-03_2320.dat,14.035,74.066667,2017-09-03 23:20:00
2017-09-04_0609.dat,-5.601667,81.921667,2017-09-04 06:09:00
2017-09-04_0617.dat,19.383333,65.033333,2017-09-04 06:17:00
2017-09-04_0650.dat,22.501667,67.875,2017-09-04 06:50:00
2017-09-04_1131.dat,19.0,63.816667,2017-09-04 11:31:00
2017-09-04_1144.dat,22.681667,67.656667,2017-09-04 11:44:00
2017-09-04_1235.dat,-17.435,83.388333,2017-09-04 12:35:00
2017-09-04_1323.dat,-6.521667,81.933333,2017-09-04 13:23:00
2017-09-04_1733.dat,22.781667,67.726667,2017-09-04 17:33:00
2017-09-04_1741.dat,14.168333,73.71,2017-09-04 17:41:00
2017-09-04_1808.dat,-6.201667,81.738333,2017-09-04 18:08:00
2017-09-04_1820.dat,18.258333,62.271667,2017-09-04 18:20:00
2017-09-04_2250.dat,17.783333,61.2,2017-09-04 22:50:00
2017-09-05_0613.dat,-5.076667,82.066667,2017-09-05 06:13:00
2017-09-05_0619.dat,22.203333,67.966667,2017-09-05 06:19:00
2017-09-05_0645.dat,11.616667,74.651667,2017-09-05 06:45:00
2017-09-05_0726.dat,16.938333,59.05,2017-09-05 07:26:00
2017-09-05_1140.dat,10.72,74.97,2017-09-05 11:40:00
2017-09-05_1225.dat,-5.09,83.906667,2017-09-05 12:25:00
2017-09-05_1234.dat,15.766667,85.841667,2017-09-05 12:34:00
2017-09-05_1323.dat,16.386667,57.735,2017-09-05 13:23:00
2017-09-05_1335.dat,16.385,57.736667,2017-09-05 13:35:00
2017-09-05_1729.dat,22.546667,67.618333,2017-09-05 17:29:00
2017-09-05_1759.dat,9.905,75.020667,2017-09-05 17:59:00
2017-09-05_1806.dat,-5.175,85.43,2017-09-05 18:06:00
2017-09-05_1923.dat,15.831667,56.361667,2017-09-05 19:23:00
2017-09-05_2327.dat,10.551667,75.225,2017-09-05 23:27:00
2017-09-06_0011.dat,15.335,55.135,2017-09-06 00:11:00
2017-09-06_0612.dat,22.233333,67.491667,2017-09-06 06:12:00
2017-09-06_0751.dat,14.673333,53.533333,2017-09-06 07:51:00
2017-09-06_1141.dat,22.718333,67.718333,2017-09-06 11:41:00
2017-09-06_1151.dat,-5.421667,90.111667,2017-09-06 11:51:00
2017-09-06_1303.dat,12.866667,89.726667,2017-09-06 13:03:00
2017-09-06_1319.dat,12.866667,89.726667,2017-09-06 13:19:00
2017-09-06_1321.dat,14.4,52.666667,2017-09-06 13:21:00
2017-09-06_1840.dat,-5.508333,91.888333,2017-09-06 18:40:00
2017-09-06_1843.dat,14.066667,51.65,2017-09-06 18:43:00
2017-09-06_2307.dat,22.626667,67.62,2017-09-06 23:07:00
2017-09-06_2341.dat,13.783333,50.65,2017-09-06 23:41:00
2017-09-07_0525.dat,13.117833,73.661667,2017-09-07 05:25:00
2017-09-07_0608.dat,-5.685,95.118333,2017-09-07 06:08:00
2017-09-07_0636.dat,22.185,67.62,2017-09-07 06:36:00
2017-09-07_0741.dat,13.226667,48.886667,2017-09-07 07:41:00
2017-09-07_1148.dat,22.675,67.656667,2017-09-07 11:48:00
2017-09-07_1309.dat,-5.785,97.038333,2017-09-07 13:09:00
2017-09-07_1325.dat,12.9,47.816667,2017-09-07 13:25:00
2017-09-07_1418.dat,7.04,78.366667,2017-09-07 14:18:00
2017-09-07_1716.dat,13.223333,73.378333,2017-09-07 17:16:00
2017-09-07_1749.dat,22.405,67.571667,2017-09-07 17:49:00
2017-09-07_1828.dat,12.596667,46.82,2017-09-07 18:28:00
2017-09-07_1843.dat,-5.853333,98.435,2017-09-07 18:43:00
2017-09-07_2320.dat,22.458333,67.47,2017-09-07 23:20:00
2017-09-08_0604.dat,-6.028333,101.71,2017-09-08 06:04:00
2017-09-08_0618.dat,22.096667,67.928333,2017-09-08 06:18:00
2017-09-08_0745.dat,11.666667,44.983333,2017-09-08 07:45:00
2017-09-08_1154.dat,-6.106667,103.235,2017-09-08 11:54:00
2017-09-08_1156.dat,22.63,67.823333,2017-09-08 11:56:00
2017-09-08_1327.dat,12.065,45.786667,2017-09-08 13:27:00
2017-09-08_1746.dat,22.536667,67.626667,2017-09-08 17:46:00
2017-09-08_1908.dat,16.0,73.0,2017-09-08 19:08:00
2017-09-08_2316.dat,22.461667,67.513333,2017-09-08 23:16:00
2017-09-08_2333.dat,11.856667,74.571667,2017-09-08 23:33:00
2017-09-08_2353.dat,17.355,83.7,2017-09-08 23:53:00
2017-09-09_0550.dat,16.45,84.708333,2017-09-09 05:50:00
2017-09-09_0610.dat,16.376667,84.791667,2017-09-09 06:10:00
2017-09-09_0626.dat,21.79,67.453333,2017-09-09 06:26:00
2017-09-09_0634.dat,16.006667,72.813333,2017-09-09 06:34:00
2017-09-09_0743.dat,13.166667,49.383333,2017-09-09 07:43:00
2017-09-09_1135.dat,22.476667,67.668333,2017-09-09 11:35:00
2017-09-09_1151.dat,15.545,85.706667,2017-09-09 11:51:00
2017-09-09_1157.dat,15.476667,85.781667,2017-09-09 11:57:00
2017-09-09_1202.dat,13.738333,73.05,2017-09-09 12:02:00
2017-09-09_1302.dat,14.538333,73.648333,2017-09-09 13:02:00
2017-09-09_1416.dat,17.723333,67.641667,2017-09-09 14:16:00
2017-09-09_1744.dat,22.421667,67.721667,2017-09-09 17:44:00
2017-09-09_1755.dat,14.656667,86.696667,2017-09-09 17:55:00
2017-09-09_1804.dat,14.085,73.193333,2017-09-09 18:04:00
2017-09-09_1919.dat,13.88,51.5,2017-09-09 19:19:00
2017-09-09_2020.dat,17.351667,66.411667,2017-09-09 20:20:00
2017-09-09_2317.dat,14.083333,52.333333,2017-09-09 23:17:00
2017-09-09_2321.dat,14.023333,87.461667,2017-09-09 23:21:00
2017-09-09_2334.dat,13.025,73.753333,2017-09-09 23:34:00
2017-09-09_2335.dat,17.066667,65.751667,2017-09-09 23:35:00
2017-09-10_0022.dat,13.866667,87.656667,2017-09-10 00:22:00
2017-09-10_0545.dat,15.636667,72.856667,2017-09-10 05:45:00
2017-09-10_0551.dat,13.02,88.585,2017-09-10 05:51:00
2017-09-10_0600.dat,11.731667,74.535,2017-09-10 06:00:00
2017-09-10_0604.dat,12.431667,90.925,2017-09-10 06:04:00
2017-09-10_0608.dat,12.996667,88.621667,2017-09-10 06:08:00
2017-09-10_0627.dat,16.473333,64.428333,2017-09-10 06:27:00
2017-09-10_0628.dat,15.053333,70.108333,2017-09-10 06:28:00
2017-09-10_0641.dat,22.435,67.535,2017-09-10 06:41:00
2017-09-10_0800.dat,14.57,52.368333,2017-09-10 08:00:00
2017-09-10_0937.dat,15.84,73.035,2017-09-10 09:37:00
2017-09-10_1121.dat,22.483333,67.631667,2017-09-10 11:21:00
2017-09-10_1145.dat,12.25,89.393333,2017-09-10 11:45:00
2017-09-10_1201.dat,15.64,73.308333,2017-09-10 12:01:00
2017-09-10_1213.dat,10.611667,75.363333,2017-09-10 12:13:00
2017-09-10_1244.dat,15.915,63.166667,2017-09-10 12:44:00
2017-09-10_1303.dat,10.428333,75.506667,2017-09-10 13:03:00
2017-09-10_1423.dat,11.848333,89.608333,2017-09-10 14:23:00
2017-09-10_1738.dat,16.548333,72.541667,2017-09-10 17:38:00
2017-09-10_1740.dat,15.498333,62.268333,2017-09-10 17:40:00
2017-09-10_1744.dat,15.498333,62.268333,2017-09-10 17:44:00
2017-09-10_1749.dat,11.21,89.966667,2017-09-10 17:49:00
2017-09-10_1833.dat,22.47,67.728333,2017-09-10 18:33:00
2017-09-10_1918.dat,11.058333,90.183333,2017-09-10 19:18:00
2017-09-10_1924.dat,13.853333,51.293333,2017-09-10 19:24:00
2017-09-10_2251.dat,13.651667,50.586667,2017-09-10 22:51:00
2017-09-10_2259.dat,13.651667,50.586667,2017-09-10 22:59:00
2017-09-10_2322.dat,17.618333,72.218333,2017-09-10 23:22:00
2017-09-10_2336.dat,10.551667,90.965,2017-09-10 23:36:00
2017-09-10_2346.dat,14.933333,61.033333,2017-09-10 23:46:00
2017-09-11_0012.dat,10.568333,90.938333,2017-09-11 00:12:00
2017-09-11_0529.dat,15.506667,65.003333,2017-09-11 05:29:00
2017-09-11_0544.dat,9.85,91.958333,2017-09-11 05:44:00
2017-09-11_0546.dat,14.475,60.008333,2017-09-11 05:46:00
2017-09-11_0600.dat,14.47,60.008333,2017-09-11 06:00:00
2017-09-11_0601.dat,22.435,67.535,2017-09-11 06:01:00
2017-09-11_0632.dat,-6.305,105.006667,2017-09-11 06:32:00
2017-09-11_0634.dat,9.853333,91.963333,2017-09-11 06:34:00
2017-09-11_0748.dat,13.1,48.85,2017-09-11 07:48:00
2017-09-11_1139.dat,9.398333,92.868333,2017-09-11 11:39:00
2017-09-11_1216.dat,22.546667,67.588333,2017-09-11 12:16:00
2017-09-11_1334.dat,15.655,63.195,2017-09-11 13:34:00
2017-09-11_1424.dat,9.44,93.353333,2017-09-11 14:24:00
2017-09-11_1446.dat,12.866667,48.091667,2017-09-11 14:46:00
2017-09-11_1734.dat,9.311667,93.958333,2017-09-11 17:34:00
2017-09-11_1749.dat,9.288333,93.98,2017-09-11 17:49:00
2017-09-11_1805.dat,15.655,62.0,2017-09-11 18:05:00
2017-09-11_1808.dat,-6.221667,105.2,2017-09-11 18:08:00
2017-09-11_1814.dat,15.655,62.183333,2017-09-11 18:14:00
2017-09-11_1815.dat,22.585,67.635,2017-09-11 18:15:00
2017-09-11_1818.dat,13.433333,57.716667,2017-09-11 18:18:00
2017-09-11_1825.dat,13.433333,57.716667,2017-09-11 18:25:00
2017-09-11_1852.dat,13.166667,47.05,2017-09-11 18:52:00
2017-09-11_1900.dat,11.473333,92.82,2017-09-11 19:00:00
2017-09-11_2331.dat,8.563333,94.855,2017-09-11 23:31:00
2017-09-11_2337.dat,8.696667,94.701667,2017-09-11 23:37:00
2017-09-12_0010.dat,12.865,56.681667,2017-09-12 00:10:00
2017-09-12_0437.dat,7.886667,95.706667,2017-09-12 04:37:00
2017-09-12_0551.dat,15.806667,60.07,2017-09-12 05:51:00
2017-09-12_0605.dat,-6.208333,103.603333,2017-09-12 06:05:00
2017-09-12_0611.dat,22.433333,67.52,2017-09-12 06:11:00
2017-09-12_0649.dat,15.916667,59.921667,2017-09-12 06:49:00
2017-09-12_0701.dat,12.265,55.618333,2017-09-12 07:01:00
2017-09-12_0705.dat,12.265,55.618333,2017-09-12 07:05:00
2017-09-12_0720.dat,15.936667,59.918333,2017-09-12 07:20:00
2017-09-12_0741.dat,11.916667,45.033333,2017-09-12 07:41:00
2017-09-12_0755.dat,11.916667,45.033333,2017-09-12 07:55:00
2017-09-12_0842.dat,13.123333,93.1,2017-09-12 08:42:00
2017-09-12_1105.dat,22.41,67.541667,2017-09-12 11:05:00
2017-09-12_1225.dat,7.035,96.751667,2017-09-12 12:25:00
2017-09-12_1236.dat,16.095,60.165,2017-09-12 12:36:00
2017-09-12_1335.dat,11.416667,54.29,2017-09-12 13:35:00
2017-09-12_1723.dat,6.15,97.748333,2017-09-12 17:23:00
2017-09-12_1742.dat,22.425,67.541667,2017-09-12 17:42:00
2017-09-12_1750.dat,6.255,97.631667,2017-09-12 17:50:00
2017-09-12_1831.dat,15.906667,60.006667,2017-09-12 18:31:00
2017-09-12_1832.dat,-5.508333,103.068333,2017-09-12 18:32:00
2017-09-12_1842.dat,11.013333,53.673333,2017-09-12 18:42:00
2017-09-12_1846.dat,11.013333,53.673333,2017-09-12 18:46:00
2017-09-12_1847.dat,15.906667,60.005,2017-09-12 18:47:00
2017-09-12_1852.dat,11.013333,53.673333,2017-09-12 18:52:00
2017-09-12_1908.dat,11.013333,53.673333,2017-09-12 19:08:00
2017-09-12_2224.dat,11.855,43.291667,2017-09-12 22:24:00
2017-09-12_2339.dat,5.13,98.891667,2017-09-12 23:39:00
2017-09-13_0102.dat,10.63,53.628333,2017-09-13 01:02:00
2017-09-13_0108.dat,10.63,53.628333,2017-09-13 01:08:00
2017-09-13_0600.dat,15.841667,60.045,2017-09-13 06:00:00
2017-09-13_0607.dat,-6.041667,103.625,2017-09-13 06:07:00
2017-09-13_0619.dat,22.65,67.855,2017-09-13 06:19:00
2017-09-13_0624.dat,15.841667,60.045,2017-09-13 06:24:00
2017-09-13_0631.dat,15.841667,60.045,2017-09-13 06:31:00
2017-09-13_0639.dat,10.248333,53.413333,2017-09-13 06:39:00
2017-09-13_0808.dat,13.15,93.173333,2017-09-13 08:08:00
2017-09-13_0829.dat,13.366667,42.9,2017-09-13 08:29:00
2017-09-13_0921.dat,15.933333,60.108333,2017-09-13 09:21:00
2017-09-13_0929.dat,15.933333,60.108333,2017-09-13 09:29:00
2017-09-13_0940.dat,15.918333,60.055,2017-09-13 09:40:00
2017-09-13_1031.dat,13.855,42.498333,2017-09-13 10:31:00
2017-09-13_1139.dat,22.585,68.128333,2017-09-13 11:39:00
2017-09-13_1305.dat,10.165,52.698333,2017-09-13 13:05:00
2017-09-13_1728.dat,13.116667,43.083333,2017-09-13 17:28:00
2017-09-13_1802.dat,15.911667,60.085,2017-09-13 18:02:00
2017-09-13_1803.dat,-6.233333,104.151667,2017-09-13 18:03:00
2017-09-13_1818.dat,15.911667,60.06,2017-09-13 18:18:00
2017-09-13_1842.dat,10.173333,52.115,2017-09-13 18:42:00
2017-09-13_2144.dat,12.438333,43.591667,2017-09-13 21:44:00
2017-09-13_2242.dat,16.023333,60.191667,2017-09-13 22:42:00
2017-09-14_0103.dat,11.055,51.165,2017-09-14 01:03:00
2017-09-14_0606.dat,-6.183333,103.991667,2017-09-14 06:06:00
2017-09-14_0609.dat,11.833333,44.766667,2017-09-14 06:09:00
2017-09-14_0620.dat,22.655,68.098333,2017-09-14 06:20:00
2017-09-14_0625.dat,16.403333,61.171667,2017-09-14 06:25:00
2017-09-14_0640.dat,16.4,61.171667,2017-09-14 06:40:00
2017-09-14_0649.dat,16.4,61.171667,2017-09-14 06:49:00
2017-09-14_0654.dat,16.403333,61.171667,2017-09-14 06:54:00
2017-09-14_0754.dat,11.196667,54.668333,2017-09-14 07:54:00
2017-09-14_0828.dat,11.196667,52.668333,2017-09-14 08:28:00
2017-09-14_0846.dat,18.283333,69.033333,2017-09-14 08:46:00
2017-09-14_1106.dat,12.078333,45.646667,2017-09-14 11:06:00
2017-09-14_1116.dat,12.078333,45.646667,2017-09-14 11:16:00
2017-09-14_1132.dat,10.773333,52.656667,2017-09-14 11:32:00
2017-09-14_1138.dat,15.018333,73.375,2017-09-14 11:38:00
2017-09-14_1349.dat,15.985,60.55,2017-09-14 13:49:00
2017-09-14_1354.dat,15.985,60.55,2017-09-14 13:54:00
2017-09-14_1403.dat,15.985,60.55,2017-09-14 14:03:00
2017-09-14_1727.dat,10.516667,52.53,2017-09-14 17:27:00
2017-09-14_1731.dat,10.516667,52.53,2017-09-14 17:31:00
2017-09-14_1733.dat,22.613333,68.05,2017-09-14 17:33:00
2017-09-14_1734.dat,10.523333,52.53,2017-09-14 17:34:00
2017-09-14_1736.dat,12.483333,46.95,2017-09-14 17:36:00
2017-09-14_1752.dat,15.855,59.991667,2017-09-14 17:52:00
2017-09-14_1814.dat,17.7,67.1,2017-09-14 18:14:00
2017-09-14_1829.dat,-5.603333,101.806667,2017-09-14 18:29:00
2017-09-14_2158.dat,12.783333,47.85,2017-09-14 21:58:00
2017-09-14_2333.dat,16.241667,60.063333,2017-09-14 23:33:00
2017-09-15_0541.dat,10.856667,53.591667,2017-09-15 05:41:00
2017-09-15_0609.dat,13.288333,49.441667,2017-09-15 06:09:00
2017-09-15_0621.dat,22.66,67.781667,2017-09-15 06:21:00
2017-09-15_0623.dat,17.236667,60.033333,2017-09-15 06:23:00
2017-09-15_0937.dat,16.776667,63.918333,2017-09-15 09:37:00
2017-09-15_1204.dat,11.073333,54.013333,2017-09-15 12:04:00
2017-09-15_1212.dat,13.633333,50.583333,2017-09-15 12:12:00
2017-09-15_1310.dat,16.645,59.07,2017-09-15 13:10:00
2017-09-15_1744.dat,11.641667,54.376667,2017-09-15 17:44:00
2017-09-15_1746.dat,14.005,51.753333,2017-09-15 17:46:00
2017-09-15_1749.dat,11.641667,54.375,2017-09-15 17:49:00
2017-09-15_1755.dat,11.641667,54.376667,2017-09-15 17:55:00
2017-09-15_1836.dat,-4.791667,97.401667,2017-09-15 18:36:00
2017-09-15_1840.dat,16.06,58.018333,2017-09-15 18:40:00
2017-09-15_2111.dat,15.933333,61.25,2017-09-15 21:11:00
2017-09-15_2309.dat,11.935,54.766667,2017-09-15 23:09:00
2017-09-16_0519.dat,12.738333,55.293333,2017-09-16 05:19:00
2017-09-16_0624.dat,14.663333,52.923333,2017-09-16 06:24:00
2017-09-16_0651.dat,14.84,55.77,2017-09-16 06:51:00
2017-09-16_1223.dat,14.296667,52.668333,2017-09-16 12:23:00
2017-09-16_1226.dat,12.956667,55.356667,2017-09-16 12:26:00
2017-09-16_1322.dat,14.586667,54.968333,2017-09-16 13:22:00
2017-09-16_1327.dat,14.586667,54.968333,2017-09-16 13:27:00
2017-09-16_1409.dat,13.225,55.343333,2017-09-16 14:09:00
2017-09-16_1414.dat,13.225,55.343333,2017-09-16 14:14:00
2017-09-16_1419.dat,13.225,55.343333,2017-09-16 14:19:00
2017-09-16_1737.dat,13.696667,55.4,2017-09-16 17:37:00
2017-09-16_1742.dat,14.023333,51.803333,2017-09-16 17:42:00
2017-09-16_1743.dat,13.696667,55.4,2017-09-16 17:43:00
2017-09-16_1810.dat,13.696667,55.4,2017-09-16 18:10:00
2017-09-16_1933.dat,15.121667,54.888333,2017-09-16 19:33:00
2017-09-16_2122.dat,13.791667,51.683333,2017-09-16 21:22:00
2017-09-16_2258.dat,13.983333,55.613333,2017-09-16 22:58:00
2017-09-17_0518.dat,14.585,54.768333,2017-09-17 05:18:00
2017-09-17_0629.dat,14.363333,54.745,2017-09-17 06:29:00
2017-09-17_0637.dat,13.213333,49.201667,2017-09-17 06:37:00
2017-09-17_0646.dat,13.213333,49.21,2017-09-17 06:46:00
2017-09-17_1142.dat,12.933333,48.305,2017-09-17 11:42:00
2017-09-17_1701.dat,12.595,47.216667,2017-09-17 17:01:00
2017-09-17_1736.dat,14.166667,54.838333,2017-09-17 17:36:00
2017-09-17_2147.dat,12.34,46.408333,2017-09-17 21:47:00
2017-09-17_2254.dat,13.175,54.41,2017-09-17 22:54:00
2017-09-17_2312.dat,15.57,55.858333,2017-09-17 23:12:00
2017-09-17_2321.dat,15.52,55.858333,2017-09-17 23:21:00
2017-09-18_0552.dat,16.781667,56.783333,2017-09-18 05:52:00
2017-09-18_0616.dat,11.985,45.26,2017-09-18 06:16:00
2017-09-18_0648.dat,12.721667,55.351667,2017-09-18 06:48:00
2017-09-18_0757.dat,12.721667,55.351667,2017-09-18 07:57:00
2017-09-18_1149.dat,17.946667,57.603333,2017-09-18 11:49:00
2017-09-18_1240.dat,12.095,54.608333,2017-09-18 12:40:00
2017-09-18_1330.dat,12.283333,46.208333,2017-09-18 13:30:00
2017-09-18_1627.dat,17.351667,83.513333,2017-09-18 16:27:00
2017-09-18_1657.dat,20.066667,68.645,2017-09-18 16:57:00
2017-09-18_1732.dat,19.488333,58.74,2017-09-18 17:32:00
2017-09-18_1749.dat,12.555,47.085,2017-09-18 17:49:00
2017-09-18_1758.dat,12.555,47.085,2017-09-18 17:58:00
2017-09-18_1915.dat,11.388333,55.736667,2017-09-18 19:15:00
2017-09-18_1936.dat,17.196667,83.418333,2017-09-18 19:36:00
2017-09-18_2007.dat,15.416667,60.016667,2017-09-18 20:07:00
2017-09-18_2010.dat,20.118333,68.321667,2017-09-18 20:10:00
2017-09-18_2124.dat,3.573333,105.386667,2017-09-18 21:24:00
2017-09-18_2135.dat,12.766667,47.783333,2017-09-18 21:35:00
2017-09-18_2212.dat,17.09,83.383333,2017-09-18 22:12:00
2017-09-18_2231.dat,20.191667,68.193333,2017-09-18 22:31:00
2017-09-18_2311.dat,16.923333,83.438333,2017-09-18 23:11:00
2017-09-18_2319.dat,19.753333,58.676667,2017-09-18 23:19:00
2017-09-19_0012.dat,10.94,53.226667,2017-09-19 00:12:00
2017-09-19_0213.dat,16.715,83.776667,2017-09-19 02:13:00
2017-09-19_0343.dat,4.478333,106.208333,2017-09-19 03:43:00
2017-09-19_0518.dat,17.68,83.973333,2017-09-19 05:18:00
2017-09-19_0520.dat,20.241667,68.725,2017-09-19 05:20:00
2017-09-19_0625.dat,13.306667,49.495,2017-09-19 06:25:00
2017-09-19_0711.dat,10.228333,52.513333,2017-09-19 07:11:00
2017-09-19_0808.dat,15.853333,83.028333,2017-09-19 08:08:00
2017-09-19_0816.dat,16.366667,63.038333,2017-09-19 08:16:00
2017-09-19_1039.dat,13.358333,93.37,2017-09-19 10:39:00
2017-09-19_1126.dat,17.325,83.67,2017-09-19 11:26:00
2017-09-19_1139.dat,20.335,68.425,2017-09-19 11:39:00
2017-09-19_1202.dat,13.65,50.65,2017-09-19 12:02:00
2017-09-19_1236.dat,9.543333,52.051667,2017-09-19 12:36:00
2017-09-19_1415.dat,14.858333,82.303333,2017-09-19 14:15:00
2017-09-19_1633.dat,20.29,68.413333,2017-09-19 16:33:00
2017-09-19_1701.dat,17.171667,83.491667,2017-09-19 17:01:00
2017-09-19_1712.dat,17.101667,83.236667,2017-09-19 17:12:00
2017-09-19_1750.dat,14.085,52.003333,2017-09-19 17:50:00
2017-09-19_1809.dat,6.295,108.07,2017-09-19 18:09:00
2017-09-19_2007.dat,13.926667,81.625,2017-09-19 20:07:00
2017-09-19_2139.dat,17.041667,83.511667,2017-09-19 21:39:00
2017-09-19_2203.dat,14.433333,53.016667,2017-09-19 22:03:00
2017-09-19_2326.dat,16.735,84.393333,2017-09-19 23:26:00
2017-09-20_0010.dat,6.838333,108.565,2017-09-20 00:10:00
2017-09-20_0148.dat,13.125,80.996667,2017-09-20 01:48:00
2017-09-20_0337.dat,7.645,109.266667,2017-09-20 03:37:00
2017-09-20_0558.dat,7.65,109.266667,2017-09-20 05:58:00
2017-09-20_0615.dat,17.396667,83.801667,2017-09-20 06:15:00
2017-09-20_0642.dat,16.333333,53.866667,2017-09-20 06:42:00
2017-09-20_0709.dat,17.468333,84.101667,2017-09-20 07:09:00
2017-09-20_0714.dat,17.9,67.933333,2017-09-20 07:14:00
2017-09-20_0815.dat,13.641667,93.33,2017-09-20 08:15:00
2017-09-20_0917.dat,8.388333,109.851667,2017-09-20 09:17:00
2017-09-20_0921.dat,17.05,83.768333,2017-09-20 09:21:00
2017-09-20_1200.dat,8.446667,109.878333,2017-09-20 12:00:00
2017-09-20_1255.dat,17.325,83.816667,2017-09-20 12:55:00
2017-09-20_1608.dat,9.918333,110.675,2017-09-20 16:08:00
2017-09-20_1804.dat,10.1,110.688333,2017-09-20 18:04:00
2017-09-20_1916.dat,16.436667,83.873333,2017-09-20 19:16:00
2017-09-20_1917.dat,16.808333,83.851667,2017-09-20 19:17:00
2017-09-20_2207.dat,11.435,110.78,2017-09-20 22:07:00
2017-09-21_0011.dat,11.631667,110.785,2017-09-21 00:11:00
2017-09-21_0043.dat,17.108333,83.791667,2017-09-21 00:43:00
2017-09-21_0420.dat,12.811667,110.831667,2017-09-21 04:20:00
2017-09-21_0558.dat,12.918333,110.835,2017-09-21 05:58:00
2017-09-21_0639.dat,16.875,83.933333,2017-09-21 06:39:00
2017-09-21_0642.dat,6.69,50.026667,2017-09-21 06:42:00
2017-09-21_0647.dat,6.69,50.026667,2017-09-21 06:47:00
2017-09-21_0702.dat,6.688333,50.028333,2017-09-21 07:02:00
2017-09-21_1009.dat,13.223333,110.833333,2017-09-21 10:09:00
2017-09-21_1158.dat,13.278333,110.835,2017-09-21 11:58:00
2017-09-21_1205.dat,5.94,49.558333,2017-09-21 12:05:00
2017-09-21_1617.dat,14.278333,110.87,2017-09-21 16:17:00
2017-09-21_1732.dat,15.058333,83.475,2017-09-21 17:32:00
2017-09-21_1747.dat,14.5,110.86,2017-09-21 17:47:00
2017-09-21_1753.dat,19.745,58.328333,2017-09-21 17:53:00
2017-09-21_2217.dat,15.521667,110.338333,2017-09-21 22:17:00
2017-09-21_2302.dat,23.466667,59.425,2017-09-21 23:02:00
2017-09-22_0440.dat,16.316667,109.445,2017-09-22 04:40:00
2017-09-22_0601.dat,16.206667,83.741667,2017-09-22 06:01:00
2017-09-22_0609.dat,16.218333,83.751667,2017-09-22 06:09:00
2017-09-22_0616.dat,22.885,60.885,2017-09-22 06:16:00
2017-09-22_0620.dat,16.62,109.318333,2017-09-22 06:20:00
2017-09-22_0708.dat,3.401667,49.326667,2017-09-22 07:08:00
2017-09-22_0811.dat,15.743333,82.743333,2017-09-22 08:11:00
2017-09-22_1057.dat,17.343333,180.67,2017-09-22 10:57:00
2017-09-22_1137.dat,16.008333,84.066667,2017-09-22 11:37:00
2017-09-22_1153.dat,16.008333,84.066667,2017-09-22 11:53:00
2017-09-22_1200.dat,15.998333,84.066667,2017-09-22 12:00:00
2017-09-22_1212.dat,2.773333,49.941667,2017-09-22 12:12:00
2017-09-22_1237.dat,23.823333,61.678333,2017-09-22 12:37:00
2017-09-22_1628.dat,18.051667,107.731667,2017-09-22 16:28:00
2017-09-22_1723.dat,15.908333,84.025,2017-09-22 17:23:00
2017-09-22_1727.dat,24.298333,62.013333,2017-09-22 17:27:00
2017-09-22_1732.dat,18.046667,107.538333,2017-09-22 17:32:00
2017-09-22_2113.dat,16.433333,53.916667,2017-09-22 21:13:00
2017-09-22_2216.dat,19.418333,107.11,2017-09-22 22:16:00
2017-09-22_2257.dat,17.106667,83.736667,2017-09-22 22:57:00
2017-09-22_2354.dat,1.298333,51.438333,2017-09-22 23:54:00
2017-09-23_0648.dat,14.915,53.216667,2017-09-23 06:48:00
2017-09-23_0700.dat,0.368333,52.35,2017-09-23 07:00:00
2017-09-23_0703.dat,0.368333,52.35,2017-09-23 07:03:00
2017-09-23_0824.dat,24.506667,61.611667,2017-09-23 08:24:00
2017-09-23_0830.dat,24.506667,61.611667,2017-09-23 08:30:00
2017-09-23_1030.dat,12.916667,93.106667,2017-09-23 10:30:00
2017-09-23_1215.dat,24.513333,61.286667,2017-09-23 12:15:00
2017-09-23_1710.dat,13.995,51.71,2017-09-23 17:10:00
2017-09-23_1730.dat,24.391667,61.488333,2017-09-23 17:30:00
2017-09-23_1813.dat,0.968333,53.561667,2017-09-23 18:13:00
2017-09-23_2240.dat,24.393333,62.36,2017-09-23 22:40:00
2017-09-23_2242.dat,13.661667,50.64,2017-09-23 22:42:00
2017-09-24_0449.dat,24.455,63.451667,2017-09-24 04:49:00
2017-09-24_0454.dat,24.455,63.451667,2017-09-24 04:54:00
2017-09-24_0652.dat,13.12,48.876667,2017-09-24 06:52:00
2017-09-24_0723.dat,-2.251667,54.965,2017-09-24 07:23:00
2017-09-24_1028.dat,24.38,64.51,2017-09-24 10:28:00
2017-09-24_1124.dat,12.843333,48.02,2017-09-24 11:24:00
2017-09-24_1133.dat,20.616667,68.8215,2017-09-24 11:33:00
2017-09-24_1520.dat,20.393333,68.593333,2017-09-24 15:20:00
2017-09-24_1556.dat,24.21,65.52,2017-09-24 15:56:00
2017-09-24_1757.dat,12.43,46.696667,2017-09-24 17:57:00
2017-09-24_1820.dat,-2.301667,65.143333,2017-09-24 18:20:00
2017-09-24_2203.dat,12.193333,45.92,2017-09-24 22:03:00
2017-09-24_2236.dat,23.335,66.588333,2017-09-24 22:36:00
2017-09-25_0351.dat,22.215,67.368333,2017-09-25 03:51:00
2017-09-25_0450.dat,20.548333,68.273333,2017-09-25 04:50:00
2017-09-25_0708.dat,11.72,44.866667,2017-09-25 07:08:00
2017-09-25_1108.dat,21.098333,68.596167,2017-09-25 11:08:00
2017-09-25_1154.dat,20.191667,68.556667,2017-09-25 11:54:00
2017-09-25_1206.dat,17.44,83.398333,2017-09-25 12:06:00
2017-09-25_1312.dat,12.216667,46.05,2017-09-25 13:12:00
2017-09-25_1742.dat,12.503333,46.928333,2017-09-25 17:42:00
2017-09-25_1816.dat,17.803333,83.783333,2017-09-25 18:16:00
2017-09-25_1912.dat,20.111667,68.303333,2017-09-25 19:12:00
2017-09-25_2018.dat,17.566667,83.866667,2017-09-25 20:18:00
2017-09-25_2221.dat,12.616667,47.533333,2017-09-25 22:21:00
2017-09-25_2336.dat,16.768333,72.77,2017-09-25 23:36:00
2017-09-26_0641.dat,13.278333,49.44,2017-09-26 06:41:00
2017-09-26_1332.dat,13.71,50.788333,2017-09-26 13:32:00
2017-09-26_1735.dat,13.95,51.533333,2017-09-26 17:35:00
2017-09-26_2212.dat,14.266667,52.573333,2017-09-26 22:12:00
2017-09-26_2355.dat,-0.13,58.086667,2017-09-26 23:55:00
2017-09-27_0517.dat,15.006667,72.925,2017-09-27 05:17:00
2017-09-27_0631.dat,1.76,59.476667,2017-09-27 06:31:00
2017-09-27_0641.dat,14.766667,53.116667,2017-09-27 06:41:00
2017-09-27_1133.dat,14.898333,72.89,2017-09-27 11:33:00
2017-09-27_1154.dat,-3.173333,55.836667,2017-09-27 11:54:00
2017-09-27_1328.dat,14.2,52.4,2017-09-27 13:28:00
2017-09-27_1736.dat,14.003333,51.728333,2017-09-27 17:36:00
2017-09-27_1804.dat,4.476667,61.478333,2017-09-27 18:04:00
2017-09-27_2116.dat,14.985,73.036667,2017-09-27 21:16:00
2017-09-27_2155.dat,19.088333,107.258333,2017-09-27 21:55:00
2017-09-27_2213.dat,5.581667,62.28,2017-09-27 22:13:00
2017-09-28_0412.dat,18.085,107.518333,2017-09-28 04:12:00
2017-09-28_0519.dat,14.505,72.931667,2017-09-28 05:19:00
2017-09-28_0621.dat,9.523333,93.606667,2017-09-28 06:21:00
2017-09-28_0629.dat,7.751667,63.891667,2017-09-28 06:29:00
2017-09-28_0633.dat,13.316667,49.511667,2017-09-28 06:33:00
2017-09-28_0843.dat,14.903333,72.585,2017-09-28 08:43:00
2017-09-28_0849.dat,14.958333,72.586667,2017-09-28 08:49:00
2017-09-28_1044.dat,17.368333,108.371667,2017-09-28 10:44:00
2017-09-28_1142.dat,13.0,48.566667,2017-09-28 11:42:00
2017-09-28_1159.dat,14.818333,72.881667,2017-09-28 11:59:00
2017-09-28_1212.dat,17.35,108.408333,2017-09-28 12:12:00
2017-09-28_1227.dat,17.591667,83.753333,2017-09-28 12:27:00
2017-09-28_1249.dat,14.77,72.996667,2017-09-28 12:49:00
2017-09-28_1501.dat,14.751667,72.89,2017-09-28 15:01:00
2017-09-28_1620.dat,16.783333,109.143333,2017-09-28 16:20:00
2017-09-28_1756.dat,16.743333,109.188333,2017-09-28 17:56:00
2017-09-28_1808.dat,13.621667,47.311667,2017-09-28 18:08:00
2017-09-28_2214.dat,16.045,109.836667,2017-09-28 22:14:00
2017-09-28_2226.dat,12.316667,46.383333,2017-09-28 22:26:00
2017-09-28_2228.dat,7.015,93.001667,2017-09-28 22:28:00
2017-09-28_2352.dat,11.873333,66.986667,2017-09-28 23:52:00
2017-09-28_2358.dat,15.973333,109.905,2017-09-28 23:58:00
2017-09-29_0405.dat,15.22,110.6,2017-09-29 04:05:00
2017-09-29_0556.dat,15.156667,110.656667,2017-09-29 05:56:00
2017-09-29_0637.dat,11.716667,44.933333,2017-09-29 06:37:00
2017-09-29_0658.dat,13.903333,68.521667,2017-09-29 06:58:00
2017-09-29_1055.dat,14.931667,110.865,2017-09-29 10:55:00
2017-09-29_1204.dat,11.983333,45.333333,2017-09-29 12:04:00
2017-09-29_1245.dat,15.405,69.613333,2017-09-29 12:45:00
2017-09-29_1626.dat,14.743333,111.593333,2017-09-29 16:26:00
2017-09-29_1722.dat,12.283333,46.266667,2017-09-29 17:22:00
2017-09-29_1753.dat,14.768333,11.621667,2017-09-29 17:53:00
2017-09-29_2221.dat,15.433333,112.448333,2017-09-29 22:21:00
2017-09-29_2229.dat,12.595,47.218333,2017-09-29 22:29:00
2017-09-29_2355.dat,15.478333,112.501667,2017-09-29 23:55:00
2017-09-30_0326.dat,16.043333,113.201667,2017-09-30 03:26:00
2017-09-30_0629.dat,6.931667,94.073333,2017-09-30 06:29:00
2017-09-30_0700.dat,16.093333,113.261667,2017-09-30 07:00:00
2017-09-30_0701.dat,13.066667,48.733333,2017-09-30 07:01:00
2017-09-30_0926.dat,16.738333,114.123333,2017-09-30 09:26:00
2017-09-30_1300.dat,16.86,114.175,2017-09-30 13:00:00
2017-09-30_1541.dat,17.491667,114.976667,2017-09-30 15:41:00
2017-09-30_1710.dat,7.055,94.113333,2017-09-30 17:10:00
2017-09-30_1743.dat,12.038333,92.451667,2017-09-30 17:43:00
2017-09-30_1749.dat,17.486667,114.975,2017-09-30 17:49:00
2017-09-30_1813.dat,13.123333,49.945,2017-09-30 18:13:00
2017-09-30_1856.dat,17.495,84.061667,2017-09-30 18:56:00
2017-09-30_2051.dat,16.778333,115.218333,2017-09-30 20:51:00
2017-10-01_0316.dat,15.621667,115.583333,2017-10-01 03:16:00
2017-10-01_0549.dat,15.581667,115.593333,2017-10-01 05:49:00
2017-10-01_0704.dat,13.1,49.878333,2017-10-01 07:04:00
2017-10-01_0933.dat,14.463333,115.84,2017-10-01 09:33:00
2017-10-01_1151.dat,13.261667,50.486667,2017-10-01 11:51:00
2017-10-01_1525.dat,13.473333,116.1,2017-10-01 15:25:00
2017-10-01_1827.dat,13.683333,51.733333,2017-10-01 18:27:00
2017-10-01_2123.dat,12.801667,116.666667,2017-10-01 21:23:00
2017-10-02_0000.dat,12.8,116.743333,2017-10-02 00:00:00
2017-10-02_0334.dat,12.801667,117.82,2017-10-02 03:34:00
2017-10-02_0600.dat,12.803333,117.886667,2017-10-02 06:00:00
2017-10-02_0656.dat,16.17,53.611667,2017-10-02 06:56:00
2017-10-02_0953.dat,12.885,118.108333,2017-10-02 09:53:00
2017-10-02_1141.dat,22.945,64.11,2017-10-02 11:41:00
2017-10-02_1217.dat,12.805,118.056667,2017-10-02 12:17:00
2017-10-02_1311.dat,16.695,53.985,2017-10-02 13:11:00
2017-10-02_1513.dat,13.541667,118.531667,2017-10-02 15:13:00
2017-10-02_1738.dat,15.85,53.283333,2017-10-02 17:38:00
2017-10-02_1950.dat,23.44,62.386667,2017-10-02 19:50:00
2022-01-01_0042 (16).dat,16.711667,71.716667,2017-10-02 21:27:00
2017-10-02_2155.dat,15.086667,52.668333,2017-10-02 21:55:00
2022-01-01_0042 (17).dat,16.536667,71.613333,2017-10-02 22:22:00
2017-10-03_0004.dat,14.383333,119.255,2017-10-03 00:04:00
2022-01-01_0042 (18).dat,16.506667,71.586667,2017-10-03 00:31:00
2022-01-01_0042 (19).dat,16.523333,71.755,2017-10-03 01:40:00
2022-01-01_0042 (20).dat,16.468333,71.668333,2017-10-03 02:19:00
2017-10-03_0352.dat,23.885,60.606667,2017-10-03 03:52:00
2017-10-03_0631.dat,14.116667,50.933333,2017-10-03 06:31:00
2022-01-01_0042 (21).dat,16.233333,71.291667,2017-10-03 06:58:00
2017-10-03_1120.dat,13.76,49.85,2017-10-03 11:20:00
2017-10-03_1149.dat,24.418333,58.711667,2017-10-03 11:49:00
2017-10-03_1542.dat,17.255,83.521667,2017-10-03 15:42:00
2017-10-03_1833.dat,13.183333,48.183333,2017-10-03 18:33:00
2017-10-03_2122.dat,24.736667,60.043333,2017-10-03 21:22:00
2017-10-03_2141.dat,17.205,83.551667,2017-10-03 21:41:00
2017-10-03_2248.dat,12.8,47.045,2017-10-03 22:48:00
2017-10-04_0539.dat,25.203333,58.248333,2017-10-04 05:39:00
2017-10-04_0635.dat,12.303333,45.606667,2017-10-04 06:35:00
2017-10-04_0644.dat,17.056667,83.688333,2017-10-04 06:44:00
2017-10-04_0815.dat,17.406667,83.866667,2017-10-04 08:15:00
2017-10-04_0926.dat,17.54,83.906667,2017-10-04 09:26:00
2017-10-04_1126.dat,11.98,44.67,2017-10-04 11:26:00
2017-10-04_1344.dat,18.41,71.62,2017-10-04 13:44:00
2022-01-01_0042 (22).dat,16.175,70.915,2017-10-04 16:41:00
2017-10-04_1804.dat,18.086667,71.223333,2017-10-04 18:04:00
2017-10-04_1950.dat,11.738333,44.121667,2017-10-04 19:50:00
2022-01-01_0042 (23).dat,15.785,70.375,2017-10-04 20:00:00
2017-10-04_2125.dat,22.593333,57.453333,2017-10-04 21:25:00
2017-10-04_2200.dat,11.686667,44.525,2017-10-04 22:00:00
2017-10-04_2328.dat,18.655,70.538333,2017-10-04 23:28:00
2017-10-05_0425.dat,19.423333,69.595,2017-10-05 04:25:00
2017-10-05_0541.dat,24.28,58.596667,2017-10-05 05:41:00
2017-10-05_0604.dat,7.843333,96.958333,2017-10-05 06:04:00
2017-10-05_0633.dat,19.541667,69.408333,2017-10-05 06:33:00
2017-10-05_0957.dat,20.078333,68.763333,2017-10-05 09:57:00
2017-10-05_1120.dat,12.095,45.63,2017-10-05 11:20:00
2017-10-05_1233.dat,8.2,93.725,2017-10-05 12:33:00
2017-10-05_1239.dat,9.775,76.021667,2017-10-05 12:39:00
2017-10-05_1245.dat,20.021667,68.711667,2017-10-05 12:45:00
2017-10-05_1610.dat,20.141667,68.503333,2017-10-05 16:10:00
2017-10-05_1621.dat,20.396667,68.548333,2017-10-05 16:21:00
2017-10-05_1804.dat,12.491667,46.881667,2017-10-05 18:04:00
2017-10-05_1857.dat,20.201667,68.44,2017-10-05 18:57:00
2017-10-05_2139.dat,20.376667,67.516667,2017-10-05 21:39:00
2017-10-05_2208.dat,12.731667,47.656667,2017-10-05 22:08:00
2017-10-06_0004.dat,8.025,96.285,2017-10-06 00:04:00
2017-10-06_0509.dat,20.245,66.038333,2017-10-06 05:09:00
2017-10-06_0626.dat,7.078333,96.938333,2017-10-06 06:26:00
2017-10-06_0710.dat,13.253333,49.326667,2017-10-06 07:10:00
2017-10-06_1130.dat,21.441667,65.628333,2017-10-06 11:30:00
2017-10-06_1138.dat,20.208333,68.321667,2017-10-06 11:38:00
2017-10-06_1306.dat,6.798333,97.49,2017-10-06 13:06:00
2017-10-06_1339.dat,13.55,49.933333,2017-10-06 13:39:00
2017-10-06_1545.dat,14.74,119.54,2017-10-06 15:45:00
2017-10-06_1737.dat,21.9,65.966667,2017-10-06 17:37:00
2017-10-06_1749.dat,14.726667,119.551667,2017-10-06 17:49:00
2017-10-06_1753.dat,13.683333,50.75,2017-10-06 17:53:00
2017-10-06_1757.dat,20.368333,68.371667,2017-10-06 17:57:00
2017-10-06_1804.dat,20.368333,68.371667,2017-10-06 18:04:00
2017-10-06_1813.dat,6.65,97.986667,2017-10-06 18:13:00
2017-10-06_2133.dat,15.473333,118.785,2017-10-06 21:33:00
2017-10-06_2206.dat,13.955,51.58,2017-10-06 22:06:00
2017-10-07_0006.dat,15.543333,118.713333,2017-10-07 00:06:00
2017-10-07_0009.dat,21.683333,67.296667,2017-10-07 00:09:00
2017-10-07_0010.dat,7.065,97.285,2017-10-07 00:10:00
2017-10-07_0328.dat,16.288333,117.991667,2017-10-07 03:28:00
2017-10-07_0420.dat,21.598333,68.238333,2017-10-07 04:20:00
2017-10-07_0510.dat,21.591667,68.251667,2017-10-07 05:10:00
2017-10-07_0520.dat,20.366667,68.598333,2017-10-07 05:20:00
2017-10-07_0615.dat,16.36,117.921667,2017-10-07 06:15:00
2017-10-07_0620.dat,7.175,97.875,2017-10-07 06:20:00
2017-10-07_0628.dat,14.661667,52.923333,2017-10-07 06:28:00
2017-10-07_1007.dat,17.151667,118.186667,2017-10-07 10:07:00
2017-10-07_1103.dat,14.315,52.618333,2017-10-07 11:03:00
2017-10-07_1124.dat,18.0,71.0,2017-10-07 11:24:00
2017-10-07_1136.dat,17.093333,117.956667,2017-10-07 11:36:00
2017-10-07_1137.dat,18.0,72.0,2017-10-07 11:37:00
2017-10-07_1300.dat,20.2,68.49,2017-10-07 13:00:00
2017-10-07_1522.dat,17.973333,118.628333,2017-10-07 15:22:00
2017-10-07_1749.dat,18.056667,118.506667,2017-10-07 17:49:00
2017-10-07_1810.dat,13.881667,51.338333,2017-10-07 18:10:00
2017-10-07_1811.dat,6.391667,96.37,2017-10-07 18:11:00
2017-10-07_2120.dat,25.56,57.335,2017-10-07 21:20:00
2017-10-07_2132.dat,18.798333,119.128333,2017-10-07 21:32:00
2017-10-07_2206.dat,13.648333,50.595,2017-10-07 22:06:00
2017-10-08_0525.dat,26.455,55.953333,2017-10-08 05:25:00
2017-10-08_0648.dat,13.111667,48.858333,2017-10-08 06:48:00
2017-10-08_1209.dat,12.666667,47.45,2017-10-08 12:09:00
2017-10-08_1807.dat,20.916667,69.671667,2017-10-08 18:07:00
2017-10-08_1833.dat,12.178333,45.896667,2017-10-08 18:33:00
2017-10-08_1917.dat,20.226667,69.923333,2017-10-08 19:17:00
2017-10-08_2107.dat,20.186667,69.905,2017-10-08 21:07:00
2017-10-08_2235.dat,11.918333,45.065,2017-10-08 22:35:00
2017-10-08_2357.dat,19.94,69.94,2017-10-08 23:57:00
2017-10-09_0414.dat,19.318333,70.428333,2017-10-09 04:14:00
2017-10-09_0733.dat,11.766667,43.333333,2017-10-09 07:33:00
2017-10-09_1025.dat,18.875,71.965,2017-10-09 10:25:00
2017-10-09_2034.dat,24.91,123.581667,2017-10-09 20:34:00
2017-10-09_2124.dat,26.251667,53.946667,2017-10-09 21:24:00
2017-10-09_2337.dat,16.72,83.32,2017-10-09 23:37:00
2017-10-10_0239.dat,25.966667,124.171667,2017-10-10 02:39:00
2017-10-10_0534.dat,17.153333,83.475,2017-10-10 05:34:00
2017-10-10_0617.dat,17.255,83.615,2017-10-10 06:17:00
2017-10-10_0625.dat,17.286667,83.641667,2017-10-10 06:25:00
2017-10-10_0641.dat,17.25,83.666667,2017-10-10 06:41:00
2017-10-10_0917.dat,27.091667,124.866667,2017-10-10 09:17:00
2017-10-10_1155.dat,9.95,75.783333,2017-10-10 11:55:00
2017-10-10_1209.dat,17.441667,83.371667,2017-10-10 12:09:00
2017-10-10_1216.dat,27.19,124.938333,2017-10-10 12:16:00
2017-10-10_1426.dat,27.876667,125.458333,2017-10-10 14:26:00
2017-10-10_1454.dat,25.465,57.426667,2017-10-10 14:54:00
2017-10-10_1748.dat,9.783333,74.683333,2017-10-10 17:48:00
2017-10-10_1816.dat,28.103333,125.56,2017-10-10 18:16:00
2017-10-10_2118.dat,24.648333,58.275,2017-10-10 21:18:00
2017-10-10_2325.dat,9.973333,74.956667,2017-10-10 23:25:00
2017-10-10_2356.dat,29.138333,125.946667,2017-10-10 23:56:00
2017-10-11_0236.dat,30.091667,126.555,2017-10-11 02:36:00
2017-10-11_0533.dat,24.815,59.963333,2017-10-11 05:33:00
2017-10-11_0547.dat,9.62,75.068333,2017-10-11 05:47:00
2017-10-11_1145.dat,30.375,126.771667,2017-10-11 11:45:00
2017-10-11_1534.dat,31.29,127.953333,2017-10-11 15:34:00
2017-10-11_2124.dat,23.593333,58.785,2017-10-11 21:24:00
2017-10-11_2157.dat,11.783333,43.466667,2017-10-11 21:57:00
2017-10-11_2208.dat,18.88,71.673333,2017-10-11 22:08:00
2017-10-12_0536.dat,24.411667,59.723333,2017-10-12 05:36:00
2017-10-12_0546.dat,18.77,71.088333,2017-10-12 05:46:00
2017-10-12_0729.dat,11.88,44.94,2017-10-12 07:29:00
2017-10-12_1252.dat,18.616667,70.188333,2017-10-12 12:52:00
2017-10-12_1411.dat,12.133333,45.783333,2017-10-12 14:11:00
2017-10-12_1805.dat,5.938333,98.846667,2017-10-12 18:05:00
2017-10-12_1906.dat,12.405,46.671667,2017-10-12 19:06:00
2017-10-12_2130.dat,25.276667,58.32,2017-10-12 21:30:00
2017-10-12_2235.dat,12.611667,47.326667,2017-10-12 22:35:00
2017-10-13_0520.dat,24.918333,56.868333,2017-10-13 05:20:00
2017-10-13_0633.dat,13.06,48.741667,2017-10-13 06:33:00
2017-10-13_1203.dat,18.641667,87.016667,2017-10-13 12:03:00
2017-10-13_1325.dat,13.436667,49.931667,2017-10-13 13:25:00
2017-10-13_1425.dat,18.233333,70.241667,2017-10-13 14:25:00
2017-10-13_1438.dat,18.235,70.241667,2017-10-13 14:38:00
2017-10-13_1445.dat,18.233333,70.241667,2017-10-13 14:45:00
2017-10-13_1803.dat,13.691667,51.738333,2017-10-13 18:03:00
2017-10-13_1838.dat,18.968333,88.235,2017-10-13 18:38:00
2017-10-13_2122.dat,13.871667,51.301667,2017-10-13 21:22:00
2017-10-13_2145.dat,24.341667,58.165,2017-10-13 21:45:00
2017-10-14_0021.dat,19.316667,89.341667,2017-10-14 00:21:00
2017-10-14_0530.dat,23.433333,59.835,2017-10-14 05:30:00
2022-01-01_0042 (24).dat,16.766667,71.558333,2017-10-14 05:40:00
2017-10-14_0608.dat,19.673333,90.388333,2017-10-14 06:08:00
2022-01-01_0042 (25).dat,16.636667,71.503333,2017-10-14 06:31:00
2017-10-14_0649.dat,14.478333,52.965,2017-10-14 06:49:00
2022-01-01_0042 (26).dat,16.468333,71.508333,2017-10-14 07:33:00
2022-01-01_0042 (27).dat,16.573333,71.523333,2017-10-14 09:17:00
2017-10-14_1039.dat,18.565,69.636667,2017-10-14 10:39:00
2017-10-14_1228.dat,2.0,9.201667,2017-10-14 12:28:00
2017-10-14_1301.dat,14.166667,52.3,2017-10-14 13:01:00
2017-10-14_1806.dat,13.946667,51.135,2017-10-14 18:06:00
2017-10-14_2306.dat,13.591667,50.103333,2017-10-14 23:06:00
2017-10-15_0615.dat,20.821667,89.616667,2017-10-15 06:15:00
2017-10-15_0648.dat,13.166667,48.738333,2017-10-15 06:48:00
2017-10-15_1134.dat,12.926667,47.923333,2017-10-15 11:34:00
2017-10-15_1209.dat,21.931667,62.315,2017-10-15 12:09:00
2017-10-15_1820.dat,12.611667,46.886667,2017-10-15 18:20:00
2017-10-15_1956.dat,21.363333,63.721667,2017-10-15 19:56:00
2017-10-15_2213.dat,12.433333,46.333333,2017-10-15 22:13:00
2017-10-16_0257.dat,35.223333,130.425,2017-10-16 02:57:00
2017-10-16_0349.dat,21.006667,65.321667,2017-10-16 03:49:00
2017-10-16_0655.dat,12.01,45.06,2017-10-16 06:55:00
2017-10-16_1109.dat,12.1,45.65,2017-10-16 11:09:00
2017-10-16_1348.dat,9.92,75.7,2017-10-16 13:48:00
2017-10-16_1430.dat,36.768333,131.94,2017-10-16 14:30:00
2017-10-16_1729.dat,12.333333,46.85,2017-10-16 17:29:00
2017-10-16_1800.dat,10.125,75.226667,2017-10-16 18:00:00
2017-10-16_1803.dat,36.723333,131.888333,2017-10-16 18:03:00
2017-10-16_1901.dat,10.193333,75.085,2017-10-16 19:01:00
2017-10-16_2054.dat,37.703333,132.853333,2017-10-16 20:54:00
2017-10-16_2106.dat,10.391667,74.763333,2017-10-16 21:06:00
2017-10-16_2232.dat,12.736667,47.676667,2017-10-16 22:32:00
2017-10-17_0001.dat,19.535,87.631667,2017-10-17 00:01:00
2017-10-17_0006.dat,37.57,132.788333,2017-10-17 00:06:00
2017-10-17_0549.dat,9.538333,75.338333,2017-10-17 05:49:00
2017-10-17_0600.dat,38.603333,132.896667,2017-10-17 06:00:00
2017-10-17_0618.dat,13.133333,48.966667,2017-10-17 06:18:00
2017-10-17_1210.dat,18.368333,89.69,2017-10-17 12:10:00
2017-10-17_1342.dat,13.466667,49.966667,2017-10-17 13:42:00
2017-10-17_1747.dat,13.656667,50.625,2017-10-17 17:47:00
2017-10-17_1753.dat,39.275,134.005,2017-10-17 17:53:00
2017-10-17_2203.dat,13.9,51.4,2017-10-17 22:03:00
2017-10-17_2229.dat,13.9,51.4,2017-10-17 22:29:00
2017-10-18_0003.dat,18.368333,92.436667,2017-10-18 00:03:00
2017-10-18_0601.dat,41.046667,134.751667,2017-10-18 06:01:00
2017-10-18_0647.dat,17.02,92.043333,2017-10-18 06:47:00
2017-10-18_0650.dat,14.393333,52.605,2017-10-18 06:50:00
2017-10-18_1152.dat,14.2,52.383333,2017-10-18 11:52:00
2017-10-18_1204.dat,41.501667,134.253333,2017-10-18 12:04:00
2017-10-18_1249.dat,16.358333,92.424833,2017-10-18 12:49:00
2017-10-18_1759.dat,14.001667,51.36,2017-10-18 17:59:00
2017-10-18_1817.dat,12.335,72.338333,2017-10-18 18:17:00
2017-10-18_2250.dat,13.738333,50.51,2017-10-18 22:50:00
2017-10-18_2351.dat,41.783333,132.358333,2017-10-18 23:51:00
2017-10-19_0606.dat,42.931667,132.145,2017-10-19 06:06:00
2017-10-19_0648.dat,15.408333,93.05,2017-10-19 06:48:00
2017-10-19_0708.dat,13.25,49.133333,2017-10-19 07:08:00
2017-10-19_1215.dat,13.02,48.228333,2017-10-19 12:15:00
2022-01-01_0042 (28).dat,17.133333,71.316667,2017-10-19 15:32:00
2017-10-19_1746.dat,12.731667,47.285,2017-10-19 17:46:00
2017-10-19_2227.dat,12.49,46.506667,2017-10-19 22:27:00
2017-10-19_2342.dat,-89.0,-0.0,2017-10-19 23:42:00
2017-10-20_0634.dat,12.066667,45.166667,2017-10-20 06:34:00
2017-10-20_1205.dat,12.275,45.336667,2017-10-20 12:05:00
2017-10-20_1804.dat,12.321667,44.081667,2017-10-20 18:04:00
2017-10-20_2318.dat,12.916667,43.216667,2017-10-20 23:18:00
2017-10-21_0624.dat,14.066667,42.403333,2017-10-21 06:24:00
2017-10-21_1150.dat,13.85,42.411667,2017-10-21 11:50:00
2017-10-21_1756.dat,13.045,43.12,2017-10-21 17:56:00
2017-10-21_2310.dat,12.383333,43.716667,2017-10-21 23:10:00
2017-10-22_0654.dat,11.933333,44.883333,2017-10-22 06:54:00
2017-10-22_1146.dat,12.1,45.693333,2017-10-22 11:46:00
2017-10-22_1729.dat,15.198333,69.436667,2017-10-22 17:29:00
2017-10-22_1802.dat,12.515,46.688333,2017-10-22 18:02:00
2017-10-22_1817.dat,16.075,70.151667,2017-10-22 18:17:00
2017-10-22_1824.dat,15.373333,93.456667,2017-10-22 18:24:00
2017-10-22_2158.dat,12.776667,47.293333,2017-10-22 21:58:00
2017-10-22_2312.dat,14.0,68.571667,2017-10-22 23:12:00
2017-10-23_0004.dat,-6.39,104.74,2017-10-23 00:04:00
2017-10-23_0510.dat,12.995,67.813333,2017-10-23 05:10:00
2017-10-23_0605.dat,-6.265,103.673333,2017-10-23 06:05:00
2017-10-23_0624.dat,13.26,48.786667,2017-10-23 06:24:00
2017-10-23_0652.dat,17.573333,93.056667,2017-10-23 06:52:00
2017-10-23_0702.dat,17.573333,93.056667,2017-10-23 07:02:00
2017-10-23_1137.dat,13.48,49.525,2017-10-23 11:37:00
2017-10-23_1138.dat,11.89,66.871667,2017-10-23 11:38:00
2017-10-23_1150.dat,18.32,92.785,2017-10-23 11:50:00
2017-10-23_1210.dat,-6.013333,102.705,2017-10-23 12:10:00
2017-10-23_1758.dat,13.8,50.55,2017-10-23 17:58:00
2017-10-23_1811.dat,10.55,65.966667,2017-10-23 18:11:00
2017-10-23_1848.dat,19.055,92.338333,2017-10-23 18:48:00
2017-10-23_2224.dat,14.04,51.295,2017-10-23 22:24:00
2017-10-23_2347.dat,9.601667,65.266667,2017-10-23 23:47:00
2017-10-24_0010.dat,-5.373333,100.825,2017-10-24 00:10:00
2017-10-24_0622.dat,-4.938333,99.898333,2017-10-24 06:22:00
2017-10-24_0640.dat,14.466667,52.666667,2017-10-24 06:40:00
2017-10-24_0643.dat,8.256667,64.271667,2017-10-24 06:43:00
2017-10-24_1224.dat,-4.443333,98.903333,2017-10-24 12:24:00
2017-10-24_1226.dat,7.461667,63.303333,2017-10-24 12:26:00
2017-10-24_1305.dat,10.323333,75.655,2017-10-24 13:05:00
2017-10-24_1321.dat,14.183333,51.933333,2017-10-24 13:21:00
2017-10-24_1803.dat,13.886667,53.028333,2017-10-24 18:03:00
2017-10-24_1805.dat,6.561667,62.5,2017-10-24 18:05:00
2017-10-24_1811.dat,-3.77,98.165,2017-10-24 18:11:00
2017-10-24_1840.dat,20.786667,90.036667,2017-10-24 18:40:00
2017-10-24_1845.dat,11.791667,74.686667,2017-10-24 18:45:00
2017-10-24_2223.dat,13.633333,50.2,2017-10-24 22:23:00
2017-10-24_2318.dat,12.716667,74.1,2017-10-24 23:18:00
2017-10-25_0005.dat,-3.42,97.258333,2017-10-25 00:05:00
2017-10-25_0021.dat,5.235,61.901667,2017-10-25 00:21:00
2017-10-25_0026.dat,20.72,89.005,2017-10-25 00:26:00
2017-10-25_0553.dat,14.001667,73.055,2017-10-25 05:53:00
2017-10-25_0606.dat,-3.048333,96.333333,2017-10-25 06:06:00
2017-10-25_0630.dat,13.166667,48.65,2017-10-25 06:30:00
2017-10-25_0658.dat,20.521667,87.908333,2017-10-25 06:58:00
2017-10-25_0722.dat,3.861,61.021667,2017-10-25 07:22:00
2017-10-25_1155.dat,12.833333,47.633333,2017-10-25 11:55:00
2017-10-25_1200.dat,15.233333,73.266667,2017-10-25 12:00:00
2017-10-25_1205.dat,2.99,60.383333,2017-10-25 12:05:00
2017-10-25_1218.dat,-3.118333,95.688333,2017-10-25 12:18:00
2017-10-25_1312.dat,20.303333,87.49,2017-10-25 13:12:00
2017-10-25_1334.dat,42.78,131.866667,2017-10-25 13:34:00
2017-10-25_1738.dat,42.588333,132.106667,2017-10-25 17:38:00
2017-10-25_1752.dat,12.5,46.516667,2017-10-25 17:52:00
2017-10-25_1810.dat,-2.561667,94.633333,2017-10-25 18:10:00
2017-10-25_1848.dat,1.8,59.505,2017-10-25 18:48:00
2017-10-25_2222.dat,12.233333,45.915,2017-10-25 22:22:00
2017-10-26_0004.dat,-2.146667,93.853333,2017-10-26 00:04:00
2017-10-26_0605.dat,-1.596667,92.783333,2017-10-26 06:05:00
2017-10-26_0635.dat,12.25,45.65,2017-10-26 06:35:00
2017-10-26_0754.dat,-0.44,57.853333,2017-10-26 07:54:00
2017-10-26_1141.dat,1.366667,57.166667,2017-10-26 11:41:00
2017-10-26_1208.dat,-1.73,92.325,2017-10-26 12:08:00
2017-10-26_1211.dat,12.661667,46.803333,2017-10-26 12:11:00
2017-10-26_1337.dat,15.133333,73.283333,2017-10-26 13:37:00
2017-10-26_1517.dat,14.95,72.871667,2017-10-26 15:17:00
2017-10-26_1749.dat,-2.403333,56.42,2017-10-26 17:49:00
2017-10-26_1755.dat,14.721667,72.771667,2017-10-26 17:55:00
2017-10-26_1805.dat,-1.365,91.506667,2017-10-26 18:05:00
2017-10-26_1823.dat,13.161667,48.211667,2017-10-26 18:23:00
2017-10-26_1832.dat,13.161667,48.211667,2017-10-26 18:32:00
2017-10-26_1834.dat,14.805,72.871667,2017-10-26 18:34:00
2017-10-26_1850.dat,14.733333,72.766667,2017-10-26 18:50:00
2017-10-26_2032.dat,14.7,72.503333,2017-10-26 20:32:00
2017-10-26_2156.dat,14.725,72.491667,2017-10-26 21:56:00
2017-10-26_2243.dat,13.433333,49.0,2017-10-26 22:43:00
2017-10-26_2251.dat,-2.223333,56.55,2017-10-26 22:51:00
2017-10-26_2359.dat,0.798333,58.768333,2017-10-26 23:59:00
2017-10-27_0003.dat,-0.88,90.588333,2017-10-27 00:03:00
2017-10-27_0603.dat,-0.39,89.638333,2017-10-27 06:03:00
2017-10-27_0635.dat,13.978333,50.511667,2017-10-27 06:35:00
2017-10-27_0720.dat,3.675,55.5,2017-10-27 07:20:00
2017-10-27_0941.dat,15.17,73.5,2017-10-27 09:41:00
2017-10-27_1207.dat,14.45,51.866667,2017-10-27 12:07:00
2017-10-27_1803.dat,0.611667,88.383333,2017-10-27 18:03:00
2017-10-27_1815.dat,14.916667,53.2,2017-10-27 18:15:00
2017-10-27_1925.dat,14.965,72.511667,2017-10-27 19:25:00
2017-10-27_2024.dat,14.903333,72.666667,2017-10-27 20:24:00
2017-10-27_2126.dat,15.005,72.458333,2017-10-27 21:26:00
2017-10-27_2254.dat,15.593333,53.54,2017-10-27 22:54:00
2017-10-27_2347.dat,14.941667,72.523333,2017-10-27 23:47:00
2017-10-28_0004.dat,1.125,87.526667,2017-10-28 00:04:00
2017-10-28_0012.dat,17.185,72.711667,2017-10-28 00:12:00
2017-10-28_0224.dat,15.088333,72.513333,2017-10-28 02:24:00
2017-10-28_0411.dat,15.198333,72.471667,2017-10-28 04:11:00
2017-10-28_0449.dat,15.19,72.431667,2017-10-28 04:49:00
2017-10-28_0535.dat,15.121667,73.051667,2017-10-28 05:35:00
2017-10-28_0547.dat,15.27,72.425,2017-10-28 05:47:00
2017-10-28_0604.dat,1.558333,86.595,2017-10-28 06:04:00
2017-10-28_0618.dat,16.766667,45.083333,2017-10-28 06:18:00
2017-10-28_0703.dat,15.36,72.403333,2017-10-28 07:03:00
2017-10-28_1157.dat,1.96,85.911667,2017-10-28 11:57:00
2017-10-28_1759.dat,1.731667,85.256667,2017-10-28 17:59:00
2017-10-29_0002.dat,2.285,84.453333,2017-10-29 00:02:00
2017-10-29_0604.dat,2.878333,83.513333,2017-10-29 06:04:00
2017-10-29_1203.dat,3.255,82.956667,2017-10-29 12:03:00
2017-10-29_1800.dat,3.715,82.29,2017-10-29 18:00:00
2017-10-29_1808.dat,-5.358333,55.158333,2017-10-29 18:08:00
2017-10-29_2315.dat,6.536667,55.186667,2017-10-29 23:15:00
2017-10-30_0000.dat,4.011667,81.405,2017-10-30 00:00:00
2017-10-30_0534.dat,15.588333,83.218333,2017-10-30 05:34:00
2017-10-30_0601.dat,4.27,80.413333,2017-10-30 06:01:00
2017-10-30_1114.dat,-9.385,55.651667,2017-10-30 11:14:00
2017-10-30_1802.dat,4.55,78.611667,2017-10-30 18:02:00
2017-10-30_1803.dat,-11.175,55.77,2017-10-30 18:03:00
2017-10-30_2249.dat,16.216667,53.85,2017-10-30 22:49:00
2017-10-30_2307.dat,-12.491667,56.148333,2017-10-30 23:07:00
2017-10-31_0001.dat,42.043333,132.28,2017-10-31 00:01:00
2017-10-31_0307.dat,17.543333,83.886667,2017-10-31 03:07:00
2017-10-31_0542.dat,17.548333,83.741667,2017-10-31 05:42:00
2017-10-31_0603.dat,5.505,77.228333,2017-10-31 06:03:00
2017-10-31_0631.dat,14.928333,53.321667,2017-10-31 06:31:00
2017-10-31_0657.dat,17.525,83.86,2017-10-31 06:57:00
2017-10-31_0902.dat,17.645,83.993333,2017-10-31 09:02:00
2017-10-31_0946.dat,17.58,83.858333,2017-10-31 09:46:00
2017-10-31_1148.dat,14.166667,52.733333,2017-10-31 11:48:00
2017-10-31_1157.dat,40.073333,131.98,2017-10-31 11:57:00
2017-10-31_1203.dat,5.003333,76.513333,2017-10-31 12:03:00
2017-10-31_1348.dat,39.151667,131.766667,2017-10-31 13:48:00
2017-10-31_1727.dat,13.833333,51.7,2017-10-31 17:27:00
2017-10-31_1803.dat,39.126667,131.76,2017-10-31 18:03:00
2017-10-31_2017.dat,37.965,131.5,2017-10-31 20:17:00
2017-10-31_2229.dat,13.59,50.888333,2017-10-31 22:29:00
2017-11-01_0001.dat,6.211667,77.263333,2017-11-01 00:01:00
2017-11-01_0025.dat,37.96,131.498333,2017-11-01 00:25:00
2017-11-01_0601.dat,36.833333,131.21,2017-11-01 06:01:00
2017-11-01_0603.dat,6.411667,77.306667,2017-11-01 06:03:00
2017-11-01_0621.dat,13.183333,49.55,2017-11-01 06:21:00
2017-11-01_0710.dat,17.138333,83.641667,2017-11-01 07:10:00
2017-11-01_1140.dat,35.871667,130.811667,2017-11-01 11:40:00
2017-11-01_1144.dat,12.931667,48.771667,2017-11-01 11:44:00
2017-11-01_1204.dat,7.248333,77.873333,2017-11-01 12:04:00
2017-11-01_1425.dat,34.941667,130.201667,2017-11-01 14:25:00
2017-11-01_1755.dat,12.65,47.916667,2017-11-01 17:55:00
2017-11-01_1804.dat,7.456667,78.488333,2017-11-01 18:04:00
2017-11-01_2212.dat,12.466667,47.283333,2017-11-01 22:12:00
2017-11-02_0003.dat,7.218333,70.705,2017-11-02 00:03:00
2017-11-02_0510.dat,1.0,1.0,2017-11-02 05:10:00
2017-11-02_0520.dat,17.473333,72.041667,2017-11-02 05:20:00
2017-11-02_0606.dat,34.928333,130.555,2017-11-02 06:06:00
2017-11-02_0635.dat,12.051667,45.97,2017-11-02 06:35:00
2017-11-02_0640.dat,17.258333,83.776667,2017-11-02 06:40:00
2017-11-02_0930.dat,16.59,71.671667,2017-11-02 09:30:00
2017-11-02_1123.dat,16.525,70.103333,2017-11-02 11:23:00
2017-11-02_1151.dat,12.191667,46.383333,2017-11-02 11:51:00
2017-11-02_1153.dat,35.731667,131.686667,2017-11-02 11:53:00
2017-11-02_1442.dat,36.413333,132.785,2017-11-02 14:42:00
2017-11-02_1504.dat,16.135,71.858333,2017-11-02 15:04:00
2017-11-02_1510.dat,16.135,71.858333,2017-11-02 15:10:00
2017-11-02_1754.dat,36.471667,132.908333,2017-11-02 17:54:00
2017-11-02_1800.dat,12.55,47.533333,2017-11-02 18:00:00
2017-11-02_2013.dat,36.911667,134.56,2017-11-02 20:13:00
2017-11-02_2114.dat,15.033333,72.193333,2017-11-02 21:14:00
2017-11-02_2312.dat,12.878333,48.576667,2017-11-02 23:12:00
2017-11-02_2356.dat,36.9,134.506667,2017-11-02 23:56:00
2017-11-03_0244.dat,14.98,72.79,2017-11-03 02:44:00
2017-11-03_0251.dat,14.976667,72.79,2017-11-03 02:51:00
2017-11-03_0320.dat,37.306667,135.271667,2017-11-03 03:20:00
2017-11-03_0524.dat,14.968333,72.885,2017-11-03 05:24:00
2017-11-03_0600.dat,14.643333,73.291667,2017-11-03 06:00:00
2017-11-03_0616.dat,37.293333,135.013333,2017-11-03 06:16:00
2017-11-03_0630.dat,13.3,49.95,2017-11-03 06:30:00
2017-11-03_0633.dat,17.186667,83.685,2017-11-03 06:33:00
2017-11-03_0836.dat,37.168333,135.046667,2017-11-03 08:36:00
2017-11-03_1113.dat,15.068333,73.14,2017-11-03 11:13:00
2017-11-03_1145.dat,37.145,134.621667,2017-11-03 11:45:00
2017-11-03_1203.dat,-19.698333,57.416667,2017-11-03 12:03:00
2017-11-03_1252.dat,13.483333,51.0,2017-11-03 12:52:00
2017-11-03_1408.dat,37.248333,135.02,2017-11-03 14:08:00
2017-11-03_1753.dat,-18.421667,57.303333,2017-11-03 17:53:00
2017-11-03_1801.dat,37.18,134.613333,2017-11-03 18:01:00
2017-11-03_1829.dat,13.495,51.005,2017-11-03 18:29:00
2017-11-03_1849.dat,17.143333,83.635,2017-11-03 18:49:00
2017-11-03_2040.dat,37.166667,134.82,2017-11-03 20:40:00
2017-11-03_2253.dat,13.805,51.521667,2017-11-03 22:53:00
2017-11-03_2309.dat,-17.448333,57.245,2017-11-03 23:09:00
2017-11-03_2347.dat,15.326667,72.203333,2017-11-03 23:47:00
2017-11-04_0243.dat,37.058333,134.92,2017-11-04 02:43:00
2017-11-04_0533.dat,15.885,71.668333,2017-11-04 05:33:00
2017-11-04_0636.dat,-15.633333,57.041667,2017-11-04 06:36:00
2017-11-04_0708.dat,13.835,51.671667,2017-11-04 07:08:00
2017-11-04_1033.dat,17.0,70.0,2017-11-04 10:33:00
2017-11-04_1148.dat,14.526667,56.961667,2017-11-04 11:48:00
2017-11-04_1235.dat,13.381667,80.538333,2017-11-04 12:35:00
2017-11-04_1245.dat,13.855,50.846667,2017-11-04 12:45:00
2017-11-04_1749.dat,17.121667,83.633333,2017-11-04 17:49:00
2017-11-04_1754.dat,-13.216667,56.828333,2017-11-04 17:54:00
2017-11-04_1827.dat,13.533333,49.85,2017-11-04 18:27:00
2017-11-04_1959.dat,16.0,72.0,2017-11-04 19:59:00
2017-11-04_2236.dat,13.316667,49.183333,2017-11-04 22:36:00
2017-11-04_2239.dat,-12.2,56.738333,2017-11-04 22:39:00
2017-11-05_0522.dat,15.473333,73.031667,2017-11-05 05:22:00
2017-11-05_0606.dat,23.966667,47.966667,2017-11-05 06:06:00
2017-11-05_0642.dat,17.158333,83.658333,2017-11-05 06:42:00
2017-11-05_0647.dat,37.073333,135.56,2017-11-05 06:47:00
2017-11-05_0813.dat,15.0,72.0,2017-11-05 08:13:00
2017-11-05_1132.dat,36.843333,135.251667,2017-11-05 11:32:00
2017-11-05_1247.dat,12.65,47.033333,2017-11-05 12:47:00
2017-11-05_1428.dat,37.218333,135.371667,2017-11-05 14:28:00
2017-11-05_1746.dat,10.393333,57.705,2017-11-05 17:46:00
2017-11-05_1747.dat,37.386667,135.078333,2017-11-05 17:47:00
2017-11-05_1839.dat,12.495,46.326667,2017-11-05 18:39:00
2017-11-05_2033.dat,36.846667,134.931667,2017-11-05 20:33:00
2017-11-05_2210.dat,12.326667,45.918333,2017-11-05 22:10:00
2017-11-05_2333.dat,14.861667,73.575,2017-11-05 23:33:00
2017-11-05_2358.dat,36.993333,134.73,2017-11-05 23:58:00
2017-11-06_0239.dat,37.65,135.776667,2017-11-06 02:39:00
2017-11-06_0416.dat,15.688333,71.063333,2017-11-06 04:16:00
2017-11-06_0554.dat,14.981667,73.406667,2017-11-06 05:54:00
2017-11-06_0600.dat,14.463333,72.871667,2017-11-06 06:00:00
2017-11-06_0621.dat,12.506667,46.508333,2017-11-06 06:21:00
2017-11-06_0647.dat,-10.55,59.306667,2017-11-06 06:47:00
2017-11-06_0743.dat,15.0,72.0,2017-11-06 07:43:00
2017-11-06_1204.dat,37.396667,135.058333,2017-11-06 12:04:00
2017-11-06_1245.dat,10.306667,60.143333,2017-11-06 12:45:00
2017-11-06_1340.dat,12.848333,47.571667,2017-11-06 13:40:00
2017-11-06_1741.dat,17.253333,83.701667,2017-11-06 17:41:00
2017-11-06_1803.dat,6.965,79.435,2017-11-06 18:03:00
2017-11-06_1826.dat,13.136667,48.261667,2017-11-06 18:26:00
2017-11-06_1937.dat,15.0,71.6,2017-11-06 19:37:00
2017-11-06_2031.dat,36.416667,132.661667,2017-11-06 20:31:00
2017-11-06_2259.dat,13.25,48.85,2017-11-06 22:59:00
2017-11-07_0004.dat,7.196667,78.806667,2017-11-07 00:04:00
2017-11-07_0205.dat,-11.0,57.383333,2017-11-07 02:05:00
2017-11-07_0542.dat,15.986667,71.906667,2017-11-07 05:42:00
2017-11-07_0600.dat,15.83,72.065,2017-11-07 06:00:00
2017-11-07_0602.dat,37.65,133.573333,2017-11-07 06:02:00
2017-11-07_0603.dat,7.411667,77.705,2017-11-07 06:03:00
2017-11-07_0656.dat,13.616667,50.05,2017-11-07 06:56:00
2017-11-07_0708.dat,16.0,71.0,2017-11-07 07:08:00
2017-11-07_1130.dat,16.401667,71.648333,2017-11-07 11:30:00
2017-11-07_1144.dat,-10.893333,56.673333,2017-11-07 11:44:00
2017-11-07_1209.dat,13.873333,50.826667,2017-11-07 12:09:00
2017-11-07_1230.dat,7.893333,76.643333,2017-11-07 12:30:00
2017-11-07_1240.dat,37.056667,133.295,2017-11-07 12:40:00
2017-11-07_1720.dat,-12.011667,57.243333,2017-11-07 17:20:00
2017-11-07_1739.dat,35.871667,131.721667,2017-11-07 17:39:00
2017-11-07_1857.dat,13.838333,51.713333,2017-11-07 18:57:00
2017-11-07_2202.dat,13.903333,52.098333,2017-11-07 22:02:00
2017-11-07_2249.dat,-13.155,57.938333,2017-11-07 22:49:00
2017-11-08_0254.dat,32.418333,127.583333,2017-11-08 02:54:00
2017-11-08_0311.dat,15.651667,72.916667,2017-11-08 03:11:00
2017-11-08_0430.dat,17.433333,70.976667,2017-11-08 04:30:00
2017-11-08_0528.dat,17.41,72.01,2017-11-08 05:28:00
2017-11-08_0546.dat,17.205,83.686667,2017-11-08 05:46:00
2017-11-08_0600.dat,17.171667,83.65,2017-11-08 06:00:00
2017-11-08_0610.dat,33.113333,128.353333,2017-11-08 06:10:00
2017-11-08_0621.dat,-14.663333,58.533333,2017-11-08 06:21:00
2017-11-08_0624.dat,17.493333,71.043333,2017-11-08 06:24:00
2017-11-08_0734.dat,17.53,71.036667,2017-11-08 07:34:00
2017-11-08_0903.dat,17.4,71.036667,2017-11-08 09:03:00
2017-11-08_1012.dat,17.338333,83.8,2017-11-08 10:12:00
2017-11-08_1014.dat,17.408333,71.025,2017-11-08 10:14:00
2017-11-08_1016.dat,17.333333,83.785,2017-11-08 10:16:00
2017-11-08_1149.dat,31.668333,127.088333,2017-11-08 11:49:00
2017-11-08_1228.dat,15.9,59.145,2017-11-08 12:28:00
2017-11-08_1315.dat,13.95,52.75,2017-11-08 13:15:00
2017-11-08_1723.dat,12.558333,74.063333,2017-11-08 17:23:00
2017-11-08_1730.dat,13.88,51.793333,2017-11-08 17:30:00
2017-11-08_1758.dat,-17.163333,58.953333,2017-11-08 17:58:00
2017-11-08_1800.dat,12.44,47.068333,2017-11-08 18:00:00
2017-11-08_2158.dat,13.616667,50.933333,2017-11-08 21:58:00
2017-11-08_2305.dat,-18.401667,58.075,2017-11-08 23:05:00
2017-11-09_0004.dat,29.096667,125.495,2017-11-09 00:04:00
2017-11-09_0327.dat,10.83,75.29,2017-11-09 03:27:00
2017-11-09_0601.dat,27.993333,125.111667,2017-11-09 06:01:00
2017-11-09_0631.dat,13.143333,44.491667,2017-11-09 06:31:00
2017-11-09_1128.dat,26.655,124.551667,2017-11-09 11:28:00
2017-11-09_1243.dat,13.066667,48.383333,2017-11-09 12:43:00
2017-11-09_1805.dat,25.46,123.92,2017-11-09 18:05:00
2017-11-09_2247.dat,12.47,46.426667,2017-11-09 22:47:00
2017-11-10_0000.dat,24.47,123.368333,2017-11-10 00:00:00
2017-11-10_0248.dat,23.425,122.981667,2017-11-10 02:48:00
2017-11-10_0600.dat,23.411667,122.98,2017-11-10 06:00:00
2017-11-10_0712.dat,11.95,44.733333,2017-11-10 07:12:00
2017-11-10_1148.dat,22.455,122.665,2017-11-10 11:48:00
2017-11-10_1238.dat,12.341667,43.853333,2017-11-10 12:38:00
2017-11-10_1755.dat,21.823333,122.171667,2017-11-10 17:55:00
2017-11-10_1819.dat,-18.571667,57.291667,2017-11-10 18:19:00
2017-11-10_1947.dat,21.218333,121.466667,2017-11-10 19:47:00
2017-11-10_2227.dat,-17.485,57.216667,2017-11-10 22:27:00
2017-11-11_0000.dat,21.021667,121.29,2017-11-11 00:00:00
2017-11-11_0311.dat,5.821667,70.283333,2017-11-11 03:11:00
2017-11-11_0533.dat,-15.966667,57.066667,2017-11-11 05:33:00
2017-11-11_0610.dat,20.176667,120.491667,2017-11-11 06:10:00
2017-11-11_1122.dat,19.53,119.828333,2017-11-11 11:22:00
2017-11-11_1239.dat,15.755,41.53,2017-11-11 12:39:00
2017-11-11_1507.dat,18.481667,118.698333,2017-11-11 15:07:00
2017-11-11_1731.dat,-13.408333,56.841667,2017-11-11 17:31:00
2017-11-11_1737.dat,3.425,67.8,2017-11-11 17:37:00
2017-11-11_1758.dat,18.601667,118.728333,2017-11-11 17:58:00
2017-11-11_1835.dat,16.348333,41.185,2017-11-11 18:35:00
2017-11-11_2049.dat,17.663333,117.836667,2017-11-11 20:49:00
2017-11-11_2255.dat,-12.218333,56.74,2017-11-11 22:55:00
2017-11-11_2355.dat,17.006667,40.781667,2017-11-11 23:55:00
2017-11-12_0003.dat,17.681667,117.876667,2017-11-12 00:03:00
2017-11-12_0338.dat,1.86,66.193333,2017-11-12 03:38:00
2017-11-12_0609.dat,16.805,116.975,2017-11-12 06:09:00
2017-11-12_0621.dat,19.851667,68.585,2017-11-12 06:21:00
2017-11-12_0743.dat,18.276667,41.068333,2017-11-12 07:43:00
2017-11-12_0908.dat,15.958333,116.168333,2017-11-12 09:08:00
2017-11-12_1116.dat,10.166667,56.7,2017-11-12 11:16:00
2017-11-12_1151.dat,15.996667,116.128333,2017-11-12 11:51:00
2017-11-12_1301.dat,19.013333,39.575,2017-11-12 13:01:00
2017-11-12_1546.dat,14.865,144.958333,2017-11-12 15:46:00
2017-11-12_1752.dat,14.826667,114.925,2017-11-12 17:52:00
2017-11-12_1808.dat,-0.113333,64.122,2017-11-12 18:08:00
2017-11-12_1847.dat,20.003333,38.97,2017-11-12 18:47:00
2017-11-12_2013.dat,14.118333,114.18,2017-11-12 20:13:00
2017-11-12_2301.dat,-8.11,58.251667,2017-11-12 23:01:00
2017-11-12_2311.dat,20.721667,38.533333,2017-11-12 23:11:00
2017-11-12_2353.dat,13.85,113.92,2017-11-12 23:53:00
2017-11-13_0325.dat,13.025,113.076667,2017-11-13 03:25:00
2017-11-13_0359.dat,-1.176667,62.993333,2017-11-13 03:59:00
2017-11-13_0559.dat,12.99,113.046667,2017-11-13 05:59:00
2017-11-13_0739.dat,20.993333,38.368333,2017-11-13 07:39:00
2017-11-13_0922.dat,12.211667,112.4,2017-11-13 09:22:00
2017-11-13_1117.dat,12.286667,112.438333,2017-11-13 11:17:00
2017-11-13_1245.dat,20.116667,30.9,2017-11-13 12:45:00
2017-11-13_1254.dat,22.725,61.108333,2017-11-13 12:54:00
2017-11-13_1559.dat,11.34,111.29,2017-11-13 15:59:00
2017-11-13_1716.dat,-45.953333,60.521667,2017-11-13 17:16:00
2017-11-13_1742.dat,11.35,111.313333,2017-11-13 17:42:00
2017-11-13_1824.dat,22.283333,59.876667,2017-11-13 18:24:00
2017-11-13_1831.dat,-3.251667,60.716667,2017-11-13 18:31:00
2017-11-13_1904.dat,19.083333,39.516667,2017-11-13 19:04:00
2017-11-13_1917.dat,17.8,83.833333,2017-11-13 19:17:00
2017-11-13_1929.dat,17.683333,83.883333,2017-11-13 19:29:00
2017-11-13_1935.dat,17.683333,83.883333,2017-11-13 19:35:00
2017-11-13_1939.dat,17.683333,83.885,2017-11-13 19:39:00
2017-11-13_1953.dat,17.65,83.883333,2017-11-13 19:53:00
2017-11-13_1958.dat,17.633333,83.583333,2017-11-13 19:58:00
2017-11-13_2005.dat,17.616667,83.9,2017-11-13 20:05:00
2017-11-13_2014.dat,17.6,83.916667,2017-11-13 20:14:00
2017-11-13_2021.dat,17.586667,83.866667,2017-11-13 20:21:00
2017-11-13_2139.dat,10.473333,110.373333,2017-11-13 21:39:00
2017-11-13_2207.dat,-3.668333,61.178333,2017-11-13 22:07:00
2017-11-13_2244.dat,18.605,39.825,2017-11-13 22:44:00
2017-11-13_2358.dat,10.276667,110.205,2017-11-13 23:58:00
2017-11-14_0410.dat,9.225,109.188333,2017-11-14 04:10:00
2017-11-14_0518.dat,-1.988333,62.04,2017-11-14 05:18:00
2017-11-14_0552.dat,-4.481667,59.336667,2017-11-14 05:52:00
2017-11-14_0607.dat,9.081667,109.095,2017-11-14 06:07:00
2017-11-14_0620.dat,25.003333,57.968333,2017-11-14 06:20:00
2017-11-14_0943.dat,17.255,40.596667,2017-11-14 09:43:00
2017-11-14_1001.dat,-0.601667,62.605,2017-11-14 10:01:00
2017-11-14_1206.dat,25.858333,57.096667,2017-11-14 12:06:00
2017-11-14_1349.dat,16.916667,40.75,2017-11-14 13:49:00
2017-11-14_1630.dat,0.59,63.36,2017-11-14 16:30:00
2017-11-14_1743.dat,18.85,72.466667,2017-11-14 17:43:00
2017-11-14_1754.dat,26.55,56.126667,2017-11-14 17:54:00
2017-11-14_1910.dat,16.176667,41.271667,2017-11-14 19:10:00
2017-11-14_1942.dat,6.111667,57.7,2017-11-14 19:42:00
2017-11-14_2042.dat,19.856667,69.551667,2017-11-14 20:42:00
2017-11-14_2156.dat,1.738333,63.941667,2017-11-14 21:56:00
2017-11-14_2327.dat,26.316667,54.911667,2017-11-14 23:27:00
2017-11-14_2343.dat,15.816667,41.533333,2017-11-14 23:43:00
2017-11-15_0430.dat,3.168333,64.685,2017-11-15 04:30:00
2017-11-15_0536.dat,18.733333,72.066667,2017-11-15 05:36:00
2017-11-15_0544.dat,7.858333,56.425,2017-11-15 05:44:00
2017-11-15_0618.dat,26.563333,63.215,2017-11-15 06:18:00
2017-11-15_0741.dat,14.665,42.025,2017-11-15 07:41:00
2017-11-15_1011.dat,4.323333,55.283333,2017-11-15 10:11:00
2017-11-15_1259.dat,13.88,42.391667,2017-11-15 12:59:00
2017-11-15_1608.dat,5.473333,65.871667,2017-11-15 16:08:00
2017-11-15_1747.dat,27.798333,50.798333,2017-11-15 17:47:00
2017-11-15_1920.dat,-5.671667,54.971833,2017-11-15 19:20:00
2017-11-15_1940.dat,13.15,43.05,2017-11-15 19:40:00
2017-11-15_2138.dat,6.616667,66.366667,2017-11-15 21:38:00
2017-11-15_2301.dat,12.603333,43.348333,2017-11-15 23:01:00
2017-11-15_2337.dat,28.468333,50.23,2017-11-15 23:37:00
2017-11-16_0555.dat,-4.72,53.735667,2017-11-16 05:55:00
2017-11-16_0619.dat,27.371667,51.388333,2017-11-16 06:19:00
2017-11-16_0628.dat,11.8,43.233333,2017-11-16 06:28:00
2017-11-16_0946.dat,8.986667,67.675,2017-11-16 09:46:00
2017-11-16_1157.dat,17.368333,83.52,2017-11-16 11:57:00
2017-11-16_1549.dat,10.16,68.303333,2017-11-16 15:49:00
2017-11-16_1800.dat,26.256667,53.858333,2017-11-16 18:00:00
2017-11-16_1816.dat,17.311667,83.448333,2017-11-16 18:16:00
2017-11-16_1943.dat,3.82,54.82,2017-11-16 19:43:00
2017-11-16_2025.dat,11.368333,69.121667,2017-11-16 20:25:00
2017-11-16_2058.dat,17.32,83.466667,2017-11-16 20:58:00
2017-11-16_2340.dat,26.136667,54.986667,2017-11-16 23:40:00
2017-11-17_0505.dat,12.531667,70.13,2017-11-17 05:05:00
2017-11-17_0534.dat,-3.488333,55.945,2017-11-17 05:34:00
2017-11-17_0545.dat,-3.488333,55.945,2017-11-17 05:45:00
2017-11-17_0619.dat,26.491667,55.353333,2017-11-17 06:19:00
2017-11-17_0641.dat,17.016667,84.836667,2017-11-17 06:41:00
2017-11-17_0813.dat,17.303333,83.463333,2017-11-17 08:13:00
2017-11-17_1018.dat,13.251667,70.961667,2017-11-17 10:18:00
2017-11-17_1200.dat,25.621667,57.173333,2017-11-17 12:00:00
2017-11-17_1809.dat,18.633333,70.716667,2017-11-17 18:09:00
2017-11-17_1822.dat,25.255,58.553333,2017-11-17 18:22:00
2017-11-17_2102.dat,14.716667,72.705,2017-11-17 21:02:00
2017-11-17_2359.dat,25.1,59.623333,2017-11-17 23:59:00
2017-11-18_0425.dat,14.561667,73.468333,2017-11-18 04:25:00
2017-11-18_0600.dat,24.398333,59.598333,2017-11-18 06:00:00
2017-11-18_0608.dat,18.3,89.503333,2017-11-18 06:08:00
2017-11-18_0609.dat,17.383333,69.616667,2017-11-18 06:09:00
2017-11-18_1007.dat,17.398333,83.541667,2017-11-18 10:07:00
2017-11-18_1208.dat,18.485,90.318333,2017-11-18 12:08:00
2017-11-18_1737.dat,17.388333,83.461667,2017-11-18 17:37:00
2017-11-18_1818.dat,18.956667,91.008333,2017-11-18 18:18:00
2017-11-18_2327.dat,11.761667,43.63,2017-11-18 23:27:00
2017-11-19_0542.dat,19.89,92.261667,2017-11-19 05:42:00
2017-11-19_0550.dat,19.883333,92.251667,2017-11-19 05:50:00
2017-11-19_1152.dat,11.873333,45.506667,2017-11-19 11:52:00
2017-11-19_1745.dat,12.183333,46.345,2017-11-19 17:45:00
2017-11-19_1808.dat,20.458333,90.72,2017-11-19 18:08:00
2017-11-19_2235.dat,12.421667,47.095,2017-11-19 22:35:00
2017-11-20_0011.dat,23.868333,58.9,2017-11-20 00:11:00
2017-11-20_0532.dat,-3.498333,55.222833,2017-11-20 05:32:00
2017-11-20_0548.dat,20.686667,89.066667,2017-11-20 05:48:00
2017-11-20_0559.dat,27.621667,57.891667,2017-11-20 05:59:00
2017-11-20_0610.dat,12.816667,48.4,2017-11-20 06:10:00
2017-11-20_1221.dat,13.045,49.08,2017-11-20 12:21:00
2017-11-20_1258.dat,19.871667,89.123333,2017-11-20 12:58:00
2017-11-20_1750.dat,13.541667,49.97,2017-11-20 17:50:00
2017-11-20_1753.dat,19.051667,89.216667,2017-11-20 17:53:00
2017-11-20_1955.dat,19.283333,69.916667,2017-11-20 19:55:00
2017-11-20_2201.dat,5.085,52.833333,2017-11-20 22:01:00
2017-11-20_2300.dat,25.325,57.291667,2017-11-20 23:00:00
2017-11-21_0537.dat,19.206667,88.768333,2017-11-21 05:37:00
2017-11-21_0546.dat,-6.68,51.826833,2017-11-21 05:46:00
2017-11-21_0553.dat,-6.68,51.826667,2017-11-21 05:53:00
2017-11-21_0610.dat,25.125,58.865,2017-11-21 06:10:00
2017-11-21_0633.dat,14.061667,51.378333,2017-11-21 06:33:00
2017-11-21_0710.dat,18.4,71.833333,2017-11-21 07:10:00
2017-11-21_1153.dat,13.783333,50.483333,2017-11-21 11:53:00
2017-11-21_1200.dat,24.59,60.116667,2017-11-21 12:00:00
2017-11-21_1205.dat,19.108333,88.553333,2017-11-21 12:05:00
2017-11-21_1753.dat,30.416667,49.35,2017-11-21 17:53:00
2017-11-21_1800.dat,24.016667,60.566667,2017-11-21 18:00:00
2017-11-21_1801.dat,18.886667,88.205,2017-11-21 18:01:00
2017-11-21_1924.dat,-8.06,50.88,2017-11-21 19:24:00
2017-11-21_2207.dat,13.183333,48.633333,2017-11-21 22:07:00
2017-11-21_2300.dat,23.193333,59.965,2017-11-21 23:00:00
2017-11-22_0029.dat,17.536667,83.723333,2017-11-22 00:29:00
2017-11-22_0310.dat,17.643333,83.926667,2017-11-22 03:10:00
2017-11-22_0508.dat,17.571667,83.843333,2017-11-22 05:08:00
2017-11-22_0532.dat,-4.778333,51.025,2017-11-22 05:32:00
2017-11-22_0536.dat,18.5,71.983333,2017-11-22 05:36:00
2017-11-22_0540.dat,18.971667,88.436667,2017-11-22 05:40:00
2017-11-22_0617.dat,24.101667,58.623333,2017-11-22 06:17:00
2017-11-22_0653.dat,12.836667,47.498333,2017-11-22 06:53:00
2017-11-22_0708.dat,17.575,83.868333,2017-11-22 07:08:00
2017-11-22_1201.dat,18.903333,88.645,2017-11-22 12:01:00
2017-11-22_1313.dat,12.671667,47.153333,2017-11-22 13:13:00
2017-11-22_1316.dat,24.568333,58.436667,2017-11-22 13:16:00
2017-11-22_1759.dat,18.583333,88.468333,2017-11-22 17:59:00
2017-11-22_1802.dat,25.086667,57.471667,2017-11-22 18:02:00
2017-11-22_1831.dat,12.486667,46.578333,2017-11-22 18:31:00
2017-11-22_1928.dat,-3.878333,51.796667,2017-11-22 19:28:00
2017-11-22_2151.dat,12.365,46.093333,2017-11-22 21:51:00
2017-11-22_2347.dat,25.255,58.025,2017-11-22 23:47:00
2017-11-23_0536.dat,-2.316667,52.683333,2017-11-23 05:36:00
2017-11-23_0553.dat,19.083333,69.333333,2017-11-23 05:53:00
2017-11-23_0604.dat,23.606667,61.501667,2017-11-23 06:04:00
2017-11-23_0610.dat,24.718333,68.685,2017-11-23 06:10:00
2017-11-23_0635.dat,12.661667,46.86,2017-11-23 06:35:00
2017-11-23_1208.dat,24.351667,59.468333,2017-11-23 12:08:00
2017-11-23_1302.dat,12.926667,47.778333,2017-11-23 13:02:00
2017-11-23_1754.dat,13.166667,48.583333,2017-11-23 17:54:00
2017-11-23_2001.dat,-0.96,54.568333,2017-11-23 20:01:00
2017-11-23_2109.dat,13.33,49.076667,2017-11-23 21:09:00
2017-11-23_2336.dat,22.973333,33.291667,2017-11-23 23:36:00
2017-11-24_0542.dat,-1.061667,56.393333,2017-11-24 05:42:00
2017-11-24_0611.dat,6.01,107.491667,2017-11-24 06:11:00
2017-11-24_0623.dat,22.051667,65.703333,2017-11-24 06:23:00
2017-11-24_0815.dat,13.78,50.6,2017-11-24 08:15:00
2017-11-24_1144.dat,13.976667,50.896667,2017-11-24 11:44:00
2017-11-24_1156.dat,6.023333,110.44,2017-11-24 11:56:00
2017-11-24_1739.dat,13.986667,51.713333,2017-11-24 17:39:00
2017-11-24_1759.dat,6.025,112.085,2017-11-24 17:59:00
2017-11-24_1936.dat,-2.005,57.01,2017-11-24 19:36:00
2017-11-24_2101.dat,19.428333,70.32,2017-11-24 21:01:00
2017-11-24_2131.dat,19.428333,70.318333,2017-11-24 21:31:00
2017-11-24_2231.dat,14.2,52.416667,2017-11-24 22:31:00
2017-11-24_2353.dat,5.815,113.508333,2017-11-24 23:53:00
2017-11-24_2359.dat,19.87,69.658333,2017-11-24 23:59:00
2017-11-25_0345.dat,19.683333,69.486667,2017-11-25 03:45:00
2017-11-25_0551.dat,-3.735,55.553333,2017-11-25 05:51:00
2017-11-25_0612.dat,19.471667,69.91,2017-11-25 06:12:00
2017-11-25_0639.dat,14.378333,52.416667,2017-11-25 06:39:00
2017-11-25_1144.dat,14.216667,51.933333,2017-11-25 11:44:00
2017-11-25_1712.dat,13.86,50.77,2017-11-25 17:12:00
2017-11-25_2124.dat,13.616667,49.975,2017-11-25 21:24:00
2017-11-26_0521.dat,-3.54,55.85,2017-11-26 05:21:00
2017-11-26_0647.dat,12.983333,47.966667,2017-11-26 06:47:00
2017-11-26_1155.dat,12.318333,47.401667,2017-11-26 11:55:00
2017-11-26_1808.dat,12.115,46.348333,2017-11-26 18:08:00
2017-11-26_1954.dat,-4.37,56.998333,2017-11-26 19:54:00
2017-11-26_2135.dat,12.32,45.79,2017-11-26 21:35:00
2017-11-27_0543.dat,-6.173333,57.285,2017-11-27 05:43:00
2017-11-27_0642.dat,12.243333,44.305,2017-11-27 06:42:00
2017-11-27_1155.dat,12.565,43.476667,2017-11-27 11:55:00
2017-11-27_1751.dat,13.42,42.836667,2017-11-27 17:51:00
2017-11-27_2004.dat,-8.688333,57.198333,2017-11-27 20:04:00
2017-11-28_0552.dat,-8.591667,57.026667,2017-11-28 05:52:00
2017-11-28_0647.dat,14.383333,42.161667,2017-11-28 06:47:00
2017-11-28_1232.dat,13.57,42.543333,2017-11-28 12:32:00
2017-11-28_1731.dat,20.671667,90.59,2017-11-28 17:31:00
2017-11-28_1738.dat,13.003333,43.141667,2017-11-28 17:38:00
2017-11-28_1933.dat,-10.873333,56.7585,2017-11-28 19:33:00
2017-11-28_2154.dat,12.493333,43.553333,2017-11-28 21:54:00
2017-11-29_0001.dat,6.54,114.493333,2017-11-29 00:01:00
2017-11-29_0532.dat,19.916667,90.541667,2017-11-29 05:32:00
2017-11-29_0540.dat,-12.741667,56.7555,2017-11-29 05:40:00
2017-11-29_0606.dat,6.54,113.368333,2017-11-29 06:06:00
2017-11-29_0641.dat,11.903333,44.838333,2017-11-29 06:41:00
2017-11-29_1202.dat,6.541667,112.546667,2017-11-29 12:02:00
2017-11-29_1224.dat,12.048333,45.841667,2017-11-29 12:24:00
2017-11-29_1758.dat,6.541667,111.495,2017-11-29 17:58:00
2017-11-29_1813.dat,19.02,91.073333,2017-11-29 18:13:00
2017-11-29_1833.dat,12.401667,47.01,2017-11-29 18:33:00
2017-11-29_1954.dat,-15.356667,56.843333,2017-11-29 19:54:00
2017-11-29_2204.dat,12.615,47.71,2017-11-29 22:04:00
2017-11-30_0005.dat,6.54,110.371667,2017-11-30 00:05:00
2017-11-30_0326.dat,17.631667,83.99,2017-11-30 03:26:00
2017-11-30_0441.dat,17.543333,83.86,2017-11-30 04:41:00
2017-11-30_0535.dat,18.268333,89.171667,2017-11-30 05:35:00
2017-11-30_0550.dat,-17.243333,56.865,2017-11-30 05:50:00
2017-11-30_0601.dat,17.563333,83.903333,2017-11-30 06:01:00
2017-11-30_0611.dat,6.54,109.258333,2017-11-30 06:11:00
2017-11-30_0638.dat,17.435,70.941667,2017-11-30 06:38:00
2017-11-30_0647.dat,13.166667,49.446667,2017-11-30 06:47:00
2017-11-30_0753.dat,17.666667,84.04,2017-11-30 07:53:00
2017-11-30_0902.dat,17.5,70.925,2017-11-30 09:02:00
2017-11-30_0919.dat,17.61,84.04,2017-11-30 09:19:00
2017-11-30_1155.dat,6.528333,108.73,2017-11-30 11:55:00
2017-11-30_1252.dat,13.483333,50.466667,2017-11-30 12:52:00
2017-11-30_1757.dat,13.818333,51.506667,2017-11-30 17:57:00
2017-11-30_1806.dat,17.95,85.94,2017-11-30 18:06:00
2017-11-30_1942.dat,-17.835,56.675,2017-11-30 19:42:00
2017-11-30_2108.dat,14.0,52.15,2017-11-30 21:08:00
2017-12-01_0529.dat,-19.865,57.12,2017-12-01 05:29:00
2017-12-01_0546.dat,19.881667,57.12,2017-12-01 05:46:00
2017-12-01_0634.dat,13.575,53.751667,2017-12-01 06:34:00
2017-12-01_1149.dat,12.933333,53.9,2017-12-01 11:49:00
2017-12-01_1758.dat,12.766667,52.616667,2017-12-01 17:58:00
2017-12-01_2200.dat,12.766667,51.766667,2017-12-01 22:00:00
2017-12-01_2206.dat,17.006667,72.481667,2017-12-01 22:06:00
2017-12-02_0133.dat,16.366667,72.7,2017-12-02 01:33:00
2017-12-02_0602.dat,19.67,69.89,2017-12-02 06:02:00
2017-12-02_0732.dat,15.138333,73.171667,2017-12-02 07:32:00
2017-12-02_1303.dat,13.8,52.466667,2017-12-02 13:03:00
2017-12-02_1505.dat,14.766667,73.916667,2017-12-02 15:05:00
2017-12-02_1816.dat,14.578333,53.15,2017-12-02 18:16:00
2017-12-02_2202.dat,15.2,53.45,2017-12-02 22:02:00
2017-12-03_0650.dat,16.496667,54.056667,2017-12-03 06:50:00
2017-12-03_0702.dat,11.383333,72.883333,2017-12-03 07:02:00
2017-12-03_1157.dat,16.813333,54.233333,2017-12-03 11:57:00
2017-12-04_0558.dat,10.623333,72.538333,2017-12-04 05:58:00
2017-12-04_0641.dat,-17.713333,59.816667,2017-12-04 06:41:00
2017-12-04_1937.dat,-14.67,61.756667,2017-12-04 19:37:00
2017-12-04_1951.dat,-14.67,61.756667,2017-12-04 19:51:00
2017-12-04_2032.dat,11.268333,71.605,2017-12-04 20:32:00
2017-12-05_0507.dat,-12.671667,61.88,2017-12-05 05:07:00
2017-12-05_0627.dat,11.501667,70.858333,2017-12-05 06:27:00
2017-12-05_1906.dat,-9.243333,64.521,2017-12-05 19:06:00
2017-12-05_1950.dat,10.033333,17.033333,2017-12-05 19:50:00
2017-12-06_0437.dat,-6.548333,65.828167,2017-12-06 04:37:00
2017-12-06_1737.dat,15.156667,81.831667,2017-12-06 17:37:00
2017-12-06_1843.dat,-3.041667,67.54,2017-12-06 18:43:00
2017-12-06_2030.dat,12.5,70.386667,2017-12-06 20:30:00
2017-12-06_2122.dat,16.59,54.373333,2017-12-06 21:22:00
2017-12-07_0436.dat,0.368333,68.876667,2017-12-07 04:36:00
2017-12-07_0638.dat,15.763333,55.07,2017-12-07 06:38:00
2017-12-07_0800.dat,11.6,68.383333,2017-12-07 08:00:00
2017-12-07_1232.dat,15.258333,54.225,2017-12-07 12:32:00
2017-12-07_1754.dat,9.851667,75.301667,2017-12-07 17:54:00
2017-12-07_1809.dat,14.816667,53.45,2017-12-07 18:09:00
2017-12-07_2003.dat,11.436667,68.786667,2017-12-07 20:03:00
2017-12-07_2030.dat,15.253333,72.361667,2017-12-07 20:30:00
2017-12-07_2202.dat,14.575,52.956667,2017-12-07 22:02:00
2017-12-07_2231.dat,9.296667,75.203333,2017-12-07 22:31:00
2017-12-07_2355.dat,11.533333,68.975,2017-12-07 23:55:00
2017-12-08_0356.dat,4.871667,71.498333,2017-12-08 03:56:00
2017-12-08_0403.dat,4.871667,71.498333,2017-12-08 04:03:00
2017-12-08_0505.dat,9.188333,74.87,2017-12-08 05:05:00
2017-12-08_0616.dat,6.236667,97.493333,2017-12-08 06:16:00
2017-12-08_0626.dat,14.433333,52.55,2017-12-08 06:26:00
2017-12-08_1007.dat,7.02,96.468333,2017-12-08 10:07:00
2017-12-08_1128.dat,7.041667,96.433333,2017-12-08 11:28:00
2017-12-08_1158.dat,11.616667,70.243333,2017-12-08 11:58:00
2017-12-08_1252.dat,14.283333,52.161667,2017-12-08 12:52:00
2017-12-08_1736.dat,14.021667,51.183333,2017-12-08 17:36:00
2017-12-08_1746.dat,8.145,94.87,2017-12-08 17:46:00
2017-12-08_1801.dat,8.218333,94.768333,2017-12-08 18:01:00
2017-12-08_1812.dat,10.7,70.535,2017-12-08 18:12:00
2017-12-08_2142.dat,13.783333,50.433333,2017-12-08 21:42:00
2017-12-08_2340.dat,9.128333,93.516667,2017-12-08 23:40:00
2017-12-08_2358.dat,9.143333,93.49,2017-12-08 23:58:00
2017-12-09_0402.dat,9.453333,75.470667,2017-12-09 04:02:00
2017-12-09_0608.dat,10.145,92.138333,2017-12-09 06:08:00
2017-12-09_0633.dat,13.276667,48.793333,2017-12-09 06:33:00
2017-12-09_1151.dat,12.948333,47.755,2017-12-09 11:51:00
2017-12-09_1730.dat,12.635,46.745,2017-12-09 17:30:00
2017-12-09_1757.dat,11.953333,90.045,2017-12-09 17:57:00
2017-12-09_2123.dat,12.42,46.038333,2017-12-09 21:23:00
2017-12-10_0028.dat,13.105,88.715,2017-12-10 00:28:00
2017-12-10_0603.dat,14.196667,87.453833,2017-12-10 06:03:00
2017-12-10_0642.dat,12.231667,45.46,2017-12-10 06:42:00
2017-12-10_1122.dat,15.116667,86.375,2017-12-10 11:22:00
2017-12-10_1205.dat,12.395,46.123333,2017-12-10 12:05:00
2017-12-10_1749.dat,15.936667,85.423333,2017-12-10 17:49:00
2017-12-10_1752.dat,15.901667,85.455,2017-12-10 17:52:00
2017-12-10_1825.dat,12.683333,47.083333,2017-12-10 18:25:00
2017-12-10_2135.dat,12.915,47.705,2017-12-10 21:35:00
2017-12-11_0006.dat,16.68,84.595,2017-12-11 00:06:00
2017-12-11_0453.dat,17.63,84.008333,2017-12-11 04:53:00
2017-12-11_0503.dat,17.338333,83.421667,2017-12-11 05:03:00
2017-12-11_0615.dat,13.283333,48.95,2017-12-11 06:15:00
2017-12-11_0617.dat,17.468333,83.718333,2017-12-11 06:17:00
2017-12-11_0624.dat,14.011667,73.37,2017-12-11 06:24:00
2017-12-11_0730.dat,17.583333,83.89,2017-12-11 07:30:00
2017-12-11_0735.dat,14.451667,73.065,2017-12-11 07:35:00
2017-12-11_0827.dat,17.501667,83.808333,2017-12-11 08:27:00
2017-12-11_1055.dat,14.935,72.855,2017-12-11 10:55:00
2017-12-11_1255.dat,13.633333,50.181667,2017-12-11 12:55:00
2017-12-11_1909.dat,13.9,50.945,2017-12-11 19:09:00
2017-12-11_2131.dat,14.033333,51.333333,2017-12-11 21:31:00
2017-12-12_0359.dat,16.576667,72.26,2017-12-12 03:59:00
2017-12-12_0542.dat,17.365,83.455,2017-12-12 05:42:00
2017-12-12_0612.dat,16.933333,71.476667,2017-12-12 06:12:00
2017-12-12_0626.dat,14.478333,52.755,2017-12-12 06:26:00
2017-12-12_1212.dat,14.383333,52.633333,2017-12-12 12:12:00
2017-12-12_1517.dat,17.366667,83.45,2017-12-12 15:17:00
2017-12-12_1800.dat,14.115,51.763333,2017-12-12 18:00:00
2017-12-12_2137.dat,13.93,51.163333,2017-12-12 21:37:00
2017-12-13_0535.dat,17.43,83.513333,2017-12-13 05:35:00
2017-12-13_0646.dat,13.5,39.716667,2017-12-13 06:46:00
2017-12-13_0651.dat,13.5,39.716667,2017-12-13 06:51:00
2017-12-13_1331.dat,13.266667,49.066667,2017-12-13 13:31:00
2017-12-13_1755.dat,13.045,48.331667,2017-12-13 17:55:00
2017-12-13_1803.dat,17.366667,83.455,2017-12-13 18:03:00
2017-12-13_2120.dat,12.833333,74.683333,2017-12-13 21:20:00
2017-12-14_0556.dat,17.371667,83.441667,2017-12-14 05:56:00
2017-12-14_0632.dat,12.905,47.72,2017-12-14 06:32:00
2017-12-14_1120.dat,17.386667,83.458333,2017-12-14 11:20:00
2017-12-14_1303.dat,17.338333,83.723333,2017-12-14 13:03:00
2017-12-14_1315.dat,13.27,48.878333,2017-12-14 13:15:00
2017-12-14_1720.dat,13.486667,49.565,2017-12-14 17:20:00
2017-12-14_1722.dat,16.986667,83.973333,2017-12-14 17:22:00
2017-12-14_2134.dat,13.728333,50.343333,2017-12-14 21:34:00
2017-12-14_2222.dat,9.555,75.706667,2017-12-14 22:22:00
2017-12-14_2309.dat,15.335,83.883333,2017-12-14 23:09:00
2017-12-14_2356.dat,21.108333,66.42,2017-12-14 23:56:00
2017-12-15_0554.dat,22.0,64.0,2017-12-15 05:54:00
2017-12-15_0605.dat,21.74,64.49,2017-12-15 06:05:00
2017-12-15_0645.dat,14.26,52.036667,2017-12-15 06:45:00
2017-12-15_0655.dat,15.918333,83.99,2017-12-15 06:55:00
2017-12-15_1207.dat,23.041667,60.506667,2017-12-15 12:07:00
2017-12-15_1209.dat,22.07,63.223333,2017-12-15 12:09:00
2017-12-15_1211.dat,16.556667,83.76,2017-12-15 12:11:00
2017-12-15_1806.dat,14.598333,52.99,2017-12-15 18:06:00
2017-12-15_1928.dat,22.763333,61.356667,2017-12-15 19:28:00
2017-12-15_2126.dat,15.766667,53.266667,2017-12-15 21:26:00
2017-12-16_0611.dat,23.583333,58.935,2017-12-16 06:11:00
2017-12-16_0631.dat,16.588333,53.981667,2017-12-16 06:31:00
2017-12-17_1108.dat,15.531667,86.931667,2017-12-17 11:08:00
2017-12-17_1703.dat,15.205,86.933333,2017-12-17 17:03:00
2017-12-17_1755.dat,16.868333,84.605,2017-12-17 17:55:00
2017-12-17_2317.dat,14.268333,86.533333,2017-12-17 23:17:00
2017-12-18_0557.dat,15.121667,86.348333,2017-12-18 05:57:00
2017-12-18_0605.dat,14.551667,53.87,2017-12-18 06:05:00
2017-12-18_0610.dat,15.083333,86.423333,2017-12-18 06:10:00
2017-12-18_0626.dat,16.683333,56.366667,2017-12-18 06:26:00
2017-12-18_1207.dat,15.551667,86.433333,2017-12-18 12:07:00
2017-12-18_1222.dat,16.553333,57.613333,2017-12-18 12:22:00
2017-12-18_1250.dat,14.326667,52.551667,2017-12-18 12:50:00
2017-12-18_1726.dat,15.505,85.998333,2017-12-18 17:26:00
2017-12-18_1824.dat,13.955,57.316667,2017-12-18 18:24:00
2017-12-18_2115.dat,16.431667,59.851667,2017-12-18 21:15:00
2017-12-18_2335.dat,13.63,50.263333,2017-12-18 23:35:00
2017-12-18_2347.dat,15.633333,86.45,2017-12-18 23:47:00
2017-12-19_0341.dat,16.605,86.853333,2017-12-19 03:41:00
2017-12-19_0535.dat,16.371667,86.183333,2017-12-19 05:35:00
2017-12-19_0605.dat,13.173333,48.725,2017-12-19 06:05:00
2017-12-19_0609.dat,16.02,62.311667,2017-12-19 06:09:00
2017-12-19_1133.dat,15.853333,63.853333,2017-12-19 11:33:00
2017-12-19_1153.dat,24.191667,57.87,2017-12-19 11:53:00
2017-12-19_1222.dat,15.436667,86.198333,2017-12-19 12:22:00
2017-12-19_1226.dat,12.818333,47.636667,2017-12-19 12:26:00
2017-12-19_1713.dat,24.183333,57.7,2017-12-19 17:13:00
2017-12-19_1737.dat,14.928333,86.465,2017-12-19 17:37:00
2017-12-19_1747.dat,15.685,65.388333,2017-12-19 17:47:00
2017-12-19_1808.dat,24.201667,57.766667,2017-12-19 18:08:00
2017-12-19_1809.dat,24.201667,57.766667,2017-12-19 18:09:00
2017-12-19_1829.dat,12.23,46.59,2017-12-19 18:29:00
2017-12-19_1942.dat,14.983333,86.561667,2017-12-19 19:42:00
2017-12-19_2116.dat,15.57,66.396667,2017-12-19 21:16:00
2017-12-19_2229.dat,14.928333,86.386667,2017-12-19 22:29:00
2017-12-19_2257.dat,11.915,45.598333,2017-12-19 22:57:00
2017-12-19_2353.dat,24.521667,57.401667,2017-12-19 23:53:00
2017-12-20_0435.dat,14.8,86.15,2017-12-20 04:35:00
2017-12-20_0553.dat,15.3,68.81,2017-12-20 05:53:00
2017-12-20_0554.dat,15.006667,88.12,2017-12-20 05:54:00
2017-12-20_0607.dat,24.188333,57.886667,2017-12-20 06:07:00
2017-12-20_0632.dat,17.685,72.083333,2017-12-20 06:32:00
2017-12-20_0832.dat,17.286667,71.79,2017-12-20 08:32:00
2017-12-20_0938.dat,24.083333,57.806667,2017-12-20 09:38:00
2017-12-20_1025.dat,24.083333,57.983333,2017-12-20 10:25:00
2017-12-20_1040.dat,14.8,86.066667,2017-12-20 10:40:00
2017-12-20_1216.dat,17.23,71.7,2017-12-20 12:16:00
2017-12-20_1335.dat,15.11,70.511667,2017-12-20 13:35:00
2017-12-20_1445.dat,24.116667,58.055,2017-12-20 14:45:00
2017-12-20_1646.dat,10.236667,75.586667,2017-12-20 16:46:00
2017-12-20_1649.dat,14.258333,87.29,2017-12-20 16:49:00
2017-12-20_1759.dat,15.026667,71.44,2017-12-20 17:59:00
2017-12-20_1825.dat,14.068333,88.855,2017-12-20 18:25:00
2017-12-20_1926.dat,24.273333,57.85,2017-12-20 19:26:00
2017-12-20_2205.dat,15.833333,72.25,2017-12-20 22:05:00
2017-12-20_2216.dat,14.921667,72.256667,2017-12-20 22:16:00
2017-12-20_2246.dat,13.37,88.983333,2017-12-20 22:46:00
2017-12-20_2353.dat,12.056667,74.316667,2017-12-20 23:53:00
2017-12-20_2355.dat,24.271667,57.635,2017-12-20 23:55:00
2017-12-21_0535.dat,23.733333,58.633333,2017-12-21 05:35:00
2017-12-21_0548.dat,12.22,90.865,2017-12-21 05:48:00
2017-12-21_0604.dat,13.221667,89.35,2017-12-21 06:04:00
2017-12-21_0606.dat,23.985,57.923333,2017-12-21 06:06:00
2017-12-21_0653.dat,16.75,71.466667,2017-12-21 06:53:00
2017-12-21_0947.dat,17.65,71.016667,2017-12-21 09:47:00
2017-12-21_1753.dat,15.348333,73.008333,2017-12-21 17:53:00
2017-12-21_2031.dat,15.375,72.508333,2017-12-21 20:31:00
2017-12-22_0130.dat,15.826667,72.366667,2017-12-22 01:30:00
2017-12-22_0450.dat,15.741667,72.421667,2017-12-22 04:50:00
2017-12-22_1208.dat,24.516667,58.116667,2017-12-22 12:08:00
2017-12-22_1243.dat,24.663333,58.378333,2017-12-22 12:43:00
2017-12-23_0527.dat,9.376667,92.688333,2017-12-23 05:27:00
2017-12-23_0609.dat,9.636667,92.668333,2017-12-23 06:09:00
2017-12-24_0321.dat,10.523333,75.273333,2017-12-24 03:21:00
2017-12-24_0559.dat,12.543333,74.338333,2017-12-24 05:59:00
2017-12-24_1112.dat,12.363333,89.646667,2017-12-24 11:12:00
2017-12-24_1701.dat,13.465,88.255,2017-12-24 17:01:00
2017-12-24_1739.dat,12.073333,91.203333,2017-12-24 17:39:00
2017-12-24_1745.dat,11.35,90.606667,2017-12-24 17:45:00
2017-12-24_2302.dat,14.606667,86.886667,2017-12-24 23:02:00
2017-12-25_0534.dat,14.088333,88.283333,2017-12-25 05:34:00
2017-12-25_0646.dat,16.033333,72.933333,2017-12-25 06:46:00
2017-12-25_0911.dat,12.515,89.311667,2017-12-25 09:11:00
2017-12-25_1100.dat,16.103333,84.125,2017-12-25 11:00:00
2017-12-25_2247.dat,17.098333,83.908333,2017-12-25 22:47:00
2017-12-25_2327.dat,17.02,83.968333,2017-12-25 23:27:00
2017-12-26_0243.dat,17.251667,83.633333,2017-12-26 02:43:00
2017-12-26_0556.dat,14.116667,87.605,2017-12-26 05:56:00
2017-12-26_0615.dat,10.75,75.366667,2017-12-26 06:15:00
2017-12-26_0916.dat,20.683333,66.1,2017-12-26 09:16:00
2017-12-26_1823.dat,20.316667,64.266667,2017-12-26 18:23:00
2017-12-26_2026.dat,10.18,75.098333,2017-12-26 20:26:00
2017-12-27_0138.dat,10.65,75.053333,2017-12-27 01:38:00
2017-12-27_0521.dat,25.1,58.016667,2017-12-27 05:21:00
2017-12-27_0601.dat,9.918333,75.323333,2017-12-27 06:01:00
2017-12-27_0657.dat,17.8,71.92,2017-12-27 06:57:00
2017-12-27_0658.dat,19.433333,64.783333,2017-12-27 06:58:00
2017-12-27_0744.dat,16.44,84.953333,2017-12-27 07:44:00
2017-12-27_0852.dat,17.236667,71.791667,2017-12-27 08:52:00
2017-12-27_0905.dat,17.236667,71.791667,2017-12-27 09:05:00
2017-12-27_0927.dat,19.583333,65.216667,2017-12-27 09:27:00
2017-12-27_1138.dat,10.061667,75.721667,2017-12-27 11:38:00
2017-12-27_1154.dat,24.516667,58.6,2017-12-27 11:54:00
2017-12-27_1202.dat,17.155,71.453333,2017-12-27 12:02:00
2017-12-27_1207.dat,10.015,75.72,2017-12-27 12:07:00
2017-12-27_1710.dat,23.666667,59.383333,2017-12-27 17:10:00
2017-12-27_1748.dat,10.74,75.46,2017-12-27 17:48:00
2017-12-28_0424.dat,22.74,62.6,2017-12-28 04:24:00
2017-12-28_0517.dat,20.16,69.343333,2017-12-28 05:17:00
2017-12-28_0556.dat,20.083333,68.183333,2017-12-28 05:56:00
2017-12-28_0606.dat,22.64,62.885,2017-12-28 06:06:00
2017-12-28_0621.dat,13.5,73.833333,2017-12-28 06:21:00
2017-12-28_0907.dat,20.216667,68.65,2017-12-28 09:07:00
2017-12-28_0958.dat,20.283333,68.666667,2017-12-28 09:58:00
2017-12-28_1024.dat,17.023333,71.425,2017-12-28 10:24:00
2017-12-28_1157.dat,20.35,68.3,2017-12-28 11:57:00
2017-12-28_1313.dat,22.166667,64.0,2017-12-28 13:13:00
2017-12-28_1335.dat,22.256667,63.855,2017-12-28 13:35:00
2017-12-28_1806.dat,21.723333,65.566667,2017-12-28 18:06:00
2017-12-28_1941.dat,21.723333,65.566667,2017-12-28 19:41:00
2017-12-28_2356.dat,21.39,66.538333,2017-12-28 23:56:00
2017-12-29_0400.dat,17.09,71.325,2017-12-29 04:00:00
2017-12-29_0504.dat,20.596667,68.456667,2017-12-29 05:04:00
2017-12-29_0534.dat,20.833333,68.166667,2017-12-29 05:34:00
2017-12-29_1335.dat,17.033333,71.483333,2017-12-29 13:35:00
2017-12-29_1446.dat,17.333333,71.585,2017-12-29 14:46:00
2017-12-30_0533.dat,17.033333,71.851667,2017-12-30 05:33:00
2017-12-30_0647.dat,18.616667,71.72,2017-12-30 06:47:00
2017-12-30_0720.dat,18.52,71.7,2017-12-30 07:20:00
2017-12-30_0842.dat,18.525,71.666667,2017-12-30 08:42:00
2018-01-03_0637.dat,19.185,70.39,2018-01-03 06:37:00
2018-01-03_2351.dat,20.603333,68.625,2018-01-03 23:51:00
2018-01-05_0717.dat,17.475,83.938333,2018-01-05 07:17:00
2018-01-05_0822.dat,17.3,83.468333,2018-01-05 08:22:00
2018-01-05_0832.dat,17.42,83.99,2018-01-05 08:32:00
2018-01-05_0933.dat,17.533333,83.883333,2018-01-05 09:33:00
2018-01-05_1127.dat,17.366667,83.883333,2018-01-05 11:27:00
2018-01-07_0810.dat,15.84,72.728333,2018-01-07 08:10:00
2018-01-07_1102.dat,15.266667,72.616667,2018-01-07 11:02:00
2018-01-07_1905.dat,15.6,72.916667,2018-01-07 19:05:00
2018-01-08_0600.dat,15.228333,72.905,2018-01-08 06:00:00
2018-01-08_0619.dat,14.208333,73.005,2018-01-08 06:19:00
2018-01-08_0626.dat,15.116667,72.666667,2018-01-08 06:26:00
2018-01-08_1800.dat,14.246667,73.015,2018-01-08 18:00:00
2018-01-08_1900.dat,15.135,72.773333,2018-01-08 19:00:00
2018-01-08_2101.dat,14.983333,72.85,2018-01-08 21:01:00
2018-01-08_2200.dat,15.163333,72.908333,2018-01-08 22:00:00
2018-01-08_2321.dat,15.136667,72.79,2018-01-08 23:21:00
2018-01-08_2334.dat,17.503333,83.933333,2018-01-08 23:34:00
2018-01-09_0130.dat,14.871667,73.105,2018-01-09 01:30:00
2018-01-09_0510.dat,17.383333,83.733333,2018-01-09 05:10:00
2018-01-09_0525.dat,14.568333,73.143333,2018-01-09 05:25:00
2018-01-09_0551.dat,14.6,73.133333,2018-01-09 05:51:00
2018-01-09_0553.dat,14.725,73.14,2018-01-09 05:53:00
2018-01-09_0603.dat,17.333333,83.75,2018-01-09 06:03:00
2018-01-09_1120.dat,15.448333,72.923333,2018-01-09 11:20:00
2018-01-10_0549.dat,17.666667,70.966667,2018-01-10 05:49:00
2018-01-12_0559.dat,16.653333,83.011667,2018-01-12 05:59:00
2018-01-15_2022.dat,9.715,75.086667,2018-01-15 20:22:00
2018-01-16_0550.dat,19.768333,68.09,2018-01-16 05:50:00
2018-01-16_0551.dat,15.05,72.483333,2018-01-16 05:51:00
2018-01-16_0707.dat,14.75,72.45,2018-01-16 07:07:00
2018-01-16_1857.dat,20.801667,66.743333,2018-01-16 18:57:00
2018-01-16_2000.dat,20.833333,66.616667,2018-01-16 20:00:00
2018-01-16_2309.dat,16.77,83.558333,2018-01-16 23:09:00
2018-01-17_0516.dat,15.836667,83.653333,2018-01-17 05:16:00
2018-01-17_0607.dat,21.055,64.876667,2018-01-17 06:07:00
2018-01-17_0614.dat,21.055,64.876667,2018-01-17 06:14:00
2018-01-17_0635.dat,17.506667,83.935,2018-01-17 06:35:00
2018-01-17_0812.dat,17.596667,83.948333,2018-01-17 08:12:00
2018-01-17_1126.dat,16.165,83.891667,2018-01-17 11:26:00
2018-01-17_1212.dat,17.733333,83.995,2018-01-17 12:12:00
2018-01-17_1331.dat,16.95,65.016667,2018-01-17 13:31:00
2018-01-17_1642.dat,16.878333,84.195,2018-01-17 16:42:00
2018-01-17_1710.dat,16.958333,84.253333,2018-01-17 17:10:00
2018-01-17_1825.dat,15.116667,65.183333,2018-01-17 18:25:00
2018-01-17_1827.dat,22.44,62.331667,2018-01-17 18:27:00
2018-01-17_1955.dat,17.15,84.015,2018-01-17 19:55:00
2018-01-17_2030.dat,17.023333,83.981667,2018-01-17 20:30:00
2018-01-18_0044.dat,13.833333,64.266667,2018-01-18 00:44:00
2018-01-18_0618.dat,23.451667,60.318333,2018-01-18 06:18:00
2018-01-18_0650.dat,11.833333,63.8,2018-01-18 06:50:00
2018-01-18_1331.dat,17.425,83.375,2018-01-18 13:31:00
2018-01-18_1810.dat,9.133333,63.216667,2018-01-18 18:10:00
2018-01-18_1904.dat,17.551667,83.931667,2018-01-18 19:04:00
2018-01-18_1921.dat,24.203333,58.288333,2018-01-18 19:21:00
2018-01-18_2136.dat,16.9,83.336667,2018-01-18 21:36:00
2018-01-19_0554.dat,6.65,78.45,2018-01-19 05:54:00
2018-01-19_0647.dat,25.037667,57.405,2018-01-19 06:47:00
2018-01-19_0805.dat,12.216667,64.75,2018-01-19 08:05:00
2018-01-19_1214.dat,16.055,84.001667,2018-01-19 12:14:00
2018-01-19_1223.dat,13.166667,65.233333,2018-01-19 12:23:00
2018-01-19_1601.dat,16.285,84.141667,2018-01-19 16:01:00
2018-01-19_1726.dat,15.148333,84.403333,2018-01-19 17:26:00
2018-01-19_1738.dat,15.651667,84.351667,2018-01-19 17:38:00
2018-01-19_1828.dat,14.55,65.933333,2018-01-19 18:28:00
2018-01-19_1918.dat,25.138333,59.013333,2018-01-19 19:18:00
2018-01-19_2204.dat,16.011667,84.005,2018-01-19 22:04:00
2018-01-19_2259.dat,15.635,83.765,2018-01-19 22:59:00
2018-01-20_0049.dat,15.883333,66.6,2018-01-20 00:49:00
2018-01-20_0408.dat,17.501667,83.995,2018-01-20 04:08:00
2018-01-20_0554.dat,17.276667,84.736667,2018-01-20 05:54:00
2018-01-20_0618.dat,80.716667,82.133333,2018-01-20 06:18:00
2018-01-20_0621.dat,17.166667,67.266667,2018-01-20 06:21:00
2018-01-20_0622.dat,17.465,83.95,2018-01-20 06:22:00
2018-01-20_0651.dat,24.24,60.278333,2018-01-20 06:51:00
2018-01-20_1218.dat,18.7,67.866667,2018-01-20 12:18:00
2018-01-20_1438.dat,15.485,82.611667,2018-01-20 14:38:00
2018-01-20_1720.dat,15.621667,82.321667,2018-01-20 17:20:00
2018-01-20_1752.dat,17.295,84.111667,2018-01-20 17:52:00
2018-01-20_1801.dat,19.566667,68.566667,2018-01-20 18:01:00
2018-01-20_1802.dat,17.318333,84.085,2018-01-20 18:02:00
2018-01-20_1920.dat,24.008333,59.28,2018-01-20 19:20:00
2018-01-20_1929.dat,15.27,82.228333,2018-01-20 19:29:00
2018-01-20_2338.dat,20.583333,69.033333,2018-01-20 23:38:00
2018-01-21_0709.dat,24.336667,58.666667,2018-01-21 07:09:00
2018-01-21_1343.dat,16.29,83.788333,2018-01-21 13:43:00
2018-01-21_1508.dat,15.438333,82.088333,2018-01-21 15:08:00
2018-01-22_1606.dat,13.586667,50.82,2018-01-22 16:06:00
2018-01-22_1743.dat,13.546667,84.83,2018-01-22 17:43:00
2018-01-23_0347.dat,11.991667,86.513333,2018-01-23 03:47:00
2018-01-23_0550.dat,1.533333,8.533333,2018-01-23 05:50:00
2018-01-23_0605.dat,11.943333,85.655,2018-01-23 06:05:00
2018-01-23_0623.dat,9.3,92.908333,2018-01-23 06:23:00
2018-01-23_1120.dat,11.106667,85.16,2018-01-23 11:20:00
2018-01-23_1755.dat,10.04,84.496667,2018-01-23 17:55:00
2018-01-23_2355.dat,9.116667,83.941667,2018-01-23 23:55:00
2018-01-24_0438.dat,11.321667,90.863333,2018-01-24 04:38:00
2018-01-24_0615.dat,8.273333,83.428333,2018-01-24 06:15:00
2018-01-24_1142.dat,7.591667,83.018333,2018-01-24 11:42:00
2018-01-24_1733.dat,6.131667,87.15,2018-01-24 17:33:00
2018-01-24_1745.dat,6.78,82.533333,2018-01-24 17:45:00
2018-01-25_0008.dat,5.956667,82.033333,2018-01-25 00:08:00
2018-01-25_0556.dat,5.475,82.118333,2018-01-25 05:56:00
2018-01-25_0647.dat,2.698333,85.033333,2018-01-25 06:47:00
2018-01-25_1133.dat,16.683333,82.9,2018-01-25 11:33:00
2018-01-25_1810.dat,5.526667,81.006667,2018-01-25 18:10:00
2018-01-25_1824.dat,16.266667,82.766667,2018-01-25 18:24:00
2018-01-25_2353.dat,5.501667,81.921667,2018-01-25 23:53:00
2018-01-26_0059.dat,-1.69,82.303333,2018-01-26 00:59:00
2018-01-26_0603.dat,5.505,82.453333,2018-01-26 06:03:00
2018-01-26_0627.dat,16.733333,83.283333,2018-01-26 06:27:00
2018-01-26_1143.dat,-4.08,80.825,2018-01-26 11:43:00
2018-01-26_1148.dat,5.506667,81.455,2018-01-26 11:48:00
2018-01-26_2333.dat,5.446667,82.548333,2018-01-26 23:33:00
2018-01-27_0310.dat,16.933333,71.87,2018-01-27 03:10:00
2018-01-27_0433.dat,17.083333,71.566667,2018-01-27 04:33:00
2018-01-27_0533.dat,17.066667,71.671667,2018-01-27 05:33:00
2018-01-27_0549.dat,5.513333,81.618333,2018-01-27 05:49:00
2018-01-27_0557.dat,11.905,89.533333,2018-01-27 05:57:00
2018-01-27_0627.dat,16.733333,83.65,2018-01-27 06:27:00
2018-01-27_0641.dat,-3.6,81.858333,2018-01-27 06:41:00
2018-01-27_0652.dat,17.133333,71.821667,2018-01-27 06:52:00
2018-01-27_0706.dat,25.316667,57.39,2018-01-27 07:06:00
2018-01-27_0734.dat,17.15,71.738333,2018-01-27 07:34:00
2018-01-27_0952.dat,17.133333,71.616667,2018-01-27 09:52:00
2018-01-27_1121.dat,16.616667,83.716667,2018-01-27 11:21:00
2018-01-27_1259.dat,17.183333,71.553333,2018-01-27 12:59:00
2018-01-27_1808.dat,-2.565,82.728333,2018-01-27 18:08:00
2018-01-28_0328.dat,9.035,87.7,2018-01-28 03:28:00
2018-01-28_0619.dat,5.508333,80.935,2018-01-28 06:19:00
2018-01-28_0647.dat,1.97,85.45,2018-01-28 06:47:00
2018-01-28_1137.dat,5.63,81.953333,2018-01-28 11:37:00
2018-01-28_1212.dat,-2.201667,85.521667,2018-01-28 12:12:00
2018-01-28_1746.dat,5.505,82.105,2018-01-28 17:46:00
2018-01-29_0327.dat,11.891667,90.236667,2018-01-29 03:27:00
2018-01-29_0622.dat,-3.515,81.908333,2018-01-29 06:22:00
2018-01-29_0811.dat,17.365,83.956667,2018-01-29 08:11:00
2018-01-29_1134.dat,4.823333,81.868333,2018-01-29 11:34:00
2018-01-29_1719.dat,16.443333,84.983333,2018-01-29 17:19:00
2018-01-29_1734.dat,4.458333,82.303333,2018-01-29 17:34:00
2018-01-29_1742.dat,-5.065,79.595,2018-01-29 17:42:00
2018-01-29_1938.dat,22.988333,80.466667,2018-01-29 19:38:00
2018-01-29_2332.dat,5.101667,81.361667,2018-01-29 23:32:00
2018-01-29_2341.dat,13.056667,92.173333,2018-01-29 23:41:00
2018-01-30_0106.dat,16.55,82.966667,2018-01-30 01:06:00
2018-01-30_0230.dat,13.716667,92.815,2018-01-30 02:30:00
2018-01-30_0543.dat,5.495,81.456667,2018-01-30 05:43:00
2018-01-30_0545.dat,-6.081667,77.54,2018-01-30 05:45:00
2018-01-30_0724.dat,16.05,83.1,2018-01-30 07:24:00
2018-01-30_1147.dat,5.648333,82.428333,2018-01-30 11:47:00
2018-01-30_1730.dat,9.975,75.201667,2018-01-30 17:30:00
2018-01-30_1751.dat,5.448333,81.878333,2018-01-30 17:51:00
2018-01-30_1757.dat,12.216667,87.431667,2018-01-30 17:57:00
2018-01-30_1944.dat,-7.545,79.38,2018-01-30 19:44:00
2018-01-30_2332.dat,9.973333,74.956667,2018-01-30 23:32:00
2018-01-31_0455.dat,9.425,74.825,2018-01-31 04:55:00
2018-01-31_0458.dat,16.5,83.5,2018-01-31 04:58:00
2018-01-31_0533.dat,18.475,66.9,2018-01-31 05:33:00
2018-01-31_0543.dat,3.008333,81.706667,2018-01-31 05:43:00
2018-01-31_0617.dat,10.153333,89.066667,2018-01-31 06:17:00
2018-01-31_0625.dat,-9.27,77.673333,2018-01-31 06:25:00
2018-01-31_1644.dat,6.016667,93.316667,2018-01-31 16:44:00
2018-01-31_1743.dat,0.798333,81.391667,2018-01-31 17:43:00
2018-01-31_1756.dat,17.176667,64.256667,2018-01-31 17:56:00
2018-01-31_1805.dat,-9.963333,79.203333,2018-01-31 18:05:00
2018-01-31_1916.dat,7.96,90.581667,2018-01-31 19:16:00
2018-02-01_0611.dat,16.666667,83.25,2018-02-01 06:11:00
2018-02-01_0631.dat,6.266667,92.308333,2018-02-01 06:31:00
2018-02-01_0652.dat,-1.316667,82.871667,2018-02-01 06:52:00
2018-02-01_1140.dat,-2.058333,83.588333,2018-02-01 11:40:00
2018-02-01_1143.dat,12.401667,91.958333,2018-02-01 11:43:00
2018-02-01_1323.dat,13.408333,91.985,2018-02-01 13:23:00
2018-02-01_1756.dat,-9.845,84.85,2018-02-01 17:56:00
2018-02-01_1944.dat,5.55,92.788333,2018-02-01 19:44:00
2018-02-02_0403.dat,11.885,91.878333,2018-02-02 04:03:00
2018-02-02_0620.dat,-9.64,88.326667,2018-02-02 06:20:00
2018-02-02_0635.dat,5.401667,90.305,2018-02-02 06:35:00
2018-02-02_1135.dat,-6.618333,87.753333,2018-02-02 11:35:00
2018-02-02_1324.dat,9.935,91.876667,2018-02-02 13:24:00
2018-02-02_1523.dat,9.616667,92.333333,2018-02-02 15:23:00
2018-02-02_1748.dat,-8.008333,89.475,2018-02-02 17:48:00
2018-02-03_0332.dat,9.713333,91.846667,2018-02-03 03:32:00
2018-02-03_0552.dat,-7.691667,90.881667,2018-02-03 05:52:00
2018-02-03_1127.dat,-7.975,92.375,2018-02-03 11:27:00
2018-02-03_1131.dat,11.343333,91.45,2018-02-03 11:31:00
2018-02-03_1853.dat,11.493333,91.476667,2018-02-03 18:53:00
2018-02-03_2106.dat,11.743333,91.5,2018-02-03 21:06:00
2018-02-03_2121.dat,14.3,83.55,2018-02-03 21:21:00
2018-02-04_0533.dat,5.303333,80.536667,2018-02-04 05:33:00
2018-02-04_0620.dat,-6.633333,90.176667,2018-02-04 06:20:00
2018-02-04_1048.dat,10.446667,91.805,2018-02-04 10:48:00
2018-02-04_1142.dat,-9.898333,93.52,2018-02-04 11:42:00
2018-02-04_1720.dat,-3.228333,89.188333,2018-02-04 17:20:00
2018-02-04_1724.dat,11.131667,92.853333,2018-02-04 17:24:00
2018-02-04_1732.dat,-9.083333,94.005,2018-02-04 17:32:00
2018-02-04_2155.dat,14.566667,83.666667,2018-02-04 21:55:00
2018-02-04_2257.dat,10.04,75.406667,2018-02-04 22:57:00
2018-02-05_0343.dat,10.816667,92.796667,2018-02-05 03:43:00
2018-02-05_0531.dat,9.62,74.903333,2018-02-05 05:31:00
2018-02-05_0535.dat,-5.255,94.605,2018-02-05 05:35:00
2018-02-05_0551.dat,9.483333,74.98,2018-02-05 05:51:00
2018-02-05_0612.dat,0.125,88.243333,2018-02-05 06:12:00
2018-02-05_1016.dat,10.905,93.0,2018-02-05 10:16:00
2018-02-05_1025.dat,4.826667,82.061667,2018-02-05 10:25:00
2018-02-05_1059.dat,17.183333,84.25,2018-02-05 10:59:00
2018-02-05_1135.dat,9.386667,75.225,2018-02-05 11:35:00
2018-02-05_1156.dat,-3.355,95.623333,2018-02-05 11:56:00
2018-02-05_1353.dat,9.808333,75.11,2018-02-05 13:53:00
2018-02-05_1454.dat,17.35,83.883333,2018-02-05 14:54:00
2018-02-05_1526.dat,17.233333,83.816667,2018-02-05 15:26:00
2018-02-05_1806.dat,5.883333,82.718333,2018-02-05 18:06:00
2018-02-06_0420.dat,18.881667,92.975,2018-02-06 04:20:00
2018-02-06_0554.dat,8.585,82.215,2018-02-06 05:54:00
2018-02-06_0555.dat,-4.823333,97.448333,2018-02-06 05:55:00
2018-02-06_0624.dat,7.02,86.371667,2018-02-06 06:24:00
2018-02-06_1527.dat,11.181667,92.996667,2018-02-06 15:27:00
2018-02-06_1738.dat,-3.858333,97.748333,2018-02-06 17:38:00
2018-02-06_1807.dat,10.973333,81.605,2018-02-06 18:07:00
2018-02-06_2337.dat,-2.365,96.841667,2018-02-06 23:37:00
2018-02-07_0543.dat,12.731667,80.74,2018-02-07 05:43:00
2018-02-07_0554.dat,-0.765,95.773333,2018-02-07 05:54:00
2018-02-07_0611.dat,14.743333,84.158333,2018-02-07 06:11:00
2018-02-08_2351.dat,9.838333,88.346667,2018-02-08 23:51:00
2018-02-09_2141.dat,12.85,81.0,2018-02-09 21:41:00
2018-02-10_0658.dat,6.433333,94.433333,2018-02-10 06:58:00
2018-02-11_1000.dat,9.54,93.888333,2018-02-11 10:00:00
2018-02-11_1302.dat,12.08,45.91,2018-02-11 13:02:00
2018-02-11_1916.dat,12.468333,47.075,2018-02-11 19:16:00
2018-02-12_0531.dat,10.806667,71.501667,2018-02-12 05:31:00
2018-02-12_1244.dat,13.566667,50.613333,2018-02-12 12:44:00
2018-02-12_1834.dat,13.935,57.746667,2018-02-12 18:34:00
2018-02-12_2316.dat,14.186667,51.636667,2018-02-12 23:16:00
2018-02-13_0538.dat,17.216667,71.165,2018-02-13 05:38:00
2018-02-13_0646.dat,15.076667,54.646667,2018-02-13 06:46:00
2018-02-13_1521.dat,17.068333,70.79,2018-02-13 15:21:00
2018-02-13_1800.dat,17.063333,71.163333,2018-02-13 18:00:00
2018-02-13_1815.dat,15.886667,57.09,2018-02-13 18:15:00
2018-02-13_1831.dat,7.111667,94.61,2018-02-13 18:31:00
2018-02-13_2158.dat,15.988333,58.286667,2018-02-13 21:58:00
2018-02-14_0513.dat,6.686667,94.658333,2018-02-14 05:13:00
2018-02-14_0528.dat,16.206667,60.595,2018-02-14 05:28:00
2018-02-14_0532.dat,15.365,72.68,2018-02-14 05:32:00
2018-02-14_0546.dat,-4.443333,94.7,2018-02-14 05:46:00
2018-02-14_0619.dat,15.22,72.858333,2018-02-14 06:19:00
2018-02-14_1128.dat,16.371667,62.358333,2018-02-14 11:28:00
2018-02-14_1133.dat,2.34,88.885,2018-02-14 11:33:00
2018-02-14_1711.dat,15.055,83.068333,2018-02-14 17:11:00
2018-02-14_1744.dat,0.475,89.551667,2018-02-14 17:44:00
2018-02-14_1747.dat,16.491667,63.688333,2018-02-14 17:47:00
2018-02-14_2154.dat,16.588333,64.736667,2018-02-14 21:54:00
2018-02-15_0018.dat,15.941667,71.901667,2018-02-15 00:18:00
2018-02-15_0602.dat,16.0,71.0,2018-02-15 06:02:00
2018-02-15_0608.dat,16.761667,66.561667,2018-02-15 06:08:00
2018-02-15_0613.dat,16.113333,72.571667,2018-02-15 06:13:00
2018-02-15_0627.dat,17.161667,83.246667,2018-02-15 06:27:00
2018-02-15_0641.dat,10.653333,82.526667,2018-02-15 06:41:00
2018-02-15_0927.dat,15.741667,71.553333,2018-02-15 09:27:00
2018-02-15_1115.dat,16.876667,67.65,2018-02-15 11:15:00
2018-02-15_1648.dat,7.086667,82.118333,2018-02-15 16:48:00
2018-02-15_1714.dat,1.875,72.516667,2018-02-15 17:14:00
2018-02-15_1716.dat,16.983333,69.01,2018-02-15 17:16:00
2018-02-15_1811.dat,14.983333,72.916667,2018-02-15 18:11:00
2018-02-15_1823.dat,14.983333,72.916667,2018-02-15 18:23:00
2018-02-15_1846.dat,18.02,70.676667,2018-02-15 18:46:00
2018-02-15_2005.dat,15.28,71.2375,2018-02-15 20:05:00
2018-02-16_0156.dat,17.565,83.79,2018-02-16 01:56:00
2018-02-16_0445.dat,17.491667,83.916667,2018-02-16 04:45:00
2018-02-16_0518.dat,6.65,94.785,2018-02-16 05:18:00
2018-02-16_0532.dat,15.755,71.673333,2018-02-16 05:32:00
2018-02-16_0549.dat,14.39,72.64,2018-02-16 05:49:00
2018-02-16_0626.dat,15.111667,72.626667,2018-02-16 06:26:00
2018-02-16_0648.dat,17.601667,84.02,2018-02-16 06:48:00
2018-02-16_0705.dat,15.083333,71.818333,2018-02-16 07:05:00
2018-02-16_0716.dat,15.683333,72.45,2018-02-16 07:16:00
2018-02-16_0750.dat,17.506667,83.935,2018-02-16 07:50:00
2018-02-16_0835.dat,15.718333,71.671667,2018-02-16 08:35:00
2018-02-16_1131.dat,15.216667,71.7,2018-02-16 11:31:00
2018-02-16_1542.dat,-8.16,92.621667,2018-02-16 15:42:00
2018-02-16_1703.dat,6.53,95.368333,2018-02-16 17:03:00
2018-02-16_1959.dat,14.608333,72.429333,2018-02-16 19:59:00
2018-02-16_2033.dat,16.066667,71.37,2018-02-16 20:33:00
2018-02-17_0416.dat,15.62,71.64,2018-02-17 04:16:00
2018-02-17_0536.dat,15.846667,71.638333,2018-02-17 05:36:00
2018-02-17_0814.dat,15.785,71.591667,2018-02-17 08:14:00
2018-02-17_1215.dat,2.5,64.316667,2018-02-17 12:15:00
2018-02-17_1302.dat,15.751667,71.625,2018-02-17 13:02:00
2018-02-17_1327.dat,11.363333,83.02,2018-02-17 13:27:00
2018-02-17_1800.dat,1.946667,63.481667,2018-02-17 18:00:00
2018-02-18_0638.dat,17.286667,71.745,2018-02-18 06:38:00
2018-02-18_0804.dat,17.388333,84.068333,2018-02-18 08:04:00
2018-02-18_0923.dat,17.355,84.096667,2018-02-18 09:23:00
2018-02-18_1150.dat,0.148333,60.756667,2018-02-18 11:50:00
2018-02-18_1318.dat,0.588333,90.22,2018-02-18 13:18:00
2018-02-18_1806.dat,0.825,59.501667,2018-02-18 18:06:00
2018-02-18_2341.dat,17.516667,83.75,2018-02-18 23:41:00
2018-02-19_0020.dat,1.58,58.451667,2018-02-19 00:20:00
2018-02-19_0044.dat,17.4,83.933333,2018-02-19 00:44:00
2018-02-19_0156.dat,17.383333,84.016667,2018-02-19 01:56:00
2018-02-19_0624.dat,-2.27,57.495,2018-02-19 06:24:00
2018-02-19_0637.dat,17.25,84.0,2018-02-19 06:37:00
2018-02-19_0822.dat,17.45,84.016667,2018-02-19 08:22:00
2018-02-19_0929.dat,17.473333,84.073333,2018-02-19 09:29:00
2018-02-19_0945.dat,4.898333,89.153333,2018-02-19 09:45:00
2018-02-19_1025.dat,17.416667,83.983333,2018-02-19 10:25:00
2018-02-19_1210.dat,-2.51,57.510167,2018-02-19 12:10:00
2018-02-19_1534.dat,6.093333,88.878333,2018-02-19 15:34:00
2018-02-19_1749.dat,-3.21,56.256667,2018-02-19 17:49:00
2018-02-19_1830.dat,15.035,71.49,2018-02-19 18:30:00
2018-02-19_1837.dat,10.341667,75.042167,2018-02-19 18:37:00
2018-02-19_2119.dat,10.0,72.0,2018-02-19 21:19:00
2018-02-20_0546.dat,12.01,70.27,2018-02-20 05:46:00
2018-02-20_0632.dat,11.043333,70.28,2018-02-20 06:32:00
2018-02-20_0719.dat,11.0,70.0,2018-02-20 07:19:00
2018-02-20_1522.dat,9.315,87.703333,2018-02-20 15:22:00
2018-02-20_1746.dat,21.721667,67.383333,2018-02-20 17:46:00
2018-02-20_1753.dat,13.051667,68.688333,2018-02-20 17:53:00
2018-02-20_2027.dat,13.64,68.406667,2018-02-20 20:27:00
2018-02-21_0155.dat,17.408333,84.086667,2018-02-21 01:55:00
2018-02-21_0231.dat,17.416667,84.416667,2018-02-21 02:31:00
2018-02-21_0455.dat,17.336667,84.053333,2018-02-21 04:55:00
2018-02-21_0606.dat,17.283333,84.0,2018-02-21 06:06:00
2018-02-21_0623.dat,15.553333,67.995,2018-02-21 06:23:00
2018-02-21_0627.dat,16.166667,68.59,2018-02-21 06:27:00
2018-02-21_0630.dat,15.553333,67.995,2018-02-21 06:30:00
2018-02-21_0651.dat,17.366667,84.016667,2018-02-21 06:51:00
2018-02-21_1133.dat,22.225,64.218333,2018-02-21 11:33:00
2018-02-21_1240.dat,16.846667,67.99,2018-02-21 12:40:00
2018-02-21_1640.dat,14.706667,84.96,2018-02-21 16:40:00
2018-02-21_1712.dat,18.166667,67.456667,2018-02-21 17:12:00
2018-02-21_1811.dat,17.375,66.561667,2018-02-21 18:11:00
2018-02-21_1955.dat,17.0,66.0,2018-02-21 19:55:00
2018-02-21_2322.dat,21.556667,66.213333,2018-02-21 23:22:00
2018-02-22_0511.dat,16.218333,64.489,2018-02-22 05:11:00
2018-02-22_0543.dat,16.205,64.526667,2018-02-22 05:43:00
2018-02-22_0634.dat,16.071667,65.186667,2018-02-22 06:34:00
2018-02-22_0724.dat,16.45,64.473333,2018-02-22 07:24:00
2018-02-22_1430.dat,13.633333,73.3,2018-02-22 14:30:00
2018-02-22_1704.dat,21.61,65.996667,2018-02-22 17:04:00
2018-02-22_1716.dat,19.316667,65.233333,2018-02-22 17:16:00
2018-02-22_1754.dat,18.788333,64.66,2018-02-22 17:54:00
2018-02-23_0537.dat,14.716667,73.266667,2018-02-23 05:37:00
2018-02-23_0539.dat,19.996667,64.241667,2018-02-23 05:39:00
2018-02-23_0734.dat,19.95,63.836667,2018-02-23 07:34:00
2018-02-23_1057.dat,20.02,68.026667,2018-02-23 10:57:00
2018-02-23_1740.dat,19.453333,65.965,2018-02-23 17:40:00
2018-02-23_1832.dat,18.688333,65.755,2018-02-23 18:32:00
2018-02-23_1837.dat,16.983333,9.0,2018-02-23 18:37:00
2018-02-23_2009.dat,18.966667,65.201667,2018-02-23 20:09:00
2018-02-24_0522.dat,19.585,66.687,2018-02-24 05:22:00
2018-02-24_0536.dat,19.388333,66.905,2018-02-24 05:36:00
2018-02-24_0539.dat,17.291667,83.416667,2018-02-24 05:39:00
2018-02-24_0632.dat,18.9,66.218333,2018-02-24 06:32:00
2018-02-24_0727.dat,19.123333,63.126667,2018-02-24 07:27:00
2018-02-24_1749.dat,19.306667,64.958333,2018-02-24 17:49:00
2018-02-24_1938.dat,19.84,63.185,2018-02-24 19:38:00
2018-02-24_2158.dat,19.863333,64.863333,2018-02-24 21:58:00
2018-02-25_0535.dat,21.191667,65.533333,2018-02-25 05:35:00
2018-02-25_0552.dat,21.218333,65.515,2018-02-25 05:52:00
2018-02-25_0656.dat,19.966667,64.45,2018-02-25 06:56:00
2018-02-25_0723.dat,19.083333,64.95,2018-02-25 07:23:00
2018-02-25_1730.dat,19.343333,65.515,2018-02-25 17:30:00
2018-02-25_1736.dat,19.343333,65.515,2018-02-25 17:36:00
2018-02-25_1743.dat,19.316667,65.025,2018-02-25 17:43:00
2018-02-25_1813.dat,17.6,84.183333,2018-02-25 18:13:00
2018-02-25_1937.dat,18.896667,65.436667,2018-02-25 19:37:00
2018-02-25_2327.dat,18.326667,65.971667,2018-02-25 23:27:00
2018-02-26_0542.dat,18.72,67.118333,2018-02-26 05:42:00
2018-02-26_0544.dat,19.381667,67.086667,2018-02-26 05:44:00
2018-02-26_0715.dat,17.585,67.403333,2018-02-26 07:15:00
2018-02-26_0718.dat,18.9,67.356667,2018-02-26 07:18:00
2018-02-26_0929.dat,22.991667,67.003333,2018-02-26 09:29:00
2018-02-26_1206.dat,18.37,67.923333,2018-02-26 12:06:00
2018-02-26_1816.dat,17.826667,68.746667,2018-02-26 18:16:00
2018-02-26_1955.dat,17.516667,69.4,2018-02-26 19:55:00
2018-02-27_0541.dat,18.603333,70.108333,2018-02-27 05:41:00
2018-02-27_0548.dat,18.536667,70.088333,2018-02-27 05:48:00
2018-02-27_0551.dat,8.178333,94.526667,2018-02-27 05:51:00
2018-02-27_1738.dat,17.55,83.566667,2018-02-27 17:38:00
2018-02-27_1824.dat,18.488333,70.04,2018-02-27 18:24:00
2018-02-28_1709.dat,11.561667,89.158333,2018-02-28 17:09:00
2018-03-01_1753.dat,-6.038333,55.12,2018-03-01 17:53:00
2018-03-02_0015.dat,-7.176667,55.295,2018-03-02 00:15:00
2018-03-02_0231.dat,17.376667,83.966667,2018-03-02 02:31:00
2018-03-02_0324.dat,17.45,83.883333,2018-03-02 03:24:00
2018-03-02_0415.dat,17.45,83.988333,2018-03-02 04:15:00
2018-03-02_0511.dat,17.466667,84.533333,2018-03-02 05:11:00
2018-03-02_0602.dat,-7.958333,55.455,2018-03-02 06:02:00
2018-03-02_0611.dat,17.516667,84.083333,2018-03-02 06:11:00
2018-03-02_0709.dat,17.433333,83.966667,2018-03-02 07:09:00
2018-03-02_0833.dat,17.416667,84.016667,2018-03-02 08:33:00
2018-03-02_0941.dat,17.533333,84.0,2018-03-02 09:41:00
2018-03-02_1023.dat,17.433333,83.966667,2018-03-02 10:23:00
2018-03-02_1155.dat,-8.56,56.031667,2018-03-02 11:55:00
2018-03-02_1751.dat,-8.011667,55.841667,2018-03-02 17:51:00
2018-03-03_0017.dat,-8.386667,56.94,2018-03-03 00:17:00
2018-03-03_0557.dat,-8.701667,57.866667,2018-03-03 05:57:00
2018-03-03_1153.dat,-9.89,58.003333,2018-03-03 11:53:00
2018-03-03_1717.dat,17.491667,83.885,2018-03-03 17:17:00
2018-03-03_1752.dat,-11.263333,58.22,2018-03-03 17:52:00
2018-03-03_2350.dat,-12.605,58.430333,2018-03-03 23:50:00
2018-03-04_0554.dat,-13.79,58.368333,2018-03-04 05:54:00
2018-03-04_1153.dat,-15.293333,57.98,2018-03-04 11:53:00
2018-03-04_1755.dat,-16.873333,57.928333,2018-03-04 17:55:00
2018-03-04_1759.dat,12.583333,9.033333,2018-03-04 17:59:00
2018-03-05_0003.dat,-18.29,57.778333,2018-03-05 00:03:00
2018-03-08_1249.dat,19.97,68.608333,2018-03-08 12:49:00
2018-03-08_1932.dat,20.905,66.508333,2018-03-08 19:32:00
2018-03-08_2334.dat,21.453333,65.285,2018-03-08 23:34:00
2018-03-09_1354.dat,22.95,62.003333,2018-03-09 13:54:00
2018-03-09_1832.dat,23.483333,60.77,2018-03-09 18:32:00
2018-03-10_0037.dat,24.453333,59.236667,2018-03-10 00:37:00
2018-03-10_0721.dat,25.366667,57.635,2018-03-10 07:21:00
2018-03-10_1242.dat,17.513333,83.645,2018-03-10 12:42:00
2018-03-10_1343.dat,17.54,83.793333,2018-03-10 13:43:00
2018-03-11_0521.dat,8.605,71.473333,2018-03-11 05:21:00
2018-03-11_1150.dat,7.688333,71.47,2018-03-11 11:50:00
2018-03-11_1852.dat,6.245,71.465,2018-03-11 18:52:00
2018-03-11_2345.dat,5.585,71.46,2018-03-11 23:45:00
2018-03-12_0616.dat,3.943333,71.456667,2018-03-12 06:16:00
2018-03-12_1201.dat,3.011667,71.465,2018-03-12 12:01:00
2018-03-12_1658.dat,17.608333,83.488333,2018-03-12 16:58:00
2018-03-12_1749.dat,2.613333,71.13,2018-03-12 17:49:00
2018-03-12_1911.dat,17.55,83.866667,2018-03-12 19:11:00
2018-03-12_2008.dat,17.475,83.873333,2018-03-12 20:08:00
2018-03-12_2236.dat,1.873333,71.445,2018-03-12 22:36:00
2018-03-13_0246.dat,17.655,83.883333,2018-03-13 02:46:00
2018-03-13_0509.dat,17.703333,84.036667,2018-03-13 05:09:00
2018-03-13_0623.dat,0.275,71.436667,2018-03-13 06:23:00
2018-03-13_0630.dat,17.698333,84.005,2018-03-13 06:30:00
2018-03-13_0822.dat,17.608333,83.958333,2018-03-13 08:22:00
2018-03-13_0954.dat,17.601667,83.008333,2018-03-13 09:54:00
2018-03-13_1027.dat,17.683333,83.883333,2018-03-13 10:27:00
2018-03-13_1125.dat,-0.691667,71.431667,2018-03-13 11:25:00
2018-03-13_1427.dat,17.466667,83.9,2018-03-13 14:27:00
2018-03-13_1826.dat,1.805,71.691667,2018-03-13 18:26:00
2018-03-13_1839.dat,20.02,68.745,2018-03-13 18:39:00
2018-03-13_1849.dat,17.24,83.868333,2018-03-13 18:49:00
2018-03-13_2209.dat,17.401667,83.906667,2018-03-13 22:09:00
2018-03-13_2359.dat,1.87,72.718333,2018-03-13 23:59:00
2018-03-14_0535.dat,17.31,83.863333,2018-03-14 05:35:00
2018-03-14_0649.dat,1.888333,74.191667,2018-03-14 06:49:00
2018-03-14_0652.dat,21.125,66.41,2018-03-14 06:52:00
2018-03-14_0803.dat,17.523333,83.708333,2018-03-14 08:03:00
2018-03-14_1141.dat,17.418333,83.893333,2018-03-14 11:41:00
2018-03-14_1212.dat,1.89,5.14,2018-03-14 12:12:00
2018-03-14_1320.dat,9.753333,75.733333,2018-03-14 13:20:00
2018-03-14_1807.dat,-1.378333,75.378333,2018-03-14 18:07:00
2018-03-14_1958.dat,17.45,83.906667,2018-03-14 19:58:00
2018-03-14_2318.dat,0.345,75.361667,2018-03-14 23:18:00
2018-03-15_0006.dat,17.37,83.933333,2018-03-15 00:06:00
2018-03-15_0347.dat,17.351667,83.883333,2018-03-15 03:47:00
2018-03-15_0600.dat,1.048333,75.371667,2018-03-15 06:00:00
2018-03-15_0620.dat,17.243333,84.05,2018-03-15 06:20:00
2018-03-15_0640.dat,15.338333,86.933333,2018-03-15 06:40:00
2018-03-15_0648.dat,23.553333,61.545,2018-03-15 06:48:00
2018-03-15_0824.dat,5.7,80.451667,2018-03-15 08:24:00
2018-03-15_1003.dat,17.391667,83.961667,2018-03-15 10:03:00
2018-03-15_1140.dat,2.2,75.383333,2018-03-15 11:40:00
2018-03-15_1158.dat,17.475,83.97,2018-03-15 11:58:00
2018-03-15_1735.dat,2.818333,75.386333,2018-03-15 17:35:00
2018-03-15_1946.dat,24.623333,59.331667,2018-03-15 19:46:00
2018-03-15_2039.dat,17.256667,84.016667,2018-03-15 20:39:00
2018-03-15_2251.dat,3.975,75.391667,2018-03-15 22:51:00
2018-03-16_0525.dat,17.125,84.06,2018-03-16 05:25:00
2018-03-16_0719.dat,17.316667,84.066667,2018-03-16 07:19:00
2018-03-16_0824.dat,17.535,84.005,2018-03-16 08:24:00
2018-03-16_1227.dat,17.408333,83.783333,2018-03-16 12:27:00
2018-03-16_1817.dat,-14.938333,56.111667,2018-03-16 18:17:00
2018-03-17_1118.dat,17.383333,83.933333,2018-03-17 11:18:00
2018-03-17_1235.dat,17.216667,83.883333,2018-03-17 12:35:00
2018-03-17_1257.dat,17.216667,83.883333,2018-03-17 12:57:00
2018-03-17_1717.dat,17.45,83.683333,2018-03-17 17:17:00
2018-03-20_0105.dat,17.601667,71.895,2018-03-20 01:05:00
2018-03-20_0441.dat,17.133333,71.815,2018-03-20 04:41:00
2018-03-20_0636.dat,17.03,71.81,2018-03-20 06:36:00
2018-03-20_0740.dat,5.345,77.868333,2018-03-20 07:40:00
2018-03-20_1135.dat,17.033333,71.54,2018-03-20 11:35:00
2018-03-20_1209.dat,17.158333,71.59,2018-03-20 12:09:00
2018-03-20_1213.dat,5.338333,78.173333,2018-03-20 12:13:00
2018-03-20_1622.dat,17.231667,71.52,2018-03-20 16:22:00
2018-03-20_1832.dat,4.725,77.778333,2018-03-20 18:32:00
2018-03-20_2242.dat,4.706667,76.851667,2018-03-20 22:42:00
2018-03-21_0532.dat,16.885,71.76,2018-03-21 05:32:00
2018-03-21_0600.dat,4.173333,75.733333,2018-03-21 06:00:00
2018-03-21_0642.dat,17.041667,71.808333,2018-03-21 06:42:00
2018-03-21_0808.dat,9.433333,75.635,2018-03-21 08:08:00
2018-03-21_0819.dat,4.151667,75.9,2018-03-21 08:19:00
2018-03-21_1224.dat,4.198333,76.138333,2018-03-21 12:24:00
2018-03-21_1843.dat,4.141667,77.285,2018-03-21 18:43:00
2018-03-21_2359.dat,4.141667,77.295,2018-03-21 23:59:00
2018-03-22_0719.dat,3.686667,75.791667,2018-03-22 07:19:00
2018-03-22_1148.dat,41.191667,75.425,2018-03-22 11:48:00
2018-03-22_1151.dat,41.191667,75.425,2018-03-22 11:51:00
2018-03-22_1830.dat,60.52,75.408333,2018-03-22 18:30:00
2018-03-22_2303.dat,6.470667,75.113167,2018-03-22 23:03:00
2018-03-23_0539.dat,24.888333,58.453333,2018-03-23 05:39:00
2018-03-23_0622.dat,7.733333,74.38,2018-03-23 06:22:00
2018-03-23_1138.dat,23.823333,60.235,2018-03-23 11:38:00
2018-03-23_1225.dat,8.9,74.178333,2018-03-23 12:25:00
2018-03-23_1341.dat,10.006667,75.728333,2018-03-23 13:41:00
2018-03-23_1616.dat,11.433333,91.985,2018-03-23 16:16:00
2018-03-23_1735.dat,22.833333,62.091667,2018-03-23 17:35:00
2018-03-23_1738.dat,11.55,91.783333,2018-03-23 17:38:00
2018-03-23_1806.dat,9.305,73.473333,2018-03-23 18:06:00
2018-03-23_1946.dat,24.598333,59.068333,2018-03-23 19:46:00
2018-03-23_2046.dat,11.916667,91.25,2018-03-23 20:46:00
2018-03-23_2140.dat,11.916667,91.25,2018-03-23 21:40:00
2018-03-23_2249.dat,9.92,73.06,2018-03-23 22:49:00
2018-03-23_2307.dat,22.083333,63.788333,2018-03-23 23:07:00
2018-03-24_0553.dat,21.12,65.941667,2018-03-24 05:53:00
2018-03-24_0611.dat,24.185,61.303333,2018-03-24 06:11:00
2018-03-24_0624.dat,10.676667,71.378333,2018-03-24 06:24:00
2018-03-24_1131.dat,20.338333,67.685,2018-03-24 11:31:00
2018-03-24_1156.dat,11.471667,71.56,2018-03-24 11:56:00
2018-03-24_1210.dat,13.566667,88.766667,2018-03-24 12:10:00
2018-03-24_1745.dat,20.051667,69.001667,2018-03-24 17:45:00
2018-03-24_1749.dat,-6.098333,40.53,2018-03-24 17:49:00
2018-03-24_1835.dat,12.581667,70.551667,2018-03-24 18:35:00
2018-03-24_2208.dat,13.231667,69.963333,2018-03-24 22:08:00
2018-03-25_0015.dat,-5.573333,41.758333,2018-03-25 00:15:00
2018-03-25_0618.dat,23.643333,66.335,2018-03-25 06:18:00
2018-03-25_0621.dat,-5.108333,42.860333,2018-03-25 06:21:00
2018-03-25_0702.dat,14.453333,68.801667,2018-03-25 07:02:00
2018-03-25_1152.dat,-4.521667,44.108333,2018-03-25 11:52:00
2018-03-25_1826.dat,21.823333,68.081667,2018-03-25 18:26:00
2018-03-26_0013.dat,-3.233333,46.856667,2018-03-26 00:13:00
2018-03-26_1144.dat,-2.255,48.941667,2018-03-26 11:44:00
2018-03-26_1719.dat,16.4,82.631667,2018-03-26 17:19:00
2018-03-26_1759.dat,-1.513333,50.331667,2018-03-26 17:59:00
2018-03-26_1850.dat,16.766667,83.566667,2018-03-26 18:50:00
2018-03-26_2055.dat,16.39,83.315,2018-03-26 20:55:00
2018-03-27_0008.dat,-0.996667,51.558333,2018-03-27 00:08:00
2018-03-27_0011.dat,16.37,83.356667,2018-03-27 00:11:00
2018-03-27_0601.dat,-0.43,52.641667,2018-03-27 06:01:00
2018-03-27_1154.dat,-0.025,53.763333,2018-03-27 11:54:00
2018-03-27_1528.dat,17.433333,83.823333,2018-03-27 15:28:00
2018-03-27_1537.dat,17.54,83.886667,2018-03-27 15:37:00
2018-03-27_1743.dat,17.731667,83.996667,2018-03-27 17:43:00
2018-03-27_1819.dat,0.615,55.203333,2018-03-27 18:19:00
2018-03-27_1937.dat,17.391667,83.985,2018-03-27 19:37:00
2018-03-27_1939.dat,17.393333,83.928333,2018-03-27 19:39:00
2018-03-28_0443.dat,16.855,83.948333,2018-03-28 04:43:00
2018-03-28_1247.dat,17.271667,84.001667,2018-03-28 12:47:00
2018-03-28_1606.dat,17.268333,83.955,2018-03-28 16:06:00
2018-03-28_1634.dat,17.358333,84.025,2018-03-28 16:34:00
2018-03-28_1714.dat,17.463333,83.96,2018-03-28 17:14:00
2018-03-29_0506.dat,17.575,84.09,2018-03-29 05:06:00
2018-03-30_0059.dat,17.621667,84.056667,2018-03-30 00:59:00
2018-04-01_0017.dat,17.556667,84.008333,2018-04-01 00:17:00
2018-04-01_0449.dat,17.341667,83.953333,2018-04-01 04:49:00
2018-04-01_0828.dat,17.455,83.986667,2018-04-01 08:28:00
2018-04-03_0605.dat,17.006667,71.506667,2018-04-03 06:05:00
2018-04-03_0951.dat,17.111667,71.586667,2018-04-03 09:51:00
2018-04-03_0955.dat,16.45,70.083333,2018-04-03 09:55:00
2018-04-03_1041.dat,17.183333,71.528333,2018-04-03 10:41:00
2018-04-03_1112.dat,16.616667,7.183333,2018-04-03 11:12:00
2018-04-03_1139.dat,17.02,71.48,2018-04-03 11:39:00
2018-04-03_1432.dat,17.023333,71.755,2018-04-03 14:32:00
2018-04-03_1802.dat,17.045,71.651667,2018-04-03 18:02:00
2018-04-03_2106.dat,17.326667,71.228333,2018-04-03 21:06:00
2018-04-04_0514.dat,17.056667,71.031667,2018-04-04 05:14:00
2018-04-04_0722.dat,17.131667,71.181667,2018-04-04 07:22:00
2018-04-04_0916.dat,17.09,71.075,2018-04-04 09:16:00
2018-04-05_0322.dat,17.328333,84.255,2018-04-05 03:22:00
2018-04-05_0615.dat,17.57,84.006667,2018-04-05 06:15:00
2018-04-05_0706.dat,17.521667,84.013333,2018-04-05 07:06:00
2018-04-05_0925.dat,17.566667,83.86,2018-04-05 09:25:00
2018-04-05_1518.dat,17.173333,83.816667,2018-04-05 15:18:00
2018-04-05_1616.dat,17.27,83.823333,2018-04-05 16:16:00
2018-04-05_1650.dat,17.308333,83.623333,2018-04-05 16:50:00
2018-04-05_1701.dat,17.216667,8.55,2018-04-05 17:01:00
2018-04-06_0456.dat,16.266667,83.138333,2018-04-06 04:56:00
2018-04-06_1225.dat,15.763333,82.603333,2018-04-06 12:25:00
2018-04-06_1747.dat,14.998333,82.55,2018-04-06 17:47:00
2018-04-06_1810.dat,14.978333,82.508333,2018-04-06 18:10:00
2018-04-06_1829.dat,12.416667,46.346667,2018-04-06 18:29:00
2018-04-08_0501.dat,12.366667,83.238333,2018-04-08 05:01:00
2018-04-08_0822.dat,13.181667,49.205,2018-04-08 08:22:00
2018-04-09_0426.dat,17.675,84.018333,2018-04-09 04:26:00
2018-04-09_1757.dat,54.283333,15.696667,2018-04-09 17:57:00
2018-04-10_0520.dat,19.366667,70.033333,2018-04-10 05:20:00
2018-04-10_0600.dat,17.695,84.053333,2018-04-10 06:00:00
2018-04-10_0601.dat,17.48,83.903333,2018-04-10 06:01:00
2018-04-10_1318.dat,20.0,69.066667,2018-04-10 13:18:00
2018-04-10_1757.dat,49.666667,13.116667,2018-04-10 17:57:00
2018-04-10_2154.dat,20.02,69.523333,2018-04-10 21:54:00
2018-04-10_2310.dat,19.735,69.673333,2018-04-10 23:10:00
2018-04-11_0640.dat,19.84,69.533333,2018-04-11 06:40:00
2018-04-11_1821.dat,11.821667,46.131667,2018-04-11 18:21:00
2018-04-12_0104.dat,17.331667,83.446667,2018-04-12 01:04:00
2018-04-12_0414.dat,17.431667,83.501667,2018-04-12 04:14:00
2018-04-12_0503.dat,5.21,86.21,2018-04-12 05:03:00
2018-04-12_0843.dat,16.37,71.396667,2018-04-12 08:43:00
2018-04-12_1054.dat,16.258333,71.926667,2018-04-12 10:54:00
2018-04-12_1805.dat,16.27,71.316667,2018-04-12 18:05:00
2018-04-13_0452.dat,1.578333,87.021667,2018-04-13 04:52:00
2018-04-13_1031.dat,13.415,73.021667,2018-04-13 10:31:00
2018-04-13_1253.dat,13.333333,73.315,2018-04-13 12:53:00
2018-04-13_1842.dat,13.336667,73.35,2018-04-13 18:42:00
2018-04-13_1855.dat,12.461667,47.073333,2018-04-13 18:55:00
2018-04-13_1936.dat,13.333333,73.428333,2018-04-13 19:36:00
2018-04-13_1940.dat,13.403333,73.431667,2018-04-13 19:40:00
2018-04-14_1848.dat,14.038333,52.161667,2018-04-14 18:48:00
2018-04-15_0527.dat,-2.77,84.415,2018-04-15 05:27:00
2018-04-15_0636.dat,2.736667,89.173333,2018-04-15 06:36:00
2018-04-15_0707.dat,12.0,87.0,2018-04-15 07:07:00
2018-04-16_0508.dat,14.223333,81.225,2018-04-16 05:08:00
2018-04-16_0812.dat,13.0,86.0,2018-04-16 08:12:00
2018-04-16_1144.dat,13.213333,48.883333,2018-04-16 11:44:00
2018-04-16_1503.dat,17.691667,83.638333,2018-04-16 15:03:00
2018-04-17_0500.dat,0.868333,-89.845,2018-04-17 05:00:00
2018-04-17_0613.dat,1.933333,83.986667,2018-04-17 06:13:00
2018-04-17_0714.dat,13.0,86.0,2018-04-17 07:14:00
2018-04-17_0723.dat,12.0,86.0,2018-04-17 07:23:00
2018-04-17_2024.dat,17.746667,70.573333,2018-04-17 20:24:00
2018-04-17_2213.dat,17.75,70.34,2018-04-17 22:13:00
2018-04-18_0021.dat,17.743333,70.158333,2018-04-18 00:21:00
2018-04-18_0220.dat,17.748333,70.441667,2018-04-18 02:20:00
2018-04-18_0350.dat,17.748333,70.34,2018-04-18 03:50:00
2018-04-18_0355.dat,17.748333,70.363333,2018-04-18 03:55:00
2018-04-18_0459.dat,17.598333,84.036667,2018-04-18 04:59:00
2018-04-18_0509.dat,17.748333,70.571667,2018-04-18 05:09:00
2018-04-18_0544.dat,16.968333,71.338333,2018-04-18 05:44:00
2018-04-18_0623.dat,17.156667,71.966667,2018-04-18 06:23:00
2018-04-18_0629.dat,17.733333,70.791667,2018-04-18 06:29:00
2018-04-18_0811.dat,17.768333,70.636667,2018-04-18 08:11:00
2018-04-18_0907.dat,17.103333,71.933333,2018-04-18 09:07:00
2018-04-18_1008.dat,17.763333,70.506667,2018-04-18 10:08:00
2018-04-18_1132.dat,13.461667,50.298333,2018-04-18 11:32:00
2018-04-18_1206.dat,17.771667,70.406667,2018-04-18 12:06:00
2018-04-18_1226.dat,17.441667,71.475,2018-04-18 12:26:00
2018-04-18_1233.dat,17.386667,71.433333,2018-04-18 12:33:00
2018-04-18_1456.dat,17.758333,70.28,2018-04-18 14:56:00
2018-04-18_1645.dat,17.766667,70.333333,2018-04-18 16:45:00
2018-04-18_1831.dat,17.743333,70.441667,2018-04-18 18:31:00
2018-04-18_1952.dat,6.371667,62.97,2018-04-18 19:52:00
2018-04-18_2008.dat,17.738333,70.513333,2018-04-18 20:08:00
2018-04-19_0021.dat,17.411667,70.721667,2018-04-19 00:21:00
2018-04-19_0215.dat,17.15,70.951667,2018-04-19 02:15:00
2018-04-19_0409.dat,17.631667,84.025,2018-04-19 04:09:00
2018-04-19_0447.dat,17.541667,84.038333,2018-04-19 04:47:00
2018-04-19_0622.dat,3.466667,60.85,2018-04-19 06:22:00
2018-04-19_0625.dat,17.163333,70.811667,2018-04-19 06:25:00
2018-04-19_1231.dat,2.31,59.943333,2018-04-19 12:31:00
2018-04-19_1400.dat,15.531667,72.355,2018-04-19 14:00:00
2018-04-19_1836.dat,1.151667,59.125,2018-04-19 18:36:00
2018-04-19_2044.dat,14.57,73.185,2018-04-19 20:44:00
2018-04-20_0005.dat,14.095,73.586667,2018-04-20 00:05:00
2022-01-01_0042 (29).dat,16.333333,72.45,2018-04-20 03:57:00
2018-04-20_1004.dat,6.393333,93.948333,2018-04-20 10:04:00
2018-04-20_1840.dat,16.0,72.151667,2018-04-20 18:40:00
2018-04-21_0425.dat,17.663333,84.031667,2018-04-21 04:25:00
2018-04-21_0911.dat,17.235,70.616667,2018-04-21 09:11:00
2018-04-21_1012.dat,17.235,70.618333,2018-04-21 10:12:00
2018-04-21_1026.dat,17.235,70.618333,2018-04-21 10:26:00
2018-04-21_2036.dat,17.188333,70.615,2018-04-21 20:36:00
2018-04-22_0610.dat,17.153333,71.541667,2018-04-22 06:10:00
2018-04-22_0629.dat,7.003333,94.491667,2018-04-22 06:29:00
2018-04-22_0722.dat,12.0,87.0,2018-04-22 07:22:00
2018-04-22_1820.dat,13.0,87.0,2018-04-22 18:20:00
2018-04-23_0605.dat,14.106667,73.066667,2018-04-23 06:05:00
2018-04-23_1826.dat,14.92,73.155,2018-04-23 18:26:00
2018-04-23_1850.dat,12.0,87.0,2018-04-23 18:50:00
2018-04-24_0606.dat,15.868333,72.795,2018-04-24 06:06:00
2018-04-24_1809.dat,12.255,46.441667,2018-04-24 18:09:00
2018-04-24_2350.dat,-8.29,55.356667,2018-04-24 23:50:00
2018-04-25_0921.dat,14.973333,72.46,2018-04-25 09:21:00
2018-04-25_1635.dat,16.558333,71.356667,2018-04-25 16:35:00
2018-04-25_1728.dat,11.93,71.505,2018-04-25 17:28:00
2018-04-25_1750.dat,13.041667,51.576667,2018-04-25 17:50:00
2018-04-25_2149.dat,17.663333,70.515,2018-04-25 21:49:00
2018-04-25_2339.dat,11.85,71.483333,2018-04-25 23:39:00
2018-04-26_0000.dat,18.4,57.116667,2018-04-26 00:00:00
2018-04-26_0009.dat,17.743333,70.63,2018-04-26 00:09:00
2018-04-26_0207.dat,17.751667,70.445,2018-04-26 02:07:00
2018-04-26_0419.dat,17.773333,70.355,2018-04-26 04:19:00
2018-04-26_0427.dat,17.778333,70.341667,2018-04-26 04:27:00
2018-04-26_0620.dat,15.475,56.63,2018-04-26 06:20:00
2018-04-26_0629.dat,17.735,70.256667,2018-04-26 06:29:00
2018-04-26_0948.dat,17.77,70.38,2018-04-26 09:48:00
2018-04-26_1225.dat,17.768333,70.603333,2018-04-26 12:25:00
2018-04-26_1230.dat,4.471667,61.571667,2018-04-26 12:30:00
2018-04-26_1236.dat,17.765,70.591667,2018-04-26 12:36:00
2018-04-26_1402.dat,17.768333,70.61,2018-04-26 14:02:00
2018-04-26_1645.dat,17.753333,70.425,2018-04-26 16:45:00
2018-04-26_1906.dat,14.101667,51.635,2018-04-26 19:06:00
2018-04-26_1917.dat,17.748333,70.25,2018-04-26 19:17:00
2018-04-26_2116.dat,17.746667,70.345,2018-04-26 21:16:00
2018-04-26_2123.dat,17.741667,70.326667,2018-04-26 21:23:00
2018-04-27_0940.dat,16.308333,71.496667,2018-04-27 09:40:00
2018-04-27_1629.dat,14.951667,71.95,2018-04-27 16:29:00
2018-04-27_1816.dat,14.736667,72.058333,2018-04-27 18:16:00
2018-04-27_1924.dat,14.601667,72.136667,2018-04-27 19:24:00
2018-04-28_0005.dat,14.061667,72.501667,2018-04-28 00:05:00
2018-04-28_0734.dat,13.038333,73.323333,2018-04-28 07:34:00
2018-04-28_1059.dat,11.883333,45.415,2018-04-28 10:59:00
2018-04-28_1213.dat,12.42,73.901667,2018-04-28 12:13:00
2018-04-28_2045.dat,11.223333,74.923333,2018-04-28 20:45:00
2018-04-30_1821.dat,20.235,57.105,2018-04-30 18:21:00
2018-04-30_2343.dat,20.253333,56.401667,2018-04-30 23:43:00
2018-05-01_0654.dat,15.666667,84.181667,2018-05-01 06:54:00
2018-05-01_1122.dat,12.873333,47.795,2018-05-01 11:22:00
2018-05-01_1636.dat,11.505,72.202,2018-05-01 16:36:00
2018-05-01_2038.dat,12.113333,85.875,2018-05-01 20:38:00
2018-05-02_0600.dat,-17.408333,56.958333,2018-05-02 06:00:00
2018-05-02_0605 (2).dat,-20.925,54.955,2018-05-02 06:05:00
2018-05-02_0605.dat,16.09,72.808333,2018-05-02 06:05:00
2018-05-02_0625.dat,15.955,72.858333,2018-05-02 06:25:00
2018-05-02_0626.dat,20.683333,54.808333,2018-05-02 06:26:00
2018-05-02_0631.dat,19.415,69.806667,2018-05-02 06:31:00
2018-05-02_1240.dat,-20.94,55.07,2018-05-02 12:40:00
2018-05-02_1320.dat,16.35,72.503333,2018-05-02 13:20:00
2018-05-02_1447.dat,11.483333,72.183333,2018-05-02 14:47:00
2018-05-02_1736.dat,12.906667,47.071667,2018-05-02 17:36:00
2018-05-02_1817.dat,20.413333,67.728333,2018-05-02 18:17:00
2018-05-02_2056.dat,8.856667,90.553333,2018-05-02 20:56:00
2018-05-02_2330.dat,-20.723333,54.386667,2018-05-02 23:30:00
2018-05-03_0556.dat,21.465,65.496667,2018-05-03 05:56:00
2018-05-03_1802.dat,7.186667,94.753333,2018-05-03 18:02:00
2018-05-03_1803.dat,11.901667,44.565,2018-05-03 18:03:00
2018-05-03_1816.dat,22.38,63.286667,2018-05-03 18:16:00
2018-05-03_2146.dat,22.608333,62.7,2018-05-03 21:46:00
2018-05-04_0438.dat,17.486667,83.785,2018-05-04 04:38:00
2018-05-04_0607.dat,23.323333,61.03,2018-05-04 06:07:00
2018-05-04_0737.dat,23.0,60.0,2018-05-04 07:37:00
2018-05-04_0818.dat,17.135,83.748333,2018-05-04 08:18:00
2018-05-04_1217.dat,17.368333,83.966667,2018-05-04 12:17:00
2018-05-04_1839.dat,24.463333,58.751667,2018-05-04 18:39:00
2018-05-04_1932.dat,17.166667,83.758333,2018-05-04 19:32:00
2018-05-04_2010.dat,23.916667,60.133333,2018-05-04 20:10:00
2018-05-04_2129.dat,17.43,83.575,2018-05-04 21:29:00
2018-05-05_0438.dat,17.41,89.596667,2018-05-05 04:38:00
2018-05-05_1413.dat,9.98,75.435,2018-05-05 14:13:00
2018-05-05_1634.dat,23.0,63.0,2018-05-05 16:34:00
2018-05-05_1728.dat,12.5,87.616667,2018-05-05 17:28:00
2018-05-05_1913.dat,13.921667,51.78,2018-05-05 19:13:00
2018-05-06_0017.dat,11.606667,72.103333,2018-05-06 00:17:00
2018-05-06_1842.dat,14.095,51.691667,2018-05-06 18:42:00
2018-05-06_2223.dat,28.455,50.148333,2018-05-06 22:23:00
2018-05-07_1852.dat,13.483333,87.9,2018-05-07 18:52:00
2018-05-07_1930.dat,12.505,46.658333,2018-05-07 19:30:00
2018-05-07_2002.dat,26.718333,52.83,2018-05-07 20:02:00
2018-05-07_2235.dat,9.35,74.966667,2018-05-07 22:35:00
2018-05-07_2247.dat,9.325,74.935,2018-05-07 22:47:00
2018-05-08_0559.dat,17.03,71.671667,2018-05-08 05:59:00
2018-05-08_0723.dat,8.431667,73.275,2018-05-08 07:23:00
2018-05-08_1230.dat,-18.883333,64.016667,2018-05-08 12:30:00
2018-05-08_1340.dat,8.526667,73.098333,2018-05-08 13:40:00
2018-05-08_1847.dat,9.17,72.91,2018-05-08 18:47:00
2018-05-08_1920.dat,12.488333,47.191667,2018-05-08 19:20:00
2018-05-08_1959.dat,25.318333,57.186667,2018-05-08 19:59:00
2018-05-09_0011.dat,9.915,72.745,2018-05-09 00:11:00
2018-05-09_0733.dat,11.423333,43.181667,2018-05-09 07:33:00
2018-05-09_1340.dat,15.831667,52.098333,2018-05-09 13:40:00
2018-05-09_1341.dat,15.831667,52.098333,2018-05-09 13:41:00
2018-05-09_1725.dat,10.75,71.745,2018-05-09 17:25:00
2018-05-09_1843.dat,14.141667,52.5,2018-05-09 18:43:00
2018-05-09_2226.dat,11.36,71.681667,2018-05-09 22:26:00
2018-05-10_0223.dat,11.371667,72.271667,2018-05-10 02:23:00
2018-05-10_0655.dat,11.371667,73.083333,2018-05-10 06:55:00
2018-05-10_1835.dat,10.748333,74.108333,2018-05-10 18:35:00
2018-05-11_0014.dat,10.345,75.088333,2018-05-11 00:14:00
2018-05-11_0944.dat,24.828333,56.828333,2018-05-11 09:44:00
2018-05-11_2018.dat,25.186667,58.061667,2018-05-11 20:18:00
2018-05-12_0247.dat,5.85,111.225,2018-05-12 02:47:00
2018-05-12_0737.dat,24.315,59.805,2018-05-12 07:37:00
2018-05-12_0955.dat,24.0,61.0,2018-05-12 09:55:00
2018-05-12_1624.dat,6.718333,113.19,2018-05-12 16:24:00
2018-05-12_1749.dat,11.266667,43.325,2018-05-12 17:49:00
2018-05-12_1937.dat,24.481667,59.172833,2018-05-12 19:37:00
2018-05-13_0625.dat,24.401667,59.111667,2018-05-13 06:25:00
2018-05-13_0736.dat,22.516667,6.533333,2018-05-13 07:36:00
2018-05-14_0607.dat,24.148333,61.451667,2018-05-14 06:07:00
2018-05-14_1813.dat,22.58,66.723333,2018-05-14 18:13:00
2018-05-15_0520.dat,17.393333,83.68,2018-05-15 05:20:00
2018-05-15_0620.dat,20.711667,68.928333,2018-05-15 06:20:00
2018-05-15_1736.dat,18.69,72.068333,2018-05-15 17:36:00
2018-05-15_2313.dat,18.091667,72.183333,2018-05-15 23:13:00
2018-05-16_2242.dat,15.72,72.403333,2018-05-16 22:42:00
2018-05-16_2302.dat,17.091667,83.743333,2018-05-16 23:02:00
2018-05-17_0004.dat,10.17,50.12,2018-05-17 00:04:00
2018-05-17_0510.dat,15.301667,73.488333,2018-05-17 05:10:00
2018-05-17_0533.dat,17.176667,71.605,2018-05-17 05:33:00
2018-05-17_1357.dat,15.4,73.451667,2018-05-17 13:57:00
2018-05-17_1404.dat,17.165,71.433333,2018-05-17 14:04:00
2018-05-17_1551.dat,6.908333,115.17,2018-05-17 15:51:00
2018-05-17_1715.dat,15.485,73.09,2018-05-17 17:15:00
2018-05-17_1835.dat,16.985,71.335,2018-05-17 18:35:00
2018-05-17_2300.dat,18.658333,71.67,2018-05-17 23:00:00
2018-05-17_2325.dat,17.428333,83.61,2018-05-17 23:25:00
2018-05-17_2342.dat,17.215,83.52,2018-05-17 23:42:00
2018-05-18_0337.dat,7.266667,113.703333,2018-05-18 03:37:00
2018-05-18_0539.dat,17.508333,71.736667,2018-05-18 05:39:00
2018-05-18_0555.dat,16.956667,71.79,2018-05-18 05:55:00
2018-05-18_0557.dat,16.451667,71.745,2018-05-18 05:57:00
2018-05-18_0902.dat,17.28,71.586667,2018-05-18 09:02:00
2018-05-18_1124.dat,12.998333,48.183333,2018-05-18 11:24:00
2018-05-18_1134.dat,17.038333,71.405,2018-05-18 11:34:00
2018-05-18_1748.dat,16.473333,71.651667,2018-05-18 17:48:00
2018-05-18_2311.dat,17.538333,71.873333,2018-05-18 23:11:00
2018-05-19_0008.dat,-1.308333,55.586667,2018-05-19 00:08:00
2018-05-19_0358.dat,7.206667,113.688333,2018-05-19 03:58:00
2018-05-19_1808.dat,2.268333,54.785,2018-05-19 18:08:00
2018-05-19_1847.dat,12.495,47.213333,2018-05-19 18:47:00
2018-05-20_0343.dat,12.475,109.873333,2018-05-20 03:43:00
2018-05-20_0654.dat,16.863333,71.77,2018-05-20 06:54:00
2018-05-20_1231.dat,17.19,71.5,2018-05-20 12:31:00
2018-05-20_1829.dat,14.158333,109.585,2018-05-20 18:29:00
2018-05-21_0005.dat,5.073333,60.838333,2018-05-21 00:05:00
2018-05-21_0007.dat,6.82,62.616667,2018-05-21 00:07:00
2018-05-21_0640.dat,16.973333,71.656667,2018-05-21 06:40:00
2018-05-21_0657.dat,16.973333,71.656667,2018-05-21 06:57:00
2018-05-21_1221.dat,17.071667,71.52,2018-05-21 12:21:00
2018-05-21_1816.dat,17.141667,71.551667,2018-05-21 18:16:00
2018-05-21_1922.dat,13.995,51.378333,2018-05-21 19:22:00
2018-05-21_2333.dat,7.666667,62.736667,2018-05-21 23:33:00
2018-05-22_0611.dat,17.125,71.718333,2018-05-22 06:11:00
2018-05-22_1224.dat,17.051667,71.773333,2018-05-22 12:24:00
2018-05-22_1807.dat,17.236667,71.718333,2018-05-22 18:07:00
2018-05-22_1953.dat,12.256667,46.733333,2018-05-22 19:53:00
2018-05-23_0006.dat,14.385,68.216667,2018-05-23 00:06:00
2018-05-23_0020.dat,15.755,69.193333,2018-05-23 00:20:00
2018-05-23_0539.dat,17.238333,71.901667,2018-05-23 05:39:00
2018-05-23_1807.dat,16.523333,69.958333,2018-05-23 18:07:00
2018-05-24_1121.dat,11.883333,44.345,2018-05-24 11:21:00
2018-05-25_1719.dat,15.723333,109.0,2018-05-25 17:19:00
2018-05-25_1943.dat,15.12,109.42,2018-05-25 19:43:00
2018-05-26_0641.dat,13.271667,109.675,2018-05-26 06:41:00
2018-05-26_1157.dat,12.275,109.638333,2018-05-26 11:57:00
2018-05-26_1745.dat,12.555,109.65,2018-05-26 17:45:00
2018-05-26_1747.dat,11.763333,46.141667,2018-05-26 17:47:00
2018-05-26_1953.dat,17.566667,61.066667,2018-05-26 19:53:00
2018-05-27_0512.dat,14.291667,111.458333,2018-05-27 05:12:00
2018-05-27_1614.dat,15.951667,113.101667,2018-05-27 16:14:00
2018-05-27_1641.dat,12.225,113.841667,2018-05-27 16:41:00
2018-05-28_0300.dat,12.618333,115.986667,2018-05-28 03:00:00
2018-05-28_0520.dat,17.808333,114.838333,2018-05-28 05:20:00
2018-05-28_1711.dat,18.918333,116.873333,2018-05-28 17:11:00
2018-05-28_1949.dat,11.976667,44.313333,2018-05-28 19:49:00
2018-05-28_2334.dat,19.838333,118.293333,2018-05-28 23:34:00
2018-05-29_0508.dat,20.475,119.321667,2018-05-29 05:08:00
2018-05-29_0607.dat,15.683333,72.12,2018-05-29 06:07:00
2018-05-29_1144.dat,20.855,120.95,2018-05-29 11:44:00
2018-05-29_1253.dat,15.018333,71.543333,2018-05-29 12:53:00
2018-05-29_1518.dat,17.768333,119.856667,2018-05-29 15:18:00
2018-05-29_1720.dat,21.353333,122.001667,2018-05-29 17:20:00
2018-05-29_1731.dat,15.686667,71.741667,2018-05-29 17:31:00
2018-05-29_2327.dat,20.066667,122.721667,2018-05-29 23:27:00
2018-05-30_0340.dat,18.705,122.103333,2018-05-30 03:40:00
2018-05-30_0512.dat,19.071667,123.416667,2018-05-30 05:12:00
2018-05-30_0527.dat,17.13,71.553333,2018-05-30 05:27:00
2018-05-30_0550.dat,14.583333,70.968333,2018-05-30 05:50:00
2018-05-30_0707.dat,15.986667,70.92,2018-05-30 07:07:00
2018-05-30_1139.dat,19.405,123.438333,2018-05-30 11:39:00
2018-05-30_1714.dat,18.87,122.888333,2018-05-30 17:14:00
2018-05-30_2029.dat,18.483333,123.468333,2018-05-30 20:29:00
2018-05-30_2115.dat,18.25,124.305,2018-05-30 21:15:00
2018-05-31_0442.dat,17.331667,83.656667,2018-05-31 04:42:00
2018-05-31_0519.dat,17.801667,125.191667,2018-05-31 05:19:00
2018-05-31_0616.dat,17.056667,71.553333,2018-05-31 06:16:00
2018-05-31_0956.dat,16.705,71.853333,2018-05-31 09:56:00
2018-05-31_0959.dat,14.708333,87.58,2018-05-31 09:59:00
2018-05-31_1113.dat,17.466667,125.933333,2018-05-31 11:13:00
2018-05-31_1545.dat,17.418333,83.475,2018-05-31 15:45:00
2018-05-31_1624.dat,16.621667,127.4,2018-05-31 16:24:00
2018-05-31_1649.dat,13.68,89.02,2018-05-31 16:49:00
2018-05-31_1653.dat,16.896667,126.841667,2018-05-31 16:53:00
2018-05-31_1717.dat,17.438333,83.525,2018-05-31 17:17:00
2018-05-31_1914.dat,17.416667,83.548333,2018-05-31 19:14:00
2018-06-01_0628.dat,18.956667,70.786667,2018-06-01 06:28:00
2018-06-01_0630.dat,15.245,129.921667,2018-06-01 06:30:00
2018-06-01_1019.dat,17.285,83.835,2018-06-01 10:19:00
2018-06-01_1242.dat,14.785,130.803333,2018-06-01 12:42:00
2018-06-01_1305.dat,14.785,130.803333,2018-06-01 13:05:00
2018-06-01_1642.dat,14.423333,131.533333,2018-06-01 16:42:00
2018-06-01_2138.dat,14.34,131.831667,2018-06-01 21:38:00
2018-06-02_0208.dat,13.49,133.193333,2018-06-02 02:08:00
2018-06-02_0656.dat,16.383333,72.486667,2018-06-02 06:56:00
2018-06-02_1142.dat,12.956667,134.286667,2018-06-02 11:42:00
2018-06-02_1323.dat,12.598333,50.195,2018-06-02 13:23:00
2018-06-02_1644.dat,12.218333,135.45,2018-06-02 16:44:00
2018-06-02_1722.dat,12.54,134.958333,2018-06-02 17:22:00
2018-06-02_2146.dat,18.205,72.535,2018-06-02 21:46:00
2018-06-03_0021.dat,17.42,72.021667,2018-06-03 00:21:00
2018-06-03_0027.dat,11.835,136.985,2018-06-03 00:27:00
2018-06-03_0542.dat,11.885,137.316667,2018-06-03 05:42:00
2018-06-03_0544.dat,11.886667,137.956667,2018-06-03 05:44:00
2018-06-03_0649.dat,17.2,72.475,2018-06-03 06:49:00
2018-06-03_1550.dat,11.786667,139.821667,2018-06-03 15:50:00
2018-06-03_1906.dat,16.983333,72.321667,2018-06-03 19:06:00
2018-06-03_1948.dat,11.841667,139.666667,2018-06-03 19:48:00
2018-06-04_0033.dat,11.441667,141.486667,2018-06-04 00:33:00
2018-06-04_1027.dat,15.605,56.56,2018-06-04 10:27:00
2018-06-04_1621.dat,12.22,144.151667,2018-06-04 16:21:00
2018-06-04_1838.dat,17.271667,66.283333,2018-06-04 18:38:00
2018-06-05_0051.dat,13.153333,145.516667,2018-06-05 00:51:00
2018-06-05_0538.dat,13.256667,145.525,2018-06-05 05:38:00
2018-06-05_1050.dat,17.711667,60.691667,2018-06-05 10:50:00
2018-06-05_1936.dat,16.17,61.175,2018-06-05 19:36:00
2018-06-06_0621.dat,6.771667,97.541667,2018-06-06 06:21:00
2018-06-06_1431.dat,17.55,83.498333,2018-06-06 14:31:00
2018-06-06_1958.dat,16.583333,83.19,2018-06-06 19:58:00
2018-06-07_0443.dat,17.783333,83.918333,2018-06-07 04:43:00
2018-06-07_1713.dat,6.636667,97.155,2018-06-07 17:13:00
2018-06-08_0650.dat,6.571667,97.326667,2018-06-08 06:50:00
2018-06-08_1350.dat,17.551667,83.763333,2018-06-08 13:50:00
2018-06-10_0638.dat,21.353333,65.571667,2018-06-10 06:38:00
2018-06-10_0803.dat,13.166667,49.355,2018-06-10 08:03:00
2018-06-10_0934.dat,6.893333,96.618333,2018-06-10 09:34:00
2018-06-10_1621.dat,7.113,95.5805,2018-06-10 16:21:00
2018-06-10_1905.dat,22.375,63.208333,2018-06-10 19:05:00
2018-06-11_0624.dat,23.418333,60.703333,2018-06-11 06:24:00
2018-06-11_0700.dat,7.096667,96.455,2018-06-11 07:00:00
2018-06-11_0711.dat,13.851667,144.666667,2018-06-11 07:11:00
2018-06-11_0817.dat,14.516667,52.95,2018-06-11 08:17:00
2018-06-11_1310.dat,14.005,145.551667,2018-06-11 13:10:00
2018-06-11_1811.dat,14.32,146.381667,2018-06-11 18:11:00
2018-06-12_0014.dat,14.658333,147.288333,2018-06-12 00:14:00
2018-06-12_0438.dat,15.861667,146.48,2018-06-12 04:38:00
2018-06-12_0545.dat,24.921667,57.605,2018-06-12 05:45:00
2018-06-12_0936.dat,15.758333,146.806667,2018-06-12 09:36:00
2018-06-12_1159.dat,13.076667,48.32,2018-06-12 11:59:00
2018-06-12_1235.dat,15.216667,147.671667,2018-06-12 12:35:00
2018-06-12_1644.dat,15.921667,147.125,2018-06-12 16:44:00
2018-06-12_1742.dat,24.5,59.406667,2018-06-12 17:42:00
2018-06-12_1748.dat,24.491667,59.425,2018-06-12 17:48:00
2018-06-12_1906.dat,15.475,147.183333,2018-06-12 19:06:00
2018-06-13_0051.dat,15.838333,146.771667,2018-06-13 00:51:00
2018-06-13_0608.dat,15.588333,147.62,2018-06-13 06:08:00
2018-06-13_0748.dat,24.926667,57.576667,2018-06-13 07:48:00
2018-06-13_0824.dat,15.735,146.925,2018-06-13 08:24:00
2018-06-13_1134.dat,14.771667,147.605,2018-06-13 11:34:00
2018-06-13_1310.dat,15.92,147.52,2018-06-13 13:10:00
2018-06-13_1653.dat,15.071667,147.74,2018-06-13 16:53:00
2018-06-13_2237.dat,15.475,147.3,2018-06-13 22:37:00
2018-06-14_0132.dat,15.72,143.89,2018-06-14 01:32:00
2018-06-14_0528.dat,17.291667,72.416667,2018-06-14 05:28:00
2018-06-14_0539.dat,16.641667,145.525,2018-06-14 05:39:00
2018-06-14_0702.dat,15.641667,146.655,2018-06-14 07:02:00
2018-06-14_0753.dat,17.21,72.335,2018-06-14 07:53:00
2018-06-14_1100.dat,26.075,55.311667,2018-06-14 11:00:00
2018-06-14_1723.dat,15.968333,145.905,2018-06-14 17:23:00
2018-06-14_1842.dat,15.271667,146.468333,2018-06-14 18:42:00
2018-06-15_0059.dat,15.241667,146.4,2018-06-15 00:59:00
2018-06-15_0527.dat,15.523333,146.453333,2018-06-15 05:27:00
2018-06-15_0750.dat,15.335,147.84,2018-06-15 07:50:00
2018-06-15_1130.dat,15.405,147.786667,2018-06-15 11:30:00
2018-06-15_1202.dat,11.903333,45.38,2018-06-15 12:02:00
2018-06-15_1259.dat,15.716667,147.758333,2018-06-15 12:59:00
2018-06-15_1718.dat,15.723333,147.673333,2018-06-15 17:18:00
2018-06-15_1722.dat,15.723333,147.673333,2018-06-15 17:22:00
2018-06-15_1811.dat,15.24,147.638333,2018-06-15 18:11:00
2018-06-16_0115.dat,13.95,147.025,2018-06-16 01:15:00
2018-06-16_0645.dat,13.975,147.07,2018-06-16 06:45:00
2018-06-16_0932.dat,6.965333,96.671333,2018-06-16 09:32:00
2018-06-16_1025.dat,13.076667,48.32,2018-06-16 10:25:00
2018-06-16_1129.dat,13.995,147.198333,2018-06-16 11:29:00
2018-06-16_1747.dat,14.22,148.241667,2018-06-16 17:47:00
2018-06-16_1907.dat,13.486667,143.971667,2018-06-16 19:07:00
2018-06-17_0608.dat,16.401667,150.655,2018-06-17 06:08:00
2018-06-17_0734.dat,26.536667,52.8,2018-06-17 07:34:00
2018-06-17_0844.dat,12.351667,141.04,2018-06-17 08:44:00
2018-06-17_1138.dat,16.608333,152.191667,2018-06-17 11:38:00
2018-06-17_1144.dat,16.616667,152.233333,2018-06-17 11:44:00
2018-06-17_1402.dat,11.901667,139.8,2018-06-17 14:02:00
2018-06-17_1710.dat,6.878333,97.278333,2018-06-17 17:10:00
2018-06-17_1800.dat,16.755,154.091667,2018-06-17 18:00:00
2018-06-17_1806.dat,11.458333,138.941667,2018-06-17 18:06:00
2018-06-17_2240.dat,16.751667,155.286667,2018-06-17 22:40:00
2018-06-17_2245.dat,16.755,155.388333,2018-06-17 22:45:00
2018-06-18_0007.dat,10.723333,137.451667,2018-06-18 00:07:00
2018-06-18_0501.dat,16.853333,157.203333,2018-06-18 05:01:00
2018-06-18_0534.dat,25.443333,57.045,2018-06-18 05:34:00
2018-06-18_0608.dat,16.855,157.32,2018-06-18 06:08:00
2018-06-18_1128.dat,16.888333,158.908333,2018-06-18 11:28:00
2018-06-18_1736.dat,24.738333,57.673333,2018-06-18 17:36:00
2018-06-18_1740.dat,16.875,161.755,2018-06-18 17:40:00
2018-06-18_2310.dat,16.968333,162.323333,2018-06-18 23:10:00
2018-06-19_0555.dat,24.791667,57.691667,2018-06-19 05:55:00
2018-06-19_0741.dat,7.221667,130.405,2018-06-19 07:41:00
2018-06-19_0807.dat,7.221667,130.405,2018-06-19 08:07:00
2018-06-19_0811.dat,12.083333,44.88,2018-06-19 08:11:00
2018-06-19_1200.dat,17.006667,166.1,2018-06-19 12:00:00
2018-06-19_1204.dat,17.006667,166.12,2018-06-19 12:04:00
2018-06-19_1518.dat,6.37,128.85,2018-06-19 15:18:00
2018-06-19_1524.dat,6.37,128.85,2018-06-19 15:24:00
2018-06-19_1724.dat,16.986667,167.715,2018-06-19 17:24:00
2018-06-19_1744.dat,24.763333,57.633333,2018-06-19 17:44:00
2018-06-19_2016.dat,5.738333,127.291667,2018-06-19 20:16:00
2018-06-19_2318.dat,16.97,169.0,2018-06-19 23:18:00
2018-06-20_0231.dat,5.133333,125.755,2018-06-20 02:31:00
2018-06-20_0534.dat,24.525,58.858333,2018-06-20 05:34:00
2018-06-20_0541.dat,16.803333,171.188333,2018-06-20 05:41:00
2018-06-20_0838.dat,4.368333,124.288333,2018-06-20 08:38:00
2018-06-20_0841.dat,4.368333,124.288333,2018-06-20 08:41:00
2018-06-20_1006.dat,6.32,97.213333,2018-06-20 10:06:00
2018-06-20_1446.dat,3.506667,122.706667,2018-06-20 14:46:00
2018-06-20_1731.dat,24.431667,59.68,2018-06-20 17:31:00
2018-06-20_1738.dat,16.82,173.953333,2018-06-20 17:38:00
2018-06-20_2025.dat,2.801667,121.45,2018-06-20 20:25:00
2018-06-20_2219.dat,16.753333,175.171667,2018-06-20 22:19:00
2018-06-20_2337.dat,24.185,61.403333,2018-06-20 23:37:00
2018-06-21_0239.dat,1.706667,120.425,2018-06-21 02:39:00
2018-06-21_0448.dat,16.615,177.038333,2018-06-21 04:48:00
2018-06-21_0518.dat,23.71,63.306667,2018-06-21 05:18:00
2018-06-21_0603.dat,15.321667,70.393333,2018-06-21 06:03:00
2018-06-21_0840.dat,0.653333,119.75,2018-06-21 08:40:00
2018-06-21_1053.dat,16.436667,178.52,2018-06-21 10:53:00
2018-06-21_1142.dat,7.19,94.78,2018-06-21 11:42:00
2018-06-21_1213.dat,23.308333,65.373333,2018-06-21 12:13:00
2018-06-21_1600.dat,-0.666667,119.185,2018-06-21 16:00:00
2018-06-21_1649.dat,16.411667,179.743333,2018-06-21 16:49:00
2018-06-21_1703.dat,22.788333,66.758333,2018-06-21 17:03:00
2018-06-21_2019.dat,-1.288333,119.073333,2018-06-21 20:19:00
2018-06-21_2238.dat,22.07,67.673333,2018-06-21 22:38:00
2018-06-21_2245.dat,16.37,178.173333,2018-06-21 22:45:00
2018-06-22_0244.dat,-2.456667,118.708333,2018-06-22 02:44:00
2018-06-22_0400.dat,21.346667,68.51,2018-06-22 04:00:00
2018-06-22_0505.dat,16.236667,176.19,2018-06-22 05:05:00
2018-06-22_1050.dat,20.508333,69.383333,2018-06-22 10:50:00
2018-06-22_1702.dat,16.123333,173.77,2018-06-22 17:02:00
2018-06-22_1726.dat,19.773333,70.135,2018-06-22 17:26:00
2018-06-22_2004.dat,-4.271667,118.688333,2018-06-22 20:04:00
2018-06-23_0550.dat,7.166667,63.831667,2018-06-23 05:50:00
2018-06-23_0952.dat,7.37,94.995,2018-06-23 09:52:00
2018-06-24_0244.dat,18.591667,167.291667,2018-06-24 02:44:00
2018-06-24_0509.dat,15.076667,83.373333,2018-06-24 05:09:00
2018-06-24_0554.dat,2.411667,60.146667,2018-06-24 05:54:00
2018-06-24_1438.dat,19.353333,164.103333,2018-06-24 14:38:00
2018-06-25_0249.dat,20.075,160.655,2018-06-25 02:49:00
2018-06-25_0449.dat,9.416667,82.988333,2018-06-25 04:49:00
2018-06-25_0852.dat,20.858333,159.003333,2018-06-25 08:52:00
2018-06-25_1523.dat,20.448333,159.11,2018-06-25 15:23:00
2018-06-26_0250.dat,20.888333,158.691667,2018-06-26 02:50:00
2018-06-26_0545.dat,17.736667,71.948333,2018-06-26 05:45:00
2018-06-26_0550.dat,17.713333,72.068333,2018-06-26 05:50:00
2018-06-26_1412.dat,17.591667,71.785,2018-06-26 14:12:00
2018-06-26_1719.dat,6.803333,119.756667,2018-06-26 17:19:00
2018-06-26_1805.dat,17.65,85.75,2018-06-26 18:05:00
2018-06-26_1813.dat,17.6,83.85,2018-06-26 18:13:00
2018-06-26_1819.dat,17.605,85.896667,2018-06-26 18:19:00
2018-06-26_1830.dat,17.608333,83.871667,2018-06-26 18:30:00
2018-06-26_1840.dat,17.6,83.868667,2018-06-26 18:40:00
2018-06-26_1848.dat,17.6,83.866667,2018-06-26 18:48:00
2018-06-26_1852.dat,17.613333,83.85,2018-06-26 18:52:00
2018-06-27_0304.dat,-7.875,122.273333,2018-06-27 03:04:00
2018-06-27_0807.dat,-7.986667,123.783333,2018-06-27 08:07:00
2018-06-27_1001.dat,8.751667,94.001667,2018-06-27 10:01:00
2018-06-27_1337.dat,17.436667,71.985,2018-06-27 13:37:00
2018-06-27_1443.dat,-8.476667,124.816667,2018-06-27 14:43:00
2018-06-27_1555.dat,-8.541667,124.441667,2018-06-27 15:55:00
2018-06-27_1759.dat,17.083333,71.65,2018-06-27 17:59:00
2018-06-27_2303.dat,-8.835,122.853333,2018-06-27 23:03:00
2018-06-27_2331.dat,-8.87,122.655,2018-06-27 23:31:00
2018-06-28_0511.dat,-9.118333,121.04,2018-06-28 05:11:00
2018-06-28_0557 (2).dat,16.678333,71.673333,2018-06-28 05:57:00
2018-06-28_0557.dat,16.633333,71.673333,2018-06-28 05:57:00
2018-06-28_0803.dat,16.7,71.6,2018-06-28 08:03:00
2018-06-28_0947.dat,6.585,96.901667,2018-06-28 09:47:00
2018-06-28_1129.dat,-9.138333,118.873333,2018-06-28 11:29:00
2018-06-28_1345.dat,17.566667,71.733333,2018-06-28 13:45:00
2018-06-28_1651.dat,17.233333,71.716667,2018-06-28 16:51:00
2018-06-28_1717.dat,-9.235,116.455,2018-06-28 17:17:00
2018-06-28_2251.dat,-9.055,114.501667,2018-06-28 22:51:00
2018-06-29_0456.dat,18.06,71.14,2018-06-29 04:56:00
2018-06-29_0516.dat,-8.788333,112.406667,2018-06-29 05:16:00
2018-06-29_0519.dat,-8.788333,112.406667,2018-06-29 05:19:00
2018-06-29_0555.dat,18.05,70.366667,2018-06-29 05:55:00
2018-06-29_1104.dat,-8.496667,110.605,2018-06-29 11:04:00
2018-06-29_1830.dat,-8.086667,108.175,2018-06-29 18:30:00
2018-06-29_1857.dat,-8.068333,108.066667,2018-06-29 18:57:00
2018-06-30_0006.dat,7.825,106.591667,2018-06-30 00:06:00
2018-06-30_0541.dat,8.373333,72.4,2018-06-30 05:41:00
2018-06-30_0551.dat,-7.006667,105.241667,2018-06-30 05:51:00
2018-06-30_0723.dat,17.923333,83.735,2018-06-30 07:23:00
2018-06-30_1239.dat,7.2,72.201667,2018-06-30 12:39:00
2018-06-30_1755.dat,6.166667,-71.95,2018-06-30 17:55:00
2018-06-30_2015.dat,17.518333,83.77,2018-06-30 20:15:00
2018-06-30_2307.dat,5.838333,71.815,2018-06-30 23:07:00
2018-07-01_0020.dat,9.87,75.045,2018-07-01 00:20:00
2018-07-01_0735.dat,-4.408333,52.673333,2018-07-01 07:35:00
2018-07-01_1238.dat,2.203333,71.416667,2018-07-01 12:38:00
2018-07-01_1822.dat,2.45,71.366667,2018-07-01 18:22:00
2018-07-02_0001.dat,3.4,71.37,2018-07-02 00:01:00
2018-07-02_0438.dat,6.696667,95.928333,2018-07-02 04:38:00
2018-07-02_0738.dat,-4.095,47.963333,2018-07-02 07:38:00
2018-07-02_0945.dat,6.431667,97.513333,2018-07-02 09:45:00
2018-07-02_1608.dat,17.45,83.608333,2018-07-02 16:08:00
2018-07-02_1800.dat,6.083333,71.158333,2018-07-02 18:00:00
2018-07-03_0007.dat,5.705,71.073333,2018-07-03 00:07:00
2018-07-03_0617.dat,4.4,70.816667,2018-07-03 06:17:00
2018-07-03_0819.dat,-4.913333,42.9,2018-07-03 08:19:00
2018-07-03_0940.dat,6.628333,96.675,2018-07-03 09:40:00
2018-07-03_1031.dat,1.703333,70.288333,2018-07-03 10:31:00
2018-07-03_1225.dat,3.238333,70.541667,2018-07-03 12:25:00
2018-07-03_1414.dat,12.835,47.908333,2018-07-03 14:14:00
2018-07-03_1531.dat,15.155,86.683333,2018-07-03 15:31:00
2018-07-03_1834.dat,2.5,70.466667,2018-07-03 18:34:00
2018-07-04_0617.dat,2.816667,70.015,2018-07-04 06:17:00
2018-07-04_1002.dat,8.776667,95.165,2018-07-04 10:02:00
2018-07-04_1157.dat,3.72,70.188333,2018-07-04 11:57:00
2018-07-04_1556.dat,9.533333,94.33,2018-07-04 15:56:00
2018-07-04_1804.dat,4.27,70.333333,2018-07-04 18:04:00
2018-07-04_2345.dat,5.05,70.555,2018-07-04 23:45:00
2018-07-05_0620.dat,6.633333,70.933333,2018-07-05 06:20:00
2018-07-05_1814.dat,7.333333,71.55,2018-07-05 18:14:00
2018-07-05_1815.dat,13.105,43.085,2018-07-05 18:15:00
2018-07-06_0550.dat,19.003333,70.701667,2018-07-06 05:50:00
2018-07-06_0640.dat,7.355,75.253333,2018-07-06 06:40:00
2018-07-06_1350.dat,12.406667,45.671667,2018-07-06 13:50:00
2018-07-07_0744.dat,13.653333,49.378333,2018-07-07 07:44:00
2018-07-07_0926.dat,-2.026667,42.716667,2018-07-07 09:26:00
2018-07-08_0832.dat,1.821667,46.491667,2018-07-08 08:32:00
2018-07-08_0836.dat,8.628333,94.115,2018-07-08 08:36:00
2018-07-09_0835.dat,6.653333,97.72,2018-07-09 08:35:00
2018-07-09_1758.dat,6.416667,79.733333,2018-07-09 17:58:00
2018-07-09_2344.dat,5.701667,80.538333,2018-07-09 23:44:00
2018-07-10_0616.dat,6.055,82.071667,2018-07-10 06:16:00
2018-07-10_1146.dat,5.825,81.87,2018-07-10 11:46:00
2018-07-10_1817.dat,5.075,81.22,2018-07-10 18:17:00
2018-07-10_1947.dat,12.368333,46.801667,2018-07-10 19:47:00
2018-07-10_2345.dat,4.616667,80.683333,2018-07-10 23:45:00
2018-07-11_0246.dat,19.305,159.261667,2018-07-11 02:46:00
2018-07-11_0604.dat,19.305,159.261667,2018-07-11 06:04:00
2018-07-11_0613.dat,19.188333,70.308333,2018-07-11 06:13:00
2018-07-11_1047.dat,19.31,159.473333,2018-07-11 10:47:00
2018-07-11_1238.dat,19.425,69.485,2018-07-11 12:38:00
2018-07-11_1455.dat,13.285,49.988333,2018-07-11 14:55:00
2018-07-11_1531.dat,19.473333,68.983333,2018-07-11 15:31:00
2018-07-11_1748.dat,19.053333,159.445,2018-07-11 17:48:00
2018-07-11_1813.dat,1.883333,78.233333,2018-07-11 18:13:00
2018-07-11_2329.dat,19.138333,159.323333,2018-07-11 23:29:00
2018-07-11_2329 (2).dat,19.801667,69.053333,2018-07-11 23:29:00
2018-07-12_0528.dat,20.823333,68.52,2018-07-12 05:28:00
2018-07-12_0553.dat,19.421667,69.376667,2018-07-12 05:53:00
2018-07-12_0602.dat,2.15,75.733333,2018-07-12 06:02:00
2018-07-12_1640.dat,6.701667,96.378333,2018-07-12 16:40:00
2018-07-12_2310.dat,2.721667,76.315,2018-07-12 23:10:00
2018-07-13_0546.dat,21.085,69.505,2018-07-13 05:46:00
2018-07-13_0557.dat,2.468333,77.09,2018-07-13 05:57:00
2018-07-13_0948.dat,6.731667,97.185,2018-07-13 09:48:00
2018-07-13_1519.dat,20.65,69.758333,2018-07-13 15:19:00
2018-07-14_0729.dat,3.916667,74.74,2018-07-14 07:29:00
2018-07-14_1000.dat,6.971667,96.773333,2018-07-14 10:00:00
2018-07-14_1155.dat,4.283333,74.15,2018-07-14 11:55:00
2018-07-14_1237.dat,19.323333,158.305,2018-07-14 12:37:00
2018-07-14_1240.dat,19.308333,158.325,2018-07-14 12:40:00
2018-07-14_1654.dat,19.263333,158.398333,2018-07-14 16:54:00
2018-07-14_1811.dat,4.35,75.52,2018-07-14 18:11:00
2018-07-14_2308.dat,19.275,158.4,2018-07-14 23:08:00
2018-07-15_0600.dat,4.516667,76.266667,2018-07-15 06:00:00
2018-07-15_1211.dat,19.388333,158.405,2018-07-15 12:11:00
2018-07-15_1220.dat,5.05,75.733333,2018-07-15 12:20:00
2018-07-15_1803.dat,5.55,76.616667,2018-07-15 18:03:00
2018-07-15_1807.dat,19.263333,158.571667,2018-07-15 18:07:00
2018-07-15_2305.dat,19.421667,159.583333,2018-07-15 23:05:00
2018-07-15_2343.dat,6.258333,75.958333,2018-07-15 23:43:00
2018-07-16_0521.dat,20.725,159.61,2018-07-16 05:21:00
2018-07-16_1124.dat,21.978333,159.893333,2018-07-16 11:24:00
2018-07-17_0544.dat,19.34,159.333333,2018-07-17 05:44:00
2018-07-17_1003.dat,6.76,97.331667,2018-07-17 10:03:00
2018-07-17_2322.dat,19.13,159.11,2018-07-17 23:22:00
2018-07-18_0744.dat,19.14,159.3,2018-07-18 07:44:00
2018-07-18_0921.dat,6.915,94.795,2018-07-18 09:21:00
2018-07-18_1531.dat,19.228333,158.975,2018-07-18 15:31:00
2018-07-19_0921.dat,7.578333,94.136667,2018-07-19 09:21:00
2018-07-19_1347.dat,17.385,84.013333,2018-07-19 13:47:00
2018-07-20_0918.dat,26.473333,53.251667,2018-07-20 09:18:00
2018-07-20_0931.dat,7.37,94.15,2018-07-20 09:31:00
2018-07-20_0952.dat,7.37,94.15,2018-07-20 09:52:00
2018-07-20_1125.dat,19.273333,159.188333,2018-07-20 11:25:00
2018-07-20_1745.dat,19.586667,158.07,2018-07-20 17:45:00
2018-07-21_2054.dat,-2.433333,88.533333,2018-07-21 20:54:00
2018-07-21_2318.dat,18.823333,158.701667,2018-07-21 23:18:00
2018-07-22_0636.dat,-3.045,91.023333,2018-07-22 06:36:00
2018-07-22_0854.dat,26.141667,53.763333,2018-07-22 08:54:00
2018-07-22_1159.dat,18.908333,159.485,2018-07-22 11:59:00
2018-07-22_1203.dat,16.908333,159.485,2018-07-22 12:03:00
2018-07-22_1632.dat,9.925,75.635,2018-07-22 16:32:00
2018-07-23_0556.dat,19.34,158.341667,2018-07-23 05:56:00
2018-07-24_0509.dat,18.955,160.375,2018-07-24 05:09:00
2018-07-24_1228.dat,19.785,159.341667,2018-07-24 12:28:00
2018-07-24_1717.dat,19.306667,160.0,2018-07-24 17:17:00
2018-07-24_1925.dat,17.27,83.368333,2018-07-24 19:25:00
2018-07-24_2322.dat,19.67,160.283333,2018-07-24 23:22:00
2018-07-25_0514.dat,20.235,159.808333,2018-07-25 05:14:00
2018-07-25_1748.dat,17.311667,83.591667,2018-07-25 17:48:00
2018-07-25_1817.dat,20.758333,159.766667,2018-07-25 18:17:00
2018-07-28_0557.dat,22.473333,159.991667,2018-07-28 05:57:00
2018-07-28_1620.dat,9.7,75.733333,2018-07-28 16:20:00
2018-07-28_1647.dat,16.028333,82.528333,2018-07-28 16:47:00
2018-07-29_0530.dat,23.62,-16.968333,2018-07-29 05:30:00
2018-07-29_0559.dat,19.55,158.103333,2018-07-29 05:59:00
2018-07-30_0534.dat,18.885,157.823333,2018-07-30 05:34:00
2018-07-30_1801.dat,19.005,157.638333,2018-07-30 18:01:00
2018-07-31_1750.dat,19.585,157.403333,2018-07-31 17:50:00
2018-08-01_0555.dat,21.113333,159.013333,2018-08-01 05:55:00
2018-08-01_0558.dat,21.113333,159.013333,2018-08-01 05:58:00
2018-08-01_1131.dat,19.035,70.216667,2018-08-01 11:31:00
2018-08-01_1738.dat,23.12,66.84,2018-08-01 17:38:00
2018-08-03_0934.dat,9.533333,75.703333,2018-08-03 09:34:00
2018-08-03_1602.dat,6.898333,75.526667,2018-08-03 16:02:00
2018-08-03_2221.dat,10.48,75.348333,2018-08-03 22:21:00
2018-08-05_0608.dat,19.216667,160.153333,2018-08-05 06:08:00
2018-08-05_1133.dat,18.49,161.118333,2018-08-05 11:33:00
2018-08-05_1601.dat,17.401667,83.583333,2018-08-05 16:01:00
2018-08-05_1801.dat,13.955,51.915,2018-08-05 18:01:00
2018-08-06_0558.dat,14.983333,164.638333,2018-08-06 05:58:00
2018-08-06_1031.dat,80.566667,68.516667,2018-08-06 10:31:00
2018-08-06_2221.dat,12.008333,167.745,2018-08-06 22:21:00
2018-08-07_0501.dat,16.891667,84.671667,2018-08-07 05:01:00
2018-08-07_0617.dat,10.558333,169.243333,2018-08-07 06:17:00
2018-08-07_1047.dat,16.971667,83.693333,2018-08-07 10:47:00
2018-08-07_1556.dat,18.891667,71.951667,2018-08-07 15:56:00
2018-08-07_1659.dat,17.018333,83.9,2018-08-07 16:59:00
2018-08-07_1815.dat,16.955,83.958333,2018-08-07 18:15:00
2018-08-07_1907.dat,17.045,83.835,2018-08-07 19:07:00
2018-08-08_0504.dat,15.79,82.658333,2018-08-08 05:04:00
2018-08-08_0523.dat,15.84,82.555,2018-08-08 05:23:00
2018-08-08_0551.dat,18.336667,70.121667,2018-08-08 05:51:00
2018-08-08_1119.dat,15.233333,81.766667,2018-08-08 11:19:00
2018-08-08_1730.dat,19.183333,69.841667,2018-08-08 17:30:00
2018-08-08_1732.dat,15.451667,82.286667,2018-08-08 17:32:00
2018-08-08_2115.dat,18.971667,69.2,2018-08-08 21:15:00
2018-08-08_2120.dat,12.575,83.763333,2018-08-08 21:20:00
2018-08-09_0432.dat,14.996667,81.453333,2018-08-09 04:32:00
2018-08-09_0446.dat,16.095,83.611667,2018-08-09 04:46:00
2018-08-09_0533.dat,19.658333,69.725,2018-08-09 05:33:00
2018-08-09_0600.dat,2.225,177.738333,2018-08-09 06:00:00
2018-08-09_1355.dat,18.608333,70.156667,2018-08-09 13:55:00
2018-08-09_1820.dat,0.015,179.991667,2018-08-09 18:20:00
2018-08-09_2225.dat,-0.93,179.85,2018-08-09 22:25:00
2018-08-10_0605.dat,18.733333,69.355,2018-08-10 06:05:00
2018-08-10_1751.dat,-4.376667,179.146667,2018-08-10 17:51:00
2018-08-10_2232.dat,-5.216667,179.046667,2018-08-10 22:32:00
2018-08-11_0032.dat,24.066667,65.921667,2018-08-11 00:32:00
2018-08-11_0608.dat,-7.335,178.686667,2018-08-11 06:08:00
2018-08-11_0612.dat,24.185,64.423333,2018-08-11 06:12:00
2018-08-11_1124.dat,24.366667,59.951667,2018-08-11 11:24:00
2018-08-11_1124 (2).dat,16.335,83.058333,2018-08-11 11:24:00
2018-08-11_1150.dat,24.191667,63.053333,2018-08-11 11:50:00
2018-08-11_1720.dat,16.771667,83.52,2018-08-11 17:20:00
2018-08-11_1749.dat,24.218333,61.425,2018-08-11 17:49:00
2018-08-11_1809.dat,-10.37,178.058333,2018-08-11 18:09:00
2018-08-11_2131.dat,16.933333,83.228333,2018-08-11 21:31:00
2018-08-11_2221.dat,16.84,83.475,2018-08-11 22:21:00
2018-08-12_0604.dat,-13.495,177.068333,2018-08-12 06:04:00
2018-08-12_1130.dat,10.366667,75.616667,2018-08-12 11:30:00
2018-08-12_1201.dat,-14.078333,176.523333,2018-08-12 12:01:00
2018-08-13_0609.dat,-17.526667,178.371667,2018-08-13 06:09:00
2018-08-16_0644.dat,13.198333,44.651667,2018-08-16 06:44:00
2018-08-16_1822.dat,26.105,55.221667,2018-08-16 18:22:00
2018-08-16_1942.dat,17.588333,84.541667,2018-08-16 19:42:00
2018-08-17_0410.dat,17.72,17.271667,2018-08-17 04:10:00
2018-08-17_0600.dat,-17.756667,176.338333,2018-08-17 06:00:00
2018-08-17_1214.dat,-16.438333,175.32,2018-08-17 12:14:00
2018-08-17_1812.dat,23.99,59.44,2018-08-17 18:12:00
2018-08-17_1858.dat,-15.01,174.466667,2018-08-17 18:58:00
2018-08-17_2239.dat,-15.405,173.878333,2018-08-17 22:39:00
2018-08-18_0612.dat,23.308333,62.125,2018-08-18 06:12:00
2018-08-18_0703.dat,-14.298333,172.563333,2018-08-18 07:03:00
2018-08-18_1242.dat,-14.583333,172.253333,2018-08-18 12:42:00
2018-08-18_1750.dat,22.823333,63.918333,2018-08-18 17:50:00
2018-08-18_1848.dat,-13.228333,171.133333,2018-08-18 18:48:00
2018-08-18_2246.dat,-13.591667,170.653333,2018-08-18 22:46:00
2018-08-19_0639.dat,22.205,66.538333,2018-08-19 06:39:00
2018-08-19_0726.dat,-12.523333,169.288333,2018-08-19 07:26:00
2018-08-19_1233.dat,-12.905,168.441667,2018-08-19 12:33:00
2018-08-19_1807.dat,21.323333,67.301667,2018-08-19 18:07:00
2018-08-19_1817.dat,-11.783333,167.448333,2018-08-19 18:17:00
2018-08-19_2315.dat,-11.591667,166.496667,2018-08-19 23:15:00
2018-08-20_0612.dat,19.621667,68.62,2018-08-20 06:12:00
2018-08-20_0727.dat,-11.241667,16.835,2018-08-20 07:27:00
2018-08-20_1217.dat,-11.056667,163.953333,2018-08-20 12:17:00
2018-08-20_1810.dat,19.433333,69.441667,2018-08-20 18:10:00
2018-08-20_1812.dat,-11.056667,163.953333,2018-08-20 18:12:00
2018-08-20_2026.dat,17.485,83.681667,2018-08-20 20:26:00
2018-08-20_2359.dat,-12.841667,162.255,2018-08-20 23:59:00
2018-08-21_0445.dat,16.278333,82.971667,2018-08-21 04:45:00
2018-08-21_0524.dat,16.106667,82.933333,2018-08-21 05:24:00
2018-08-21_0738.dat,-12.738333,160.595,2018-08-21 07:38:00
2018-08-21_1040.dat,15.34,82.975,2018-08-21 10:40:00
2018-08-21_1335.dat,-12.671667,159.388333,2018-08-21 13:35:00
2018-08-21_1714.dat,14.675,82.223333,2018-08-21 17:14:00
2018-08-21_1849.dat,-12.878333,158.396667,2018-08-21 18:49:00
2018-08-21_2356.dat,-11.045,127.598333,2018-08-21 23:56:00
2018-08-22_0502.dat,12.776667,82.761667,2018-08-22 05:02:00
2018-08-22_0806.dat,-11.41,155.81,2018-08-22 08:06:00
2018-08-22_1200.dat,12.761667,45.571667,2018-08-22 12:00:00
2018-08-22_1237.dat,-11.628333,154.756667,2018-08-22 12:37:00
2018-08-22_1715.dat,-11.843333,153.716667,2018-08-22 17:15:00
2018-08-22_2301.dat,12.82,82.996667,2018-08-22 23:01:00
2018-08-23_0434.dat,13.413333,82.43,2018-08-23 04:34:00
2018-08-23_0508.dat,12.506667,82.88,2018-08-23 05:08:00
2018-08-23_0645.dat,-10.333333,151.343333,2018-08-23 06:45:00
2018-08-23_1311.dat,-10.456667,150.696667,2018-08-23 13:11:00
2018-08-23_2258.dat,-10.803333,149.08,2018-08-23 22:58:00
2018-08-24_0516.dat,15.923333,84.058333,2018-08-24 05:16:00
2018-08-24_0714.dat,-9.078333,147.765,2018-08-24 07:14:00
2018-08-24_1536.dat,16.448333,83.973333,2018-08-24 15:36:00
2018-08-24_1607.dat,16.553333,83.881667,2018-08-24 16:07:00
2018-08-24_2255.dat,-9.51,145.68,2018-08-24 22:55:00
2018-08-25_0158.dat,17.263333,83.346667,2018-08-25 01:58:00
2018-08-25_1315.dat,17.185,83.253333,2018-08-25 13:15:00
2018-08-28_0732.dat,10.081667,75.536667,2018-08-28 07:32:00
2018-08-31_0326.dat,17.34,83.653333,2018-08-31 03:26:00
2018-08-31_0332.dat,17.336667,83.656667,2018-08-31 03:32:00
2018-08-31_0337.dat,17.336667,83.645,2018-08-31 03:37:00
2018-08-31_0340.dat,17.338333,83.58,2018-08-31 03:40:00
2018-08-31_0345.dat,17.343333,83.641667,2018-08-31 03:45:00
2018-08-31_0350.dat,17.341667,83.651667,2018-08-31 03:50:00
2018-08-31_0354.dat,17.375,83.66,2018-08-31 03:54:00
2018-08-31_0358.dat,17.386667,83.66,2018-08-31 03:58:00
2018-08-31_0401.dat,17.405,83.668333,2018-08-31 04:01:00
2018-08-31_0404.dat,17.413333,83.67,2018-08-31 04:04:00
2018-08-31_0448.dat,17.591667,84.59,2018-08-31 04:48:00
2018-09-01_1815.dat,2.5,65.083333,2018-09-01 18:15:00
2018-09-01_2359.dat,-4.878333,41.058333,2018-09-01 23:59:00
2018-09-05_0521.dat,17.33,72.131667,2018-09-05 05:21:00
2018-09-05_0533.dat,17.566667,72.133333,2018-09-05 05:33:00
2018-09-05_0538.dat,17.171667,72.625,2018-09-05 05:38:00
2018-09-05_1439.dat,16.163333,71.641667,2018-09-05 14:39:00
2018-09-05_1819.dat,15.816667,71.838333,2018-09-05 18:19:00
2018-09-06_0510.dat,14.211667,73.903333,2018-09-06 05:10:00
2018-09-06_0941.dat,10.5,72.81,2018-09-06 09:41:00
2018-09-06_1433.dat,10.441667,73.308333,2018-09-06 14:33:00
2018-09-06_1730.dat,16.803333,72.788333,2018-09-06 17:30:00
2018-09-06_1813.dat,10.308333,74.011667,2018-09-06 18:13:00
2018-09-07_0515.dat,10.716667,75.503333,2018-09-07 05:15:00
2018-09-07_1025.dat,-9.558333,130.648333,2018-09-07 10:25:00
2018-09-07_1904.dat,15.166667,71.85,2018-09-07 19:04:00
2018-09-07_1930.dat,15.166667,72.783333,2018-09-07 19:30:00
2018-09-07_2008.dat,-9.793333,130.316667,2018-09-07 20:08:00
2018-09-08_1056.dat,-9.703333,130.558333,2018-09-08 10:56:00
2018-09-08_1755.dat,12.573333,69.738333,2018-09-08 17:55:00
2018-09-08_1840.dat,8.666667,74.35,2018-09-08 18:40:00
2018-09-08_2309.dat,11.82,68.325,2018-09-08 23:09:00
2018-09-09_0340.dat,-9.826667,130.706667,2018-09-09 03:40:00
2018-09-09_0507.dat,6.016667,72.033333,2018-09-09 05:07:00
2018-09-09_1101.dat,-9.498333,130.588333,2018-09-09 11:01:00
2018-09-09_1242.dat,3.488333,70.785,2018-09-09 12:42:00
2018-09-09_1747.dat,9.436667,63.905,2018-09-09 17:47:00
2018-09-09_1755.dat,9.436667,63.905,2018-09-09 17:55:00
2018-09-09_1808.dat,9.438333,63.905,2018-09-09 18:08:00
2018-09-09_2138.dat,15.333333,73.335,2018-09-09 21:38:00
2018-09-09_2311.dat,8.635,62.506667,2018-09-09 23:11:00
2018-09-09_2343.dat,1.35,68.75,2018-09-09 23:43:00
2018-09-10_0450.dat,16.383333,72.505,2018-09-10 04:50:00
2018-09-10_0515.dat,0.223333,67.705,2018-09-10 05:15:00
2018-09-10_0550.dat,7.81,61.016667,2018-09-10 05:50:00
2018-09-10_2036.dat,17.15,71.673333,2018-09-10 20:36:00
2018-09-10_2252.dat,-3.583333,64.12,2018-09-10 22:52:00
2018-09-10_2331.dat,5.733333,57.423333,2018-09-10 23:31:00
2018-09-11_0503.dat,18.021667,72.375,2018-09-11 05:03:00
2018-09-11_0625.dat,5.166667,62.633333,2018-09-11 06:25:00
2018-09-11_1255.dat,6.121667,61.725,2018-09-11 12:55:00
2018-09-11_1513.dat,4.168333,54.173333,2018-09-11 15:13:00
2018-09-11_1719.dat,4.168333,54.173333,2018-09-11 17:19:00
2018-09-11_1826.dat,-7.341667,60.566667,2018-09-11 18:26:00
2018-09-11_2250.dat,-82.246667,59.605,2018-09-11 22:50:00
2018-09-12_0001.dat,3.586667,53.063333,2018-09-12 00:01:00
2018-09-12_0617.dat,-9.85,58.9,2018-09-12 06:17:00
2018-09-12_0950.dat,-8.026667,130.141667,2018-09-12 09:50:00
2018-09-12_1332.dat,-8.158333,130.72,2018-09-12 13:32:00
2018-09-12_1711.dat,-9.725,130.351667,2018-09-12 17:11:00
2018-09-12_1825.dat,1.373333,49.91,2018-09-12 18:25:00
2018-09-12_1827.dat,-12.68,58.486667,2018-09-12 18:27:00
2018-09-12_2244.dat,-13.686667,58.335,2018-09-12 22:44:00
2018-09-12_2333.dat,1.1,49.16,2018-09-12 23:33:00
2018-09-13_0310.dat,5.901667,3.705,2018-09-13 03:10:00
2018-09-13_0606.dat,-15.485,58.058333,2018-09-13 06:06:00
2018-09-13_1217.dat,13.445,50.186667,2018-09-13 12:17:00
2018-09-13_1848.dat,6.058333,3.395,2018-09-13 18:48:00
2018-09-13_1902.dat,-0.746667,45.488333,2018-09-13 19:02:00
2018-09-13_1952.dat,17.065,83.438333,2018-09-13 19:52:00
2018-09-13_1953.dat,9.965,75.511667,2018-09-13 19:53:00
2018-09-13_2024.dat,17.115,83.586667,2018-09-13 20:24:00
2018-09-13_2338.dat,-1.323333,44.626667,2018-09-13 23:38:00
2018-09-13_2350.dat,16.573333,83.571667,2018-09-13 23:50:00
2018-09-13_2359.dat,0.028333,46.745,2018-09-13 23:59:00
2018-09-14_0219.dat,9.291667,75.425,2018-09-14 02:19:00
2018-09-14_0331.dat,16.025,83.958333,2018-09-14 03:31:00
2018-09-14_0449.dat,9.168333,75.208333,2018-09-14 04:49:00
2018-09-14_0509.dat,15.776667,84.13,2018-09-14 05:09:00
2018-09-14_0519.dat,9.168333,75.208333,2018-09-14 05:19:00
2018-09-14_0705.dat,11.326667,81.86,2018-09-14 07:05:00
2018-09-14_0738.dat,15.921667,84.048333,2018-09-14 07:38:00
2018-09-14_0940.dat,9.525,75.268333,2018-09-14 09:40:00
2018-09-14_1120.dat,15.493333,83.838333,2018-09-14 11:20:00
2018-09-14_1150.dat,14.325,52.2,2018-09-14 11:50:00
2018-09-14_1739.dat,15.655,84.223333,2018-09-14 17:39:00
2018-09-14_1747.dat,3.18,41.271667,2018-09-14 17:47:00
2018-09-14_1802.dat,14.025,51.283333,2018-09-14 18:02:00
2018-09-14_1946.dat,15.465,83.991667,2018-09-14 19:46:00
2018-09-14_2052.dat,15.576667,83.8,2018-09-14 20:52:00
2018-09-14_2346.dat,-4.148333,41.005,2018-09-14 23:46:00
2018-09-15_0345.dat,15.568333,84.351667,2018-09-15 03:45:00
2018-09-15_0644.dat,13.345,49.058333,2018-09-15 06:44:00
2018-09-15_1817.dat,-18.366667,57.65,2018-09-15 18:17:00
2018-09-16_0520.dat,14.528333,90.066667,2018-09-16 05:20:00
2018-09-16_1215.dat,13.32,58.391667,2018-09-16 12:15:00
2018-09-16_1806.dat,-11.556667,58.723333,2018-09-16 18:06:00
2018-09-17_0512.dat,9.753333,90.97,2018-09-17 05:12:00
2018-09-17_0620.dat,-8.521667,59.483333,2018-09-17 06:20:00
2018-09-17_0712.dat,17.766667,83.866667,2018-09-17 07:12:00
2018-09-17_0957.dat,-11.38,124.133333,2018-09-17 09:57:00
2018-09-17_0958.dat,13.401667,50.158333,2018-09-17 09:58:00
2018-09-17_1244.dat,-7.0,60.086667,2018-09-17 12:44:00
2018-09-17_1332.dat,-11.375,123.198333,2018-09-17 13:32:00
2018-09-17_2033.dat,-11.711667,121.571667,2018-09-17 20:33:00
2018-09-17_2237.dat,4.45,61.275,2018-09-17 22:37:00
2018-09-18_0610.dat,-2.5,62.15,2018-09-18 06:10:00
2018-09-18_0621.dat,-2.5,62.15,2018-09-18 06:21:00
2018-09-18_0711.dat,8.461667,73.338333,2018-09-18 07:11:00
2018-09-18_1754.dat,-4.046667,40.663333,2018-09-18 17:54:00
2018-09-18_1843.dat,0.316667,63.52,2018-09-18 18:43:00
2018-09-18_2151.dat,9.94,75.243333,2018-09-18 21:51:00
2018-09-18_2155.dat,-11.895,120.52,2018-09-18 21:55:00
2018-09-19_0500.dat,17.216667,72.485,2018-09-19 05:00:00
2018-09-19_0546.dat,5.459333,42.073333,2018-09-19 05:46:00
2018-09-19_0608.dat,9.115,75.54,2018-09-19 06:08:00
2018-09-19_0615.dat,3.63,64.983333,2018-09-19 06:15:00
2018-09-19_0623.dat,-10.351667,118.238333,2018-09-19 06:23:00
2018-09-19_0634.dat,-10.351667,118.238333,2018-09-19 06:34:00
2018-09-19_1017.dat,9.966667,76.233333,2018-09-19 10:17:00
2018-09-19_1135.dat,-5.738333,42.175,2018-09-19 11:35:00
2018-09-19_1147.dat,11.335,116.963333,2018-09-19 11:47:00
2018-09-19_1150.dat,5.091667,65.656667,2018-09-19 11:50:00
2018-09-19_1212.dat,9.69,75.65,2018-09-19 12:12:00
2018-09-19_1417.dat,-6.84,42.133333,2018-09-19 14:17:00
2018-09-19_1715.dat,-10.766667,116.223333,2018-09-19 17:15:00
2018-09-19_2213.dat,6.016667,66.033333,2018-09-19 22:13:00
2018-09-19_2214.dat,-9.028333,114.846667,2018-09-19 22:14:00
2018-09-20_0003.dat,-8.671667,42.133333,2018-09-20 00:03:00
2018-09-20_0625.dat,-9.493333,112.53,2018-09-20 06:25:00
2018-09-20_0654.dat,8.618333,67.285,2018-09-20 06:54:00
2018-09-20_0659.dat,12.211667,71.979167,2018-09-20 06:59:00
2018-09-20_0854.dat,-3.98,97.665,2018-09-20 08:54:00
2018-09-20_0911.dat,17.338333,83.521667,2018-09-20 09:11:00
2018-09-20_1148.dat,10.985,42.1,2018-09-20 11:48:00
2018-09-20_1307.dat,9.983333,67.1,2018-09-20 13:07:00
2018-09-20_1716.dat,17.301667,83.57,2018-09-20 17:16:00
2018-09-20_1755.dat,10.566667,72.696667,2018-09-20 17:55:00
2018-09-20_1814.dat,9.608333,109.42,2018-09-20 18:14:00
2018-09-20_1829.dat,10.973333,69.051667,2018-09-20 18:29:00
2018-09-20_1832.dat,-12.491667,42.223333,2018-09-20 18:32:00
2018-09-20_2033.dat,17.685,83.318333,2018-09-20 20:33:00
2018-09-20_2236.dat,-8.806667,108.313333,2018-09-20 22:36:00
2018-09-20_2304.dat,11.85,70.116667,2018-09-20 23:04:00
2018-09-20_2313.dat,-13.213333,42.15,2018-09-20 23:13:00
2018-09-21_0217.dat,17.221667,83.408333,2018-09-21 02:17:00
2018-09-21_0552.dat,-13.598333,41.636667,2018-09-21 05:52:00
2018-09-21_0559.dat,-13.598333,41.636667,2018-09-21 05:59:00
2018-09-21_0622.dat,-5.28,100.555,2018-09-21 06:22:00
2018-09-21_0629.dat,13.433333,72.116667,2018-09-21 06:29:00
2018-09-21_0649.dat,-7.835,106.165,2018-09-21 06:49:00
2018-09-21_0701.dat,10.77,73.678333,2018-09-21 07:01:00
2018-09-21_0820.dat,-14.751667,41.468333,2018-09-21 08:20:00
2018-09-21_1138.dat,-6.428333,104.965,2018-09-21 11:38:00
2018-09-21_1154.dat,15.598333,41.171667,2018-09-21 11:54:00
2018-09-21_1242.dat,-4.333333,99.17,2018-09-21 12:42:00
2018-09-21_1807.dat,-16.563333,40.533333,2018-09-21 18:07:00
2018-09-21_1910.dat,-3.416667,97.72,2018-09-21 19:10:00
2018-09-21_2017.dat,-6.906667,102.821667,2018-09-21 20:17:00
2018-09-21_2249.dat,-3.983333,96.936667,2018-09-21 22:49:00
2018-09-22_0011.dat,-17.855,39.855,2018-09-22 00:11:00
2018-09-22_0445.dat,12.516667,72.386667,2018-09-22 04:45:00
2018-09-22_0555.dat,-18.966667,39.255,2018-09-22 05:55:00
2018-09-22_0608.dat,-1.32,95.778333,2018-09-22 06:08:00
2018-09-22_0620.dat,16.266667,73.016667,2018-09-22 06:20:00
2018-09-22_1155.dat,-19.978333,38.75,2018-09-22 11:55:00
2018-09-22_1207.dat,17.873333,72.608333,2018-09-22 12:07:00
2018-09-22_1225.dat,-0.313333,95.206667,2018-09-22 12:25:00
2018-09-22_1751.dat,-20.756667,38.435,2018-09-22 17:51:00
2018-09-22_1809.dat,0.62,94.541667,2018-09-22 18:09:00
2018-09-22_2357.dat,-21.758333,38.796667,2018-09-22 23:57:00
2018-09-23_0015.dat,9.861667,87.435,2018-09-23 00:15:00
2018-09-23_0312.dat,-21.073333,39.118333,2018-09-23 03:12:00
2018-09-23_0545.dat,16.223333,84.403333,2018-09-23 05:45:00
2018-09-23_0648.dat,6.346667,96.956667,2018-09-23 06:48:00
2018-09-23_0655.dat,-0.285,93.158333,2018-09-23 06:55:00
2018-09-23_0802.dat,8.783333,72.586667,2018-09-23 08:02:00
2018-09-23_1158.dat,-22.3,39.298333,2018-09-23 11:58:00
2018-09-23_1610.dat,5.0,98.708333,2018-09-23 16:10:00
2018-09-23_1753.dat,4.823333,98.858333,2018-09-23 17:53:00
2018-09-23_1810.dat,2.863333,92.47,2018-09-23 18:10:00
2018-09-23_1822.dat,-24.785,39.435,2018-09-23 18:22:00
2018-09-23_1848.dat,16.345,83.226667,2018-09-23 18:48:00
2018-09-23_2212.dat,3.571667,92.04,2018-09-23 22:12:00
2018-09-23_2331.dat,-24.98,38.628333,2018-09-23 23:31:00
2018-09-24_0424.dat,16.386667,83.425,2018-09-24 04:24:00
2018-09-24_0523.dat,8.416667,73.238333,2018-09-24 05:23:00
2018-09-24_0542 (2).dat,16.645,83.92,2018-09-24 05:42:00
2018-09-24_0542.dat,-24.65,37.086667,2018-09-24 05:42:00
2018-09-24_0557.dat,-15.59,93.28,2018-09-24 05:57:00
2018-09-24_0607.dat,5.051667,91.141667,2018-09-24 06:07:00
2018-09-24_1208.dat,-24.605,36.441667,2018-09-24 12:08:00
2018-09-24_1223.dat,6.203333,4.458333,2018-09-24 12:23:00
2018-09-24_1416.dat,17.133333,84.116667,2018-09-24 14:16:00
2018-09-24_1448.dat,0.575,8.878333,2018-09-24 14:48:00
2018-09-24_1522.dat,17.105,84.185,2018-09-24 15:22:00
2018-09-24_1809.dat,7.245,89.838333,2018-09-24 18:09:00
2018-09-24_1814.dat,-25.71,34.976667,2018-09-24 18:14:00
2018-09-24_2221.dat,8.046667,89.346667,2018-09-24 22:21:00
2018-09-24_2336.dat,-25.766667,34.216667,2018-09-24 23:36:00
2018-09-25_0501.dat,8.833333,73.251667,2018-09-25 05:01:00
2018-09-25_0538.dat,-16.425,88.475,2018-09-25 05:38:00
2018-09-25_0607.dat,9.586667,88.415,2018-09-25 06:07:00
2018-09-25_0802.dat,17.456667,83.836667,2018-09-25 08:02:00
2018-09-25_1248.dat,14.34,52.303333,2018-09-25 12:48:00
2018-09-25_1436.dat,10.203333,75.686667,2018-09-25 14:36:00
2018-09-25_1823.dat,10.883333,75.25,2018-09-25 18:23:00
2018-09-25_1851.dat,11.808333,87.055,2018-09-25 18:51:00
2018-09-25_2140.dat,12.29,86.758333,2018-09-25 21:40:00
2018-09-26_0400.dat,12.75,74.05,2018-09-26 04:00:00
2018-09-26_0452.dat,9.233333,73.091667,2018-09-26 04:52:00
2018-09-26_0507.dat,17.586667,83.786667,2018-09-26 05:07:00
2018-09-26_0610.dat,13.675,85.945,2018-09-26 06:10:00
2018-09-26_1007.dat,17.551667,83.953333,2018-09-26 10:07:00
2018-09-26_1103.dat,13.723333,73.563333,2018-09-26 11:03:00
2018-09-26_1148.dat,13.77,73.555,2018-09-26 11:48:00
2018-09-26_1236.dat,14.771667,85.241667,2018-09-26 12:36:00
2018-09-26_1509.dat,14.623333,73.095,2018-09-26 15:09:00
2018-09-26_1536.dat,17.635,83.938333,2018-09-26 15:36:00
2018-09-26_1740.dat,15.166667,72.8,2018-09-26 17:40:00
2018-09-26_1748.dat,15.09,72.931667,2018-09-26 17:48:00
2018-09-26_1843.dat,17.628333,83.886667,2018-09-26 18:43:00
2018-09-26_1855.dat,15.328333,72.79,2018-09-26 18:55:00
2018-09-26_2028.dat,15.44,72.811667,2018-09-26 20:28:00
2018-09-26_2137.dat,16.128333,84.398333,2018-09-26 21:37:00
2018-09-26_2203.dat,17.608333,84.973333,2018-09-26 22:03:00
2018-09-26_2215.dat,15.331667,72.678333,2018-09-26 22:15:00
2018-09-27_0001.dat,15.448333,72.751667,2018-09-27 00:01:00
2018-09-27_0201.dat,17.573333,83.95,2018-09-27 02:01:00
2018-09-27_0347.dat,15.475,72.706667,2018-09-27 03:47:00
2018-09-27_0601.dat,17.37,83.623333,2018-09-27 06:01:00
2018-09-27_0632.dat,11.736667,45.086667,2018-09-27 06:32:00
2018-09-27_1751.dat,11.125,68.663333,2018-09-27 17:51:00
2018-09-27_1850.dat,12.566667,46.253333,2018-09-27 18:50:00
2018-09-27_1903.dat,12.566667,46.253333,2018-09-27 19:03:00
2018-09-28_0526.dat,14.746667,73.793333,2018-09-28 05:26:00
2018-09-28_0622.dat,16.841667,83.936667,2018-09-28 06:22:00
2018-09-28_0701.dat,-35.636667,78.691667,2018-09-28 07:01:00
2018-09-28_1910.dat,13.758333,50.32,2018-09-28 19:10:00
2018-09-28_2101.dat,-32.323333,28.221667,2018-09-28 21:01:00
2018-09-28_2151.dat,9.731667,75.658333,2018-09-28 21:51:00
2018-09-28_2338.dat,-26.445,33.255,2018-09-28 23:38:00
2018-09-29_1825.dat,-31.076667,30.94,2018-09-29 18:25:00
2018-09-29_2341.dat,-32.233333,20.888333,2018-09-29 23:41:00
2018-09-30_0550.dat,-32.323333,28.221667,2018-09-30 05:50:00
2018-09-30_1832.dat,-34.678333,23.34,2018-09-30 18:32:00
2018-10-01_0000.dat,-34.86,21.585,2018-10-01 00:00:00
2018-10-01_0527.dat,17.056667,72.74,2018-10-01 05:27:00
2018-10-01_0638.dat,-2.556667,61.276667,2018-10-01 06:38:00
2018-10-01_0901.dat,9.741667,109.993333,2018-10-01 09:01:00
2018-10-01_1508.dat,15.835,72.968333,2018-10-01 15:08:00
2018-10-01_1842.dat,10.961667,111.48,2018-10-01 18:42:00
2018-10-01_2108.dat,9.635,75.41,2018-10-01 21:08:00
2018-10-01_2123.dat,15.688333,72.356667,2018-10-01 21:23:00
2018-10-01_2342.dat,1.666667,63.935,2018-10-01 23:42:00
2018-10-02_0527.dat,15.273333,71.998333,2018-10-02 05:27:00
2018-10-02_0555.dat,7.683333,76.6,2018-10-02 05:55:00
2018-10-02_0751.dat,15.64,71.971667,2018-10-02 07:51:00
2018-10-02_0931.dat,12.826667,113.725,2018-10-02 09:31:00
2018-10-02_1223.dat,8.361667,73.011667,2018-10-02 12:23:00
2018-10-02_1224.dat,8.361667,73.011667,2018-10-02 12:24:00
2018-10-02_1430.dat,15.716667,72.441667,2018-10-02 14:30:00
2018-10-02_1813.dat,16.158333,72.383333,2018-10-02 18:13:00
2018-10-02_1846.dat,14.088333,115.053333,2018-10-02 18:46:00
2018-10-02_1959.dat,-17.886667,60.878333,2018-10-02 19:59:00
2018-10-02_2208.dat,9.253333,72.873333,2018-10-02 22:08:00
2018-10-03_0452.dat,15.368333,72.42,2018-10-03 04:52:00
2018-10-03_0458.dat,3.693333,79.018333,2018-10-03 04:58:00
2018-10-03_0617.dat,15.48,115.935,2018-10-03 06:17:00
2018-10-03_1111.dat,10.616667,72.705,2018-10-03 11:11:00
2018-10-03_1259.dat,15.973333,71.818333,2018-10-03 12:59:00
2018-10-03_1735.dat,16.908333,116.67,2018-10-03 17:35:00
2018-10-03_1944.dat,11.171667,72.79,2018-10-03 19:44:00
2018-10-04_0447.dat,17.375,72.551667,2018-10-04 04:47:00
2018-10-04_0517.dat,6.91,76.228333,2018-10-04 05:17:00
2018-10-04_0549.dat,17.651667,117.318333,2018-10-04 05:49:00
2018-10-04_1714.dat,19.878333,118.976667,2018-10-04 17:14:00
2018-10-05_0534.dat,-33.078333,18.556667,2018-10-05 05:34:00
2018-10-05_0550.dat,-5.896667,117.055,2018-10-05 05:50:00
2018-10-05_0553.dat,8.551667,78.511667,2018-10-05 05:53:00
2018-10-05_0555.dat,-33.078333,18.556667,2018-10-05 05:55:00
2018-10-05_0616.dat,-34.676667,18.486667,2018-10-05 06:16:00
2018-10-05_1005.dat,-34.421667,18.658333,2018-10-05 10:05:00
2018-10-05_1120.dat,34.375,18.67,2018-10-05 11:20:00
2018-10-05_1150.dat,-3.29,111.716667,2018-10-05 11:50:00
2018-10-05_1251.dat,34.375,18.67,2018-10-05 12:51:00
2018-10-05_1317.dat,34.583333,18.621667,2018-10-05 13:17:00
2018-10-05_1627.dat,-34.651667,18.59,2018-10-05 16:27:00
2018-10-05_1648.dat,20.096667,121.865,2018-10-05 16:48:00
2018-10-05_1724.dat,20.096667,121.865,2018-10-05 17:24:00
2018-10-05_1725.dat,20.096667,121.865,2018-10-05 17:25:00
2018-10-05_1726.dat,20.096667,121.865,2018-10-05 17:26:00
2018-10-05_1741.dat,-34.595,18.651667,2018-10-05 17:41:00
2018-10-05_1741 (2).dat,20.096667,121.861667,2018-10-05 17:41:00
2018-10-05_1751.dat,-3.535,118.54,2018-10-05 17:51:00
2018-10-05_1814.dat,-34.405,18.683333,2018-10-05 18:14:00
2018-10-05_2257.dat,20.835,122.506667,2018-10-05 22:57:00
2018-10-05_2349.dat,-2.113333,118.806667,2018-10-05 23:49:00
2018-10-06_0001.dat,-34.291667,18.6,2018-10-06 00:01:00
2018-10-06_0315.dat,-34.22,18.623333,2018-10-06 03:15:00
2018-10-06_0318.dat,34.201667,13.623333,2018-10-06 03:18:00
2018-10-06_0551.dat,7.385,79.053333,2018-10-06 05:51:00
2018-10-06_0651.dat,22.495,112.041667,2018-10-06 06:51:00
2018-10-06_1833.dat,24.936667,123.475,2018-10-06 18:33:00
2018-10-06_2352.dat,1.563333,118.968333,2018-10-06 23:52:00
2018-10-07_0524.dat,7.011667,79.208333,2018-10-07 05:24:00
2018-10-07_0550.dat,-2.951667,118.586667,2018-10-07 05:50:00
2018-10-07_1209.dat,-3.41,117.743333,2018-10-07 12:09:00
2018-10-07_1751.dat,-4.033333,116.856667,2018-10-07 17:51:00
2018-10-07_1806.dat,29.443333,126.028333,2018-10-07 18:06:00
2018-10-07_2157.dat,30.266667,122.436667,2018-10-07 21:57:00
2018-10-07_2351.dat,-5.853333,115.426667,2018-10-07 23:51:00
2018-10-08_0515.dat,5.261667,79.72,2018-10-08 05:15:00
2018-10-09_0520.dat,5.625,84.403333,2018-10-09 05:20:00
2018-10-09_1401.dat,-34.225,18.73,2018-10-09 14:01:00
2018-10-09_1745.dat,-34.653333,18.305,2018-10-09 17:45:00
2018-10-09_2250.dat,-34.875,18.883333,2018-10-09 22:50:00
2018-10-10_0518.dat,5.568333,84.615,2018-10-10 05:18:00
2018-10-10_0547.dat,-33.356667,18.68,2018-10-10 05:47:00
2018-10-10_0620.dat,-34.805,18.701667,2018-10-10 06:20:00
2018-10-10_1144.dat,-33.718333,18.745,2018-10-10 11:44:00
2018-10-10_1734.dat,-34.705,18.721667,2018-10-10 17:34:00
2018-10-10_2314.dat,-34.883333,18.45,2018-10-10 23:14:00
2018-10-11_0426.dat,-34.956667,18.188333,2018-10-11 04:26:00
2018-10-11_0538.dat,-33.078333,18.163333,2018-10-11 05:38:00
2018-10-11_2140.dat,9.916667,75.518333,2018-10-11 21:40:00
2018-10-12_0518.dat,9.98,75.531667,2018-10-12 05:18:00
2018-10-13_0543.dat,7.01,78.128333,2018-10-13 05:43:00
2018-10-13_1834.dat,-34.925,19.46,2018-10-13 18:34:00
2018-10-14_0535.dat,2.79,79.766667,2018-10-14 05:35:00
2018-10-14_1047.dat,17.576667,84.336667,2018-10-14 10:47:00
2018-10-14_1747.dat,17.181667,84.001667,2018-10-14 17:47:00
2018-10-14_1751.dat,17.17,84.001667,2018-10-14 17:51:00
2018-10-14_1753.dat,-34.691667,24.521667,2018-10-14 17:53:00
2018-10-14_1754.dat,17.16,84.001667,2018-10-14 17:54:00
2018-10-14_1758.dat,17.15,84.001667,2018-10-14 17:58:00
2018-10-14_1801.dat,17.14,84.003333,2018-10-14 18:01:00
2018-10-14_1804.dat,17.131667,84.0,2018-10-14 18:04:00
2018-10-14_1807.dat,17.121667,84.001667,2018-10-14 18:07:00
2018-10-14_1810.dat,17.111667,84.0,2018-10-14 18:10:00
2018-10-14_1813.dat,17.103333,84.0,2018-10-14 18:13:00
2018-10-14_1816.dat,17.093333,83.998333,2018-10-14 18:16:00
2018-10-15_0003.dat,-34.195,26.346667,2018-10-15 00:03:00
2018-10-15_0545.dat,-32.176667,27.743667,2018-10-15 05:45:00
2018-10-15_0551.dat,-5.92,103.34,2018-10-15 05:51:00
2018-10-15_1150.dat,-31.008333,29.855,2018-10-15 11:50:00
2018-10-15_1153.dat,-5.94,102.435,2018-10-15 11:53:00
2018-10-15_1737.dat,32.876667,126.511667,2018-10-15 17:37:00
2018-10-15_1742.dat,-32.386667,31.418333,2018-10-15 17:42:00
2018-10-15_1755.dat,-4.468333,101.423333,2018-10-15 17:55:00
2018-10-15_2333.dat,10.67,75.223333,2018-10-15 23:33:00
2018-10-15_2340.dat,-32.006667,32.793333,2018-10-15 23:40:00
2018-10-16_0405.dat,-30.83,34.493333,2018-10-16 04:05:00
2018-10-16_0422.dat,17.125,84.208333,2018-10-16 04:22:00
2018-10-16_0518.dat,11.49,74.668333,2018-10-16 05:18:00
2018-10-16_0523.dat,10.83,83.851667,2018-10-16 05:23:00
2018-10-16_0603.dat,17.733333,83.85,2018-10-16 06:03:00
2018-10-16_0632.dat,17.713333,84.161667,2018-10-16 06:32:00
2018-10-16_0941.dat,17.586667,84.008333,2018-10-16 09:41:00
2018-10-16_0955.dat,12.753333,74.505,2018-10-16 09:55:00
2018-10-16_1000.dat,17.586667,84.008333,2018-10-16 10:00:00
2018-10-16_1148.dat,-29.51,38.218333,2018-10-16 11:48:00
2018-10-16_1243.dat,17.603333,83.901667,2018-10-16 12:43:00
2018-10-16_1419.dat,17.561667,83.913333,2018-10-16 14:19:00
2018-10-16_1736.dat,27.22,126.238333,2018-10-16 17:36:00
2018-10-16_1747.dat,27.158333,126.241667,2018-10-16 17:47:00
2018-10-16_1752.dat,31.008333,37.101667,2018-10-16 17:52:00
2018-10-16_1837.dat,17.623333,83.093333,2018-10-16 18:37:00
2018-10-16_2031 (2).dat,17.6,83.883333,2018-10-16 20:31:00
2018-10-16_2031.dat,17.39,83.875,2018-10-16 20:31:00
2018-10-16_2325.dat,14.408333,73.043333,2018-10-16 23:25:00
2018-10-17_0106.dat,17.518333,83.888333,2018-10-17 01:06:00
2018-10-17_0248.dat,17.478333,83.836667,2018-10-17 02:48:00
2018-10-17_0356.dat,17.703333,83.993333,2018-10-17 03:56:00
2018-10-17_0524.dat,15.616667,72.758333,2018-10-17 05:24:00
2018-10-17_0559.dat,-28.958333,39.768333,2018-10-17 05:59:00
2018-10-17_0614.dat,24.296667,125.775,2018-10-17 06:14:00
2018-10-17_1116.dat,15.725,72.398333,2018-10-17 11:16:00
2018-10-17_1201.dat,15.0,87.0,2018-10-17 12:01:00
2018-10-17_1211.dat,15.0,87.0,2018-10-17 12:11:00
2018-10-17_1216.dat,-27.545,41.255,2018-10-17 12:16:00
2018-10-17_1300.dat,16.048333,72.181667,2018-10-17 13:00:00
2018-10-17_1613.dat,16.33,71.721667,2018-10-17 16:13:00
2018-10-17_1752.dat,22.328333,123.343333,2018-10-17 17:52:00
2018-10-17_1758 (2).dat,14.0,87.0,2018-10-17 17:58:00
2018-10-17_1758.dat,27.836667,42.485,2018-10-17 17:58:00
2018-10-17_1815.dat,16.571667,71.321667,2018-10-17 18:15:00
2018-10-17_1936.dat,16.511667,71.355,2018-10-17 19:36:00
2018-10-17_2316.dat,-27.328333,43.488333,2018-10-17 23:16:00
2018-10-17_2347.dat,16.506667,71.258333,2018-10-17 23:47:00
2018-10-18_0522.dat,15.535,72.278333,2018-10-18 05:22:00
2018-10-18_0555.dat,13.0,89.0,2018-10-18 05:55:00
2018-10-18_0613.dat,-25.351667,44.941667,2018-10-18 06:13:00
2018-10-18_0706.dat,20.678333,120.538333,2018-10-18 07:06:00
2018-10-18_1121.dat,14.841667,72.731667,2018-10-18 11:21:00
2018-10-18_1140.dat,14.841667,72.731667,2018-10-18 11:40:00
2018-10-18_1201.dat,13.0,89.0,2018-10-18 12:01:00
2018-10-18_1733.dat,13.965,73.221667,2018-10-18 17:33:00
2018-10-18_1742.dat,12.0,90.0,2018-10-18 17:42:00
2018-10-18_1823.dat,-25.046667,47.528333,2018-10-18 18:23:00
2018-10-18_2331.dat,-24.35,47.738333,2018-10-18 23:31:00
2018-10-18_2345.dat,12.423333,74.088333,2018-10-18 23:45:00
2018-10-19_0553.dat,-21.046667,48.248333,2018-10-19 05:53:00
2018-10-19_0555.dat,10.993333,75.015,2018-10-19 05:55:00
2018-10-19_0556.dat,11.0,92.0,2018-10-19 05:56:00
2018-10-19_0641.dat,18.28,116.511667,2018-10-19 06:41:00
2018-10-19_1145.dat,21.926667,48.62,2018-10-19 11:45:00
2018-10-19_1628.dat,2.82,86.143333,2018-10-19 16:28:00
2018-10-19_1747.dat,-20.633333,49.065,2018-10-19 17:47:00
2018-10-19_2000.dat,2.901667,86.006667,2018-10-19 20:00:00
2018-10-19_2214.dat,17.136667,114.571667,2018-10-19 22:14:00
2018-10-19_2309.dat,-19.373333,49.548333,2018-10-19 23:09:00
2018-10-20_0700.dat,15.758333,113.293333,2018-10-20 07:00:00
2018-10-20_1908.dat,13.743333,111.928333,2018-10-20 19:08:00
2018-10-20_1958.dat,4.913333,81.795,2018-10-20 19:58:00
2018-10-21_0654.dat,12.121667,111.143333,2018-10-21 06:54:00
2018-10-21_1853.dat,13.1,113.251667,2018-10-21 18:53:00
2018-10-22_0605.dat,-15.241667,50.631667,2018-10-22 06:05:00
2018-10-22_0717.dat,14.286667,115.346667,2018-10-22 07:17:00
2018-10-22_1139.dat,51.19,51.923333,2018-10-22 11:39:00
2018-10-22_1738.dat,-14.075,52.803333,2018-10-22 17:38:00
2018-10-22_2321.dat,15.473333,83.885,2018-10-22 23:21:00
2018-10-23_0419.dat,15.58,83.85,2018-10-23 04:19:00
2018-10-23_0534.dat,-14.241667,55.668333,2018-10-23 05:34:00
2018-10-23_0633.dat,-11.653333,54.828333,2018-10-23 06:33:00
2018-10-23_0712.dat,14.406667,119.763333,2018-10-23 07:12:00
2018-10-23_1023.dat,15.938333,83.823333,2018-10-23 10:23:00
2018-10-23_1044.dat,9.123333,82.006667,2018-10-23 10:44:00
2018-10-23_1108.dat,15.726667,72.613333,2018-10-23 11:08:00
2018-10-23_1120.dat,15.8,72.573333,2018-10-23 11:20:00
2018-10-23_1149.dat,-10.655,55.635,2018-10-23 11:49:00
2018-10-23_1214.dat,15.616667,56.625,2018-10-23 12:14:00
2018-10-23_1650.dat,16.296667,83.908333,2018-10-23 16:50:00
2018-10-23_1744.dat,-9.54,56.536667,2018-10-23 17:44:00
2018-10-23_2131.dat,18.073333,71.673333,2018-10-23 21:31:00
2018-10-23_2209.dat,15.953333,84.321667,2018-10-23 22:09:00
2018-10-23_2243.dat,15.905,84.41,2018-10-23 22:43:00
2018-10-23_2329.dat,-8.69,57.385,2018-10-23 23:29:00
2018-10-24_0006.dat,-12.945,53.623333,2018-10-24 00:06:00
2018-10-24_0643.dat,-7.518333,58.168333,2018-10-24 06:43:00
2018-10-24_0734.dat,10.07,74.473333,2018-10-24 07:34:00
2018-10-24_1239.dat,10.7,74.045,2018-10-24 12:39:00
2018-10-24_1315.dat,18.0,71.351667,2018-10-24 13:15:00
2018-10-24_1606.dat,18.011667,71.616667,2018-10-24 16:06:00
2018-10-24_1643.dat,11.391667,73.645,2018-10-24 16:43:00
2018-10-24_1745.dat,-5.41,59.645,2018-10-24 17:45:00
2018-10-24_2354.dat,-3.891667,60.31,2018-10-24 23:54:00
2018-10-25_0552.dat,16.863333,71.901667,2018-10-25 05:52:00
2018-10-25_0646.dat,10.088333,74.418333,2018-10-25 06:46:00
2018-10-25_1142.dat,-1.22,62.04,2018-10-25 11:42:00
2018-10-25_1233.dat,10.19,74.35,2018-10-25 12:33:00
2018-10-25_1813.dat,0.355,62.945,2018-10-25 18:13:00
2018-10-26_0613.dat,2.846667,64.371667,2018-10-26 06:13:00
2018-10-26_1222.dat,4.183333,68.006667,2018-10-26 12:22:00
2018-10-26_1802.dat,5.746667,65.951667,2018-10-26 18:02:00
2018-10-26_1907.dat,14.298333,120.056667,2018-10-26 19:07:00
2018-10-27_0617.dat,13.633333,117.85,2018-10-27 06:17:00
2018-10-27_0642.dat,8.34,67.278333,2018-10-27 06:42:00
2018-10-27_1242.dat,9.838333,68.021667,2018-10-27 12:42:00
2018-10-27_1754.dat,12.655,115.821667,2018-10-27 17:54:00
2018-10-27_2349.dat,12.281667,69.241667,2018-10-27 23:49:00
2018-10-28_0604.dat,13.921667,70.066667,2018-10-28 06:04:00
2018-10-28_0610.dat,11.65,113.851667,2018-10-28 06:10:00
2018-10-28_1210.dat,15.151667,70.69,2018-10-28 12:10:00
2018-10-28_1752.dat,10.831667,112.961667,2018-10-28 17:52:00
2018-10-29_0617.dat,9.328333,111.728333,2018-10-29 06:17:00
2018-10-29_1754.dat,7.221667,110.79,2018-10-29 17:54:00
2018-10-30_0603.dat,25.153333,109.873333,2018-10-30 06:03:00
2018-10-30_1657.dat,18.275,71.45,2018-10-30 16:57:00
2018-10-30_1811.dat,3.903333,109.266667,2018-10-30 18:11:00
2018-10-31_0645.dat,2.453333,107.295,2018-10-31 06:45:00
2018-11-01_0119.dat,18.0,72.0,2018-11-01 01:19:00
2018-11-01_0607.dat,18.0,70.0,2018-11-01 06:07:00
2018-11-01_0843.dat,6.216667,94.001667,2018-11-01 08:43:00
2018-11-01_1154.dat,18.623333,70.228333,2018-11-01 11:54:00
2018-11-01_1206.dat,18.625,70.16,2018-11-01 12:06:00
2018-11-01_1824.dat,18.318333,70.141667,2018-11-01 18:24:00
2018-11-01_1852.dat,16.721667,71.048333,2018-11-01 18:52:00
2018-11-02_1329.dat,15.338333,72.766667,2018-11-02 13:29:00
2018-11-02_1758.dat,18.273333,72.523333,2018-11-02 17:58:00
2018-11-03_0606.dat,15.686667,72.791667,2018-11-03 06:06:00
2018-11-03_1749.dat,15.291667,72.775,2018-11-03 17:49:00
2018-11-03_1806.dat,15.226667,72.691667,2018-11-03 18:06:00
2018-11-03_2325.dat,15.383333,72.186667,2018-11-03 23:25:00
2018-11-04_0022.dat,17.343333,70.828333,2018-11-04 00:22:00
2018-11-04_0534.dat,16.206667,71.46,2018-11-04 05:34:00
2018-11-04_0542.dat,16.983333,71.518333,2018-11-04 05:42:00
2018-11-04_0555.dat,16.223333,71.401667,2018-11-04 05:55:00
2018-11-04_0611.dat,17.426667,70.858333,2018-11-04 06:11:00
2018-11-04_0636.dat,16.168333,71.395,2018-11-04 06:36:00
2018-11-04_0709.dat,17.391667,70.99,2018-11-04 07:09:00
2018-11-04_0719.dat,17.323333,70.003333,2018-11-04 07:19:00
2018-11-04_0732.dat,16.376667,71.4,2018-11-04 07:32:00
2018-11-04_1750.dat,51.95,71.985,2018-11-04 17:50:00
2018-11-04_2309.dat,15.973333,72.12,2018-11-04 23:09:00
2018-11-05_0558.dat,17.133333,71.566667,2018-11-05 05:58:00
2018-11-05_0559.dat,16.483333,72.291667,2018-11-05 05:59:00
2018-11-05_0917.dat,17.155,71.585,2018-11-05 09:17:00
2018-11-07_1757.dat,11.363333,92.705,2018-11-07 17:57:00
2018-11-08_0914.dat,10.29,94.145,2018-11-08 09:14:00
2018-11-08_1707.dat,17.65,84.0,2018-11-08 17:07:00
2018-11-08_1716.dat,17.0,84.0,2018-11-08 17:16:00
2018-11-08_1751.dat,17.0,84.0,2018-11-08 17:51:00
2018-11-08_1754.dat,17.0,84.0,2018-11-08 17:54:00
2018-11-08_1809.dat,17.0,84.0,2018-11-08 18:09:00
2018-11-08_1817.dat,17.0,83.0,2018-11-08 18:17:00
2018-11-08_1822.dat,17.0,84.0,2018-11-08 18:22:00
2018-11-08_1829.dat,17.0,84.0,2018-11-08 18:29:00
2018-11-08_1845.dat,17.0,84.0,2018-11-08 18:45:00
2018-11-08_1849.dat,17.0,84.0,2018-11-08 18:49:00
2018-11-08_1855.dat,17.0,84.0,2018-11-08 18:55:00
2018-11-08_1901.dat,17.0,84.0,2018-11-08 19:01:00
2018-11-08_1908.dat,17.0,84.0,2018-11-08 19:08:00
2018-11-09_0615.dat,-5.806667,116.333333,2018-11-09 06:15:00
2018-11-09_1833.dat,-6.676667,116.543333,2018-11-09 18:33:00
2018-11-09_1842.dat,-6.676667,116.543333,2018-11-09 18:42:00
2018-11-10_0629.dat,-5.476667,116.868333,2018-11-10 06:29:00
2018-11-10_1846.dat,-5.753333,115.675,2018-11-10 18:46:00
2018-11-11_0534.dat,6.018333,92.138333,2018-11-11 05:34:00
2018-11-11_1431.dat,17.425,72.603333,2018-11-11 14:31:00
2018-11-11_1742.dat,17.253333,72.558333,2018-11-11 17:42:00
2018-11-12_0153.dat,16.5,72.553333,2018-11-12 01:53:00
2018-11-12_0515.dat,17.661667,83.875,2018-11-12 05:15:00
2018-11-12_0609.dat,5.8,88.371667,2018-11-12 06:09:00
2018-11-12_1240.dat,15.408333,72.6,2018-11-12 12:40:00
2018-11-12_1248.dat,17.076667,71.585,2018-11-12 12:48:00
2018-11-12_1454.dat,17.016667,71.585,2018-11-12 14:54:00
2018-11-12_1822.dat,17.036667,71.735,2018-11-12 18:22:00
2018-11-12_2050.dat,17.038333,71.818333,2018-11-12 20:50:00
2018-11-13_0025.dat,17.053333,71.583333,2018-11-13 00:25:00
2018-11-13_0539.dat,17.203333,71.401667,2018-11-13 05:39:00
2018-11-13_0913.dat,17.038333,71.473333,2018-11-13 09:13:00
2018-11-13_1221.dat,17.035,71.446667,2018-11-13 12:21:00
2018-11-13_2211.dat,11.265,94.148333,2018-11-13 22:11:00
2018-11-13_2215.dat,15.355,72.451667,2018-11-13 22:15:00
2018-11-14_0350.dat,16.231667,71.621667,2018-11-14 03:50:00
2018-11-14_0518.dat,11.016667,94.296667,2018-11-14 05:18:00
2018-11-14_0525.dat,16.375,71.538333,2018-11-14 05:25:00
2018-11-14_0713.dat,14.476667,71.646667,2018-11-14 07:13:00
2018-11-14_1245.dat,17.125,71.621667,2018-11-14 12:45:00
2018-11-14_1343.dat,17.01,71.478333,2018-11-14 13:43:00
2018-11-14_1822.dat,17.033333,71.595,2018-11-14 18:22:00
2018-11-15_0545.dat,16.858333,71.408333,2018-11-15 05:45:00
2018-11-15_0546.dat,16.833333,71.433333,2018-11-15 05:46:00
2018-11-15_0640.dat,16.966667,71.55,2018-11-15 06:40:00
2018-11-16_0651.dat,12.18,74.178333,2018-11-16 06:51:00
2018-11-19_0940.dat,8.213333,76.075,2018-11-19 09:40:00
2018-11-19_2115.dat,5.063333,103.436667,2018-11-19 21:15:00
2018-11-20_0439.dat,17.731667,83.663333,2018-11-20 04:39:00
2018-11-20_0654.dat,4.396667,101.01,2018-11-20 06:54:00
2018-11-20_1132.dat,15.996667,84.146667,2018-11-20 11:32:00
2018-11-20_1909.dat,-0.016667,98.635,2018-11-20 19:09:00
2018-11-20_1933.dat,16.688333,83.693333,2018-11-20 19:33:00
2018-11-21_0704.dat,17.245,83.509833,2018-11-21 07:04:00
2018-11-21_0741.dat,0.953333,96.411667,2018-11-21 07:41:00
2018-11-21_1043.dat,17.523333,83.793333,2018-11-21 10:43:00
2018-11-21_2054.dat,4.095,94.041667,2018-11-21 20:54:00
2018-11-22_0317.dat,18.898333,71.968333,2018-11-22 03:17:00
2018-11-22_0612.dat,24.136667,64.521667,2018-11-22 06:12:00
2018-11-22_0621.dat,6.626667,92.103333,2018-11-22 06:21:00
2018-11-22_1202.dat,24.118333,62.956667,2018-11-22 12:02:00
2018-11-22_1237.dat,17.4,83.783333,2018-11-22 12:37:00
2018-11-22_1524.dat,17.926667,72.358333,2018-11-22 15:24:00
2018-11-22_1751.dat,24.116667,60.8,2018-11-22 17:51:00
2018-11-22_2352.dat,24.383333,59.516667,2018-11-22 23:52:00
2018-11-23_0351.dat,17.19,71.175,2018-11-23 03:51:00
2018-11-23_0531.dat,17.47,71.333333,2018-11-23 05:31:00
2018-11-23_0740.dat,24.766667,57.97,2018-11-23 07:40:00
2018-11-23_1109.dat,16.75,71.568333,2018-11-23 11:09:00
2018-11-23_1215.dat,24.833333,57.738333,2018-11-23 12:15:00
2018-11-23_1823.dat,24.97,57.003333,2018-11-23 18:23:00
2018-11-23_1925.dat,17.208333,71.246667,2018-11-23 19:25:00
2018-11-24_0337.dat,17.358333,71.463333,2018-11-24 03:37:00
2018-11-24_0425.dat,17.376667,71.471667,2018-11-24 04:25:00
2018-11-24_0536.dat,17.473333,71.488333,2018-11-24 05:36:00
2018-11-24_0555.dat,22.736667,60.325,2018-11-24 05:55:00
2018-11-24_0559.dat,24.02,58.97,2018-11-24 05:59:00
2018-11-24_0611.dat,17.388333,71.516667,2018-11-24 06:11:00
2018-11-24_1212.dat,23.368333,59.79,2018-11-24 12:12:00
2018-11-24_2023.dat,17.553333,70.583333,2018-11-24 20:23:00
2018-11-24_2333.dat,22.086667,60.556667,2018-11-24 23:33:00
2018-11-25_0600.dat,21.216667,60.02,2018-11-25 06:00:00
2018-11-25_0937.dat,18.0,72.0,2018-11-25 09:37:00
2018-11-25_1046.dat,17.651667,83.643333,2018-11-25 10:46:00
2018-11-25_1120.dat,17.335,70.62,2018-11-25 11:20:00
2018-11-25_1810.dat,19.873333,59.023333,2018-11-25 18:10:00
2018-11-26_0000.dat,19.691667,58.506667,2018-11-26 00:00:00
2018-11-28_0548.dat,49.241667,59.32,2018-11-28 05:48:00
2018-11-28_1323.dat,18.72,61.238333,2018-11-28 13:23:00
2018-11-28_1800.dat,18.106667,62.783333,2018-11-28 18:00:00
2018-11-29_1235.dat,16.373333,68.79,2018-11-29 12:35:00
2018-11-29_1802.dat,15.883333,70.383333,2018-11-29 18:02:00
2018-11-29_1839.dat,17.456667,84.223333,2018-11-29 18:39:00
2018-11-29_2039.dat,17.25,83.866667,2018-11-29 20:39:00
2018-11-29_2342.dat,15.091667,71.983333,2018-11-29 23:42:00
2018-11-30_0455.dat,16.491667,83.395,2018-11-30 04:55:00
2018-11-30_1837.dat,17.5,84.091667,2018-11-30 18:37:00
2018-12-01_0504.dat,16.5,83.323333,2018-12-01 05:04:00
2018-12-01_1831.dat,15.105,72.858333,2018-12-01 18:31:00
2018-12-01_2226.dat,-19.503333,57.29,2018-12-01 22:26:00
2018-12-03_0719.dat,17.503333,83.908333,2018-12-03 07:19:00
2018-12-03_1434.dat,14.665,72.84,2018-12-03 14:34:00
2018-12-04_0658.dat,17.476667,83.92,2018-12-04 06:58:00
2018-12-04_0754.dat,17.823333,84.205,2018-12-04 07:54:00
2018-12-04_1119.dat,7.723333,73.061667,2018-12-04 11:19:00
2018-12-04_1147.dat,17.546667,83.763333,2018-12-04 11:47:00
2018-12-04_1750.dat,6.715,72.003333,2018-12-04 17:50:00
2018-12-04_1807.dat,17.543333,83.395,2018-12-04 18:07:00
2018-12-04_2058.dat,17.271667,83.405,2018-12-04 20:58:00
2018-12-05_0506.dat,17.478333,83.758333,2018-12-05 05:06:00
2018-12-05_0508.dat,4.475,70.826667,2018-12-05 05:08:00
2018-12-05_0806.dat,17.578333,83.88,2018-12-05 08:06:00
2018-12-05_0916.dat,18.603333,71.905,2018-12-05 09:16:00
2018-12-05_1159.dat,18.47,71.935,2018-12-05 11:59:00
2018-12-05_1730.dat,1.816667,69.625,2018-12-05 17:30:00
2018-12-05_1949.dat,17.89,71.74,2018-12-05 19:49:00
2018-12-06_0303.dat,17.353333,71.691667,2018-12-06 03:03:00
2018-12-06_0356.dat,17.296667,71.635,2018-12-06 03:56:00
2018-12-06_0451.dat,17.248333,71.611667,2018-12-06 04:51:00
2018-12-06_0522.dat,-0.556667,68.423333,2018-12-06 05:22:00
2018-12-06_0530.dat,17.373333,71.353333,2018-12-06 05:30:00
2018-12-06_0619.dat,7.245,82.438333,2018-12-06 06:19:00
2018-12-06_0711.dat,17.113333,71.575,2018-12-06 07:11:00
2018-12-06_0921.dat,17.0,71.0,2018-12-06 09:21:00
2018-12-06_1112.dat,-1.745,67.856667,2018-12-06 11:12:00
2018-12-06_1114.dat,16.998333,71.501667,2018-12-06 11:14:00
2018-12-06_1722.dat,-2.948333,67.286667,2018-12-06 17:22:00
2018-12-06_1730.dat,-2.948333,67.286667,2018-12-06 17:30:00
2018-12-07_0527.dat,-5.671667,65.981667,2018-12-07 05:27:00
2018-12-07_0826.dat,18.548333,71.895,2018-12-07 08:26:00
2018-12-07_1816.dat,-8.236667,64.75,2018-12-07 18:16:00
2018-12-08_0504.dat,-10.601667,63.604167,2018-12-08 05:04:00
2018-12-08_1132.dat,-12.028333,62.914833,2018-12-08 11:32:00
2018-12-08_1633.dat,16.368333,83.216667,2018-12-08 16:33:00
2018-12-08_1706.dat,-13.278333,62.301667,2018-12-08 17:06:00
2018-12-08_1842.dat,6.398333,76.09,2018-12-08 18:42:00
2018-12-08_2339.dat,17.588333,83.868333,2018-12-08 23:39:00
2018-12-09_0529.dat,-16.028333,61.335,2018-12-09 05:29:00
2018-12-09_0538.dat,17.53,83.936667,2018-12-09 05:38:00
2018-12-09_0623.dat,4.558333,75.908333,2018-12-09 06:23:00
2018-12-09_1108.dat,-17.091667,60.621667,2018-12-09 11:08:00
2018-12-09_1111.dat,-17.103333,60.615,2018-12-09 11:11:00
2018-12-09_1734.dat,-18.35,59.688333,2018-12-09 17:34:00
2018-12-09_2019.dat,17.3,84.308333,2018-12-09 20:19:00
2018-12-10_0246.dat,17.16,83.861667,2018-12-10 02:46:00
2018-12-10_0423.dat,17.223333,83.966667,2018-12-10 04:23:00
2018-12-10_0517.dat,17.246667,83.981667,2018-12-10 05:17:00
2018-12-10_0532.dat,-19.625,57.715,2018-12-10 05:32:00
2018-12-10_0653.dat,17.346667,84.091667,2018-12-10 06:53:00
2018-12-11_1816.dat,4.67,71.223333,2018-12-11 18:16:00
2018-12-12_0611.dat,5.57,71.345,2018-12-12 06:11:00
2018-12-12_1757.dat,5.98,71.715,2018-12-12 17:57:00
2018-12-13_0544.dat,4.49,73.005,2018-12-13 05:44:00
2018-12-13_1708.dat,17.61,84.31,2018-12-13 17:08:00
2018-12-13_1753.dat,17.69,72.32,2018-12-13 17:53:00
2018-12-14_0900.dat,17.193333,84.338333,2018-12-14 09:00:00
2018-12-14_0941.dat,17.216667,84.3,2018-12-14 09:41:00
2018-12-14_1001.dat,17.135,84.276667,2018-12-14 10:01:00
2018-12-15_0529.dat,4.74,76.563333,2018-12-15 05:29:00
2018-12-15_0533.dat,18.118333,85.395,2018-12-15 05:33:00
2018-12-15_1116.dat,18.69,85.036667,2018-12-15 11:16:00
2018-12-15_1659.dat,18.845,85.463333,2018-12-15 16:59:00
2018-12-16_0009.dat,15.565,72.658333,2018-12-16 00:09:00
2018-12-16_0557.dat,5.28,80.18,2018-12-16 05:57:00
2018-12-16_0600.dat,18.608333,70.39,2018-12-16 06:00:00
2018-12-18_1631.dat,11.068333,84.945,2018-12-18 16:31:00
2018-12-18_2106.dat,9.369833,75.9025,2018-12-18 21:06:00
2018-12-18_2356.dat,8.981167,75.899333,2018-12-18 23:56:00
2018-12-19_0601.dat,8.178333,76.303,2018-12-19 06:01:00
2018-12-19_1210.dat,7.493333,76.952667,2018-12-19 12:10:00
2018-12-19_1743.dat,7.346667,77.658333,2018-12-19 17:43:00
2018-12-19_2354.dat,7.19,78.621667,2018-12-19 23:54:00
2018-12-20_0437.dat,17.566667,83.758333,2018-12-20 04:37:00
2018-12-20_0518.dat,17.386667,83.52,2018-12-20 05:18:00
2018-12-20_0617.dat,7.04,79.478333,2018-12-20 06:17:00
2018-12-20_1045.dat,16.99,83.921667,2018-12-20 10:45:00
2018-12-20_1137.dat,16.815,83.763333,2018-12-20 11:37:00
2018-12-20_1741.dat,16.101667,84.146667,2018-12-20 17:41:00
2018-12-20_1950.dat,10.251667,75.568333,2018-12-20 19:50:00
2018-12-21_0400.dat,11.235,74.631667,2018-12-21 04:00:00
2018-12-21_0838.dat,16.191667,85.178333,2018-12-21 08:38:00
2018-12-21_1940.dat,13.18,73.791667,2018-12-21 19:40:00
2018-12-22_0911.dat,16.465,83.501667,2018-12-22 09:11:00
2018-12-22_1059.dat,-19.106667,54.493333,2018-12-22 10:59:00
2018-12-22_1223.dat,16.823333,83.706667,2018-12-22 12:23:00
2018-12-22_1624.dat,-18.576667,53.713333,2018-12-22 16:24:00
2018-12-22_2155.dat,-17.97,54.398333,2018-12-22 21:55:00
2018-12-23_0958.dat,-18.746667,55.781667,2018-12-23 09:58:00
2018-12-23_1559.dat,-19.305,56.368333,2018-12-23 15:59:00
2018-12-24_0631.dat,17.168333,71.615,2018-12-24 06:31:00
2018-12-24_1012.dat,-19.82,57.651667,2018-12-24 10:12:00
2018-12-27_1842.dat,17.475,72.273333,2018-12-27 18:42:00
2018-12-29_0717.dat,17.0,7.216667,2018-12-29 07:17:00
2018-12-29_0802.dat,17.205,70.568333,2018-12-29 08:02:00
2018-12-29_0902.dat,17.053333,71.525,2018-12-29 09:02:00
2018-12-29_0941.dat,17.103333,71.586667,2018-12-29 09:41:00
2018-12-30_1709.dat,14.736667,83.363333,2018-12-30 17:09:00
2019-01-03_1017.dat,-19.766667,59.633333,2019-01-03 10:17:00
2019-01-03_1019.dat,15.406667,72.766667,2019-01-03 10:19:00
2019-01-04_1537.dat,17.05,71.555,2019-01-04 15:37:00
2019-01-04_2337.dat,13.368333,80.63,2019-01-04 23:37:00
2019-01-05_0539.dat,15.685,72.421667,2019-01-05 05:39:00
2019-01-05_0852.dat,15.401667,81.99,2019-01-05 08:52:00
2019-01-05_1416.dat,15.418333,72.57,2019-01-05 14:16:00
2019-01-05_1752.dat,16.436667,82.998333,2019-01-05 17:52:00
2019-01-06_0419.dat,17.466667,83.716667,2019-01-06 04:19:00
2019-01-08_0212.dat,17.071667,84.001667,2019-01-08 02:12:00
2019-01-08_0600.dat,16.99,84.021667,2019-01-08 06:00:00
2019-01-08_0832.dat,17.086667,83.986667,2019-01-08 08:32:00
2019-01-08_0916.dat,17.121667,84.006667,2019-01-08 09:16:00
2019-01-08_1739.dat,16.673333,83.938333,2019-01-08 17:39:00
2019-01-08_1847.dat,16.076667,72.658333,2019-01-08 18:47:00
2019-01-09_0516.dat,15.706667,72.195,2019-01-09 05:16:00
2019-01-09_0519.dat,15.645,72.148333,2019-01-09 05:19:00
2019-01-09_1126.dat,16.266667,72.403333,2019-01-09 11:26:00
2019-01-09_1148.dat,18.48,71.823333,2019-01-09 11:48:00
2019-01-09_1400.dat,16.206667,72.828333,2019-01-09 14:00:00
2019-01-09_1508.dat,16.545,83.536667,2019-01-09 15:08:00
2019-01-09_2030.dat,17.418333,71.135,2019-01-09 20:30:00
2019-01-10_0451.dat,16.408333,70.48,2019-01-10 04:51:00
2019-01-10_0457.dat,16.408333,70.48,2019-01-10 04:57:00
2019-01-10_0512.dat,16.408333,70.48,2019-01-10 05:12:00
2019-01-10_0513.dat,16.558333,71.193333,2019-01-10 05:13:00
2019-01-10_0520.dat,16.408333,70.48,2019-01-10 05:20:00
2019-01-10_0525.dat,16.935,70.891667,2019-01-10 05:25:00
2019-01-10_1634.dat,17.106667,70.603333,2019-01-10 16:34:00
2019-01-11_0503.dat,15.805,71.936667,2019-01-11 05:03:00
2019-01-11_0617.dat,17.045,71.901667,2019-01-11 06:17:00
2019-01-11_0619.dat,17.066667,72.068333,2019-01-11 06:19:00
2019-01-11_0740.dat,17.078333,71.83,2019-01-11 07:40:00
2019-01-11_0831.dat,17.066667,71.656667,2019-01-11 08:31:00
2019-01-11_1056.dat,16.95,71.571667,2019-01-11 10:56:00
2019-01-11_1204.dat,17.05,71.553333,2019-01-11 12:04:00
2019-01-11_1820.dat,15.085,72.668333,2019-01-11 18:20:00
2019-01-11_2303.dat,15.756667,72.488333,2019-01-11 23:03:00
2019-01-13_2042.dat,15.523333,82.222833,2019-01-13 20:42:00
2019-01-14_0549.dat,13.701667,80.886667,2019-01-14 05:49:00
2019-01-15_0545.dat,14.97,73.075,2019-01-15 05:45:00
2019-01-15_0629.dat,15.0,85.0,2019-01-15 06:29:00
2019-01-15_1249.dat,15.171667,86.968333,2019-01-15 12:49:00
2019-01-15_1807.dat,14.0,87.0,2019-01-15 18:07:00
2019-01-15_1823.dat,14.0,87.0,2019-01-15 18:23:00
2019-01-15_1828.dat,14.0,87.0,2019-01-15 18:28:00
2019-01-16_0030.dat,13.68,89.053333,2019-01-16 00:30:00
2019-01-16_0626.dat,12.0,90.0,2019-01-16 06:26:00
2019-01-16_0641.dat,12.0,90.0,2019-01-16 06:41:00
2019-01-16_1005.dat,-19.61,63.041667,2019-01-16 10:05:00
2019-01-16_1610.dat,-19.801667,61.633333,2019-01-16 16:10:00
2019-01-16_2158.dat,-20.013333,60.316667,2019-01-16 21:58:00
2019-01-17_0504.dat,17.216667,17.866667,2019-01-17 05:04:00
2019-01-17_0923.dat,17.091667,71.603333,2019-01-17 09:23:00
2019-01-17_1044.dat,17.075,71.605,2019-01-17 10:44:00
2019-01-18_0729.dat,16.691667,69.791667,2019-01-18 07:29:00
2019-01-18_0737.dat,16.8,69.706667,2019-01-18 07:37:00
2019-01-20_0315.dat,17.483333,70.87,2019-01-20 03:15:00
2019-01-20_0708.dat,17.125,70.816667,2019-01-20 07:08:00
2019-01-20_1259.dat,17.221667,70.835,2019-01-20 12:59:00
2019-01-20_1547.dat,12.623333,69.625,2019-01-20 15:47:00
2019-01-20_1613.dat,12.491667,69.571667,2019-01-20 16:13:00
2019-01-20_1806.dat,17.051667,70.84,2019-01-20 18:06:00
2019-01-21_0342.dat,16.816667,70.581667,2019-01-21 03:42:00
2019-01-21_0505.dat,16.905,70.633333,2019-01-21 05:05:00
2019-01-21_0618.dat,16.968333,70.671667,2019-01-21 06:18:00
2019-01-21_0730.dat,17.118333,70.775,2019-01-21 07:30:00
2019-01-21_0815.dat,17.188333,70.838333,2019-01-21 08:15:00
2019-01-21_0919.dat,8.971667,67.841667,2019-01-21 09:19:00
2019-01-21_0940.dat,13.0,92.0,2019-01-21 09:40:00
2019-01-21_1625.dat,17.2,71.285,2019-01-21 16:25:00
2019-01-21_1739.dat,12.443333,90.718333,2019-01-21 17:39:00
2019-01-21_2043.dat,17.24,71.766667,2019-01-21 20:43:00
2019-01-22_0027.dat,11.765,91.665,2019-01-22 00:27:00
2019-01-22_0322.dat,17.051667,70.841667,2019-01-22 03:22:00
2019-01-22_0549.dat,18.875,72.205,2019-01-22 05:49:00
2019-01-22_0724.dat,4.64,65.758333,2019-01-22 07:24:00
2019-01-22_0951.dat,10.643333,72.866667,2019-01-22 09:51:00
2019-01-22_0957.dat,-19.87,60.021667,2019-01-22 09:57:00
2019-01-22_1110.dat,17.166667,70.751667,2019-01-22 11:10:00
2019-01-22_1611.dat,-19.881667,61.116667,2019-01-22 16:11:00
2019-01-22_1736.dat,17.356667,71.148333,2019-01-22 17:36:00
2019-01-23_0632.dat,9.591667,93.57,2019-01-23 06:32:00
2019-01-23_1022.dat,16.521667,69.823333,2019-01-23 10:22:00
2019-01-23_1732.dat,16.438333,69.505,2019-01-23 17:32:00
2019-01-23_2336.dat,6.705,94.301667,2019-01-23 23:36:00
2019-01-24_0427.dat,16.455,69.471667,2019-01-24 04:27:00
2019-01-24_0458.dat,6.863333,95.206667,2019-01-24 04:58:00
2019-01-24_0607.dat,16.136667,70.066667,2019-01-24 06:07:00
2019-01-24_0653.dat,15.008333,71.115,2019-01-24 06:53:00
2019-01-24_0942.dat,10.576667,72.686667,2019-01-24 09:42:00
2019-01-24_1126.dat,6.831667,95.32,2019-01-24 11:26:00
2019-01-24_1738.dat,16.603333,70.151667,2019-01-24 17:38:00
2019-01-24_1807.dat,14.54,81.506667,2019-01-24 18:07:00
2019-01-24_1827.dat,6.776667,95.083333,2019-01-24 18:27:00
2019-01-25_0612.dat,-5.098333,62.338333,2019-01-25 06:12:00
2019-01-25_1412.dat,18.741667,70.251667,2019-01-25 14:12:00
2019-01-27_0529.dat,15.208333,72.325,2019-01-27 05:29:00
2019-01-27_0533.dat,6.971667,94.106667,2019-01-27 05:33:00
2019-01-27_0555.dat,-9.105,70.226667,2019-01-27 05:55:00
2019-01-27_1134.dat,5.925,94.29,2019-01-27 11:34:00
2019-01-27_1146.dat,15.386667,72.401667,2019-01-27 11:46:00
2019-01-27_1803.dat,4.545,94.533333,2019-01-27 18:03:00
2019-01-27_2350.dat,3.6,94.71,2019-01-27 23:50:00
2019-01-28_0611.dat,-11.473333,63.54,2019-01-28 06:11:00
2019-01-28_0636.dat,2.395,95.07,2019-01-28 06:36:00
2019-01-28_0856.dat,14.673333,87.623333,2019-01-28 08:56:00
2019-01-28_1202.dat,1.543333,95.658333,2019-01-28 12:02:00
2019-01-28_1257.dat,14.156667,88.355,2019-01-28 12:57:00
2019-01-28_1358.dat,15.735,86.138333,2019-01-28 13:58:00
2019-01-28_1621.dat,13.65,89.066667,2019-01-28 16:21:00
2019-01-28_1754.dat,0.511667,96.376667,2019-01-28 17:54:00
2019-01-28_2000.dat,13.12,89.807667,2019-01-28 20:00:00
2019-01-28_2348.dat,0.673333,97.203333,2019-01-28 23:48:00
2019-01-29_0054.dat,12.483333,90.7145,2019-01-29 00:54:00
2019-01-29_0445.dat,11.966667,91.4,2019-01-29 04:45:00
2019-01-29_0531.dat,15.721667,72.475,2019-01-29 05:31:00
2019-01-29_0705.dat,15.801667,72.303333,2019-01-29 07:05:00
2019-01-29_0820.dat,15.803333,72.303333,2019-01-29 08:20:00
2019-01-29_0823.dat,6.946667,82.428333,2019-01-29 08:23:00
2019-01-30_0657.dat,-5.656667,101.705,2019-01-30 06:57:00
2019-01-30_0728.dat,14.945,72.603333,2019-01-30 07:28:00
2019-01-30_1230.dat,-5.813333,102.661667,2019-01-30 12:30:00
2019-01-30_1749.dat,11.766667,93.233333,2019-01-30 17:49:00
2019-01-30_1805.dat,-5.801667,103.816667,2019-01-30 18:05:00
2019-01-30_2143.dat,12.533333,93.8,2019-01-30 21:43:00
2019-01-31_0523.dat,14.858333,72.758333,2019-01-31 05:23:00
2019-01-31_0526.dat,-6.725,104.17,2019-01-31 05:26:00
2019-01-31_0534.dat,16.08,71.836667,2019-01-31 05:34:00
2019-01-31_0611.dat,13.451667,73.555,2019-01-31 06:11:00
2019-01-31_0639.dat,14.75,72.666667,2019-01-31 06:39:00
2019-01-31_0743.dat,13.043333,73.411667,2019-01-31 07:43:00
2019-01-31_0746.dat,-9.598333,54.216667,2019-01-31 07:46:00
2019-01-31_1142.dat,16.255,71.885,2019-01-31 11:42:00
2019-01-31_1330.dat,14.723333,72.835,2019-01-31 13:30:00
2019-01-31_1834.dat,-6.801667,104.408333,2019-01-31 18:34:00
2019-02-01_0555.dat,-8.905,55.286667,2019-02-01 05:55:00
2019-02-01_0620.dat,15.273333,72.831667,2019-02-01 06:20:00
2019-02-01_1210.dat,-3.536667,55.518333,2019-02-01 12:10:00
2019-02-01_1315.dat,-3.62,55.491667,2019-02-01 13:15:00
2019-02-01_1556.dat,-2.79,55.74,2019-02-01 15:56:00
2019-02-01_1748.dat,-5.935,104.026667,2019-02-01 17:48:00
2019-02-01_1839.dat,-2.251667,55.891667,2019-02-01 18:39:00
2019-02-01_2319.dat,-1.258333,56.175,2019-02-01 23:19:00
2019-02-02_0338.dat,-0.418333,50.43,2019-02-02 03:38:00
2019-02-02_0457.dat,15.265,72.376667,2019-02-02 04:57:00
2019-02-02_0504.dat,7.323333,67.651667,2019-02-02 05:04:00
2019-02-02_0529.dat,7.916667,64.156667,2019-02-02 05:29:00
2019-02-02_0549.dat,-9.658333,57.453333,2019-02-02 05:49:00
2019-02-02_0631.dat,0.185,56.606667,2019-02-02 06:31:00
2019-02-02_0650.dat,0.185,56.606667,2019-02-02 06:50:00
2019-02-02_0943.dat,62.08,53.506667,2019-02-02 09:43:00
2019-02-02_1123.dat,1.171667,56.89,2019-02-02 11:23:00
2019-02-02_1548.dat,2.04,57.141667,2019-02-02 15:48:00
2019-02-02_1820.dat,2.526667,57.286667,2019-02-02 18:20:00
2019-02-02_1920.dat,-5.616667,103.26,2019-02-02 19:20:00
2019-02-02_2317.dat,3.39,57.651667,2019-02-02 23:17:00
2019-02-03_0400.dat,4.108333,57.991667,2019-02-03 04:00:00
2019-02-03_0524.dat,-11.173333,53.07,2019-02-03 05:24:00
2019-02-03_0612.dat,-4.971667,102.636667,2019-02-03 06:12:00
2019-02-03_0636.dat,19.29,58.788333,2019-02-03 06:36:00
2019-02-03_1134.dat,4.658333,57.368333,2019-02-03 11:34:00
2019-02-03_1730.dat,3.266667,80.305,2019-02-03 17:30:00
2019-02-03_1747.dat,4.871667,55.433333,2019-02-03 17:47:00
2019-02-03_1753.dat,4.871667,55.433333,2019-02-03 17:53:00
2019-02-03_2346.dat,4.938333,54.471667,2019-02-03 23:46:00
2019-02-04_0538.dat,-4.518333,101.641667,2019-02-04 05:38:00
2019-02-04_0543.dat,5.853333,54.471667,2019-02-04 05:43:00
2019-02-04_0549.dat,21.851667,64.086667,2019-02-04 05:49:00
2019-02-04_0655.dat,3.125,79.345,2019-02-04 06:55:00
2019-02-04_0738.dat,16.655,55.319167,2019-02-04 07:38:00
2019-02-04_1153.dat,-5.47,101.085,2019-02-04 11:53:00
2019-02-04_1226.dat,7.048333,54.51,2019-02-04 12:26:00
2019-02-04_1758.dat,8.083333,54.568333,2019-02-04 17:58:00
2019-02-04_1936.dat,7.083333,100.151667,2019-02-04 19:36:00
2019-02-04_2312.dat,9.156667,53.681667,2019-02-04 23:12:00
2019-02-05_0520.dat,19.596667,59.51,2019-02-05 05:20:00
2019-02-05_0525.dat,10.378333,52.656667,2019-02-05 05:25:00
2019-02-05_0533.dat,19.596667,59.51,2019-02-05 05:33:00
2019-02-05_0625.dat,16.573333,54.0,2019-02-05 06:25:00
2019-02-05_1007.dat,-19.613333,62.427833,2019-02-05 10:07:00
2019-02-05_1206.dat,-6.535,99.118333,2019-02-05 12:06:00
2019-02-05_1611.dat,-19.595,60.896667,2019-02-05 16:11:00
2019-02-05_1700.dat,17.583333,93.966667,2019-02-05 17:00:00
2019-02-05_1739.dat,17.75,93.833333,2019-02-05 17:39:00
2019-02-05_2008.dat,10.936667,51.738333,2019-02-05 20:08:00
2019-02-05_2205.dat,-19.578333,59.398333,2019-02-05 22:05:00
2019-02-06_0404.dat,-19.745,57.531667,2019-02-06 04:04:00
2019-02-06_0540.dat,-4.673333,98.355,2019-02-06 05:40:00
2019-02-06_0558.dat,17.99,57.766667,2019-02-06 05:58:00
2019-02-06_0607.dat,17.836667,57.691667,2019-02-06 06:07:00
2019-02-06_0730.dat,-9.145,65.09,2019-02-06 07:30:00
2019-02-06_0737.dat,16.355,54.787167,2019-02-06 07:37:00
2019-02-06_1707.dat,4.845,66.825,2019-02-06 17:07:00
2019-02-07_0512.dat,9.283333,59.42,2019-02-07 05:12:00
2019-02-07_0533.dat,5.923333,64.588333,2019-02-07 05:33:00
2019-02-07_0539.dat,11.571667,54.471667,2019-02-07 05:39:00
2019-02-07_0603.dat,0.105,95.973333,2019-02-07 06:03:00
2019-02-07_0721.dat,12.54,55.005,2019-02-07 07:21:00
2019-02-07_1104.dat,6.35,63.1,2019-02-07 11:04:00
2019-02-07_1124.dat,1.221667,95.531667,2019-02-07 11:24:00
2019-02-07_1219.dat,3.17,78.711667,2019-02-07 12:19:00
2019-02-07_1247.dat,3.17,78.711667,2019-02-07 12:47:00
2019-02-07_1253.dat,3.17,78.711667,2019-02-07 12:53:00
2019-02-07_1658.dat,2.963333,79.186667,2019-02-07 16:58:00
2019-02-07_1708.dat,6.223333,62.275,2019-02-07 17:08:00
2019-02-07_1717.dat,6.223333,62.275,2019-02-07 17:17:00
2019-02-07_1820.dat,2.153333,95.128333,2019-02-07 18:20:00
2019-02-07_2315.dat,6.155,61.873333,2019-02-07 23:15:00
2019-02-08_0531.dat,5.69,61.558333,2019-02-08 05:31:00
2019-02-08_0609.dat,-6.615,52.5,2019-02-08 06:09:00
2019-02-08_0610.dat,4.31,94.543333,2019-02-08 06:10:00
2019-02-08_0657.dat,8.406667,57.718333,2019-02-08 06:57:00
2019-02-08_0919.dat,7.578333,57.901667,2019-02-08 09:19:00
2019-02-08_1108.dat,6.49,60.686667,2019-02-08 11:08:00
2019-02-08_1112.dat,6.836667,59.891667,2019-02-08 11:12:00
2019-02-08_1114.dat,6.49,60.686667,2019-02-08 11:14:00
2019-02-08_1745.dat,7.881667,59.831667,2019-02-08 17:45:00
2019-02-08_1751.dat,7.881667,59.831667,2019-02-08 17:51:00
2019-02-08_2055.dat,8.281667,59.996667,2019-02-08 20:55:00
2019-02-09_0533.dat,9.355,61.658333,2019-02-09 05:33:00
2019-02-09_0548.dat,-4.185,53.34,2019-02-09 05:48:00
2019-02-09_0609.dat,9.186667,61.703333,2019-02-09 06:09:00
2019-02-09_1253.dat,-3.193333,46.865,2019-02-09 12:53:00
2019-02-09_1824.dat,8.035,92.97,2019-02-09 18:24:00
2019-02-10_0026.dat,17.233333,72.068333,2019-02-10 00:26:00
2019-02-10_0444.dat,16.341667,71.74,2019-02-10 04:44:00
2019-02-10_0453.dat,16.341667,71.741667,2019-02-10 04:53:00
2019-02-10_0538.dat,9.668333,91.391667,2019-02-10 05:38:00
2019-02-10_0539.dat,12.15,67.566667,2019-02-10 05:39:00
2019-02-10_0609.dat,-3.423333,56.873333,2019-02-10 06:09:00
2019-02-10_0957.dat,-19.86,57.376667,2019-02-10 09:57:00
2019-02-10_1235.dat,14.805,72.085,2019-02-10 12:35:00
2019-02-10_1602.dat,-17.04,57.078333,2019-02-10 16:02:00
2019-02-10_1650.dat,15.151667,72.218333,2019-02-10 16:50:00
2019-02-10_2200.dat,-17.073333,57.075,2019-02-10 22:00:00
2019-02-11_0405.dat,-15.091667,56.955,2019-02-11 04:05:00
2019-02-11_0543.dat,13.323333,87.829,2019-02-11 05:43:00
2019-02-11_0623.dat,14.21,71.961667,2019-02-11 06:23:00
2019-02-11_1000.dat,-14.156667,56.878333,2019-02-11 10:00:00
2019-02-11_1608.dat,-12.708333,56.753333,2019-02-11 16:08:00
2019-02-11_1943.dat,15.435,72.868333,2019-02-11 19:43:00
2019-02-11_2205.dat,-11.403333,56.636667,2019-02-11 22:05:00
2019-02-12_0403.dat,-10.441667,56.576667,2019-02-12 04:03:00
2019-02-12_0510.dat,14.351667,69.57,2019-02-12 05:10:00
2019-02-12_0531.dat,14.958333,72.241667,2019-02-12 05:31:00
2019-02-12_0847.dat,-9.39,57.641667,2019-02-12 08:47:00
2019-02-12_1001.dat,-9.771667,56.498333,2019-02-12 10:01:00
2019-02-12_1558.dat,-6.426667,56.245,2019-02-12 15:58:00
2019-02-12_1704.dat,14.516667,66.22,2019-02-12 17:04:00
2019-02-12_2232.dat,-6.1,55.845,2019-02-12 22:32:00
2019-02-13_0435.dat,15.768333,71.753333,2019-02-13 04:35:00
2019-02-13_0527.dat,11.216667,65.573333,2019-02-13 05:27:00
2019-02-13_1612.dat,4.75,89.641667,2019-02-13 16:12:00
2019-02-13_1719.dat,7.341667,65.653333,2019-02-13 17:19:00
2019-02-14_0511.dat,4.175,66.223333,2019-02-14 05:11:00
2019-02-14_0532.dat,14.785,71.918333,2019-02-14 05:32:00
2019-02-14_0538.dat,14.785,71.916667,2019-02-14 05:38:00
2019-02-14_1653.dat,0.85,67.536667,2019-02-14 16:53:00
2019-02-14_1727.dat,14.585,69.34,2019-02-14 17:27:00
2019-02-14_1800.dat,5.575,89.775,2019-02-14 18:00:00
2019-02-14_2007.dat,-2.925,80.515,2019-02-14 20:07:00
2019-02-15_0458.dat,-1.466667,70.285,2019-02-15 04:58:00
2019-02-15_0546.dat,15.451667,66.061667,2019-02-15 05:46:00
2019-02-15_0548.dat,15.828333,71.888333,2019-02-15 05:48:00
2019-02-15_1005.dat,-4.953333,80.015,2019-02-15 10:05:00
2019-02-15_1013.dat,-4.953333,80.015,2019-02-15 10:13:00
2019-02-15_1727.dat,3.668333,73.141667,2019-02-15 17:27:00
2019-02-16_0522.dat,-0.238333,73.983333,2019-02-16 05:22:00
2019-02-16_0527.dat,4.435,89.575,2019-02-16 05:27:00
2019-02-16_1050.dat,3.79,89.808333,2019-02-16 10:50:00
2019-02-16_1704.dat,-3.133333,73.966667,2019-02-16 17:04:00
2019-02-16_1733.dat,4.0,90.0,2019-02-16 17:33:00
2019-02-16_2310.dat,12.335,72.338333,2019-02-16 23:10:00
2019-02-16_2316.dat,12.335,72.338333,2019-02-16 23:16:00
2019-02-17_0507.dat,6.083333,74.966667,2019-02-17 05:07:00
2019-02-17_1031.dat,-6.991667,52.671667,2019-02-17 10:31:00
2019-02-17_1135.dat,7.773333,74.636667,2019-02-17 11:35:00
2019-02-17_1611.dat,-5.926667,52.453333,2019-02-17 16:11:00
2019-02-17_2213.dat,-4.758333,52.871667,2019-02-17 22:13:00
2019-02-18_0522.dat,12.033333,72.35,2019-02-18 05:22:00
2019-02-18_0632.dat,20.465,67.725,2019-02-18 06:32:00
2019-02-18_0957.dat,-2.351667,53.438333,2019-02-18 09:57:00
2019-02-18_1202.dat,13.523333,71.801667,2019-02-18 12:02:00
2019-02-18_1609.dat,-1.22,53.66,2019-02-18 16:09:00
2019-02-18_2207.dat,-0.648333,54.401667,2019-02-18 22:07:00
2019-02-18_2217.dat,-2.76,56.105,2019-02-18 22:17:00
2019-02-19_1608.dat,-1.698333,55.371667,2019-02-19 16:08:00
2019-02-20_1006.dat,-3.571667,56.37,2019-02-20 10:06:00
2019-02-21_1743.dat,17.883333,93.733333,2019-02-21 17:43:00
2019-02-21_2232.dat,16.821667,93.078333,2019-02-21 22:32:00
2019-02-21_2305.dat,12.0,93.0,2019-02-21 23:05:00
2019-02-22_0251.dat,16.206667,92.441333,2019-02-22 02:51:00
2019-02-22_0511.dat,11.681667,92.918333,2019-02-22 05:11:00
2019-02-22_0704.dat,15.605,91.724167,2019-02-22 07:04:00
2019-02-22_0801.dat,15.518333,91.7545,2019-02-22 08:01:00
2019-02-22_1154.dat,15.601667,92.116667,2019-02-22 11:54:00
2019-02-22_1604.dat,15.256667,92.840333,2019-02-22 16:04:00
2019-02-22_1809.dat,15.15,93.303667,2019-02-22 18:09:00
2019-02-23_0938.dat,23.383333,60.966667,2019-02-23 09:38:00
2019-02-23_0943.dat,23.406667,60.955,2019-02-23 09:43:00
2019-02-24_0915.dat,12.483333,90.7,2019-02-24 09:15:00
2019-02-24_0929.dat,12.5,90.65,2019-02-24 09:29:00
2019-02-24_1634.dat,-3.236667,55.988333,2019-02-24 16:34:00
2019-02-25_0517.dat,16.813333,83.423333,2019-02-25 05:17:00
2019-02-25_0525.dat,15.136667,72.238333,2019-02-25 05:25:00
2019-02-25_0614.dat,15.876667,71.711667,2019-02-25 06:14:00
2019-02-25_0935.dat,15.883333,85.95,2019-02-25 09:35:00
2019-02-25_1024.dat,15.205,71.136667,2019-02-25 10:24:00
2019-02-25_1052.dat,15.338333,70.966667,2019-02-25 10:52:00
2019-02-25_1353.dat,15.733333,72.218333,2019-02-25 13:53:00
2019-02-25_1533.dat,14.25,83.79,2019-02-25 15:33:00
2019-02-25_1730.dat,16.0,84.0,2019-02-25 17:30:00
2019-02-25_1734.dat,16.601667,71.056667,2019-02-25 17:34:00
2019-02-25_1755.dat,16.568333,71.05,2019-02-25 17:55:00
2019-02-25_1758.dat,15.968333,72.441667,2019-02-25 17:58:00
2019-02-25_2127.dat,17.1,84.233333,2019-02-25 21:27:00
2019-02-25_2137.dat,17.116667,84.216667,2019-02-25 21:37:00
2019-02-25_2147.dat,17.133333,84.183333,2019-02-25 21:47:00
2019-02-25_2322.dat,16.855,70.486667,2019-02-25 23:22:00
2019-02-26_0435.dat,16.19,69.721667,2019-02-26 04:35:00
2019-02-26_0509.dat,10.338333,82.723333,2019-02-26 05:09:00
2019-02-26_0525.dat,15.79,72.173333,2019-02-26 05:25:00
2019-02-26_0532.dat,15.591667,71.59,2019-02-26 05:32:00
2019-02-26_0548.dat,16.02,69.506667,2019-02-26 05:48:00
2019-02-26_1149.dat,16.07,68.89,2019-02-26 11:49:00
2019-02-26_1212.dat,16.07,68.89,2019-02-26 12:12:00
2019-02-26_1553.dat,7.836667,82.613333,2019-02-26 15:53:00
2019-02-26_1717.dat,15.725,71.688333,2019-02-26 17:17:00
2019-02-26_1751.dat,16.258333,69.725,2019-02-26 17:51:00
2019-02-26_1819.dat,6.958333,82.156667,2019-02-26 18:19:00
2019-02-26_2020.dat,15.585,72.271667,2019-02-26 20:20:00
2019-02-26_2322.dat,16.985,70.551667,2019-02-26 23:22:00
2019-02-26_2333.dat,16.82,70.586667,2019-02-26 23:33:00
2019-02-27_0100.dat,14.03,94.391,2019-02-27 01:00:00
2019-02-27_0411.dat,16.373333,71.605,2019-02-27 04:11:00
2019-02-27_0458.dat,16.125,69.61,2019-02-27 04:58:00
2019-02-27_0532.dat,13.3,93.591667,2019-02-27 05:32:00
2019-02-27_0547.dat,15.658333,72.658333,2019-02-27 05:47:00
2019-02-27_0618.dat,5.875,79.878333,2019-02-27 06:18:00
2019-02-27_1119.dat,6.541667,79.205,2019-02-27 11:19:00
2019-02-27_1201.dat,15.653333,69.055,2019-02-27 12:01:00
2019-02-27_1449.dat,14.35,93.183333,2019-02-27 14:49:00
2019-02-27_1620.dat,5.185,69.25,2019-02-27 16:20:00
2019-02-27_1755.dat,15.068333,93.3,2019-02-27 17:55:00
2019-02-27_2241.dat,16.17,93.487167,2019-02-27 22:41:00
2019-02-28_0306.dat,17.19,93.635667,2019-02-28 03:06:00
2019-02-28_0403.dat,6.968333,72.085,2019-02-28 04:03:00
2019-02-28_0507.dat,14.456667,69.621667,2019-02-28 05:07:00
2019-02-28_0508.dat,17.75,93.735833,2019-02-28 05:08:00
2019-02-28_0512.dat,7.003333,77.045,2019-02-28 05:12:00
2019-02-28_1602.dat,7.938333,73.586667,2019-02-28 16:02:00
2019-02-28_1606.dat,14.555,69.51,2019-02-28 16:06:00
2019-02-28_1717.dat,14.516667,69.545,2019-02-28 17:17:00
2019-02-28_2113.dat,14.78,69.071667,2019-02-28 21:13:00
2019-02-28_2203.dat,8.72,74.82,2019-02-28 22:03:00
2019-02-28_2254.dat,14.665,68.876667,2019-02-28 22:54:00
2019-02-28_2327.dat,14.665,68.895,2019-02-28 23:27:00
2019-03-01_0520.dat,14.368333,68.868333,2019-03-01 05:20:00
2019-03-01_0548.dat,14.496667,68.981667,2019-03-01 05:48:00
2019-03-01_0601.dat,8.891667,73.025,2019-03-01 06:01:00
2019-03-01_0606.dat,8.891667,73.025,2019-03-01 06:06:00
2019-03-01_1907.dat,15.006667,66.701667,2019-03-01 19:07:00
2019-03-01_1924.dat,15.071667,66.5,2019-03-01 19:24:00
2019-03-02_0506.dat,12.336667,69.901667,2019-03-02 05:06:00
2019-03-02_0529.dat,16.206667,63.576667,2019-03-02 05:29:00
2019-03-02_0543.dat,12.326667,73.65,2019-03-02 05:43:00
2019-03-02_1549.dat,16.336667,72.288333,2019-03-02 15:49:00
2019-03-02_1937.dat,14.288333,68.93,2019-03-02 19:37:00
2019-03-02_2321.dat,16.686667,60.516667,2019-03-02 23:21:00
2019-03-02_2324.dat,14.823333,70.01,2019-03-02 23:24:00
2019-03-03_0000.dat,16.886667,60.37,2019-03-03 00:00:00
2019-03-03_0307.dat,15.663333,73.025,2019-03-03 03:07:00
2019-03-03_0415.dat,16.033333,71.171667,2019-03-03 04:15:00
2019-03-03_0522.dat,17.555,61.385,2019-03-03 05:22:00
2019-03-03_0729.dat,16.138333,72.331667,2019-03-03 07:29:00
2019-03-03_1058.dat,16.006667,70.918333,2019-03-03 10:58:00
2019-03-03_1300.dat,14.558333,73.291667,2019-03-03 13:00:00
2019-03-03_1637.dat,17.805,62.108333,2019-03-03 16:37:00
2019-03-03_1718.dat,10.373333,75.298333,2019-03-03 17:18:00
2019-03-03_1937.dat,17.133333,65.586667,2019-03-03 19:37:00
2019-03-03_1942.dat,17.121667,65.563333,2019-03-03 19:42:00
2019-03-03_1954.dat,17.951667,61.763333,2019-03-03 19:54:00
2019-03-03_2152.dat,10.766667,74.95,2019-03-03 21:52:00
2019-03-03_2300.dat,17.571667,61.136667,2019-03-03 23:00:00
2019-03-04_0452.dat,12.833333,73.9,2019-03-04 04:52:00
2019-03-04_0514.dat,17.12,62.418333,2019-03-04 05:14:00
2019-03-04_1049.dat,14.256667,73.3,2019-03-04 10:49:00
2019-03-04_1231.dat,17.008333,63.23,2019-03-04 12:31:00
2019-03-04_1235.dat,17.135,63.203333,2019-03-04 12:35:00
2019-03-04_1404.dat,16.908333,63.191667,2019-03-04 14:04:00
2019-03-04_1726.dat,15.183333,72.8,2019-03-04 17:26:00
2019-03-04_1814.dat,15.35,72.783333,2019-03-04 18:14:00
2019-03-04_1829.dat,15.423333,72.766667,2019-03-04 18:29:00
2019-03-04_1848.dat,15.45,72.75,2019-03-04 18:48:00
2019-03-04_2021.dat,16.641667,63.073333,2019-03-04 20:21:00
2019-03-04_2309.dat,15.75,72.333333,2019-03-04 23:09:00
2019-03-04_2334.dat,16.311667,62.68,2019-03-04 23:34:00
2019-03-04_2352.dat,16.213333,62.568333,2019-03-04 23:52:00
2019-03-05_0509.dat,16.541667,65.558333,2019-03-05 05:09:00
2019-03-05_0513.dat,16.071667,62.873333,2019-03-05 05:13:00
2019-03-05_0524.dat,15.82,72.426667,2019-03-05 05:24:00
2019-03-05_1329.dat,15.373333,72.631667,2019-03-05 13:29:00
2019-03-05_1732.dat,15.076667,72.725,2019-03-05 17:32:00
2019-03-05_1800.dat,18.285,63.228333,2019-03-05 18:00:00
2019-03-05_2304.dat,15.833333,72.435,2019-03-05 23:04:00
2019-03-05_2313.dat,19.435,62.861667,2019-03-05 23:13:00
2019-03-05_2319.dat,15.776667,72.406667,2019-03-05 23:19:00
2019-03-06_0450.dat,15.333333,72.35,2019-03-06 04:50:00
2019-03-06_0505.dat,19.355,62.566667,2019-03-06 05:05:00
2019-03-06_0734.dat,20.15,62.925,2019-03-06 07:34:00
2019-03-06_1154.dat,15.321667,72.445,2019-03-06 11:54:00
2019-03-06_1628.dat,17.0,65.0,2019-03-06 16:28:00
2019-03-06_1636.dat,19.435,64.095,2019-03-06 16:36:00
2019-03-06_1641.dat,19.435,64.078333,2019-03-06 16:41:00
2019-03-06_2339.dat,20.0,63.976667,2019-03-06 23:39:00
2019-03-07_0509.dat,19.188333,62.888333,2019-03-07 05:09:00
2019-03-07_0900.dat,19.201667,65.076667,2019-03-07 09:00:00
2019-03-07_1143.dat,19.208333,65.228333,2019-03-07 11:43:00
2019-03-07_1640.dat,9.183333,64.605,2019-03-07 16:40:00
2019-03-07_1836.dat,17.938333,64.523333,2019-03-07 18:36:00
2019-03-07_1851.dat,17.885,63.955,2019-03-07 18:51:00
2019-03-07_1856.dat,17.856667,64.5,2019-03-07 18:56:00
2019-03-08_0504.dat,17.268333,66.331667,2019-03-08 05:04:00
2019-03-08_0510.dat,18.276667,66.756667,2019-03-08 05:10:00
2019-03-08_0636.dat,17.171667,67.425,2019-03-08 06:36:00
2019-03-08_1130.dat,17.0,68.01,2019-03-08 11:30:00
2019-03-08_1234.dat,16.953333,68.218333,2019-03-08 12:34:00
2019-03-08_2329.dat,17.565,69.593333,2019-03-08 23:29:00
2019-03-10_0510.dat,15.608333,72.471667,2019-03-10 05:10:00
2019-03-10_1903.dat,16.386667,72.753333,2019-03-10 19:03:00
2019-03-11_0516.dat,15.57,72.206667,2019-03-11 05:16:00
2019-03-11_1128.dat,15.29,72.636667,2019-03-11 11:28:00
2019-03-11_1745.dat,15.805,72.38,2019-03-11 17:45:00
2019-03-11_1835.dat,14.925,72.485,2019-03-11 18:35:00
2022-03-16_0056.dat,16.95,83.341667,2019-03-16 00:56:00
2019-03-18_0532.dat,17.615,83.898333,2019-03-18 05:32:00
2019-03-18_0542.dat,17.615,83.898333,2019-03-18 05:42:00
2019-03-18_0626.dat,17.546667,83.931667,2019-03-18 06:26:00
2019-03-19_0422.dat,17.61,83.938333,2019-03-19 04:22:00
2019-03-19_0552.dat,17.516667,83.996667,2019-03-19 05:52:00
2019-03-20_0944.dat,17.756667,94.036667,2019-03-20 09:44:00
2019-03-20_1608.dat,16.761667,93.798333,2019-03-20 16:08:00
2019-03-20_2018.dat,15.901667,93.5885,2019-03-20 20:18:00
2019-03-21_0509.dat,15.871667,72.643333,2019-03-21 05:09:00
2019-03-21_1042.dat,15.188333,72.513333,2019-03-21 10:42:00
2019-03-22_0125.dat,14.278333,93.191667,2019-03-22 01:25:00
2019-03-22_0456.dat,15.04,93.376667,2019-03-22 04:56:00
2019-03-22_0834.dat,15.85,93.572,2019-03-22 08:34:00
2019-03-22_1248.dat,16.75,93.8,2019-03-22 12:48:00
2019-03-22_1603.dat,17.521667,93.986667,2019-03-22 16:03:00
2022-03-23_1759.dat,17.193333,83.351667,2019-03-23 17:59:00
2022-03-23_2003.dat,17.021667,83.273333,2019-03-23 20:03:00
2019-03-24_0522.dat,15.265,73.026667,2019-03-24 05:22:00
2022-03-24_0620.dat,17.268333,83.835,2019-03-24 06:20:00
2022-03-24_1108.dat,17.376667,83.985,2019-03-24 11:08:00
2022-03-24_1918.dat,17.158333,83.486667,2019-03-24 19:18:00
2019-03-25_0151.dat,18.238333,93.816667,2019-03-25 01:51:00
2019-03-25_1417.dat,18.211667,93.848333,2019-03-25 14:17:00
2019-03-27_0013.dat,17.383333,84.026667,2019-03-27 00:13:00
2019-03-27_0643.dat,17.153333,71.508333,2019-03-27 06:43:00
2019-03-27_1551.dat,17.466667,83.918333,2019-03-27 15:51:00
2019-03-27_1718.dat,16.811667,71.651667,2019-03-27 17:18:00
2019-03-30_1139.dat,16.75,59.066667,2019-03-30 11:39:00
2019-03-30_2034.dat,10.666667,72.53,2019-03-30 20:34:00
2019-03-31_0039.dat,11.336667,72.338333,2019-03-31 00:39:00
2019-04-01_0947.dat,-10.9,72.333333,2019-04-01 09:47:00
2019-04-03_0202.dat,16.49,71.561667,2019-04-03 02:02:00
2019-04-03_1935.dat,10.015,75.038333,2019-04-03 19:35:00
2019-04-03_1958.dat,10.015,75.038333,2019-04-03 19:58:00
2019-04-05_0624.dat,17.811667,84.085,2019-04-05 06:24:00
2019-04-05_1813.dat,17.4,83.688333,2019-04-05 18:13:00
2019-04-06_1439.dat,17.681667,94.027167,2019-04-06 14:39:00
2019-04-06_1655.dat,17.17,93.895,2019-04-06 16:55:00
2019-04-06_2051.dat,16.328333,93.665667,2019-04-06 20:51:00
2019-04-07_1711.dat,17.285,83.673333,2019-04-07 17:11:00
2019-04-07_2302.dat,-17.735,84.706667,2019-04-07 23:02:00
2019-04-08_0410.dat,-17.428333,84.153333,2019-04-08 04:10:00
2019-04-08_0618.dat,9.351667,94.958333,2019-04-08 06:18:00
2019-04-08_1204.dat,16.883333,84.083333,2019-04-08 12:04:00
2019-04-08_1758.dat,16.083333,83.721667,2019-04-08 17:58:00
2019-04-08_1759.dat,7.133333,97.025,2019-04-08 17:59:00
2019-04-08_2247.dat,17.21,84.36,2019-04-08 22:47:00
2019-04-09_0634.dat,5.058333,98.893333,2019-04-09 06:34:00
2019-04-09_1059.dat,15.516667,84.258333,2019-04-09 10:59:00
2019-04-09_1716.dat,15.976667,83.858333,2019-04-09 17:16:00
2019-04-11_1805.dat,6.423333,107.733333,2019-04-11 18:05:00
2019-04-11_2258.dat,17.59,84.023333,2019-04-11 22:58:00
2019-04-12_0520.dat,17.758333,83.988333,2019-04-12 05:20:00
2019-04-12_0652.dat,8.425,109.205,2019-04-12 06:52:00
2019-04-12_0709.dat,10.11,73.01,2019-04-12 07:09:00
2019-04-12_1700.dat,9.55,72.716333,2019-04-12 17:00:00
2019-04-12_1805.dat,10.405,110.54,2019-04-12 18:05:00
2019-04-12_1853.dat,9.875,75.53,2019-04-12 18:53:00
2019-04-12_1914.dat,9.853333,75.491667,2019-04-12 19:14:00
2019-04-12_1923.dat,9.853333,75.491667,2019-04-12 19:23:00
2019-04-13_0544.dat,11.77,109.401667,2019-04-13 05:44:00
2019-04-13_0629.dat,9.305,75.373333,2019-04-13 06:29:00
2019-04-13_0847.dat,16.898333,71.556667,2019-04-13 08:47:00
2019-04-13_0849.dat,14.031667,94.927667,2019-04-13 08:49:00
2019-04-13_1143.dat,17.078333,71.588333,2019-04-13 11:43:00
2019-04-13_1237.dat,9.725833,74.7185,2019-04-13 12:37:00
2019-04-13_1347.dat,13.191667,94.305,2019-04-13 13:47:00
2019-04-13_1816.dat,10.548333,72.741667,2019-04-13 18:16:00
2019-04-13_1849.dat,12.25,93.866667,2019-04-13 18:49:00
2019-04-13_2159.dat,12.053333,93.448667,2019-04-13 21:59:00
2019-04-14_0630.dat,11.516667,93.049,2019-04-14 06:30:00
2019-04-14_1659.dat,17.236667,83.411667,2019-04-14 16:59:00
2019-04-15_0901.dat,17.508333,83.523333,2019-04-15 09:01:00
2019-04-15_1054.dat,17.391667,83.658333,2019-04-15 10:54:00
2019-04-15_1154.dat,11.478333,92.098333,2019-04-15 11:54:00
2019-04-15_1409.dat,11.8,91.655,2019-04-15 14:09:00
2019-04-15_2343.dat,17.118333,83.501667,2019-04-15 23:43:00
2019-04-16_0139.dat,13.503333,89.270667,2019-04-16 01:39:00
2019-04-16_0919.dat,20.258333,68.896667,2019-04-16 09:19:00
2019-04-16_1154.dat,17.168333,83.508333,2019-04-16 11:54:00
2019-04-16_1318.dat,16.941667,71.855,2019-04-16 13:18:00
2019-04-16_1704.dat,17.476667,71.735,2019-04-16 17:04:00
2019-04-16_1806.dat,11.721667,109.401667,2019-04-16 18:06:00
2019-04-17_0634.dat,16.03,113.496667,2019-04-17 06:34:00
2019-04-17_1206.dat,17.518333,83.671667,2019-04-17 12:06:00
2019-04-17_1749.dat,18.235,115.653333,2019-04-17 17:49:00
2019-04-18_0453.dat,12.753333,73.566667,2019-04-18 04:53:00
2019-04-18_0543.dat,21.018333,118.066667,2019-04-18 05:43:00
2019-04-18_0551.dat,20.521667,68.895,2019-04-18 05:51:00
2019-04-18_1319.dat,14.6,72.943333,2019-04-18 13:19:00
2019-04-18_1715.dat,15.401667,72.608333,2019-04-18 17:15:00
2019-04-18_1740.dat,22.655,117.676667,2019-04-18 17:40:00
2019-04-18_2107.dat,15.766667,72.5,2019-04-18 21:07:00
2019-04-18_2120.dat,15.766667,72.5,2019-04-18 21:20:00
2019-04-19_0209.dat,15.668333,72.516667,2019-04-19 02:09:00
2019-04-19_0543.dat,25.266667,120.445,2019-04-19 05:43:00
2019-04-19_0605.dat,23.235,66.721667,2019-04-19 06:05:00
2019-04-19_0618.dat,14.4,72.981667,2019-04-19 06:18:00
2019-04-19_1743.dat,16.988333,83.191667,2019-04-19 17:43:00
2019-04-20_0412.dat,11.45,74.728333,2019-04-20 04:12:00
2019-04-20_0644.dat,24.028333,61.355,2019-04-20 06:44:00
2019-04-20_0800.dat,14.176667,81.168333,2019-04-20 08:00:00
2019-04-21_0430.dat,16.998333,83.535,2019-04-21 04:30:00
2019-04-21_0657.dat,25.686667,56.805,2019-04-21 06:57:00
2019-04-22_1126.dat,16.981667,83.504167,2019-04-22 11:26:00
2019-04-22_1753.dat,17.686667,83.695,2019-04-22 17:53:00
2019-04-23_0517.dat,-17.151667,84.026667,2019-04-23 05:17:00
2019-04-24_0509.dat,15.535,86.188333,2019-04-24 05:09:00
2019-04-24_0651.dat,25.675,56.716667,2019-04-24 06:51:00
2019-04-24_0923.dat,17.023333,83.38,2019-04-24 09:23:00
2019-04-24_1432.dat,17.011667,83.381667,2019-04-24 14:32:00
2019-04-24_1756.dat,14.651667,86.871667,2019-04-24 17:56:00
2019-04-24_2028.dat,14.206667,87.245,2019-04-24 20:28:00
2019-04-25_0648.dat,23.816667,59.426667,2019-04-25 06:48:00
2019-04-26_0526.dat,9.978333,93.085,2019-04-26 05:26:00
2019-04-26_0613.dat,16.935,83.386667,2019-04-26 06:13:00
2019-04-26_0646.dat,21.92,60.118333,2019-04-26 06:46:00
2019-04-26_1950.dat,20.495,60.553333,2019-04-26 19:50:00
2019-04-26_2303.dat,34.72,122.853333,2019-04-26 23:03:00
2019-04-27_0117.dat,20.233333,60.656667,2019-04-27 01:17:00
2019-04-27_0443.dat,9.306667,94.066667,2019-04-27 04:43:00
2019-04-27_0611.dat,16.82,83.49,2019-04-27 06:11:00
2019-04-27_0617.dat,16.811667,83.501667,2019-04-27 06:17:00
2019-04-27_0644.dat,33.918333,124.065,2019-04-27 06:44:00
2019-04-27_1913.dat,20.258333,60.341667,2019-04-27 19:13:00
2019-04-27_2216.dat,33.205,127.353333,2019-04-27 22:16:00
2019-04-28_0558.dat,19.901667,66.761667,2019-04-28 05:58:00
2019-04-28_0631.dat,34.356667,128.801667,2019-04-28 06:31:00
2019-04-28_1613.dat,16.86,83.41,2019-04-28 16:13:00
2019-04-29_0804.dat,17.196667,71.538333,2019-04-29 08:04:00
2019-04-29_1205.dat,17.101667,71.563333,2019-04-29 12:05:00
2019-04-29_2050.dat,12.308333,90.886667,2019-04-29 20:50:00
2019-04-30_0601.dat,13.301667,88.426667,2019-04-30 06:01:00
2019-04-30_1832.dat,17.243333,83.798333,2019-04-30 18:32:00
2019-05-01_0537.dat,17.615,70.768333,2019-05-01 05:37:00
2019-05-01_0847.dat,17.58,70.913333,2019-05-01 08:47:00
2019-05-01_1118.dat,17.603333,70.871667,2019-05-01 11:18:00
2019-05-01_1156.dat,34.338333,128.688333,2019-05-01 11:56:00
2019-05-01_1801.dat,33.556667,128.0,2019-05-01 18:01:00
2019-05-02_0445.dat,17.875,71.505,2019-05-02 04:45:00
2019-05-02_0538.dat,17.763333,71.021667,2019-05-02 05:38:00
2019-05-02_0608.dat,33.553333,127.983333,2019-05-02 06:08:00
2019-05-02_1240.dat,18.803333,72.123333,2019-05-02 12:40:00
2019-05-02_1638.dat,16.635,83.101667,2019-05-02 16:38:00
2019-05-02_1757.dat,33.518333,128.0,2019-05-02 17:57:00
2019-05-03_0605.dat,32.485,127.023333,2019-05-03 06:05:00
2019-05-03_0618.dat,14.418333,81.52,2019-05-03 06:18:00
2019-05-03_1726.dat,31.391667,126.906667,2019-05-03 17:26:00
2019-05-04_0539.dat,28.571667,126.226667,2019-05-04 05:39:00
2019-05-04_1612.dat,14.62,81.791667,2019-05-04 16:12:00
2019-05-04_1732.dat,25.853333,125.838333,2019-05-04 17:32:00
2019-05-05_0546.dat,23.803333,125.251667,2019-05-05 05:46:00
2019-05-05_1746.dat,22.586667,123.425,2019-05-05 17:46:00
2019-05-06_0702.dat,20.873333,120.94,2019-05-06 07:02:00
2019-05-06_0856.dat,1.04,81.618333,2019-05-06 08:56:00
2019-05-06_1715.dat,16.0,84.0,2019-05-06 17:15:00
2019-05-06_1809.dat,19.361667,118.975,2019-05-06 18:09:00
2019-05-06_1815.dat,19.361667,118.975,2019-05-06 18:15:00
2019-05-07_0622.dat,14.498333,72.85,2019-05-07 06:22:00
2019-05-07_0643.dat,14.0,85.0,2019-05-07 06:43:00
2019-05-07_0722.dat,17.388333,117.155,2019-05-07 07:22:00
2019-05-07_1717.dat,12.45,73.075,2019-05-07 17:17:00
2019-05-07_1853.dat,15.408333,115.225,2019-05-07 18:53:00
2019-05-07_1902.dat,15.408333,115.225,2019-05-07 19:02:00
2019-05-07_1917.dat,13.0,87.0,2019-05-07 19:17:00
2019-05-07_1940.dat,14.65,72.983333,2019-05-07 19:40:00
2019-05-07_2046.dat,15.535,72.968333,2019-05-07 20:46:00
2019-05-08_0418.dat,14.783333,72.885,2019-05-08 04:18:00
2019-05-08_0657.dat,13.705,113.085,2019-05-08 06:57:00
2019-05-08_1142.dat,11.0,91.0,2019-05-08 11:42:00
2019-05-08_1734.dat,14.733333,72.788333,2019-05-08 17:34:00
2019-05-08_1805.dat,12.353333,111.351667,2019-05-08 18:05:00
2019-05-09_0059.dat,15.535,72.341667,2019-05-09 00:59:00
2019-05-09_0511.dat,10.116667,109.543333,2019-05-09 05:11:00
2019-05-09_0525.dat,14.805,72.721667,2019-05-09 05:25:00
2019-05-09_0556.dat,4.958333,73.57,2019-05-09 05:56:00
2019-05-09_0938.dat,17.498333,83.606667,2019-05-09 09:38:00
2019-05-09_1039.dat,17.496667,83.706667,2019-05-09 10:39:00
2019-05-09_1706.dat,14.766667,72.966667,2019-05-09 17:06:00
2019-05-09_1710.dat,16.816667,83.8,2019-05-09 17:10:00
2019-05-09_1801.dat,8.97,108.418333,2019-05-09 18:01:00
2019-05-09_1852.dat,15.671667,72.51,2019-05-09 18:52:00
2019-05-09_2047.dat,16.958333,83.553333,2019-05-09 20:47:00
2019-05-09_2050.dat,17.015,83.958333,2019-05-09 20:50:00
2019-05-10_0003.dat,14.751667,72.555,2019-05-10 00:03:00
2019-05-10_0454.dat,14.74,72.79,2019-05-10 04:54:00
2019-05-10_0500.dat,17.621667,72.55,2019-05-10 05:00:00
2019-05-10_0533.dat,16.303333,84.1,2019-05-10 05:33:00
2019-05-10_0612.dat,16.616667,83.133333,2019-05-10 06:12:00
2019-05-10_1838.dat,16.775,84.273333,2019-05-10 18:38:00
2019-05-10_1854.dat,13.0,93.0,2019-05-10 18:54:00
2019-05-10_1913.dat,17.185,83.656667,2019-05-10 19:13:00
2019-05-10_1924.dat,17.138333,83.331667,2019-05-10 19:24:00
2019-05-10_2150.dat,17.036667,83.941667,2019-05-10 21:50:00
2019-05-10_2157.dat,12.35,89.216667,2019-05-10 21:57:00
2019-05-10_2204.dat,12.35,89.25,2019-05-10 22:04:00
2019-05-11_0448.dat,13.0,93.0,2019-05-11 04:48:00
2019-05-11_0453.dat,15.705,73.185,2019-05-11 04:53:00
2019-05-11_0501.dat,16.386667,84.085,2019-05-11 05:01:00
2019-05-11_0604.dat,4.741667,106.253333,2019-05-11 06:04:00
2019-05-11_0640.dat,12.281667,91.113167,2019-05-11 06:40:00
2019-05-11_1319.dat,17.038333,84.45,2019-05-11 13:19:00
2019-05-11_1633.dat,15.116667,81.653333,2019-05-11 16:33:00
2019-05-11_1712.dat,17.02,83.855,2019-05-11 17:12:00
2019-05-11_1739.dat,13.0,93.0,2019-05-11 17:39:00
2019-05-11_1801.dat,3.405,105.371667,2019-05-11 18:01:00
2019-05-11_1855.dat,10.873333,75.268333,2019-05-11 18:55:00
2019-05-11_1859.dat,16.836667,84.311667,2019-05-11 18:59:00
2019-05-11_2217.dat,14.348333,81.1,2019-05-11 22:17:00
2019-05-12_0157.dat,17.625,83.803333,2019-05-12 01:57:00
2019-05-12_0405.dat,15.538333,83.901667,2019-05-12 04:05:00
2019-05-12_0433.dat,15.58,72.498333,2019-05-12 04:33:00
2019-05-12_0515.dat,14.436667,73.418333,2019-05-12 05:15:00
2019-05-12_0523.dat,13.315,80.616667,2019-05-12 05:23:00
2019-05-12_0544.dat,12.53,74.301667,2019-05-12 05:44:00
2019-05-12_0624.dat,13.0,93.0,2019-05-12 06:24:00
2019-05-12_1116.dat,16.138333,87.406667,2019-05-12 11:16:00
2019-05-12_1125.dat,13.39,73.798333,2019-05-12 11:25:00
2019-05-12_1517.dat,16.905,84.288333,2019-05-12 15:17:00
2019-05-12_1558.dat,15.386667,72.035,2019-05-12 15:58:00
2019-05-12_1638.dat,15.435,72.191667,2019-05-12 16:38:00
2019-05-12_1658.dat,18.478333,83.011667,2019-05-12 16:58:00
2019-05-12_1703.dat,15.4,72.223333,2019-05-12 17:03:00
2019-05-12_1730.dat,13.0,93.0,2019-05-12 17:30:00
2019-05-12_1738.dat,13.0,93.0,2019-05-12 17:38:00
2019-05-12_1934.dat,15.6,84.183333,2019-05-12 19:34:00
2019-05-12_1937.dat,15.608333,84.058333,2019-05-12 19:37:00
2019-05-12_2244.dat,15.661667,72.508333,2019-05-12 22:44:00
2019-05-12_2320.dat,15.105,73.17,2019-05-12 23:20:00
2019-05-13_0448.dat,16.091667,72.185,2019-05-13 04:48:00
2019-05-13_0541.dat,15.873333,72.89,2019-05-13 05:41:00
2019-05-13_0555.dat,12.371667,91.172167,2019-05-13 05:55:00
2019-05-13_0641.dat,13.0,93.0,2019-05-13 06:41:00
2019-05-13_0648.dat,13.0,93.0,2019-05-13 06:48:00
2019-05-13_0658.dat,13.0,93.0,2019-05-13 06:58:00
2019-05-13_1020.dat,10.133333,86.748333,2019-05-13 10:20:00
2019-05-13_1423.dat,12.461667,90.413333,2019-05-13 14:23:00
2019-05-13_1644.dat,15.26,84.186667,2019-05-13 16:44:00
2019-05-13_1803.dat,17.916667,72.268333,2019-05-13 18:03:00
2019-05-13_1927.dat,13.0,93.0,2019-05-13 19:27:00
2019-05-13_2039.dat,16.956667,83.251667,2019-05-13 20:39:00
2019-05-14_0432.dat,16.701667,84.718333,2019-05-14 04:32:00
2019-05-14_0532.dat,12.641667,90.602667,2019-05-14 05:32:00
2019-05-14_0704.dat,16.31,84.468333,2019-05-14 07:04:00
2019-05-14_0820.dat,16.191667,84.41,2019-05-14 08:20:00
2019-05-14_1049.dat,16.88,83.311667,2019-05-14 10:49:00
2019-05-14_1101.dat,16.705,71.551667,2019-05-14 11:01:00
2019-05-14_1230.dat,13.0,93.0,2019-05-14 12:30:00
2019-05-14_1314.dat,16.73,71.553333,2019-05-14 13:14:00
2019-05-14_1438.dat,12.731667,91.141667,2019-05-14 14:38:00
2019-05-14_1519.dat,15.518333,84.285,2019-05-14 15:19:00
2019-05-14_1524.dat,15.518333,84.285,2019-05-14 15:24:00
2019-05-14_1528.dat,16.73,71.741667,2019-05-14 15:28:00
2019-05-14_1536.dat,15.436667,84.276667,2019-05-14 15:36:00
2019-05-14_1543.dat,15.436667,84.276667,2019-05-14 15:43:00
2019-05-14_1733.dat,15.101667,84.325,2019-05-14 17:33:00
2019-05-14_1921.dat,14.963333,84.363333,2019-05-14 19:21:00
2019-05-14_1949.dat,15.235,84.255,2019-05-14 19:49:00
2019-05-15_0331.dat,16.97,84.423333,2019-05-15 03:31:00
2019-05-15_0518.dat,22.156667,64.921667,2019-05-15 05:18:00
2019-05-15_0533.dat,12.911667,90.937167,2019-05-15 05:33:00
2019-05-15_0601.dat,13.0,93.0,2019-05-15 06:01:00
2019-05-15_0608.dat,13.0,93.0,2019-05-15 06:08:00
2019-05-15_0728.dat,16.75,71.576667,2019-05-15 07:28:00
2019-05-15_0849.dat,16.701667,71.473333,2019-05-15 08:49:00
2019-05-15_1058.dat,16.775,83.39,2019-05-15 10:58:00
2019-05-15_1122.dat,17.375,84.036667,2019-05-15 11:22:00
2019-05-15_1436.dat,13.003333,91.06,2019-05-15 14:36:00
2019-05-15_1728.dat,17.068333,83.97,2019-05-15 17:28:00
2019-05-15_1735.dat,16.638333,71.788333,2019-05-15 17:35:00
2019-05-15_1748.dat,23.533333,62.691667,2019-05-15 17:48:00
2019-05-15_1906.dat,13.0,93.0,2019-05-15 19:06:00
2019-05-15_2026.dat,17.213333,84.063333,2019-05-15 20:26:00
2019-05-15_2056.dat,17.25,84.205,2019-05-15 20:56:00
2019-05-15_2245.dat,17.386667,84.325,2019-05-15 22:45:00
2019-05-16_0454.dat,17.673333,84.75,2019-05-16 04:54:00
2019-05-16_0512.dat,13.0,93.0,2019-05-16 05:12:00
2019-05-16_0719.dat,13.183333,90.983333,2019-05-16 07:19:00
2019-05-16_0723.dat,16.781667,71.548333,2019-05-16 07:23:00
2019-05-16_0913.dat,17.506667,84.188333,2019-05-16 09:13:00
2019-05-16_1055.dat,17.3,83.975,2019-05-16 10:55:00
2019-05-16_1113.dat,17.286667,83.973333,2019-05-16 11:13:00
2019-05-16_1449.dat,13.168333,90.009167,2019-05-16 14:49:00
2019-05-16_1907.dat,18.991667,92.061667,2019-05-16 19:07:00
2019-05-16_2013.dat,13.0,93.0,2019-05-16 20:13:00
2019-05-16_2357.dat,17.536667,92.863333,2019-05-16 23:57:00
2019-05-17_0517.dat,13.4,90.616667,2019-05-17 05:17:00
2019-05-17_0633.dat,13.0,93.0,2019-05-17 06:33:00
2019-05-17_0852.dat,16.77,71.645,2019-05-17 08:52:00
2019-05-17_0902.dat,16.77,71.061667,2019-05-17 09:02:00
2019-05-17_1058.dat,16.513333,83.598333,2019-05-17 10:58:00
2019-05-17_1218.dat,24.413333,66.673333,2019-05-17 12:18:00
2019-05-17_1240.dat,16.708333,71.558333,2019-05-17 12:40:00
2019-05-17_1435.dat,13.541667,91.098833,2019-05-17 14:35:00
2019-05-17_1944.dat,13.0,93.0,2019-05-17 19:44:00
2019-05-17_2255.dat,14.815,95.741667,2019-05-17 22:55:00
2019-05-18_0533.dat,13.8,90.266667,2019-05-18 05:33:00
2019-05-18_0601.dat,24.433333,66.435,2019-05-18 06:01:00
2019-05-18_1358.dat,16.805,83.258333,2019-05-18 13:58:00
2019-05-18_1426.dat,13.945,91.571167,2019-05-18 14:26:00
2019-05-18_1632.dat,10.571667,72.605,2019-05-18 16:32:00
2019-05-19_0311.dat,23.92,65.468333,2019-05-19 03:11:00
2019-05-19_0512.dat,18.508333,70.468333,2019-05-19 05:12:00
2019-05-19_0517.dat,14.08,90.846667,2019-05-19 05:17:00
2019-05-19_0938.dat,24.666667,64.401667,2019-05-19 09:38:00
2019-05-19_1057.dat,16.851667,83.178333,2019-05-19 10:57:00
2019-05-19_1236.dat,24.881667,63.695,2019-05-19 12:36:00
2019-05-19_1504.dat,14.211667,90.678333,2019-05-19 15:04:00
2019-05-19_2254.dat,16.883333,84.405,2019-05-19 22:54:00
2019-05-20_0037.dat,14.746667,95.613333,2019-05-20 00:37:00
2019-05-20_0514.dat,15.95,85.775,2019-05-20 05:14:00
2019-05-20_0519.dat,14.348333,91.298333,2019-05-20 05:19:00
2019-05-20_0531.dat,14.576667,95.366667,2019-05-20 05:31:00
2019-05-20_0651.dat,2.456667,105.07,2019-05-20 06:51:00
2019-05-20_1101.dat,16.523333,83.488333,2019-05-20 11:01:00
2019-05-20_1153.dat,15.9,86.466667,2019-05-20 11:53:00
2019-05-20_1229.dat,15.118333,95.655,2019-05-20 12:29:00
2019-05-20_1717.dat,13.836667,87.833333,2019-05-20 17:17:00
2019-05-20_1727.dat,13.836667,87.843333,2019-05-20 17:27:00
2019-05-20_1811.dat,1.885,104.973333,2019-05-20 18:11:00
2019-05-20_1817.dat,15.136667,95.648333,2019-05-20 18:17:00
2019-05-20_2324.dat,14.943333,9.401667,2019-05-20 23:24:00
2019-05-21_0524.dat,15.15,90.65,2019-05-21 05:24:00
2019-05-21_0632.dat,11.863333,90.151667,2019-05-21 06:32:00
2019-05-21_0901.dat,14.821667,95.025,2019-05-21 09:01:00
2019-05-21_1221.dat,15.363333,92.963333,2019-05-21 12:21:00
2019-05-21_1419.dat,15.548333,90.485,2019-05-21 14:19:00
2019-05-21_1746.dat,14.831667,91.013333,2019-05-21 17:46:00
2019-05-21_1823.dat,10.0,91.0,2019-05-21 18:23:00
2019-05-21_2311.dat,16.125,89.0325,2019-05-21 23:11:00
2019-05-22_0446.dat,9.641667,92.725,2019-05-22 04:46:00
2019-05-22_0521.dat,16.45,87.846667,2019-05-22 05:21:00
2019-05-22_0706.dat,8.0,91.0,2019-05-22 07:06:00
2019-05-22_1127.dat,16.765,86.696,2019-05-22 11:27:00
2019-05-22_1139.dat,17.368333,84.708333,2019-05-22 11:39:00
2019-05-22_1657.dat,17.04,85.693333,2019-05-22 16:57:00
2019-05-22_1730.dat,10.0,91.0,2019-05-22 17:30:00
2019-05-23_0601.dat,3.606667,100.13,2019-05-23 06:01:00
2019-05-23_0637.dat,10.0,93.0,2019-05-23 06:37:00
2019-05-23_1722.dat,9.0,95.0,2019-05-23 17:22:00
2019-05-23_1724.dat,5.461667,97.931667,2019-05-23 17:24:00
2019-05-24_0500.dat,14.036667,88.881667,2019-05-24 05:00:00
2019-05-24_0520.dat,14.088333,88.833333,2019-05-24 05:20:00
2019-05-24_0638.dat,63.761667,94.775,2019-05-24 06:38:00
2019-05-24_0644.dat,6.481667,94.866667,2019-05-24 06:44:00
2019-05-24_0645 .dat,8.0,96.0,2019-05-24 06:45:00
2019-05-24_1112.dat,14.755,87.688333,2019-05-24 11:12:00
2019-05-24_1704.dat,15.803333,86.663333,2019-05-24 17:04:00
2019-05-24_1708.dat,10.0,97.0,2019-05-24 17:08:00
2019-05-24_2301.dat,16.82,85.513333,2019-05-24 23:01:00
2019-05-25_0650.dat,12.0,95.0,2019-05-25 06:50:00
2019-05-25_1132.dat,20.216667,69.9895,2019-05-25 11:32:00
2019-05-25_1711.dat,13.0,93.0,2019-05-25 17:11:00
2019-05-26_0622.dat,14.0,90.0,2019-05-26 06:22:00
2019-05-26_1645.dat,17.155,83.668333,2019-05-26 16:45:00
2019-05-26_1737.dat,15.0,88.0,2019-05-26 17:37:00
2019-05-26_2320.dat,16.375,83.89,2019-05-26 23:20:00
2019-05-27_0421.dat,16.055,83.691667,2019-05-27 04:21:00
2019-05-27_0650.dat,16.0,85.0,2019-05-27 06:50:00
2019-05-27_1108.dat,16.085,84.056667,2019-05-27 11:08:00
2019-05-27_1525.dat,16.268333,83.716667,2019-05-27 15:25:00
2019-05-27_1643.dat,17.166667,83.666667,2019-05-27 16:43:00
2019-05-27_2140.dat,16.816667,84.038333,2019-05-27 21:40:00
2019-05-28_0445.dat,17.32,83.453333,2019-05-28 04:45:00
2019-05-28_1128.dat,17.233333,83.716667,2019-05-28 11:28:00
2019-05-28_1328.dat,17.455,83.928333,2019-05-28 13:28:00
2019-05-28_1438.dat,16.735,83.658333,2019-05-28 14:38:00
2019-05-28_1839.dat,16.59,83.85,2019-05-28 18:39:00
2019-05-29_0432.dat,17.018333,84.47,2019-05-29 04:32:00
2019-05-29_1539.dat,17.151667,83.585,2019-05-29 15:39:00
2019-05-29_1829.dat,17.086667,84.386667,2019-05-29 18:29:00
2019-05-30_0957.dat,20.371667,67.703333,2019-05-30 09:57:00
2019-05-30_1052.dat,0.283333,91.083333,2019-05-30 10:52:00
2019-05-30_1618.dat,-2.316667,94.016667,2019-05-30 16:18:00
2019-06-02_1834.dat,-6.423333,103.355,2019-06-02 18:34:00
2019-06-03_0007.dat,19.626667,70.556667,2019-06-03 00:07:00
2019-06-03_1130.dat,19.88,69.453333,2019-06-03 11:30:00
2019-06-04_1832.dat,-1.738333,96.805,2019-06-04 18:32:00
2019-06-05_1717.dat,4.271667,92.711667,2019-06-05 17:17:00
2019-06-06_0431.dat,15.585,71.653333,2019-06-06 04:31:00
2019-06-06_0455.dat,17.59,83.915,2019-06-06 04:55:00
2019-06-06_0502.dat,16.915,84.66,2019-06-06 05:02:00
2019-06-06_0531.dat,17.551667,83.783333,2019-06-06 05:31:00
2019-06-06_1136.dat,17.066667,83.633333,2019-06-06 11:36:00
2019-06-06_1611.dat,15.7,85.35,2019-06-06 16:11:00
2019-06-06_1712.dat,16.986667,83.59,2019-06-06 17:12:00
2019-06-06_1835.dat,10.595,88.39,2019-06-06 18:35:00
2019-06-06_1906.dat,15.951667,85.041667,2019-06-06 19:06:00
2019-06-07_0212.dat,15.835,85.576667,2019-06-07 02:12:00
2019-06-07_1729.dat,17.188333,83.408333,2019-06-07 17:29:00
2019-06-08_1133.dat,20.773333,69.095,2019-06-08 11:33:00
2019-06-08_2007.dat,16.881667,71.9,2019-06-08 20:07:00
2019-06-09_0524.dat,16.146667,72.42,2019-06-09 05:24:00
2019-06-09_1130.dat,21.071667,68.893333,2019-06-09 11:30:00
2019-06-09_1329.dat,15.568333,72.42,2019-06-09 13:29:00
2019-06-09_1757.dat,17.331667,83.575,2019-06-09 17:57:00
2019-06-09_2047.dat,16.001667,72.21,2019-06-09 20:47:00
2019-06-10_0541.dat,14.97,85.365,2019-06-10 05:41:00
2019-06-10_0959.dat,17.053333,83.175,2019-06-10 09:59:00
2019-06-10_1515.dat,16.786667,83.238333,2019-06-10 15:15:00
2019-06-10_1658.dat,15.521667,72.403333,2019-06-10 16:58:00
2019-06-10_1742.dat,12.575,87.13,2019-06-10 17:42:00
2019-06-11_0102.dat,17.043333,84.176667,2019-06-11 01:02:00
2019-06-11_0544.dat,10.096,88.94,2019-06-11 05:44:00
2019-06-11_0611.dat,16.041667,72.676667,2019-06-11 06:11:00
2019-06-11_1510.dat,16.525,84.236667,2019-06-11 15:10:00
2019-06-11_1757.dat,7.576667,90.763333,2019-06-11 17:57:00
2019-06-11_2105.dat,17.201667,83.923333,2019-06-11 21:05:00
2019-06-12_0521.dat,17.728333,83.073333,2019-06-12 05:21:00
2019-06-12_0531.dat,5.18,92.49,2019-06-12 05:31:00
2019-06-12_1047.dat,17.366667,83.888333,2019-06-12 10:47:00
2019-06-12_1812.dat,2.788333,94.22,2019-06-12 18:12:00
2019-06-12_1904.dat,7.656667,78.083333,2019-06-12 19:04:00
2019-06-12_2313.dat,1.566667,95.091667,2019-06-12 23:13:00
2019-06-13_0501.dat,-0.201667,96.323333,2019-06-13 05:01:00
2019-06-13_1138.dat,-2.096667,97.583333,2019-06-13 11:38:00
2019-06-13_1731.dat,19.621667,62.68,2019-06-13 17:31:00
2019-06-14_0545.dat,4.76,100.743333,2019-06-14 05:45:00
2019-06-14_1204.dat,5.465,101.551667,2019-06-14 12:04:00
2019-06-14_1607.dat,17.29,83.523833,2019-06-14 16:07:00
2019-06-14_1809.dat,6.06,102.31,2019-06-14 18:09:00
2019-06-14_2256.dat,6.271667,103.263333,2019-06-14 22:56:00
2019-06-15_0310.dat,6.243333,104.253333,2019-06-15 03:10:00
2019-06-20_0518.dat,16.85,65.015,2019-06-20 05:18:00
2019-06-22_1809.dat,-6.118333,104.713333,2019-06-22 18:09:00
2019-06-23_0546.dat,17.286667,85.001667,2019-06-23 05:46:00
2019-06-23_0622.dat,25.603333,56.873333,2019-06-23 06:22:00
2019-06-23_0623.dat,7.195,103.003333,2019-06-23 06:23:00
2019-06-23_1214.dat,-7.555,101.995,2019-06-23 12:14:00
2019-06-23_1922.dat,-8.01,100.836667,2019-06-23 19:22:00
2019-06-24_0528.dat,16.616667,87.69,2019-06-24 05:28:00
2019-06-24_1321.dat,-9.33,99.536667,2019-06-24 13:21:00
2019-06-24_1821.dat,-9.903333,99.063333,2019-06-24 18:21:00
2019-06-24_2325.dat,-10.436667,98.635,2019-06-24 23:25:00
2019-06-25_0044.dat,20.366667,68.816667,2019-06-25 00:44:00
2019-06-25_0532.dat,15.201667,93.321667,2019-06-25 05:32:00
2019-06-25_0602.dat,10.125,98.891667,2019-06-25 06:02:00
2019-06-25_1152.dat,10.568333,98.591667,2019-06-25 11:52:00
2019-06-25_1351.dat,20.286667,69.418333,2019-06-25 13:51:00
2019-06-25_1610.dat,25.875,35.306667,2019-06-25 16:10:00
2019-06-25_1840.dat,-9.793333,99.003333,2019-06-25 18:40:00
2019-06-25_2231.dat,9.268333,99.296667,2019-06-25 22:31:00
2019-06-26_0527.dat,16.908333,71.491667,2019-06-26 05:27:00
2019-06-26_0559.dat,-8.986667,99.453333,2019-06-26 05:59:00
2019-06-26_0646.dat,17.583333,71.396667,2019-06-26 06:46:00
2019-06-26_1253.dat,20.15,69.106667,2019-06-26 12:53:00
2019-06-26_1709.dat,20.116667,69.516667,2019-06-26 17:09:00
2019-06-26_1800.dat,7.975,100.115,2019-06-26 18:00:00
2019-06-26_2337.dat,-7.805,100.768333,2019-06-26 23:37:00
2019-06-27_0535.dat,7.621667,101.481667,2019-06-27 05:35:00
2019-06-27_0549.dat,7.89,96.238333,2019-06-27 05:49:00
2019-06-27_0609.dat,15.321667,69.971667,2019-06-27 06:09:00
2019-06-27_1740.dat,20.033333,69.466667,2019-06-27 17:40:00
2019-06-27_1844.dat,-6.678333,100.83,2019-06-27 18:44:00
2019-06-28_0557.dat,-2.85,98.37,2019-06-28 05:57:00
2019-06-28_0638.dat,14.456667,69.705,2019-06-28 06:38:00
2019-06-28_0658.dat,8.24,94.616667,2019-06-28 06:58:00
2019-06-28_1323.dat,-0.383333,96.863333,2019-06-28 13:23:00
2019-06-28_1755.dat,1.095,96.146667,2019-06-28 17:55:00
2019-06-29_0655.dat,3.925,94.903333,2019-06-29 06:55:00
2019-06-29_0709.dat,13.853333,68.175,2019-06-29 07:09:00
2019-06-29_0922.dat,19.825,69.161667,2019-06-29 09:22:00
2019-06-29_1731.dat,6.79,94.123333,2019-06-29 17:31:00
2019-06-29_1953.dat,19.283333,69.283333,2019-06-29 19:53:00
2019-06-30_0016.dat,19.445,69.048333,2019-06-30 00:16:00
2019-06-30_0709.dat,13.791667,65.943333,2019-06-30 07:09:00
2019-07-01_0637.dat,14.408333,67.701667,2019-07-01 06:37:00
2019-07-01_1127.dat,75.906667,94.0,2019-07-01 11:27:00
2019-07-02_0616.dat,6.533333,93.268333,2019-07-02 06:16:00
2019-07-02_1314.dat,19.55,69.416667,2019-07-02 13:14:00
2019-07-03_0120.dat,17.485,83.835,2019-07-03 01:20:00
2019-07-03_0555.dat,6.403333,92.99,2019-07-03 05:55:00
2019-07-03_1552.dat,34.008333,19.975,2019-07-03 15:52:00
2019-07-03_1617.dat,6.356667,93.333333,2019-07-03 16:17:00
2019-07-04_0039.dat,18.15,71.45,2019-07-04 00:39:00
2019-07-05_0636.dat,6.403333,92.99,2019-07-05 06:36:00
2019-07-06_0223.dat,37.785,7.87,2019-07-06 02:23:00
2019-07-06_0634.dat,6.421667,93.108333,2019-07-06 06:34:00
2019-07-07_0619.dat,6.353333,92.79,2019-07-07 06:19:00
2019-07-08_0632.dat,7.738333,94.268333,2019-07-08 06:32:00
2019-07-09_0638.dat,10.853333,93.351667,2019-07-09 06:38:00
2019-07-10_0633.dat,19.483333,70.483333,2019-07-10 06:33:00
2019-07-11_0033.dat,17.653333,83.633333,2019-07-11 00:33:00
2019-07-11_0554.dat,11.586667,94.701667,2019-07-11 05:54:00
2019-07-11_1619.dat,10.2,94.605,2019-07-11 16:19:00
2019-07-13_0041.dat,40.258333,-9.818333,2019-07-13 00:41:00
2019-07-13_1213.dat,15.523333,85.14,2019-07-13 12:13:00
2019-07-14_0455.dat,18.653333,69.886667,2019-07-14 04:55:00
2019-07-14_0501.dat,11.668333,86.643333,2019-07-14 05:01:00
2019-07-14_0503.dat,18.653333,69.886667,2019-07-14 05:03:00
2019-07-14_1614.dat,6.535,91.291667,2019-07-14 16:14:00
2019-07-15_0251.dat,48.353333,5.921667,2019-07-15 02:51:00
2019-07-15_0518.dat,17.448333,65.025,2019-07-15 05:18:00
2019-07-15_0543.dat,6.525,94.051667,2019-07-15 05:43:00
2019-07-15_2022.dat,9.343333,93.683333,2019-07-15 20:22:00
2019-07-16_0500.dat,6.403333,94.02,2019-07-16 05:00:00
2019-07-16_0548.dat,11.351667,92.92,2019-07-16 05:48:00
2019-07-16_0558.dat,16.403333,60.781667,2019-07-16 05:58:00
2019-07-16_0828.dat,17.666667,83.713333,2019-07-16 08:28:00
2019-07-16_1652.dat,8.621667,93.773333,2019-07-16 16:52:00
2019-07-17_0632.dat,15.075,57.238333,2019-07-17 06:32:00
2019-07-17_1724.dat,11.12,92.871667,2019-07-17 17:24:00
2019-07-18_0549.dat,9.423333,93.908333,2019-07-18 05:49:00
2019-07-18_0941.dat,17.206667,83.401667,2019-07-18 09:41:00
2019-07-18_1154.dat,17.101667,83.453333,2019-07-18 11:54:00
2019-07-19_0508.dat,9.568333,93.801667,2019-07-19 05:08:00
2019-07-19_0514.dat,6.921667,94.29,2019-07-19 05:14:00
2019-07-19_1737.dat,7.505,93.905,2019-07-19 17:37:00
2019-07-20_0444.dat,6.591667,93.105,2019-07-20 04:44:00
2019-07-21_0504.dat,6.576667,93.115,2019-07-21 05:04:00
2019-07-21_1831.dat,6.57,90.71,2019-07-21 18:31:00
2019-07-22_0503.dat,9.718333,85.758333,2019-07-22 05:03:00
2019-07-22_0651.dat,18.988333,18.838333,2019-07-22 06:51:00
2019-07-23_0456.dat,15.651667,84.085,2019-07-23 04:56:00
2019-07-23_0654.dat,16.251667,56.366667,2019-07-23 06:54:00
2019-07-23_0715.dat,16.251667,56.368333,2019-07-23 07:15:00
2019-07-23_1310.dat,57.496667,20.103333,2019-07-23 13:10:00
2019-07-23_1757.dat,16.835,83.69,2019-07-23 17:57:00
2019-07-24_0705.dat,16.518333,56.62,2019-07-24 07:05:00
2019-07-24_0832.dat,16.386667,83.808333,2019-07-24 08:32:00
2019-07-24_1417.dat,16.663333,83.45,2019-07-24 14:17:00
2019-07-24_1953.dat,16.806667,83.371667,2019-07-24 19:53:00
2019-07-25_0712.dat,16.573333,56.703333,2019-07-25 07:12:00
2019-07-25_2347.dat,17.388333,83.991667,2019-07-25 23:47:00
2019-07-26_0706.dat,17.101667,57.241667,2019-07-26 07:06:00
2019-07-26_0915.dat,17.32,57.241667,2019-07-26 09:15:00
PT9001_2019-07-29_0549.dat,17.383333,84.716667,2019-07-29 05:49:00
2019-07-29_0700.dat,21.528333,60.123333,2019-07-29 07:00:00
2019-07-30_0706.dat,21.665,60.208333,2019-07-30 07:06:00
2019-07-30_0734.dat,21.665,60.208333,2019-07-30 07:34:00
2019-07-30_0755.dat,21.613333,60.221667,2019-07-30 07:55:00
PT9001_2019-07-30_1155.dat,13.436667,88.473333,2019-07-30 11:55:00
PT9001_2019-07-30_1753.dat,12.873333,89.166667,2019-07-30 17:53:00
2019-07-31_0703.dat,24.32,58.74,2019-07-31 07:03:00
2019-07-31_0714.dat,24.32,58.74,2019-07-31 07:14:00
2019-08-01_0706.dat,24.023333,59.021667,2019-08-01 07:06:00
2019-08-01_2002.dat,25.6,56.916667,2019-08-01 20:02:00
2019-08-02_0714.dat,24.153333,58.883333,2019-08-02 07:14:00
PT9001_2019-08-03_0534.dat,6.988333,97.133333,2019-08-03 05:34:00
2019-08-03_0705.dat,24.211667,58.798333,2019-08-03 07:05:00
PT9001_2019-08-03_1119.dat,6.451667,97.64,2019-08-03 11:19:00
2019-08-03_1354.dat,23.601667,59.403333,2019-08-03 13:54:00
2019-08-03_1931.dat,23.068333,59.835,2019-08-03 19:31:00
2019-08-03_2054.dat,23.018333,59.901667,2019-08-03 20:54:00
2019-08-04_0118.dat,22.521667,60.21,2019-08-04 01:18:00
2019-08-04_0726.dat,21.73,60.1,2019-08-04 07:26:00
2019-08-04_1223.dat,57.286667,19.596667,2019-08-04 12:23:00
2019-08-04_1241.dat,57.286667,19.596667,2019-08-04 12:41:00
2019-08-06_0107.dat,25.833333,56.816667,2019-08-06 01:07:00
PT9001_2019-08-06_2222.dat,6.691667,109.755,2019-08-06 22:22:00
PT9001_2019-08-07_0210.dat,7.27,110.611667,2019-08-07 02:10:00
PT9001_2019-08-07_0734.dat,8.353333,111.068333,2019-08-07 07:34:00
PT9001_2019-08-07_1522.dat,9.706667,112.116667,2019-08-07 15:22:00
PT9001_2019-08-07_1726.dat,9.973333,112.471667,2019-08-07 17:26:00
2019-08-07_2210.dat,57.915,5.466667,2019-08-07 22:10:00
PT9001_2019-08-07_2224.dat,9.918333,113.473333,2019-08-07 22:24:00
PT9001_2019-08-08_0534.dat,9.105,114.89,2019-08-08 05:34:00
2019-08-08_0725.dat,22.591667,60.3,2019-08-08 07:25:00
2019-08-08_0743.dat,26.016667,55.416667,2019-08-08 07:43:00
PT9001_2019-08-08_1137.dat,8.263333,115.581667,2019-08-08 11:37:00
PT9001_2019-08-08_1731.dat,7.241667,115.103333,2019-08-08 17:31:00
2019-08-09_0716.dat,23.035,59.971667,2019-08-09 07:16:00
2019-08-09_1254.dat,25.971667,55.463333,2019-08-09 12:54:00
2019-08-10_0643.dat,21.401667,63.318333,2019-08-10 06:43:00
2019-08-10_0701.dat,21.401667,63.318333,2019-08-10 07:01:00
2019-08-11_0629.dat,19.836667,67.851667,2019-08-11 06:29:00
2019-08-12_0459.dat,18.353333,71.26,2019-08-12 04:59:00
2019-08-12_0506.dat,18.353333,71.26,2019-08-12 05:06:00
2019-08-12_1117.dat,19.176667,70.371667,2019-08-12 11:17:00
2019-08-12_1749.dat,19.101667,69.44,2019-08-12 17:49:00
PT9001_2019-08-12_1818.dat,6.083333,114.208333,2019-08-12 18:18:00
2019-08-12_1913.dat,18.933333,69.616667,2019-08-12 19:13:00
2019-08-12_1927.dat,25.455,6.856667,2019-08-12 19:27:00
PT9001_2019-08-12_2256.dat,6.513333,114.848333,2019-08-12 22:56:00
PT9001_2019-08-13_0500.dat,7.318333,115.338333,2019-08-13 05:00:00
PT9001_2019-08-13_1121.dat,7.471667,116.336667,2019-08-13 11:21:00
2019-08-13_1328.dat,57.333333,69.4,2019-08-13 13:28:00
2019-08-13_1400.dat,18.841667,69.516667,2019-08-13 14:00:00
2019-08-13_1833.dat,18.765,69.833333,2019-08-13 18:33:00
PT9001_2019-08-14_0350.dat,7.933333,119.223333,2019-08-14 03:50:00
PT9001_2019-08-14_0922.dat,7.591667,120.135,2019-08-14 09:22:00
PT9001_2019-08-14_1601.dat,7.233333,121.17,2019-08-14 16:01:00
2019-08-14_1643.dat,19.666667,69.383333,2019-08-14 16:43:00
PT9001_2019-08-14_2302.dat,6.65,122.425,2019-08-14 23:02:00
PT9001_2019-08-15_0324.dat,6.301667,123.1,2019-08-15 03:24:00
2019-08-15_0841.dat,18.633333,69.716667,2019-08-15 08:41:00
PT9001_2019-08-15_0941.dat,5.725,124.206667,2019-08-15 09:41:00
PT9001_2019-08-15_1618.dat,5.188333,125.241667,2019-08-15 16:18:00
PT9001_2019-08-15_2126.dat,5.14,125.985,2019-08-15 21:26:00
2019-08-16_0118.dat,46.56,-8.398333,2019-08-16 01:18:00
PT9001_2019-08-16_0330.dat,5.335,126.9,2019-08-16 03:30:00
PT9001_2019-08-16_0945.dat,5.791667,127.871667,2019-08-16 09:45:00
PT9001_2019-08-16_1527.dat,6.188333,128.74,2019-08-16 15:27:00
PT9001_2019-08-16_2123.dat,6.678333,129.801667,2019-08-16 21:23:00
2019-08-16_2158.dat,42.878333,-10.208333,2019-08-16 21:58:00
PT9001_2019-08-17_0316.dat,7.113333,130.73,2019-08-17 03:16:00
PT9001_2019-08-17_0857.dat,7.516667,131.606667,2019-08-17 08:57:00
PT9001_2019-08-17_1436.dat,7.983333,132.501667,2019-08-17 14:36:00
PT9001_2019-08-17_2011.dat,8.39,133.525,2019-08-17 20:11:00
PT9001_2019-08-18_0325.dat,8.916667,134.668333,2019-08-18 03:25:00
2019-08-18_0755.dat,17.691667,58.05,2019-08-18 07:55:00
2019-08-18_0832.dat,16.616667,56.308333,2019-08-18 08:32:00
PT9001_2019-08-18_1505.dat,9.82,136.616667,2019-08-18 15:05:00
2019-08-18_1537.dat,20.473333,64.848333,2019-08-18 15:37:00
PT9001_2019-08-18_2100.dat,10.271667,137.633333,2019-08-18 21:00:00
PT9001_2019-08-19_0234.dat,10.671667,138.516667,2019-08-19 02:34:00
2019-08-19_0416.dat,22.253333,64.458333,2019-08-19 04:16:00
PT9001_2019-08-19_1006.dat,11.038333,139.286667,2019-08-19 10:06:00
PT9001_2019-08-19_1502.dat,11.308333,139.873333,2019-08-19 15:02:00
PT9001_2019-08-19_1944.dat,11.635,140.588333,2019-08-19 19:44:00
PT9001_2019-08-20_0318.dat,12.138333,141.7,2019-08-20 03:18:00
2019-08-20_0435.dat,20.706667,64.891667,2019-08-20 04:35:00
2019-08-20_0718.dat,11.56,74.903333,2019-08-20 07:18:00
PT9001_2019-08-20_1140.dat,12.453333,142.368333,2019-08-20 11:40:00
PT9001_2019-08-20_1445.dat,12.591667,142.54,2019-08-20 14:45:00
2019-08-21_1809.dat,16.986667,83.166667,2019-08-21 18:09:00
2019-08-21_1949.dat,15.153333,86.091667,2019-08-21 19:49:00
2019-08-22_0529.dat,20.551667,64.128333,2019-08-22 05:29:00
2019-08-22_1014.dat,20.946667,64.038333,2019-08-22 10:14:00
2019-08-23_0020.dat,34.473333,-8.313333,2019-08-23 00:20:00
2019-08-23_0507.dat,20.885,66.988333,2019-08-23 05:07:00
2019-08-23_1919.dat,17.721667,83.821667,2019-08-23 19:19:00
2019-08-23_1953.dat,17.733333,83.85,2019-08-23 19:53:00
2019-08-24_0115.dat,29.943333,-12.065,2019-08-24 01:15:00
2019-08-24_0501.dat,20.868333,65.706667,2019-08-24 05:01:00
PT9001_2019-08-24_0808.dat,13.891667,143.956667,2019-08-24 08:08:00
PT9001_2019-08-24_1349.dat,15.116667,142.568333,2019-08-24 13:49:00
PT9001_2019-08-24_2031.dat,16.39,140.796667,2019-08-24 20:31:00
PT9001_2019-08-25_0132.dat,17.516667,139.291667,2019-08-25 01:32:00
PT9001_2019-08-25_0843.dat,18.918333,137.47,2019-08-25 08:43:00
PT9001_2019-08-25_1500.dat,20.116667,135.875,2019-08-25 15:00:00
2019-08-25_1812.dat,22.086667,17.48,2019-08-25 18:12:00
2019-08-25_1857.dat,10.158333,93.836667,2019-08-25 18:57:00
PT9001_2019-08-25_2014.dat,20.815,135.138333,2019-08-25 20:14:00
PT9001_2019-08-26_0216.dat,21.555,134.483333,2019-08-26 02:16:00
PT9001_2019-08-26_0947.dat,20.99,135.28,2019-08-26 09:47:00
2019-08-26_1412.dat,7.388333,95.975,2019-08-26 14:12:00
PT9001_2019-08-26_1534.dat,20.728333,135.42,2019-08-26 15:34:00
2019-08-26_1927.dat,21.836667,60.93,2019-08-26 19:27:00
PT9001_2019-08-26_2041.dat,19.835,135.538333,2019-08-26 20:41:00
PT9001_2019-08-27_0231.dat,18.871667,135.855,2019-08-27 02:31:00
PT9001_2019-08-27_0838.dat,18.233333,136.09,2019-08-27 08:38:00
PT9001_2019-08-27_1013.dat,17.988333,136.2,2019-08-27 10:13:00
PT9001_2019-08-27_1453.dat,18.118333,136.166667,2019-08-27 14:53:00
PT9001_2019-08-27_2035.dat,17.618333,136.033333,2019-08-27 20:35:00
PT9001_2019-08-28_0151.dat,12.335,72.338333,2019-08-28 01:51:00
2019-08-28_0752.dat,22.891667,60.108333,2019-08-28 07:52:00
PT9001_2019-08-28_0803.dat,17.375,138.781667,2019-08-28 08:03:00
PT9001_2019-08-28_1517.dat,16.603333,139.918333,2019-08-28 15:17:00
PT9001_2019-08-28_2010.dat,16.901667,139.216667,2019-08-28 20:10:00
PT9001_2019-08-29_0210.dat,15.923333,140.318333,2019-08-29 02:10:00
PT9001_2019-08-29_0819.dat,15.306667,141.611667,2019-08-29 08:19:00
PT9001_2019-08-29_1508.dat,12.335,72.338333,2019-08-29 15:08:00
PT9001_2019-08-29_2035.dat,12.335,72.338333,2019-08-29 20:35:00
PT9001_2019-08-30_0213.dat,12.335,72.338333,2019-08-30 02:13:00
PT9001_2019-08-30_1131.dat,12.216667,138.868333,2019-08-30 11:31:00
PT9001_2019-08-30_1520.dat,11.705,138.188333,2019-08-30 15:20:00
PT9001_2019-08-30_2026.dat,10.855,137.016667,2019-08-30 20:26:00
PT9001_2019-08-31_0246.dat,9.98,135.848333,2019-08-31 02:46:00
PT9001_2019-08-31_0845.dat,9.306667,134.926667,2019-08-31 08:45:00
2019-08-31_0924.dat,7.36,78.805,2019-08-31 09:24:00
PT9001_2019-08-31_1443.dat,8.485,133.841667,2019-08-31 14:43:00
2019-08-31_1922.dat,26.788333,52.763333,2019-08-31 19:22:00
2019-08-31_1933.dat,26.788333,52.763333,2019-08-31 19:33:00
PT9001_2019-08-31_2027.dat,7.655,132.811667,2019-08-31 20:27:00
2019-09-01_0247.dat,8.036667,-16.156667,2019-09-01 02:47:00
PT9001_2019-09-01_0258.dat,6.601667,131.536667,2019-09-01 02:58:00
2019-09-01_0639.dat,8.831667,78.716667,2019-09-01 06:39:00
PT9001_2019-09-01_0832.dat,5.723333,130.57,2019-09-01 08:32:00
2019-09-01_1052.dat,16.87,83.603333,2019-09-01 10:52:00
PT9001_2019-09-01_1510.dat,4.52,129.285,2019-09-01 15:10:00
PT9001_2019-09-01_2027.dat,3.55,128.276667,2019-09-01 20:27:00
PT9001_2019-09-02_0159.dat,2.503333,127.336667,2019-09-02 01:59:00
2019-09-02_0233.dat,5.411667,-11.543333,2019-09-02 02:33:00
2019-09-02_0532.dat,16.268333,84.136667,2019-09-02 05:32:00
PT9001_2019-09-02_0811.dat,1.301667,127.001667,2019-09-02 08:11:00
2019-09-02_1001.dat,17.138333,83.453333,2019-09-02 10:01:00
2019-09-02_1119.dat,15.788333,84.103333,2019-09-02 11:19:00
PT9001_2019-09-02_1502.dat,0.306667,126.638333,2019-09-02 15:02:00
PT9001_2019-09-02_2020.dat,1.303333,126.718333,2019-09-02 20:20:00
PT9001_2019-09-03_0153.dat,2.391667,123.538333,2019-09-03 01:53:00
2019-09-03_0228.dat,3.819833,-6.838333,2019-09-03 02:28:00
2019-09-03_0310.dat,16.583333,83.283333,2019-09-03 03:10:00
2019-09-03_0324.dat,16.725,83.306667,2019-09-03 03:24:00
2019-09-03_0336.dat,16.761667,83.203333,2019-09-03 03:36:00
2019-09-03_0630.dat,17.205,83.12,2019-09-03 06:30:00
2019-09-03_0648.dat,8.838333,78.819333,2019-09-03 06:48:00
PT9001_2019-09-03_0739.dat,3.085,125.72,2019-09-03 07:39:00
PT9001_2019-09-03_1406.dat,-0.743333,125.555,2019-09-03 14:06:00
PT9001_2019-09-03_1959.dat,-6.408333,125.483333,2019-09-03 19:59:00
PT9001_2019-09-04_0133.dat,-7.866667,125.401667,2019-09-04 01:33:00
2019-09-04_0150.dat,3.856667,-2.331667,2019-09-04 01:50:00
2019-09-04_0532.dat,22.033333,67.75,2019-09-04 05:32:00
2019-09-04_0714.dat,17.355,84.391667,2019-09-04 07:14:00
2019-09-04_0716.dat,8.698333,78.485,2019-09-04 07:16:00
PT9001_2019-09-04_0839.dat,-8.193,126.516667,2019-09-04 08:39:00
2019-09-04_0939.dat,11.158333,102.056667,2019-09-04 09:39:00
PT9001_2019-09-04_1958.dat,8.841667,128.368333,2019-09-04 19:58:00
PT9001_2019-09-05_0151.dat,-9.26,125.208333,2019-09-05 01:51:00
2019-09-05_0500.dat,22.418333,67.858333,2019-09-05 05:00:00
PT9001_2019-09-05_0757.dat,9.625,130.101667,2019-09-05 07:57:00
PT9001_2019-09-05_1013.dat,-9.725,130.2,2019-09-05 10:13:00
2019-09-06_1317.dat,10.878333,93.241667,2019-09-06 13:17:00
2019-09-06_1342.dat,11.281667,93.72,2019-09-06 13:42:00
2019-09-07_0635.dat,5.738333,80.713333,2019-09-07 06:35:00
PT9001_2019-09-07_2039.dat,-12.595,128.67,2019-09-07 20:39:00
PT9001_2019-09-07_2125.dat,12.595,128.67,2019-09-07 21:25:00
PT9001_2019-09-07_2211.dat,-12.67,128.32,2019-09-07 22:11:00
2019-09-08_0652.dat,10.018333,81.396667,2019-09-08 06:52:00
PT9001_2019-09-08_1623.dat,-13.018333,128.406667,2019-09-08 16:23:00
PT9001_2019-09-08_1714.dat,-13.018333,128.406667,2019-09-08 17:14:00
PT9001_2019-09-08_2043.dat,1.485,128.153333,2019-09-08 20:43:00
2019-09-09_1428.dat,18.406667,70.221667,2019-09-09 14:28:00
PT9001_2019-09-09_1626.dat,-12.741667,128.466667,2019-09-09 16:26:00
PT9001_2019-09-09_1927.dat,-12.641667,128.201667,2019-09-09 19:27:00
2019-09-10_0129.dat,-0.445,4.648333,2019-09-10 01:29:00
2019-09-10_0354.dat,4.355,109.323333,2019-09-10 03:54:00
2019-09-11_0125.dat,-4.981667,6.05,2019-09-11 01:25:00
PT9001_2019-09-11_0233.dat,12.105,124.62,2019-09-11 02:33:00
2019-09-11_0507.dat,7.418333,110.933333,2019-09-11 05:07:00
PT9001_2019-09-11_0519.dat,-12.158333,124.203333,2019-09-11 05:19:00
2019-09-11_0530.dat,20.601167,67.506667,2019-09-11 05:30:00
2019-09-11_0701.dat,14.838333,82.126667,2019-09-11 07:01:00
2019-09-11_1452.dat,16.22,85.651667,2019-09-11 14:52:00
PT9001_2019-09-11_1511.dat,-11.985,122.708333,2019-09-11 15:11:00
2019-09-11_1907.dat,26.318333,55.275,2019-09-11 19:07:00
PT9001_2019-09-11_2124.dat,-11.516667,121.573333,2019-09-11 21:24:00
2019-09-12_0119.dat,9.068333,7.58,2019-09-12 01:19:00
PT9001_2019-09-12_0311.dat,11.05,120.483333,2019-09-12 03:11:00
2019-09-12_0513.dat,6.535,91.525,2019-09-12 05:13:00
2019-09-12_0521.dat,21.181667,67.731667,2019-09-12 05:21:00
2019-09-12_0530.dat,22.417833,67.856667,2019-09-12 05:30:00
PT9001_2019-09-12_1159.dat,-10.338333,118.733333,2019-09-12 11:59:00
PT9001_2019-09-12_1540.dat,-10.253333,118.116667,2019-09-12 15:40:00
2019-09-12_1830.dat,17.398333,71.745,2019-09-12 18:30:00
PT9001_2019-09-12_2128.dat,-9.581667,117.003333,2019-09-12 21:28:00
2019-09-13_0317.dat,16.925,71.64,2019-09-13 03:17:00
PT9001_2019-09-13_0446.dat,-8.968333,115.708333,2019-09-13 04:46:00
2019-09-13_0500.dat,20.786833,68.02,2019-09-13 05:00:00
PT9001_2019-09-13_0636.dat,-8.59,115.783333,2019-09-13 06:36:00
2019-09-13_1125.dat,17.218333,71.7,2019-09-13 11:25:00
PT9001_2019-09-13_1205.dat,-7.67,115.401667,2019-09-13 12:05:00
2019-09-13_1734.dat,0.363333,96.91,2019-09-13 17:34:00
2019-09-13_2354.dat,-17.433333,10.721667,2019-09-13 23:54:00
2019-09-15_1205.dat,6.225,115.86,2019-09-15 12:05:00
2019-09-17_1052.dat,8.873333,116.773333,2019-09-17 10:52:00
2019-09-17_1128.dat,18.783333,72.055,2019-09-17 11:28:00
2019-09-17_1722.dat,-6.266667,104.218333,2019-09-17 17:22:00
2019-09-17_1839.dat,15.625,72.688333,2019-09-17 18:39:00
2019-09-17_2013.dat,15.685,72.701667,2019-09-17 20:13:00
2019-09-18_0003.dat,15.783333,72.358333,2019-09-18 00:03:00
2019-09-18_0329.dat,15.75,72.288333,2019-09-18 03:29:00
2019-09-18_0541.dat,16.67,72.523333,2019-09-18 05:41:00
2019-09-18_0602.dat,16.606667,72.523333,2019-09-18 06:02:00
2019-09-18_0619.dat,13.516667,89.166667,2019-09-18 06:19:00
2019-09-18_0755.dat,-5.573333,103.401667,2019-09-18 07:55:00
2019-09-18_0959.dat,16.108333,72.55,2019-09-18 09:59:00
2019-09-18_1819.dat,12.083333,91.166667,2019-09-18 18:19:00
2019-09-18_1957.dat,14.155,11.353333,2019-09-18 19:57:00
2019-09-18_2049.dat,15.385,73.283333,2019-09-18 20:49:00
2019-09-18_2129.dat,15.388333,73.168333,2019-09-18 21:29:00
2019-09-19_0527.dat,14.288333,73.875,2019-09-19 05:27:00
2019-09-19_2057.dat,17.42,72.416667,2019-09-19 20:57:00
2019-09-19_2359.dat,-30.348333,16.013333,2019-09-19 23:59:00
2019-09-20_0304.dat,17.806667,118.645,2019-09-20 03:04:00
2019-09-20_0518.dat,15.75,72.62,2019-09-20 05:18:00
2019-09-20_0646.dat,14.766667,73.783333,2019-09-20 06:46:00
2019-09-20_0739.dat,0.053333,97.124167,2019-09-20 07:39:00
2019-09-20_1710.dat,14.6,72.53,2019-09-20 17:10:00
2019-09-21_0028.dat,-34.728333,18.666667,2019-09-21 00:28:00
2019-09-21_0517.dat,16.0,72.8,2019-09-21 05:17:00
2019-09-21_1536.dat,17.406667,83.44,2019-09-21 15:36:00
2019-09-21_1700.dat,15.583333,72.69,2019-09-21 17:00:00
2019-09-21_1905.dat,21.435,124.718333,2019-09-21 19:05:00
2019-09-21_1944.dat,17.621667,83.775,2019-09-21 19:44:00
2019-09-22_0012.dat,17.59,83.625,2019-09-22 00:12:00
2019-09-22_0019.dat,17.435,83.635,2019-09-22 00:19:00
2019-09-22_0413.dat,15.566667,72.439833,2019-09-22 04:13:00
2019-09-22_0521.dat,8.036667,90.82,2019-09-22 05:21:00
2019-09-22_0702.dat,13.485,94.246667,2019-09-22 07:02:00
2019-09-22_1609.dat,15.15,72.471667,2019-09-22 16:09:00
2019-09-22_1706.dat,13.483333,94.283333,2019-09-22 17:06:00
2019-09-22_1903.dat,24.321667,127.875,2019-09-22 19:03:00
2019-09-23_0434.dat,13.35,73.585,2019-09-23 04:34:00
PT9001_2019-09-23_0507.dat,-4.483333,100.791667,2019-09-23 05:07:00
2019-09-23_0518.dat,13.366667,94.266667,2019-09-23 05:18:00
2019-09-23_0606.dat,13.35,73.585,2019-09-23 06:06:00
2019-09-23_1653.dat,13.4,94.3,2019-09-23 16:53:00
2019-09-23_1721.dat,12.2,74.173333,2019-09-23 17:21:00
2019-09-24_0311.dat,28.951667,129.868333,2019-09-24 03:11:00
2019-09-24_0425.dat,10.2,75.473333,2019-09-24 04:25:00
2019-09-24_0516.dat,14.868333,72.915,2019-09-24 05:16:00
2019-09-24_0529.dat,13.45,94.283333,2019-09-24 05:29:00
2019-09-24_0605.dat,14.866667,72.908333,2019-09-24 06:05:00
PT9001_2019-09-24_0626.dat,0.573333,96.171667,2019-09-24 06:26:00
2019-09-24_0643.dat,15.136667,72.841667,2019-09-24 06:43:00
2019-09-24_0718.dat,24.573333,57.55,2019-09-24 07:18:00
2019-09-24_0733.dat,15.018333,72.79,2019-09-24 07:33:00
2019-09-24_1012.dat,15.25,72.818333,2019-09-24 10:12:00
2019-09-24_1237.dat,-27.843333,33.061667,2019-09-24 12:37:00
2019-09-24_1713.dat,13.483333,94.2,2019-09-24 17:13:00
2019-09-24_2017.dat,31.201667,129.24,2019-09-24 20:17:00
2019-09-25_0033.dat,-26.365,33.413333,2019-09-25 00:33:00
2019-09-25_0544.dat,13.483333,94.283333,2019-09-25 05:44:00
PT9001_2019-09-25_0635.dat,5.52,92.26,2019-09-25 06:35:00
2019-09-25_1702.dat,13.45,94.233333,2019-09-25 17:02:00
2019-09-25_1735.dat,10.95,75.405,2019-09-25 17:35:00
2019-09-26_0027.dat,3.843333,69.0,2019-09-26 00:27:00
2019-09-26_0226.dat,5.223333,70.728333,2019-09-26 02:26:00
2019-09-26_0525.dat,12.3,74.25,2019-09-26 05:25:00
2019-09-26_0557.dat,13.416667,94.233333,2019-09-26 05:57:00
2019-09-26_0623.dat,16.105,72.823333,2019-09-26 06:23:00
PT9001_2019-09-26_0623.dat,10.11,88.93,2019-09-26 06:23:00
2019-09-26_0822.dat,4.343333,69.843333,2019-09-26 08:22:00
2019-09-26_1707.dat,12.366667,73.35,2019-09-26 17:07:00
2019-09-26_1939.dat,2.77,68.341667,2019-09-26 19:39:00
2019-09-27_0430.dat,14.333333,72.583333,2019-09-27 04:30:00
2019-09-27_0518.dat,14.933333,73.2,2019-09-27 05:18:00
2019-09-27_0607.dat,14.956667,73.251667,2019-09-27 06:07:00
PT9001_2019-09-27_0618.dat,14.256667,85.873333,2019-09-27 06:18:00
2019-09-27_0751.dat,12.251667,93.843333,2019-09-27 07:51:00
2019-09-27_0853.dat,0.365,65.0,2019-09-27 08:53:00
2019-09-27_1218.dat,-0.073333,65.41,2019-09-27 12:18:00
2019-09-27_1319.dat,15.533333,72.285,2019-09-27 13:19:00
2019-09-27_1645.dat,12.253333,93.835,2019-09-27 16:45:00
2019-09-27_1849.dat,15.733333,72.056667,2019-09-27 18:49:00
2019-09-27_1930.dat,15.75,72.15,2019-09-27 19:30:00
2019-09-27_2017.dat,15.666667,72.666667,2019-09-27 20:17:00
2019-09-27_2101.dat,15.583333,72.1,2019-09-27 21:01:00
2019-09-28_0024.dat,-2.138333,63.395,2019-09-28 00:24:00
2019-09-28_0434.dat,-5.821667,102.108333,2019-09-28 04:34:00
2019-09-28_0446.dat,14.8,72.405,2019-09-28 04:46:00
2019-09-28_0519.dat,14.316667,72.683333,2019-09-28 05:19:00
2019-09-28_0544.dat,12.296667,93.836667,2019-09-28 05:44:00
2019-09-28_0555.dat,-3.076667,62.396667,2019-09-28 05:55:00
2019-09-28_1410.dat,-4.478333,61.126667,2019-09-28 14:10:00
2019-09-28_1728.dat,12.295,93.78,2019-09-28 17:28:00
2019-09-28_1729.dat,2.123333,95.656667,2019-09-28 17:29:00
2019-09-28_2012.dat,5.771667,60.086667,2019-09-28 20:12:00
2019-09-29_0159.dat,6.748333,58.986667,2019-09-29 01:59:00
2019-09-29_0448.dat,-0.563333,97.538333,2019-09-29 04:48:00
2019-09-29_0532.dat,5.19,94.563333,2019-09-29 05:32:00
2019-09-29_0538.dat,15.2,73.2,2019-09-29 05:38:00
2019-09-29_0645.dat,12.295,93.795,2019-09-29 06:45:00
2019-09-29_0759.dat,7.446667,57.81,2019-09-29 07:59:00
2019-09-29_1713.dat,12.303333,93.88,2019-09-29 17:13:00
2019-09-29_1725.dat,15.866667,72.408333,2019-09-29 17:25:00
2019-09-29_2034.dat,15.873333,72.483333,2019-09-29 20:34:00
2019-09-30_0026.dat,-26.188333,40.868333,2019-09-30 00:26:00
2019-09-30_0428.dat,14.866667,72.225,2019-09-30 04:28:00
2019-09-30_0603.dat,-10.085,53.178333,2019-09-30 06:03:00
2019-09-30_0824.dat,10.353333,52.701667,2019-09-30 08:24:00
2019-09-30_1407.dat,10.863333,51.81,2019-09-30 14:07:00
2019-09-30_1822.dat,15.683333,72.408333,2019-09-30 18:22:00
2019-09-30_2006.dat,15.666667,72.343333,2019-09-30 20:06:00
2019-09-30_2020.dat,11.541667,50.621667,2019-09-30 20:20:00
2019-09-30_2300.dat,-25.855,46.255,2019-09-30 23:00:00
2019-09-30_2353.dat,-9.47,54.258333,2019-09-30 23:53:00
2019-10-01_0209.dat,12.006667,49.808333,2019-10-01 02:09:00
2019-10-01_0317.dat,31.138333,132.253333,2019-10-01 03:17:00
2019-10-01_1022.dat,31.281667,134.225,2019-10-01 10:22:00
2019-10-01_1700.dat,14.576833,73.091167,2019-10-01 17:00:00
2019-10-01_1839.dat,12.256667,93.896667,2019-10-01 18:39:00
2019-10-01_2144.dat,-23.901667,50.165,2019-10-01 21:44:00
2019-10-02_0319.dat,30.641667,134.971667,2019-10-02 03:19:00
2019-10-02_0612.dat,12.345,9.895,2019-10-02 06:12:00
2019-10-02_0930.dat,14.9425,72.623667,2019-10-02 09:30:00
2019-10-02_1207.dat,-22.535,52.503333,2019-10-02 12:07:00
2019-10-02_1250.dat,14.372333,72.983333,2019-10-02 12:50:00
2019-10-02_1610.dat,12.3,93.886667,2019-10-02 16:10:00
2019-10-03_0611.dat,15.956667,72.981667,2019-10-03 06:11:00
2019-10-03_0812.dat,24.853333,57.211667,2019-10-03 08:12:00
2019-10-03_0927.dat,15.95,72.975,2019-10-03 09:27:00
2019-10-03_2013.dat,34.335,140.236667,2019-10-03 20:13:00
2019-10-04_0546.dat,16.83,72.49,2019-10-04 05:46:00
2019-10-04_0552.dat,16.83,72.528333,2019-10-04 05:52:00
2019-10-04_0707.dat,16.866667,72.291667,2019-10-04 07:07:00
2019-10-04_1752.dat,-11.74,48.981667,2019-10-04 17:52:00
2019-10-04_1956.dat,17.255,71.456667,2019-10-04 19:56:00
2019-10-05_0411.dat,17.02,7.212,2019-10-05 04:11:00
2019-10-05_0600.dat,17.278167,71.729167,2019-10-05 06:00:00
2019-10-05_0616.dat,-10.483333,46.685,2019-10-05 06:16:00
2019-10-05_0700.dat,17.162,71.15,2019-10-05 07:00:00
2019-10-05_0900.dat,17.067167,71.575833,2019-10-05 09:00:00
2019-10-05_0956.dat,10.145,46.015,2019-10-05 09:56:00
2019-10-05_1414.dat,9.865,45.268333,2019-10-05 14:14:00
2019-10-05_2005.dat,9.205,44.606667,2019-10-05 20:05:00
2019-10-06_0159.dat,17.416667,83.621667,2019-10-06 01:59:00
2019-10-06_0221.dat,8.425,43.783333,2019-10-06 02:21:00
2019-10-06_0437.dat,17.426667,83.51,2019-10-06 04:37:00
2019-10-06_0557.dat,30.768333,136.886667,2019-10-06 05:57:00
2019-10-06_0726.dat,25.085,56.978333,2019-10-06 07:26:00
2019-10-06_0852.dat,25.346667,56.946667,2019-10-06 08:52:00
2019-10-06_1205.dat,-7.14,42.663333,2019-10-06 12:05:00
2019-10-06_1806.dat,20.74,69.001667,2019-10-06 18:06:00
2019-10-06_1840.dat,-6.243333,41.775,2019-10-06 18:40:00
2019-10-06_2028.dat,16.71,84.918333,2019-10-06 20:28:00
2019-10-06_2120.dat,16.608333,85.086667,2019-10-06 21:20:00
2019-10-06_2355.dat,-6.358333,40.931667,2019-10-06 23:55:00
2019-10-07_0310.dat,16.06,86.025,2019-10-07 03:10:00
2019-10-07_0548.dat,-4.288333,39.923333,2019-10-07 05:48:00
2019-10-07_0700.dat,38.136667,134.291667,2019-10-07 07:00:00
2019-10-07_2021.dat,15.243333,85.75,2019-10-07 20:21:00
2019-10-07_2130.dat,15.151667,85.646667,2019-10-07 21:30:00
2019-10-07_2244.dat,15.295,85.376667,2019-10-07 22:44:00
2019-10-08_0234.dat,15.703333,84.676667,2019-10-08 02:34:00
2019-10-08_0441.dat,15.94,84.303333,2019-10-08 04:41:00
2019-10-08_0737.dat,16.115,83.896667,2019-10-08 07:37:00
2019-10-08_0854.dat,16.288333,83.573333,2019-10-08 08:54:00
2019-10-09_0736.dat,32.708333,139.868333,2019-10-09 07:36:00
2019-10-10_1159.dat,-4.303333,40.72,2019-10-10 11:59:00
2019-10-10_1757.dat,17.406667,72.475,2019-10-10 17:57:00
2019-10-10_2023.dat,12.66,80.737167,2019-10-10 20:23:00
2019-10-11_0517.dat,14.873333,73.518333,2019-10-11 05:17:00
2019-10-11_0603.dat,32.953333,144.791667,2019-10-11 06:03:00
2019-10-11_0615.dat,-4.481667,41.631667,2019-10-11 06:15:00
2019-10-11_0637.dat,12.406667,80.615167,2019-10-11 06:37:00
2019-10-11_0714.dat,17.676667,83.415,2019-10-11 07:14:00
2019-10-11_1901.dat,15.233333,73.106667,2019-10-11 19:01:00
2019-10-12_0525.dat,17.251667,72.553333,2019-10-12 05:25:00
2019-10-12_0819.dat,-5.125,45.046667,2019-10-12 08:19:00
2019-10-12_1400.dat,-5.156667,44.496667,2019-10-12 14:00:00
2019-10-12_2007.dat,4.935,43.945,2019-10-12 20:07:00
2019-10-13_0203.dat,-4.566667,42.995,2019-10-13 02:03:00
2019-10-13_1200.dat,-4.955,41.481667,2019-10-13 12:00:00
2019-10-15_0804.dat,17.643333,83.518333,2019-10-15 08:04:00
2019-10-16_0646.dat,18.16,69.526667,2019-10-16 06:46:00
2019-10-16_0716.dat,15.95,70.9,2019-10-16 07:16:00
2019-10-17_0527.dat,16.171667,64.781667,2019-10-17 05:27:00
2019-10-17_0543.dat,15.513333,86.423333,2019-10-17 05:43:00
2019-10-17_0600.dat,15.175,71.948333,2019-10-17 06:00:00
2019-10-17_0949.dat,17.341667,83.776667,2019-10-17 09:49:00
2019-10-17_1841.dat,13.031667,89.916667,2019-10-17 18:41:00
2019-10-18_0453.dat,32.438333,136.318333,2019-10-18 04:53:00
2019-10-18_0530.dat,18.055,62.781667,2019-10-18 05:30:00
2019-10-18_0531.dat,11.321667,92.671667,2019-10-18 05:31:00
2019-10-18_0833.dat,-4.731667,41.805,2019-10-18 08:33:00
2019-10-18_1438.dat,-4.645,41.938333,2019-10-18 14:38:00
2019-10-18_2041.dat,-4.26,42.886667,2019-10-18 20:41:00
2019-10-19_0239.dat,-3.761667,44.066667,2019-10-19 02:39:00
2019-10-19_0639.dat,29.711667,130.946667,2019-10-19 06:39:00
2019-10-19_0702.dat,17.551667,57.74,2019-10-19 07:02:00
2019-10-19_1231.dat,-3.043333,45.741667,2019-10-19 12:31:00
2019-10-19_1759.dat,-2.596667,46.861667,2019-10-19 17:59:00
2019-10-19_2204.dat,22.351667,66.701667,2019-10-19 22:04:00
2019-10-19_2353.dat,-1.983333,48.21,2019-10-19 23:53:00
2019-10-20_0534.dat,23.066667,66.733333,2019-10-20 05:34:00
2019-10-20_0553.dat,-1.441667,49.476667,2019-10-20 05:53:00
2019-10-20_0710.dat,7.303333,88.82,2019-10-20 07:10:00
2019-10-20_0722.dat,7.321667,88.858333,2019-10-20 07:22:00
2019-10-20_0845.dat,1.156667,50.141667,2019-10-20 08:45:00
2019-10-20_1450.dat,-0.561667,51.531667,2019-10-20 14:50:00
2019-10-20_1741.dat,15.556667,72.271667,2019-10-20 17:41:00
2019-10-20_2002.dat,0.0,52.843333,2019-10-20 20:02:00
2019-10-21_0034.dat,10.873333,93.592,2019-10-21 00:34:00
2019-10-21_0218.dat,0.571667,54.171667,2019-10-21 02:18:00
2019-10-21_0320.dat,24.216667,64.406667,2019-10-21 03:20:00
2019-10-21_0425.dat,10.14,94.2,2019-10-21 04:25:00
2019-10-21_0719.dat,21.775,122.338333,2019-10-21 07:19:00
2019-10-21_1016.dat,24.183333,62.335,2019-10-21 10:16:00
2019-10-21_1209.dat,1.446667,56.196667,2019-10-21 12:09:00
2019-10-21_1632.dat,8.068333,96.038333,2019-10-21 16:32:00
2019-10-21_2228.dat,7.036667,97.281667,2019-10-21 22:28:00
2019-10-22_0003.dat,2.735,69.201667,2019-10-22 00:03:00
2019-10-22_0602.dat,3.305,60.528333,2019-10-22 06:02:00
2019-10-22_0815.dat,15.813333,53.598333,2019-10-22 08:15:00
2019-10-22_0831.dat,3.555,61.115,2019-10-22 08:31:00
2019-10-22_1009.dat,5.281667,99.191667,2019-10-22 10:09:00
2019-10-22_1439.dat,4.16,62.551667,2019-10-22 14:39:00
2019-10-22_1600.dat,14.782333,71.928,2019-10-22 16:00:00
2019-10-22_2051.dat,4.77,63.958333,2019-10-22 20:51:00
2019-10-23_0231.dat,5.29,65.148333,2019-10-23 02:31:00
2019-10-23_0742.dat,14.075,50.975,2019-10-23 07:42:00
2019-10-23_1245.dat,15.469167,66.972,2019-10-23 12:45:00
2019-10-24_0050.dat,7.508333,70.375,2019-10-24 00:50:00
2019-10-24_0355.dat,3.695,105.53,2019-10-24 03:55:00
2019-10-24_0518.dat,13.741667,82.985,2019-10-24 05:18:00
2019-10-24_0801.dat,13.021667,47.435,2019-10-24 08:01:00
2019-10-24_1001.dat,4.413333,106.265,2019-10-24 10:01:00
2019-10-24_1700.dat,18.706,60.769333,2019-10-24 17:00:00
2019-10-25_0356.dat,7.165,108.021667,2019-10-25 03:56:00
2019-10-25_0748.dat,12.125,46.565,2019-10-25 07:48:00
2019-10-25_1543.dat,9.19,109.305,2019-10-25 15:43:00
2019-10-25_2113.dat,10.266667,110.411667,2019-10-25 21:13:00
2019-10-26_0232.dat,11.483333,111.721667,2019-10-26 02:32:00
2019-10-26_1127.dat,13.035,113.371667,2019-10-26 11:27:00
2019-10-26_1530.dat,13.803333,114.125,2019-10-26 15:30:00
2019-10-26_2053.dat,14.455,119.306667,2019-10-26 20:53:00
2019-10-26_2058.dat,14.455,119.306667,2019-10-26 20:58:00
2019-10-26_2105.dat,14.633333,115.173333,2019-10-26 21:05:00
2019-10-26_2110.dat,24.166667,62.953333,2019-10-26 21:10:00
2019-10-27_1056.dat,16.835,117.628333,2019-10-27 10:56:00
2019-10-28_0755.dat,15.106667,112.618333,2019-10-28 07:55:00
2019-10-28_0828.dat,12.558333,43.476667,2019-10-28 08:28:00
2019-10-28_1922.dat,10.64,75.096667,2019-10-28 19:22:00
2019-10-29_0043.dat,17.191667,83.946667,2019-10-29 00:43:00
2019-10-29_0247.dat,17.24,84.073333,2019-10-29 02:47:00
2019-10-29_0253.dat,17.24,84.073333,2019-10-29 02:53:00
2019-10-29_0512.dat,14.818333,84.876667,2019-10-29 05:12:00
2019-10-29_0513.dat,17.135,83.886667,2019-10-29 05:13:00
2019-10-29_0517.dat,17.555,84.395,2019-10-29 05:17:00
2019-10-29_0654.dat,17.251667,83.975,2019-10-29 06:54:00
2019-10-29_0750.dat,22.603333,124.893333,2019-10-29 07:50:00
2019-10-29_0836.dat,12.791667,46.968333,2019-10-29 08:36:00
2019-10-29_1043.dat,18.91,70.228333,2019-10-29 10:43:00
2019-10-29_1238.dat,17.653333,84.32,2019-10-29 12:38:00
2019-10-29_1622.dat,19.605,69.521667,2019-10-29 16:22:00
2019-10-29_1940.dat,24.67,127.203333,2019-10-29 19:40:00
2019-10-29_2019.dat,15.395,72.46,2019-10-29 20:19:00
2019-10-29_2249.dat,20.43,68.728333,2019-10-29 22:49:00
2019-10-29_2257.dat,20.43,68.728333,2019-10-29 22:57:00
2019-10-30_0233.dat,15.773333,72.283333,2019-10-30 02:33:00
2019-10-30_0430.dat,21.275,67.881667,2019-10-30 04:30:00
2019-10-30_0505.dat,16.653333,84.903333,2019-10-30 05:05:00
2019-10-30_0629.dat,16.598333,84.846667,2019-10-30 06:29:00
2019-10-30_0902.dat,12.08,46.0,2019-10-30 09:02:00
2019-10-30_0922.dat,26.401667,128.801667,2019-10-30 09:22:00
2019-10-30_1028.dat,15.771667,72.39,2019-10-30 10:28:00
2019-10-30_1113.dat,16.553333,84.29,2019-10-30 11:13:00
2019-10-30_1145.dat,16.933333,83.466667,2019-10-30 11:45:00
2019-10-30_1155.dat,16.933333,83.466667,2019-10-30 11:55:00
2019-10-30_1217.dat,16.966667,83.516667,2019-10-30 12:17:00
2019-10-30_1443.dat,27.085,129.618333,2019-10-30 14:43:00
2019-10-30_1703.dat,22.488333,66.525,2019-10-30 17:03:00
2019-10-30_1721.dat,16.808333,85.083333,2019-10-30 17:21:00
2019-10-30_1941.dat,27.626667,130.36,2019-10-30 19:41:00
2019-10-30_2240.dat,16.683333,84.486667,2019-10-30 22:40:00
2019-10-30_2319.dat,23.32,65.618333,2019-10-30 23:19:00
2019-10-31_0235.dat,28.655,131.691667,2019-10-31 02:35:00
2019-10-31_0330.dat,19.006667,69.5845,2019-10-31 03:30:00
2019-10-31_0435.dat,23.841667,65.355,2019-10-31 04:35:00
2019-10-31_0630.dat,19.068,69.58,2019-10-31 06:30:00
2019-10-31_0830.dat,18.4135,68.305333,2019-10-31 08:30:00
2019-10-31_0921.dat,11.858333,43.518333,2019-10-31 09:21:00
2019-10-31_0949.dat,12.788333,73.621667,2019-10-31 09:49:00
2019-10-31_1202.dat,22.85,66.458333,2019-10-31 12:02:00
2019-10-31_1210.dat,22.811667,66.513333,2019-10-31 12:10:00
2019-10-31_1515.dat,16.888333,83.705,2019-10-31 15:15:00
2019-10-31_1730.dat,22.191667,67.041667,2019-10-31 17:30:00
2019-10-31_1800.dat,16.215,84.466667,2019-10-31 18:00:00
2019-10-31_1955.dat,31.723333,134.611667,2019-10-31 19:55:00
2019-10-31_2312.dat,21.31,67.293333,2019-10-31 23:12:00
2019-11-01_0101.dat,32.71,135.356667,2019-11-01 01:01:00
2019-11-01_0230.dat,19.424333,69.6775,2019-11-01 02:30:00
2019-11-01_0400.dat,19.411667,69.59,2019-11-01 04:00:00
2019-11-01_0544.dat,19.485,69.525,2019-11-01 05:44:00
2019-11-01_0610.dat,19.438333,69.476667,2019-11-01 06:10:00
2019-11-01_0640.dat,19.4345,69.539833,2019-11-01 06:40:00
2019-11-01_0700.dat,19.353333,69.403333,2019-11-01 07:00:00
2019-11-01_0720.dat,19.435,69.609833,2019-11-01 07:20:00
2019-11-01_0849.dat,33.146667,136.885,2019-11-01 08:49:00
2019-11-01_0929.dat,19.253333,69.433333,2019-11-01 09:29:00
2019-11-01_1141.dat,19.913333,69.083333,2019-11-01 11:41:00
2019-11-01_1426.dat,33.63,137.736667,2019-11-01 14:26:00
2019-11-01_1913.dat,34.163333,138.593333,2019-11-01 19:13:00
2019-11-01_2306.dat,17.458333,84.71,2019-11-01 23:06:00
2019-11-02_0300.dat,35.09,139.336667,2019-11-02 03:00:00
2019-11-02_0836.dat,12.275,110.24,2019-11-02 08:36:00
2019-11-05_0857.dat,11.97,44.312167,2019-11-05 08:57:00
2019-11-05_2033.dat,35.576667,139.436667,2019-11-05 20:33:00
2019-11-06_0225.dat,35.036667,139.438333,2019-11-06 02:25:00
2019-11-06_0946.dat,8.271667,96.118333,2019-11-06 09:46:00
2019-11-07_0958.dat,17.405,83.505,2019-11-07 09:58:00
2019-11-08_0845.dat,11.666667,44.725,2019-11-08 08:45:00
2019-11-09_0037.dat,17.37,83.636667,2019-11-09 00:37:00
2019-11-09_0145.dat,17.49,83.633333,2019-11-09 01:45:00
2019-11-09_0320.dat,17.386667,83.69,2019-11-09 03:20:00
2019-11-09_0533.dat,17.26,83.868333,2019-11-09 05:33:00
2019-11-09_0854.dat,12.975,48.995,2019-11-09 08:54:00
2019-11-09_1021.dat,13.983333,88.468333,2019-11-09 10:21:00
2019-11-09_1619.dat,17.283333,83.691667,2019-11-09 16:19:00
2019-11-10_0055.dat,17.318333,83.805,2019-11-10 00:55:00
2019-11-10_0309.dat,17.336667,83.723333,2019-11-10 03:09:00
2019-11-10_0515.dat,17.288333,83.771667,2019-11-10 05:15:00
2019-11-10_0650.dat,17.321667,83.756667,2019-11-10 06:50:00
2019-11-10_0752.dat,14.646667,51.381667,2019-11-10 07:52:00
2019-11-10_0854.dat,34.646667,140.1,2019-11-10 08:54:00
2019-11-10_1431.dat,34.268333,140.256667,2019-11-10 14:31:00
2019-11-10_2009.dat,33.943333,140.94,2019-11-10 20:09:00
2019-11-11_0547.dat,19.0,7.0,2019-11-11 05:47:00
2019-11-11_0801.dat,34.115,140.79,2019-11-11 08:01:00
2019-11-11_1355.dat,33.835,140.455,2019-11-11 13:55:00
2019-11-11_1932.dat,33.79,140.685,2019-11-11 19:32:00
2019-11-11_2102.dat,13.8,80.95,2019-11-11 21:02:00
2019-11-12_0012.dat,18.368333,71.946667,2019-11-12 00:12:00
2019-11-12_0204.dat,33.138333,141.375,2019-11-12 02:04:00
2019-11-12_0910.dat,32.996667,141.005,2019-11-12 09:10:00
2019-11-12_1528.dat,32.948333,140.78,2019-11-12 15:28:00
2019-11-13_0157.dat,32.473333,141.273333,2019-11-13 01:57:00
2019-11-13_0626.dat,17.533333,72.475,2019-11-13 06:26:00
2019-11-13_0759.dat,32.335,141.276667,2019-11-13 07:59:00
2019-11-13_1402.dat,32.888333,140.625,2019-11-13 14:02:00
2019-11-13_1634.dat,16.416,71.418167,2019-11-13 16:34:00
2019-11-13_1746.dat,16.455,71.42,2019-11-13 17:46:00
2019-11-13_1749.dat,16.553333,71.37,2019-11-13 17:49:00
2019-11-13_1828.dat,16.6265,71.298,2019-11-13 18:28:00
2019-11-14_0631.dat,17.331667,56.893333,2019-11-14 06:31:00
2019-11-14_0645.dat,16.918333,70.838333,2019-11-14 06:45:00
2019-11-14_0703.dat,16.918333,70.838333,2019-11-14 07:03:00
2019-11-14_0911.dat,33.846667,140.448333,2019-11-14 09:11:00
2019-11-14_0921.dat,14.876667,82.166667,2019-11-14 09:21:00
2019-11-14_1026.dat,34.071667,140.495,2019-11-14 10:26:00
2019-11-15_0547.dat,15.883333,70.99,2019-11-15 05:47:00
2019-11-15_0614.dat,15.806667,70.955,2019-11-15 06:14:00
2019-11-15_0630.dat,20.301667,59.308333,2019-11-15 06:30:00
2019-11-15_0919.dat,15.65,70.538333,2019-11-15 09:19:00
2019-11-15_1403.dat,17.81,83.948333,2019-11-15 14:03:00
2019-11-16_0510.dat,16.45,71.05,2019-11-16 05:10:00
2019-11-16_0545.dat,23.546667,59.368333,2019-11-16 05:45:00
2019-11-16_0632.dat,15.021667,72.17,2019-11-16 06:32:00
2019-11-16_0816.dat,15.085,72.063333,2019-11-16 08:16:00
2019-11-16_1052.dat,15.303667,72.014667,2019-11-16 10:52:00
2019-11-16_1059.dat,15.35,71.953333,2019-11-16 10:59:00
2019-11-16_1134.dat,15.42,72.02,2019-11-16 11:34:00
2019-11-16_1150.dat,15.42,72.02,2019-11-16 11:50:00
2019-11-16_1715.dat,15.875,71.371667,2019-11-16 17:15:00
2019-11-17_0429.dat,14.668333,72.7085,2019-11-17 04:29:00
2019-11-17_0451.dat,17.405,83.72,2019-11-17 04:51:00
2019-11-17_0533.dat,14.8215,72.753167,2019-11-17 05:33:00
2019-11-17_0540.dat,12.0,72.0,2019-11-17 05:40:00
2019-11-17_0604.dat,23.935,58.991667,2019-11-17 06:04:00
2019-11-17_0606.dat,14.924667,72.690167,2019-11-17 06:06:00
2019-11-17_0611.dat,14.91,72.698333,2019-11-17 06:11:00
2019-11-17_0616.dat,14.883333,72.706667,2019-11-17 06:16:00
2019-11-17_0757.dat,15.853333,72.013333,2019-11-17 07:57:00
2019-11-17_0915.dat,6.903167,82.208333,2019-11-17 09:15:00
2019-11-17_1051.dat,15.133333,72.516667,2019-11-17 10:51:00
2019-11-17_1104.dat,15.23,72.611667,2019-11-17 11:04:00
2019-11-17_1201.dat,15.428333,72.441667,2019-11-17 12:01:00
2019-11-17_1334.dat,15.526667,72.415,2019-11-17 13:34:00
2019-11-17_1525.dat,15.991667,69.783333,2019-11-17 15:25:00
2019-11-17_1627.dat,15.82,69.855,2019-11-17 16:27:00
2019-11-17_1726.dat,15.383333,69.758333,2019-11-17 17:26:00
2019-11-17_1938.dat,15.355,70.038333,2019-11-17 19:38:00
2019-11-18_0521.dat,13.286667,70.8,2019-11-18 05:21:00
2019-11-18_0814.dat,2.855,78.446667,2019-11-18 08:14:00
2019-11-18_1427.dat,34.203333,138.205,2019-11-18 14:27:00
2019-11-18_1814.dat,13.106667,73.44,2019-11-18 18:14:00
2019-11-18_1913.dat,33.668333,137.013333,2019-11-18 19:13:00
2019-11-19_0125.dat,0.509333,75.189,2019-11-19 01:25:00
2019-11-19_0235.dat,32.903333,135.301667,2019-11-19 02:35:00
2019-11-19_0502.dat,10.536667,74.066667,2019-11-19 05:02:00
2019-11-19_0627.dat,15.858333,83.916667,2019-11-19 06:27:00
2019-11-19_0842.dat,16.001667,83.973333,2019-11-19 08:42:00
2019-11-19_0849.dat,32.608333,134.568333,2019-11-19 08:49:00
2019-11-19_0857.dat,0.457833,73.965,2019-11-19 08:57:00
2019-11-19_1426.dat,1.029167,73.0295,2019-11-19 14:26:00
2019-11-19_1529.dat,31.661667,132.553333,2019-11-19 15:29:00
2019-11-19_1749.dat,9.288333,74.22,2019-11-19 17:49:00
2019-11-19_1753.dat,9.233333,74.301667,2019-11-19 17:53:00
2019-11-19_1920.dat,9.35,74.566667,2019-11-19 19:20:00
2019-11-20_0159.dat,31.175,129.855,2019-11-20 01:59:00
2019-11-20_0615.dat,23.123333,60.16,2019-11-20 06:15:00
2019-11-20_0708.dat,7.94,75.868333,2019-11-20 07:08:00
2019-11-20_0823.dat,32.025,128.79,2019-11-20 08:23:00
2019-11-20_1037.dat,-4.306833,69.679833,2019-11-20 10:37:00
2019-11-20_1437.dat,32.841667,128.488333,2019-11-20 14:37:00
2019-11-21_0538.dat,9.118333,75.321667,2019-11-21 05:38:00
2019-11-22_0600.dat,19.365,69.805,2019-11-22 06:00:00
2019-11-22_0804.dat,-12.366667,62.470667,2019-11-22 08:04:00
2019-11-23_0541.dat,20.18,88.588333,2019-11-23 05:41:00
2019-11-23_0559.dat,20.221667,88.561667,2019-11-23 05:59:00
2019-11-23_0622.dat,21.321667,88.571667,2019-11-23 06:22:00
2019-11-23_0654.dat,-17.275,60.353333,2019-11-23 06:54:00
2019-11-23_1224.dat,17.64,83.966667,2019-11-23 12:24:00
2019-11-23_1956.dat,32.721667,127.698333,2019-11-23 19:56:00
2019-11-24_0121.dat,31.393333,127.405,2019-11-24 01:21:00
2019-11-24_0821.dat,-21.665,57.948333,2019-11-24 08:21:00
2019-11-24_0947.dat,30.103333,126.946667,2019-11-24 09:47:00
2019-11-24_1514.dat,28.73,126.396667,2019-11-24 15:14:00
2019-11-24_2029.dat,27.55,126.006667,2019-11-24 20:29:00
2019-11-25_0231.dat,26.24,125.555,2019-11-25 02:31:00
2019-11-25_0533.dat,15.135,72.786667,2019-11-25 05:33:00
2019-11-25_0838.dat,25.285,125.346667,2019-11-25 08:38:00
2019-11-25_1510.dat,24.243333,124.648333,2019-11-25 15:10:00
2019-11-25_1722.dat,15.751667,72.803333,2019-11-25 17:22:00
2019-11-25_2108.dat,23.16,123.496667,2019-11-25 21:08:00
2019-11-25_2345.dat,15.785,72.156667,2019-11-25 23:45:00
2019-11-26_0245.dat,22.318333,122.585,2019-11-26 02:45:00
2019-11-26_1703.dat,20.343333,120.3,2019-11-26 17:03:00
2019-11-26_2041.dat,17.088333,84.24,2019-11-26 20:41:00
2019-11-26_2052.dat,19.715,119.61,2019-11-26 20:52:00
2019-11-27_0311.dat,18.666667,118.371667,2019-11-27 03:11:00
2019-11-27_0518.dat,15.966667,71.005,2019-11-27 05:18:00
2019-11-27_1044.dat,17.491667,117.023333,2019-11-27 10:44:00
2019-11-27_2146.dat,15.708333,115.158333,2019-11-27 21:46:00
2019-11-28_0328.dat,14.8,114.226667,2019-11-28 03:28:00
2019-11-28_0428.dat,15.701667,83.833333,2019-11-28 04:28:00
2019-11-28_0952.dat,13.616667,133.011667,2019-11-28 09:52:00
2019-11-28_1519.dat,16.37,70.763333,2019-11-28 15:19:00
2019-11-28_1723.dat,16.2,83.966667,2019-11-28 17:23:00
2019-11-28_1811.dat,12.251667,111.651667,2019-11-28 18:11:00
2019-11-28_2132.dat,11.718333,111.076667,2019-11-28 21:32:00
2019-11-29_0341.dat,17.266667,83.755,2019-11-29 03:41:00
2019-11-29_0345.dat,10.733333,110.078333,2019-11-29 03:45:00
2019-11-29_0924.dat,-21.256667,58.0225,2019-11-29 09:24:00
2019-11-29_1158.dat,5.67,98.046667,2019-11-29 11:58:00
2019-11-29_1705.dat,16.956667,71.566667,2019-11-29 17:05:00
2019-11-29_2210.dat,16.85,71.616667,2019-11-29 22:10:00
2019-11-30_0505.dat,14.988333,83.698333,2019-11-30 05:05:00
2019-11-30_1018.dat,16.78,71.495,2019-11-30 10:18:00
2019-11-30_1105.dat,17.77,84.0,2019-11-30 11:05:00
2019-11-30_1151.dat,17.611667,84.19,2019-11-30 11:51:00
2019-11-30_1231.dat,17.56,84.136667,2019-11-30 12:31:00
2019-11-30_1319.dat,17.636667,84.04,2019-11-30 13:19:00
2019-11-30_1331.dat,17.65,83.996667,2019-11-30 13:31:00
2019-11-30_1419.dat,16.775,71.397833,2019-11-30 14:19:00
2019-11-30_1442.dat,5.47,98.703333,2019-11-30 14:42:00
2019-11-30_1801.dat,16.690667,71.4635,2019-11-30 18:01:00
2019-11-30_2009.dat,16.561333,71.372167,2019-11-30 20:09:00
2019-11-30_2228.dat,6.201667,98.068333,2019-11-30 22:28:00
2019-12-01_0221.dat,-21.291667,58.086667,2019-12-01 02:21:00
2019-12-01_0324.dat,6.865,97.258333,2019-12-01 03:24:00
2019-12-01_0521.dat,13.993333,84.813333,2019-12-01 05:21:00
2019-12-01_0808.dat,6.801667,96.886667,2019-12-01 08:08:00
2019-12-01_0816.dat,-22.196667,57.541667,2019-12-01 08:16:00
2019-12-01_0934.dat,16.691333,71.4555,2019-12-01 09:34:00
2019-12-01_0950.dat,16.676667,71.3555,2019-12-01 09:50:00
2019-12-01_1151.dat,16.730667,71.394833,2019-12-01 11:51:00
2019-12-01_1222.dat,65.785,96.895,2019-12-01 12:22:00
2019-12-01_1308.dat,-21.485,58.061667,2019-12-01 13:08:00
2019-12-01_1553.dat,6.941667,96.855,2019-12-01 15:53:00
2019-12-01_1618.dat,16.676667,71.3555,2019-12-01 16:18:00
2019-12-01_1909.dat,-22.163333,57.63,2019-12-01 19:09:00
2019-12-01_2003.dat,16.6,71.395,2019-12-01 20:03:00
2019-12-01_2143.dat,6.813333,96.866667,2019-12-01 21:43:00
2019-12-02_0104.dat,-21.608333,58.058333,2019-12-02 01:04:00
2019-12-02_0113.dat,6.808333,96.685,2019-12-02 01:13:00
2019-12-02_0351.dat,16.901667,71.515,2019-12-02 03:51:00
2019-12-02_0540.dat,6.756667,96.605,2019-12-02 05:40:00
2019-12-02_0700.dat,-22.008333,57.821667,2019-12-02 07:00:00
2019-12-02_1137.dat,7.073333,96.606667,2019-12-02 11:37:00
2019-12-02_1204.dat,6.82,95.941667,2019-12-02 12:04:00
2019-12-02_1757.dat,6.938333,96.39,2019-12-02 17:57:00
2019-12-02_1846.dat,7.501667,96.938333,2019-12-02 18:46:00
2019-12-02_1856.dat,7.503333,96.938333,2019-12-02 18:56:00
2019-12-02_1900.dat,-21.085,57.919167,2019-12-02 19:00:00
2019-12-02_1902.dat,7.503333,96.938333,2019-12-02 19:02:00
2019-12-03_0056.dat,-21.998333,57.95,2019-12-03 00:56:00
2019-12-03_0640.dat,6.833333,95.453333,2019-12-03 06:40:00
2019-12-03_0703.dat,-22.02,57.976167,2019-12-03 07:03:00
2019-12-03_0918.dat,-22.36,57.74,2019-12-03 09:18:00
2019-12-03_1153.dat,6.935,96.105,2019-12-03 11:53:00
2019-12-03_1312.dat,-22.366667,57.766667,2019-12-03 13:12:00
2019-12-03_1601.dat,7.216667,95.135,2019-12-03 16:01:00
2019-12-03_1913.dat,-21.698333,58.281667,2019-12-03 19:13:00
2019-12-03_2334.dat,7.006667,94.691667,2019-12-03 23:34:00
2019-12-04_0053.dat,-22.53,57.746667,2019-12-04 00:53:00
2019-12-04_0510.dat,7.123333,94.553333,2019-12-04 05:10:00
2019-12-04_0654.dat,-21.665,58.478833,2019-12-04 06:54:00
2019-12-04_1300.dat,-22.528333,57.783333,2019-12-04 13:00:00
2019-12-04_1851.dat,4.246667,105.776667,2019-12-04 18:51:00
2019-12-04_1910.dat,-21.846667,58.306667,2019-12-04 19:10:00
2019-12-04_1913.dat,6.703333,94.456667,2019-12-04 19:13:00
2019-12-04_1919.dat,-21.81,58.326667,2019-12-04 19:19:00
2019-12-05_0521.dat,6.855,94.416667,2019-12-05 05:21:00
2019-12-05_0703.dat,-21.958333,58.323,2019-12-05 07:03:00
2019-12-05_1007.dat,6.821667,94.435,2019-12-05 10:07:00
2019-12-05_1327.dat,-2.661667,57.878333,2019-12-05 13:27:00
2019-12-05_1728.dat,-22.315,58.163333,2019-12-05 17:28:00
2019-12-05_1914.dat,6.853333,94.24,2019-12-05 19:14:00
2019-12-06_0103.dat,-22.021667,58.416667,2019-12-06 01:03:00
2019-12-06_0646.dat,-22.626667,58.038333,2019-12-06 06:46:00
2019-12-06_1204.dat,6.816667,94.425,2019-12-06 12:04:00
2019-12-06_1213.dat,6.816667,94.425,2019-12-06 12:13:00
2019-12-06_1908.dat,-22.33,58.341667,2019-12-06 19:08:00
2019-12-07_0319.dat,-20.846667,57.783333,2019-12-07 03:19:00
2019-12-07_0527.dat,-20.55,57.535,2019-12-07 05:27:00
2019-12-07_0537.dat,7.228333,97.565,2019-12-07 05:37:00
2019-12-07_1759.dat,8.841667,96.575,2019-12-07 17:59:00
2019-12-07_2327.dat,9.955,96.508333,2019-12-07 23:27:00
2019-12-08_0110.dat,-20.458333,57.453333,2019-12-08 01:10:00
2019-12-08_0720.dat,-20.561667,57.486667,2019-12-08 07:20:00
2019-12-08_0725.dat,-20.561667,57.486667,2019-12-08 07:25:00
2019-12-08_1506.dat,-20.535,57.528333,2019-12-08 15:06:00
2019-12-08_1823.dat,11.393333,96.008333,2019-12-08 18:23:00
2019-12-08_2335.dat,11.198333,94.926667,2019-12-08 23:35:00
2019-12-09_0526.dat,11.478333,93.748333,2019-12-09 05:26:00
2019-12-09_0935.dat,17.545,83.673333,2019-12-09 09:35:00
2019-12-09_1540.dat,17.238333,83.933333,2019-12-09 15:40:00
2019-12-09_1550.dat,17.693333,83.92,2019-12-09 15:50:00
2019-12-09_1611.dat,17.67,83.896667,2019-12-09 16:11:00
2019-12-09_1622.dat,17.631667,83.86,2019-12-09 16:22:00
2019-12-09_2228.dat,17.291667,71.691667,2019-12-09 22:28:00
2019-12-10_0001.dat,17.24,71.723333,2019-12-10 00:01:00
2019-12-10_0051.dat,17.186667,71.773333,2019-12-10 00:51:00
2019-12-10_0144.dat,17.24,71.801667,2019-12-10 01:44:00
2019-12-10_0235.dat,17.241667,71.69,2019-12-10 02:35:00
2019-12-10_0402.dat,17.235,71.546667,2019-12-10 04:02:00
2019-12-10_0430.dat,17.385,71.25,2019-12-10 04:30:00
2019-12-10_0537.dat,9.906667,90.87,2019-12-10 05:37:00
2019-12-10_1755.dat,5.751667,90.1,2019-12-10 17:55:00
2019-12-10_1806.dat,5.751667,90.1,2019-12-10 18:06:00
2019-12-10_2314.dat,17.338333,72.388333,2019-12-10 23:14:00
2019-12-11_0527.dat,7.13,84.773333,2019-12-11 05:27:00
2019-12-12_0138.dat,17.036667,84.158333,2019-12-12 01:38:00
2019-12-12_0430.dat,17.255,83.753333,2019-12-12 04:30:00
2019-12-12_0437.dat,17.271667,83.753333,2019-12-12 04:37:00
2019-12-12_0549.dat,17.45,71.185,2019-12-12 05:49:00
2019-12-12_0607.dat,16.083333,83.616667,2019-12-12 06:07:00
2019-12-12_0704.dat,17.213333,83.858333,2019-12-12 07:04:00
2019-12-13_0117.dat,17.51,71.718333,2019-12-13 01:17:00
2019-12-13_0421.dat,15.215,8.666667,2019-12-13 04:21:00
2019-12-13_0443.dat,15.215,84.011667,2019-12-13 04:43:00
2019-12-13_0516.dat,17.586667,71.753333,2019-12-13 05:16:00
2019-12-13_0521.dat,6.643333,85.846667,2019-12-13 05:21:00
2019-12-13_0811.dat,-20.57,57.525,2019-12-13 08:11:00
2019-12-13_1410.dat,-20.548333,57.545,2019-12-13 14:10:00
2019-12-13_1649.dat,16.456667,83.825,2019-12-13 16:49:00
2019-12-14_0426.dat,16.42,83.04,2019-12-14 04:26:00
2019-12-14_0457.dat,16.54,83.993333,2019-12-14 04:57:00
2019-12-14_0549.dat,13.755,84.555,2019-12-14 05:49:00
2019-12-14_0735.dat,20.56,57.5285,2019-12-14 07:35:00
2019-12-14_1438.dat,-20.573333,57.422333,2019-12-14 14:38:00
2019-12-14_1502.dat,16.655,84.136667,2019-12-14 15:02:00
2019-12-14_1554.dat,16.616667,84.133333,2019-12-14 15:54:00
2019-12-14_1558.dat,16.621667,84.136667,2019-12-14 15:58:00
2019-12-14_1605.dat,16.573333,84.136667,2019-12-14 16:05:00
2019-12-14_1612.dat,16.558333,84.133333,2019-12-14 16:12:00
2019-12-14_1908.dat,16.618333,84.49,2019-12-14 19:08:00
2019-12-14_2235.dat,16.603333,84.193333,2019-12-14 22:35:00
2019-12-14_2319.dat,16.753333,84.19,2019-12-14 23:19:00
2019-12-15_0109.dat,-21.708333,58.503333,2019-12-15 01:09:00
2019-12-15_0251.dat,16.658333,84.633333,2019-12-15 02:51:00
2019-12-15_0716.dat,-22.528333,58.251667,2019-12-15 07:16:00
2019-12-15_2010.dat,16.516667,84.62,2019-12-15 20:10:00
2019-12-16_0057.dat,-22.676667,58.286667,2019-12-16 00:57:00
2019-12-16_0542.dat,16.071667,72.491667,2019-12-16 05:42:00
2019-12-16_1254.dat,-22.825,58.271667,2019-12-16 12:54:00
2019-12-16_1846.dat,-22.448333,58.588333,2019-12-16 18:46:00
2019-12-16_1859.dat,-22.481667,58.565,2019-12-16 18:59:00
2019-12-17_0100.dat,-22.955,58.28,2019-12-17 01:00:00
2019-12-17_0234.dat,15.373667,72.538833,2019-12-17 02:34:00
2019-12-17_0428.dat,19.76,89.355,2019-12-17 04:28:00
2019-12-17_0627.dat,17.366667,69.866667,2019-12-17 06:27:00
2019-12-17_0659.dat,-22.436667,58.688333,2019-12-17 06:59:00
2019-12-17_1130.dat,15.745,72.956667,2019-12-17 11:30:00
2019-12-17_1152.dat,-23.198333,58.164833,2019-12-17 11:52:00
2019-12-17_1214.dat,17.333333,70.566667,2019-12-17 12:14:00
2019-12-17_1737.dat,5.383333,82.551667,2019-12-17 17:37:00
2019-12-17_1854.dat,-22.448333,58.738333,2019-12-17 18:54:00
2019-12-18_0100.dat,-23.151667,58.28,2019-12-18 01:00:00
2019-12-18_0657.dat,-22.521667,58.748333,2019-12-18 06:57:00
2019-12-18_0847.dat,-22.39,58.8355,2019-12-18 08:47:00
2019-12-18_1253.dat,-22.341667,58.056667,2019-12-18 12:53:00
2019-12-18_1852.dat,7.298333,76.940333,2019-12-18 18:52:00
2019-12-18_1901.dat,-21.673333,57.891667,2019-12-18 19:01:00
2019-12-18_1954.dat,15.38,72.818,2019-12-18 19:54:00
2019-12-19_0100.dat,15.260667,72.375167,2019-12-19 01:00:00
2019-12-19_0116.dat,6.388333,76.951667,2019-12-19 01:16:00
2019-12-19_0130.dat,6.388333,76.951667,2019-12-19 01:30:00
2019-12-19_0658.dat,-20.548333,57.519833,2019-12-19 06:58:00
2019-12-19_1302.dat,-20.641667,57.553333,2019-12-19 13:02:00
2019-12-19_1859.dat,20.568333,57.448333,2019-12-19 18:59:00
2019-12-20_0130.dat,17.383333,83.751667,2019-12-20 01:30:00
2019-12-20_0407.dat,17.305,83.828333,2019-12-20 04:07:00
2019-12-20_0602.dat,17.13,83.973333,2019-12-20 06:02:00
2019-12-20_0614.dat,17.13,83.973333,2019-12-20 06:14:00
2019-12-20_0702.dat,20.576667,57.393333,2019-12-20 07:02:00
2019-12-20_1114.dat,17.195,83.981667,2019-12-20 11:14:00
2019-12-20_1948.dat,5.05,80.905,2019-12-20 19:48:00
2019-12-21_1146.dat,6.233333,76.9435,2019-12-21 11:46:00
2019-12-21_2046.dat,6.141667,77.188333,2019-12-21 20:46:00
2019-12-22_0608.dat,6.278333,76.906,2019-12-22 06:08:00
2019-12-22_1202.dat,4.52,80.368333,2019-12-22 12:02:00
2019-12-23_0016.dat,18.983333,69.786667,2019-12-23 00:16:00
2019-12-23_0232.dat,18.883333,69.666667,2019-12-23 02:32:00
2019-12-23_0749.dat,18.933333,69.571667,2019-12-23 07:49:00
2019-12-23_0900.dat,9.338333,72.793333,2019-12-23 09:00:00
2019-12-23_0919.dat,7.0,72.0,2019-12-23 09:19:00
2019-12-23_1206.dat,18.266667,85.966667,2019-12-23 12:06:00
2019-12-23_1405.dat,7.78,72.823333,2019-12-23 14:05:00
2019-12-23_1444.dat,9.246667,72.606833,2019-12-23 14:44:00
2019-12-24_0306.dat,9.478667,72.020333,2019-12-24 03:06:00
2019-12-24_0558.dat,71.0,9.0,2019-12-24 05:58:00
2019-12-24_0642.dat,9.0,71.0,2019-12-24 06:42:00
2019-12-24_1153.dat,9.353333,70.986667,2019-12-24 11:53:00
2019-12-24_1200.dat,9.341667,70.985,2019-12-24 12:00:00
2019-12-24_1926.dat,9.4205,71.278167,2019-12-24 19:26:00
2019-12-25_0610.dat,11.441667,70.935,2019-12-25 06:10:00
2019-12-27_0120.dat,-18.768333,57.171667,2019-12-27 01:20:00
2019-12-27_0455.dat,15.57,82.67,2019-12-27 04:55:00
2019-12-27_0704.dat,-17.58,56.9725,2019-12-27 07:04:00
2019-12-27_1253.dat,-16.475,56.790167,2019-12-27 12:53:00
2019-12-27_1859.dat,-15.251667,56.59,2019-12-27 18:59:00
2019-12-28_0006.dat,16.005,69.408333,2019-12-28 00:06:00
2019-12-28_0052.dat,-14.078333,56.53,2019-12-28 00:52:00
2019-12-28_0055.dat,17.23,83.803333,2019-12-28 00:55:00
2019-12-28_0109.dat,17.23,83.803333,2019-12-28 01:09:00
2019-12-28_0230.dat,17.34,83.8,2019-12-28 02:30:00
2019-12-28_0507.dat,17.185,83.921667,2019-12-28 05:07:00
2019-12-28_0513.dat,15.615,82.721667,2019-12-28 05:13:00
2019-12-28_0532.dat,15.875,71.571667,2019-12-28 05:32:00
2019-12-28_0539.dat,15.875,71.571667,2019-12-28 05:39:00
2019-12-28_0653.dat,-12.845,56.135,2019-12-28 06:53:00
2019-12-28_1116.dat,16.07,71.641667,2019-12-28 11:16:00
2019-12-28_1124.dat,16.036667,71.641667,2019-12-28 11:24:00
2019-12-28_1241.dat,16.489833,90.1675,2019-12-28 12:41:00
2019-12-28_1301.dat,-11.806667,55.415333,2019-12-28 13:01:00
2019-12-28_1933.dat,15.888333,71.746667,2019-12-28 19:33:00
2019-12-28_1937.dat,-10.145,55.663333,2019-12-28 19:37:00
2019-12-28_2017.dat,18.485833,68.756,2019-12-28 20:17:00
2019-12-29_0059.dat,-9.011667,55.58,2019-12-29 00:59:00
2019-12-29_0448.dat,15.841667,83.338333,2019-12-29 04:48:00
2019-12-29_0707.dat,-7.806667,55.388667,2019-12-29 07:07:00
2019-12-29_0737.dat,18.636667,69.106667,2019-12-29 07:37:00
2019-12-29_1256.dat,6.586667,55.218333,2019-12-29 12:56:00
2019-12-29_1915.dat,15.866667,71.366667,2019-12-29 19:15:00
2019-12-30_0052.dat,-5.15,55.283333,2019-12-30 00:52:00
2019-12-30_0105.dat,17.198333,83.981667,2019-12-30 01:05:00
2019-12-30_0202.dat,17.221667,83.883333,2019-12-30 02:02:00
2019-12-30_0235.dat,15.821667,72.138333,2019-12-30 02:35:00
2019-12-30_0243.dat,15.821667,72.138333,2019-12-30 02:43:00
2019-12-30_0442.dat,16.236667,71.593333,2019-12-30 04:42:00
2019-12-30_0445.dat,17.131667,84.251667,2019-12-30 04:45:00
2019-12-30_0451.dat,16.236667,71.593333,2019-12-30 04:51:00
2019-12-30_0502.dat,17.131667,84.251667,2019-12-30 05:02:00
2019-12-30_0508.dat,17.131667,84.251667,2019-12-30 05:08:00
2019-12-30_0517.dat,17.131667,84.251667,2019-12-30 05:17:00
2019-12-30_0538.dat,16.353333,71.433333,2019-12-30 05:38:00
2019-12-30_0603.dat,17.183333,83.885,2019-12-30 06:03:00
2019-12-30_0634.dat,15.966667,70.783333,2019-12-30 06:34:00
2019-12-30_0715.dat,17.173333,83.836667,2019-12-30 07:15:00
2019-12-31_0140.dat,21.283333,67.073333,2019-12-31 01:40:00
2019-12-31_0245.dat,21.32,67.19,2019-12-31 02:45:00
2019-12-31_0457.dat,21.15,66.668333,2019-12-31 04:57:00
2019-12-31_0533.dat,21.291667,67.12,2019-12-31 05:33:00
2019-12-31_2010.dat,21.225,67.02,2019-12-31 20:10:00
2020-01-01_0528.dat,21.385,67.441667,2020-01-01 05:28:00
2020-01-02_1900.dat,23.021667,66.7,2020-01-02 19:00:00
2020-01-03_1836.dat,20.508333,68.778333,2020-01-03 18:36:00
2020-01-04_0021.dat,7.965,76.991667,2020-01-04 00:21:00
2020-01-04_0404.dat,17.403333,70.918333,2020-01-04 04:04:00
2020-01-06_1013.dat,17.566667,84.566667,2020-01-06 10:13:00
2020-01-06_1025.dat,17.566667,83.6,2020-01-06 10:25:00
2020-01-06_1658.dat,4.416667,91.316667,2020-01-06 16:58:00
2020-01-06_1707.dat,4.416667,91.316667,2020-01-06 17:07:00
2020-01-06_1926.dat,17.59,84.671667,2020-01-06 19:26:00
2020-01-06_2226.dat,17.801667,84.758333,2020-01-06 22:26:00
2020-01-07_0122.dat,17.701667,84.471667,2020-01-07 01:22:00
2020-01-07_0400.dat,17.518333,84.105,2020-01-07 04:00:00
2020-01-07_0630.dat,17.335,83.721667,2020-01-07 06:30:00
2020-01-07_1459.dat,16.886667,84.816667,2020-01-07 14:59:00
2020-01-08_0510.dat,17.151667,85.505,2020-01-08 05:10:00
2020-01-08_1300.dat,16.773333,84.616667,2020-01-08 13:00:00
2020-01-08_1735.dat,-16.758333,84.048333,2020-01-08 17:35:00
2020-01-18_1316.dat,-4.043333,56.5945,2020-01-18 13:16:00
2020-01-18_1925.dat,-3.378333,57.854667,2020-01-18 19:25:00
2020-01-19_0112.dat,-2.749333,59.042333,2020-01-19 01:12:00
2020-01-20_0046.dat,-0.5625,63.178333,2020-01-20 00:46:00
2020-01-20_0636.dat,0.047167,64.326667,2020-01-20 06:36:00
2020-01-20_1318.dat,0.678833,65.509,2020-01-20 13:18:00
2020-01-20_1827.dat,1.201667,66.494333,2020-01-20 18:27:00
2020-01-21_0642.dat,2.481667,68.915,2020-01-21 06:42:00
2020-01-21_1310.dat,3.088583,70.056867,2020-01-21 13:10:00
2020-01-21_1903.dat,3.678333,71.176667,2020-01-21 19:03:00
2020-01-21_2145.dat,19.608333,71.7045,2020-01-21 21:45:00
2020-01-22_0119.dat,4.286667,72.321833,2020-01-22 01:19:00
2020-01-22_0704.dat,4.823333,73.348333,2020-01-22 07:04:00
2020-01-22_1305.dat,5.270667,74.157833,2020-01-22 13:05:00
2020-01-23_0241.dat,6.365667,75.835833,2020-01-23 02:41:00
2020-01-23_1315.dat,7.324333,77.186167,2020-01-23 13:15:00
2020-01-23_1804.dat,16.0,84.0,2020-01-23 18:04:00
2020-01-24_0214.dat,17.261667,71.665,2020-01-24 02:14:00
2020-01-24_0306.dat,17.25,71.665,2020-01-24 03:06:00
2020-01-24_0405.dat,17.191667,71.645,2020-01-24 04:05:00
2020-01-24_0453.dat,17.088333,71.56,2020-01-24 04:53:00
2020-01-24_0548.dat,18.591667,70.483333,2020-01-24 05:48:00
2020-01-24_0553.dat,17.078333,71.528333,2020-01-24 05:53:00
2020-01-24_0622.dat,17.095,71.631667,2020-01-24 06:22:00
2020-01-24_0653.dat,6.233333,96.666667,2020-01-24 06:53:00
2020-01-24_0712.dat,17.083333,71.558333,2020-01-24 07:12:00
2020-01-24_0806.dat,18.616667,70.483333,2020-01-24 08:06:00
2020-01-24_0810.dat,17.051667,71.523333,2020-01-24 08:10:00
2020-01-24_1333.dat,18.458333,69.9545,2020-01-24 13:33:00
2020-01-25_0044.dat,17.053333,71.326667,2020-01-25 00:44:00
2020-01-25_0130.dat,17.053333,71.438333,2020-01-25 01:30:00
2020-01-25_0256.dat,17.055,71.601667,2020-01-25 02:56:00
2020-01-25_0442.dat,17.145,71.553333,2020-01-25 04:42:00
2020-01-25_0453.dat,17.895,70.853333,2020-01-25 04:53:00
2020-01-25_0506.dat,18.401667,70.208333,2020-01-25 05:06:00
2020-01-25_0553.dat,17.116667,71.601667,2020-01-25 05:53:00
2020-01-25_0648.dat,17.105,71.6,2020-01-25 06:48:00
2020-01-25_0652.dat,6.316667,96.916667,2020-01-25 06:52:00
2020-01-25_0721.dat,17.08,71.656667,2020-01-25 07:21:00
2020-01-25_0839.dat,17.096667,71.43,2020-01-25 08:39:00
2020-01-25_0918.dat,18.453333,69.8155,2020-01-25 09:18:00
2020-01-25_1109.dat,17.036667,71.378333,2020-01-25 11:09:00
2020-01-26_1047.dat,8.566667,78.5,2020-01-26 10:47:00
2020-01-27_1238.dat,5.888333,81.389167,2020-01-27 12:38:00
2020-01-28_1303.dat,15.09,72.635,2020-01-28 13:03:00
2020-01-28_1312.dat,10.11,81.461833,2020-01-28 13:12:00
2020-01-28_1851.dat,20.55,66.235,2020-01-28 18:51:00
2020-01-28_1857.dat,20.55,66.235,2020-01-28 18:57:00
2020-01-28_2006.dat,15.761667,72.49,2020-01-28 20:06:00
2020-01-29_0036.dat,12.451667,80.628333,2020-01-29 00:36:00
2020-01-29_0236.dat,16.033333,72.408333,2020-01-29 02:36:00
2020-01-29_1017.dat,22.303333,62.986667,2020-01-29 10:17:00
2020-01-29_1345.dat,15.778333,72.405,2020-01-29 13:45:00
2020-01-29_1452.dat,15.791667,72.468333,2020-01-29 14:52:00
2020-01-29_1710.dat,22.865,62.195,2020-01-29 17:10:00
2020-01-29_2038.dat,15.74,72.372667,2020-01-29 20:38:00
2020-01-30_0052.dat,23.62,60.52,2020-01-30 00:52:00
2020-01-30_2107.dat,22.368333,60.541667,2020-01-30 21:07:00
2020-01-31_0047.dat,21.758333,60.235,2020-01-31 00:47:00
2020-01-31_0631.dat,6.635,95.073333,2020-01-31 06:31:00
2020-01-31_1333.dat,19.563333,59.033333,2020-01-31 13:33:00
2020-01-31_1617.dat,19.806667,59.323333,2020-01-31 16:17:00
2020-01-31_2159.dat,16.125,72.521667,2020-01-31 21:59:00
2020-02-01_0558.dat,15.308333,72.776667,2020-02-01 05:58:00
2020-02-01_0705.dat,15.108333,72.861667,2020-02-01 07:05:00
2020-02-02_1000.dat,24.053333,59.106667,2020-02-02 10:00:00
2020-02-03_0742.dat,15.758333,72.651667,2020-02-03 07:42:00
2020-02-03_0938.dat,6.716667,94.033333,2020-02-03 09:38:00
2020-02-03_1751.dat,15.915,72.57,2020-02-03 17:51:00
2020-02-04_0156.dat,15.616667,72.4,2020-02-04 01:56:00
2020-02-05_0418.dat,15.061667,72.056667,2020-02-05 04:18:00
2020-02-05_1945.dat,17.196667,70.963333,2020-02-05 19:45:00
2020-02-06_0030.dat,14.761667,72.782667,2020-02-06 00:30:00
2020-02-06_0321.dat,14.883333,72.871,2020-02-06 03:21:00
2020-02-06_0553.dat,17.175,70.841667,2020-02-06 05:53:00
2020-02-06_0637.dat,11.455,92.99,2020-02-06 06:37:00
2020-02-06_0829.dat,14.781667,72.698333,2020-02-06 08:29:00
2020-02-07_0656.dat,11.536667,93.075,2020-02-07 06:56:00
2020-02-10_0508.dat,16.25,71.716667,2020-02-10 05:08:00
2020-02-10_0538.dat,17.848333,70.865667,2020-02-10 05:38:00
2020-02-10_1803.dat,15.073333,72.418333,2020-02-10 18:03:00
2020-02-11_0550.dat,15.028333,72.059167,2020-02-11 05:50:00
2020-02-11_0552.dat,14.25,72.283333,2020-02-11 05:52:00
2020-02-11_1612.dat,15.216667,72.243333,2020-02-11 16:12:00
2020-02-11_2158.dat,15.751667,72.571667,2020-02-11 21:58:00
2020-02-12_0912.dat,10.05,87.55,2020-02-12 09:12:00
2020-02-12_0933.dat,10.061667,87.558333,2020-02-12 09:33:00
2020-02-13_0407.dat,15.871667,71.675333,2020-02-13 04:07:00
2020-02-13_0646.dat,6.563333,94.728667,2020-02-13 06:46:00
2020-02-13_0716.dat,6.465,89.481667,2020-02-13 07:16:00
2020-02-13_1114.dat,15.911667,71.766667,2020-02-13 11:14:00
2020-02-13_1118.dat,5.908333,89.746667,2020-02-13 11:18:00
2020-02-13_1703.dat,5.655,89.776667,2020-02-13 17:03:00
2020-02-13_1720.dat,16.79,71.3235,2020-02-13 17:20:00
2020-02-13_2244.dat,5.628333,89.138333,2020-02-13 22:44:00
2020-02-13_2249.dat,5.628333,89.138333,2020-02-13 22:49:00
2020-02-14_0537.dat,23.823333,63.09,2020-02-14 05:37:00
2020-02-14_0618.dat,5.788333,90.31,2020-02-14 06:18:00
2020-02-14_0659.dat,5.575,96.699167,2020-02-14 06:59:00
2020-02-14_0710.dat,5.136667,90.371667,2020-02-14 07:10:00
2020-02-14_1117.dat,5.433333,90.5,2020-02-14 11:17:00
2020-02-14_1449.dat,5.333333,90.57,2020-02-14 14:49:00
2020-02-14_1806.dat,5.483333,90.401667,2020-02-14 18:06:00
2020-02-14_2227.dat,5.59,90.11,2020-02-14 22:27:00
2020-02-15_0528.dat,21.698333,67.641667,2020-02-15 05:28:00
2020-02-15_0614.dat,5.235,89.098333,2020-02-15 06:14:00
2020-02-15_0700.dat,15.583333,71.9,2020-02-15 07:00:00
2020-02-15_0810.dat,24.205,64.121667,2020-02-15 08:10:00
2020-02-15_1711.dat,5.056667,88.813333,2020-02-15 17:11:00
2020-02-15_1913.dat,15.151667,72.108333,2020-02-15 19:13:00
2020-02-15_2258.dat,4.506667,88.98,2020-02-15 22:58:00
2020-02-16_0543.dat,15.091667,72.216667,2020-02-16 05:43:00
2020-02-16_0626.dat,5.24,89.405,2020-02-16 06:26:00
2020-02-16_0645.dat,24.37,63.16,2020-02-16 06:45:00
2020-02-16_1159.dat,5.02,89.681667,2020-02-16 11:59:00
2020-02-16_1551.dat,23.205,62.266667,2020-02-16 15:51:00
2020-02-16_1752.dat,4.598333,90.438333,2020-02-16 17:52:00
2020-02-16_2249.dat,4.96,90.951667,2020-02-16 22:49:00
2020-02-17_0604.dat,5.423333,91.133333,2020-02-17 06:04:00
2020-02-17_0608.dat,5.423333,91.133333,2020-02-17 06:08:00
2020-02-17_0615.dat,23.296667,65.818333,2020-02-17 06:15:00
2020-02-17_1110.dat,5.5,91.44,2020-02-17 11:10:00
2020-02-17_1536.dat,23.851667,64.46,2020-02-17 15:36:00
2020-02-17_1739.dat,5.458333,91.043333,2020-02-17 17:39:00
2020-02-17_2312.dat,5.628333,91.72,2020-02-17 23:12:00
2020-02-18_0529.dat,23.825,64.28,2020-02-18 05:29:00
2020-02-18_0609.dat,5.315,92.411667,2020-02-18 06:09:00
2020-02-18_0635.dat,17.506667,8.9595,2020-02-18 06:35:00
2020-02-18_1103.dat,5.596667,92.396667,2020-02-18 11:03:00
2020-02-18_1729.dat,5.35,92.4,2020-02-18 17:29:00
2020-02-18_2332.dat,5.61,92.73,2020-02-18 23:32:00
2020-02-19_0559.dat,4.678333,93.548333,2020-02-19 05:59:00
2020-02-19_0808.dat,23.695,64.17,2020-02-19 08:08:00
2020-02-19_1120.dat,4.003333,94.105,2020-02-19 11:20:00
2020-02-19_2259.dat,1.366667,96.42,2020-02-19 22:59:00
2020-02-20_0544.dat,-0.22,97.226667,2020-02-20 05:44:00
2020-02-20_1725.dat,0.256667,95.263333,2020-02-20 17:25:00
2020-02-20_1842.dat,0.58,94.923333,2020-02-20 18:42:00
2020-02-20_1850.dat,0.58,94.923333,2020-02-20 18:50:00
2020-02-21_0529.dat,3.333333,93.91,2020-02-21 05:29:00
2020-02-22_0432.dat,6.758333,95.715,2020-02-22 04:32:00
2020-02-22_1058.dat,24.021667,61.291667,2020-02-22 10:58:00
2020-02-22_1607.dat,6.736667,97.153333,2020-02-22 16:07:00
2020-02-23_0551.dat,8.685,94.935,2020-02-23 05:51:00
2020-02-25_1935.dat,11.25,17.25,2020-02-25 19:35:00
2020-02-26_1500.dat,15.485,72.361667,2020-02-26 15:00:00
2020-02-26_2011.dat,15.576667,72.278167,2020-02-26 20:11:00
2020-02-27_0600.dat,15.695,72.695,2020-02-27 06:00:00
2020-02-27_0606.dat,15.59,72.668667,2020-02-27 06:06:00
2020-02-27_0653.dat,24.306667,62.888333,2020-02-27 06:53:00
2020-02-27_1126.dat,15.0,57.0,2020-02-27 11:26:00
2020-02-28_0123.dat,15.738333,72.323333,2020-02-28 01:23:00
2020-02-28_0146.dat,17.123333,71.173833,2020-02-28 01:46:00
2020-02-28_0356.dat,17.175,72.716667,2020-02-28 03:56:00
2020-02-28_0655.dat,17.166667,71.2,2020-02-28 06:55:00
2020-02-28_0658.dat,17.161667,71.143333,2020-02-28 06:58:00
2020-02-28_0715.dat,16.865,84.293333,2020-02-28 07:15:00
2020-02-28_1310.dat,17.473333,83.816667,2020-02-28 13:10:00
2020-02-28_2141.dat,17.056667,71.175,2020-02-28 21:41:00
2020-02-29_0610.dat,23.466667,64.435,2020-02-29 06:10:00
2020-02-29_0705.dat,5.54,93.883333,2020-02-29 07:05:00
2020-03-01_0105.dat,17.69,83.905,2020-03-01 01:05:00
2020-03-02_0712.dat,23.923333,62.341667,2020-03-02 07:12:00
2020-03-02_1733.dat,16.955,84.836667,2020-03-02 17:33:00
2020-03-02_2030.dat,16.633333,84.135,2020-03-02 20:30:00
2020-03-03_0030.dat,6.5,72.166667,2020-03-03 00:30:00
2020-03-03_0523.dat,15.921667,83.66,2020-03-03 05:23:00
2020-03-03_0559.dat,15.875,83.47,2020-03-03 05:59:00
2020-03-03_0912.dat,15.396667,83.838333,2020-03-03 09:12:00
2020-03-03_0951.dat,6.415,72.42,2020-03-03 09:51:00
2020-03-03_1041.dat,15.905,83.921667,2020-03-03 10:41:00
2020-03-03_1312.dat,16.19,83.471667,2020-03-03 13:12:00
2020-03-03_1513.dat,16.441667,83.285,2020-03-03 15:13:00
2020-03-03_1526.dat,6.055,71.908333,2020-03-03 15:26:00
2020-03-03_1715.dat,15.226667,72.67,2020-03-03 17:15:00
2020-03-03_1717.dat,5.71,71.748333,2020-03-03 17:17:00
2020-03-03_1755.dat,16.65,83.401667,2020-03-03 17:55:00
2020-03-04_0010.dat,4.475,71.191667,2020-03-04 00:10:00
2020-03-04_0623.dat,3.305,70.708333,2020-03-04 06:23:00
2020-03-04_0815.dat,15.803333,72.371667,2020-03-04 08:15:00
2020-03-04_1206.dat,2.24,70.216667,2020-03-04 12:06:00
2020-03-04_1814.dat,1.238333,67.638333,2020-03-04 18:14:00
2020-03-05_0009.dat,0.145,69.25,2020-03-05 00:09:00
2020-03-05_0616.dat,-0.983333,68.716667,2020-03-05 06:16:00
2020-03-05_0635.dat,-1.033333,68.7,2020-03-05 06:35:00
2020-03-05_1206.dat,-2.056667,68.268333,2020-03-05 12:06:00
2020-03-05_1222.dat,-2.103333,68.253333,2020-03-05 12:22:00
2020-03-05_1753.dat,-3.133333,67.783333,2020-03-05 17:53:00
2020-03-06_0015.dat,-4.383333,67.233333,2020-03-06 00:15:00
2020-03-06_0603.dat,-5.718333,66.6,2020-03-06 06:03:00
2020-03-06_1044.dat,16.0,56.0,2020-03-06 10:44:00
2020-03-06_1237.dat,-6.966667,65.753333,2020-03-06 12:37:00
2020-03-06_1620.dat,9.8,75.395,2020-03-06 16:20:00
2020-03-06_1632.dat,9.783333,75.45,2020-03-06 16:32:00
2020-03-06_1641.dat,9.8,75.483333,2020-03-06 16:41:00
2020-03-06_1810.dat,-8.13,64.898333,2020-03-06 18:10:00
2020-03-06_2357.dat,-9.356667,64.01,2020-03-06 23:57:00
2020-03-07_0609.dat,-10.616667,62.966667,2020-03-07 06:09:00
2020-03-07_0610.dat,-10.616667,62.966667,2020-03-07 06:10:00
2020-03-07_1222.dat,-11.716667,61.816667,2020-03-07 12:22:00
2020-03-07_1804.dat,-12.371667,60.381667,2020-03-07 18:04:00
2020-03-08_0008.dat,-13.43,59.476667,2020-03-08 00:08:00
2020-03-08_0013.dat,-13.46,59.466667,2020-03-08 00:13:00
2020-03-08_0552.dat,-14.741667,59.088333,2020-03-08 05:52:00
2020-03-08_1241.dat,-16.413333,58.591667,2020-03-08 12:41:00
2020-03-08_1807.dat,-17.696667,58.198333,2020-03-08 18:07:00
2020-03-08_1813.dat,21.0,61.0,2020-03-08 18:13:00
2020-03-09_0007.dat,-18.911667,57.828333,2020-03-09 00:07:00
2020-03-11_1058.dat,15.0,57.0,2020-03-11 10:58:00
2020-03-12_1344.dat,12.95,80.753333,2020-03-12 13:44:00
2020-03-12_1354.dat,12.938333,80.785,2020-03-12 13:54:00
2020-03-13_1043.dat,13.0,49.0,2020-03-13 10:43:00
2020-03-13_1149.dat,-19.965,57.323333,2020-03-13 11:49:00
2020-03-13_1818.dat,-18.463333,58.005,2020-03-13 18:18:00
2020-03-14_0015.dat,-17.1,58.305,2020-03-14 00:15:00
2020-03-14_0601.dat,-15.66,58.76,2020-03-14 06:01:00
2020-03-14_0614.dat,-15.611667,58.778333,2020-03-14 06:14:00
2020-03-14_1200.dat,-14.388333,59.151667,2020-03-14 12:00:00
2020-03-14_1804.dat,-13.355,59.2,2020-03-14 18:04:00
2020-03-15_0006.dat,-12.395,58.98,2020-03-15 00:06:00
2020-03-15_0611.dat,-11.386667,68.808333,2020-03-15 06:11:00
2020-03-15_1212.dat,-10.351667,58.79,2020-03-15 12:12:00
2020-03-15_1803.dat,-9.341667,58.791667,2020-03-15 18:03:00
2020-03-16_0602.dat,-7.191667,58.79,2020-03-16 06:02:00
2020-03-16_1039.dat,12.0,52.0,2020-03-16 10:39:00
2020-03-16_1157.dat,-6.545,58.725,2020-03-16 11:57:00
2020-03-16_1751.dat,-5.755,58.688333,2020-03-16 17:51:00
2020-03-16_2356.dat,-4.711667,58.671667,2020-03-16 23:56:00
2020-03-17_0557.dat,-3.685,58.701667,2020-03-17 05:57:00
2020-03-17_1203.dat,-3.603333,58.13,2020-03-17 12:03:00
2020-03-17_1238.dat,-3.618333,58.123333,2020-03-17 12:38:00
2020-03-17_1801.dat,-3.603333,57.358333,2020-03-17 18:01:00
2020-03-18_0006.dat,-3.57,56.165,2020-03-18 00:06:00
2020-03-18_1048.dat,14.0,56.0,2020-03-18 10:48:00
2020-03-19_0548.dat,14.611667,58.353333,2020-03-19 05:48:00
2020-03-20_0008.dat,-3.663333,55.596667,2020-03-20 00:08:00
2020-03-20_0610.dat,-3.658333,56.635,2020-03-20 06:10:00
2020-03-20_1045.dat,15.0,54.0,2020-03-20 10:45:00
2020-03-20_1245.dat,-3.853333,57.658333,2020-03-20 12:45:00
2020-03-20_1805.dat,-3.741667,58.598333,2020-03-20 18:05:00
2020-03-20_2359.dat,-3.863333,59.641667,2020-03-20 23:59:00
2020-03-21_0603.dat,-4.106667,60.656667,2020-03-21 06:03:00
2020-03-21_1217.dat,-4.163333,61.601667,2020-03-21 12:17:00
2020-03-21_1751.dat,-4.25,62.336667,2020-03-21 17:51:00
2020-03-22_0027.dat,-4.366667,63.441667,2020-03-22 00:27:00
2020-03-22_0604.dat,-4.443333,64.303333,2020-03-22 06:04:00
2020-03-22_1226.dat,4.491667,65.01,2020-03-22 12:26:00
2020-03-22_1758.dat,-4.678333,65.95,2020-03-22 17:58:00
2020-03-22_1842.dat,16.0,57.0,2020-03-22 18:42:00
2020-03-23_0019.dat,-4.763333,67.008333,2020-03-23 00:19:00
2020-03-23_0601.dat,-4.853333,67.93,2020-03-23 06:01:00
2020-03-23_1245.dat,-4.95,68.933333,2020-03-23 12:45:00
2020-03-23_1613.dat,-4.981667,69.248333,2020-03-23 16:13:00
2020-03-23_2024.dat,-4.951667,69.75,2020-03-23 20:24:00
2020-03-24_0015.dat,-4.256667,69.748333,2020-03-24 00:15:00
2020-03-24_0407.dat,-3.69,69.746667,2020-03-24 04:07:00
2020-03-24_0832.dat,-3.045,69.766667,2020-03-24 08:32:00
2020-03-24_1205.dat,-2.563333,69.776667,2020-03-24 12:05:00
2020-03-24_1212.dat,-2.546667,69.776667,2020-03-24 12:12:00
2020-03-24_1613.dat,-1.908333,69.731667,2020-03-24 16:13:00
2020-03-24_2014.dat,-1.513333,69.46,2020-03-24 20:14:00
2020-03-25_0018.dat,-0.828333,69.12,2020-03-25 00:18:00
2020-03-25_0403.dat,0.041667,68.971667,2020-03-25 04:03:00
2020-03-25_0815.dat,0.865,69.008333,2020-03-25 08:15:00
2020-03-25_1208.dat,1.458333,69.271667,2020-03-25 12:08:00
2020-03-25_1557.dat,1.956667,69.505,2020-03-25 15:57:00
2020-03-25_1820.dat,15.0,55.0,2020-03-25 18:20:00
2020-03-25_2007.dat,2.52,69.725,2020-03-25 20:07:00
2020-03-25_2353.dat,-3.105,69.985,2020-03-25 23:53:00
2020-03-26_0401.dat,3.746667,70.261667,2020-03-26 04:01:00
2020-03-26_0807.dat,4.318333,70.476667,2020-03-26 08:07:00
2020-03-26_1118.dat,16.0,58.0,2020-03-26 11:18:00
2020-03-26_1255.dat,3.0,49.0,2020-03-26 12:55:00
2020-03-26_1605.dat,5.513333,71.025,2020-03-26 16:05:00
2020-03-26_2017.dat,6.166667,71.316667,2020-03-26 20:17:00
2020-03-27_0007.dat,6.76,71.57,2020-03-27 00:07:00
2020-03-27_0359.dat,7.383333,71.836667,2020-03-27 03:59:00
2020-03-27_0818.dat,7.85,72.243333,2020-03-27 08:18:00
2020-03-27_1208.dat,8.238333,72.708333,2020-03-27 12:08:00
2020-03-27_1817.dat,8.59,73.248333,2020-03-27 18:17:00
2020-03-28_0027.dat,9.551667,73.703333,2020-03-28 00:27:00
2020-03-28_0610.dat,10.498333,74.135,2020-03-28 06:10:00
2020-03-28_1323.dat,8.271667,72.68,2020-03-28 13:23:00
2020-03-28_1747.dat,15.0,64.0,2020-03-28 17:47:00
2020-03-28_1805.dat,11.781667,73.441667,2020-03-28 18:05:00
2020-03-29_0012.dat,11.776667,72.45,2020-03-29 00:12:00
2020-03-29_0559.dat,11.19,72.273333,2020-03-29 05:59:00
2020-03-29_1830.dat,11.05,71.72,2020-03-29 18:30:00
2020-03-30_0549.dat,17.0,64.0,2020-03-30 05:49:00
2020-03-31_0928.dat,6.153333,79.738333,2020-03-31 09:28:00
2020-03-31_2048.dat,7.475333,77.682,2020-03-31 20:48:00
2020-04-01_0548.dat,18.0,66.0,2020-04-01 05:48:00
2020-04-03_0825.dat,24.751667,57.303333,2020-04-03 08:25:00
2020-04-06_0030.dat,7.035,97.565,2020-04-06 00:30:00
2020-04-12_1444.dat,9.188333,75.733333,2020-04-12 14:44:00
2020-04-12_1454.dat,9.188333,75.68,2020-04-12 14:54:00
2020-04-12_1501.dat,9.188333,75.66,2020-04-12 15:01:00
2020-04-12_1505.dat,9.19,75.641667,2020-04-12 15:05:00
2020-04-12_1511.dat,9.19,75.635,2020-04-12 15:11:00
2020-04-13_0543.dat,17.0,64.0,2020-04-13 05:43:00
2020-04-14_0601.dat,16.0,60.0,2020-04-14 06:01:00
2020-04-15_0943.dat,18.0,62.0,2020-04-15 09:43:00
2020-04-16_0555.dat,20.0,65.0,2020-04-16 05:55:00
2020-04-17_0552.dat,23.503333,64.535,2020-04-17 05:52:00
2020-04-17_0602.dat,19.0,67.0,2020-04-17 06:02:00
2020-04-17_1217.dat,15.611667,82.181667,2020-04-17 12:17:00
2020-04-18_1240.dat,10.911667,80.361333,2020-04-18 12:40:00
2020-04-19_1321.dat,10.681667,80.713333,2020-04-19 13:21:00
2020-04-19_1654.dat,17.218333,84.385,2020-04-19 16:54:00
2020-04-20_1354.dat,10.446667,80.581667,2020-04-20 13:54:00
2020-04-21_1452.dat,10.888333,80.365,2020-04-21 14:52:00
2020-04-23_1447.dat,10.821667,80.288333,2020-04-23 14:47:00
2020-04-25_1135.dat,10.803333,81.235,2020-04-25 11:35:00
2020-04-25_1407.dat,10.873333,80.363333,2020-04-25 14:07:00
2020-04-28_0605.dat,19.0,64.0,2020-04-28 06:05:00
2020-04-28_0858.dat,6.516667,95.866667,2020-04-28 08:58:00
2020-04-29_0559.dat,17.0,62.0,2020-04-29 05:59:00
2020-04-30_0558.dat,17.0,67.0,2020-04-30 05:58:00
2020-04-30_0559.dat,17.0,67.0,2020-04-30 05:59:00
2020-04-30_1440.dat,10.813333,80.238333,2020-04-30 14:40:00
2020-04-30_1822.dat,10.406667,80.511667,2020-04-30 18:22:00
2020-05-01_1140.dat,10.765,80.218333,2020-05-01 11:40:00
2020-05-01_1618.dat,10.458333,80.608333,2020-05-01 16:18:00
2020-05-01_1653.dat,10.531667,80.725,2020-05-01 16:53:00
2020-05-02_2044.dat,7.254833,78.222833,2020-05-02 20:44:00
2020-05-03_0943.dat,5.826667,74.495,2020-05-03 09:43:00
2020-05-04_0935.dat,4.91,74.171667,2020-05-04 09:35:00
2020-05-05_1622.dat,15.33,73.37,2020-05-05 16:22:00
2020-05-06_0534.dat,16.088333,72.656667,2020-05-06 05:34:00
2020-05-06_0539.dat,16.273333,72.675,2020-05-06 05:39:00
2020-05-08_0524.dat,10.025,73.428333,2020-05-08 05:24:00
2020-05-08_1734.dat,7.881667,73.63,2020-05-08 17:34:00
2020-05-10_0545.dat,6.39,74.42,2020-05-10 05:45:00
2020-05-10_0621.dat,16.0,72.0,2020-05-10 06:21:00
2020-05-10_0903.dat,16.0,84.09,2020-05-10 09:03:00
2020-05-10_1127.dat,15.823333,84.108333,2020-05-10 11:27:00
2020-05-10_1721.dat,8.921667,74.356667,2020-05-10 17:21:00
2020-05-12_1517.dat,16.905,84.288333,2020-05-12 15:17:00
2020-05-12_1832.dat,15.335,72.39,2020-05-12 18:32:00
2020-05-13_0554.dat,16.223333,71.96,2020-05-13 05:54:00
2020-05-14_0621.dat,15.0,72.0,2020-05-14 06:21:00
2020-05-17_0009.dat,24.206667,64.259167,2020-05-17 00:09:00
2020-05-17_0639.dat,24.22,64.57,2020-05-17 06:39:00
2020-05-18_0648.dat,21.0,65.0,2020-05-18 06:48:00
2020-05-19_0618.dat,22.0,65.0,2020-05-19 06:18:00
2020-05-19_0744.dat,24.825,65.921667,2020-05-19 07:44:00
2020-05-20_0611.dat,21.218333,61.041667,2020-05-20 06:11:00
2020-05-21_0731.dat,16.0,57.0,2020-05-21 07:31:00
2020-05-23_0712.dat,14.468333,73.69,2020-05-23 07:12:00
2020-05-23_0739.dat,13.0,51.0,2020-05-23 07:39:00
2020-05-23_1024.dat,20.945,90.492167,2020-05-23 10:24:00
2020-05-23_1029.dat,20.91,90.51,2020-05-23 10:29:00
2020-05-24_0609.dat,14.415,73.573333,2020-05-24 06:09:00
2020-05-24_0730.dat,12.0,47.0,2020-05-24 07:30:00
2020-05-25_0641.dat,13.0,52.0,2020-05-25 06:41:00
2020-05-25_0653.dat,13.0,52.0,2020-05-25 06:53:00
2020-05-26_0719.dat,33.0,57.0,2020-05-26 07:19:00
2020-05-28_1647.dat,6.61,95.116667,2020-05-28 16:47:00
2020-05-29_1812.dat,-0.333333,90.183333,2020-05-29 18:12:00
2020-05-31_1813.dat,-4.701667,98.775,2020-05-31 18:13:00
2020-06-01_2318.dat,5.823333,90.493333,2020-06-01 23:18:00
2020-06-02_0507.dat,6.978333,89.86,2020-06-02 05:07:00
2020-06-02_0618.dat,7.002,79.541667,2020-06-02 06:18:00
2020-06-02_1201.dat,8.21,89.141667,2020-06-02 12:01:00
2020-06-02_1707.dat,9.081667,88.561667,2020-06-02 17:07:00
2020-06-02_2255.dat,10.236667,87.813333,2020-06-02 22:55:00
2020-06-03_0547.dat,11.623333,87.041667,2020-06-03 05:47:00
2020-06-03_1124.dat,12.798333,86.351667,2020-06-03 11:24:00
2020-06-03_1723.dat,13.881667,85.678333,2020-06-03 17:23:00
2020-06-03_2323.dat,15.103333,84.961667,2020-06-03 23:23:00
2020-06-06_1712.dat,9.620167,7.901667,2020-06-06 17:12:00
2020-06-09_0538.dat,17.266667,71.361667,2020-06-09 05:38:00
2020-06-09_1305.dat,17.205,71.361667,2020-06-09 13:05:00
2020-06-10_1708.dat,16.611667,83.405,2020-06-10 17:08:00
2020-06-11_0524.dat,17.07,84.325,2020-06-11 05:24:00
2020-06-11_1106.dat,17.301667,84.38,2020-06-11 11:06:00
2020-06-15_1056.dat,17.471667,83.486667,2020-06-15 10:56:00
2020-06-15_1347.dat,15.075,73.15,2020-06-15 13:47:00
2020-06-16_0557.dat,14.931667,73.085,2020-06-16 05:57:00
2020-06-18_0439.dat,7.966667,93.666667,2020-06-18 04:39:00
2020-06-19_1255.dat,17.646667,83.465,2020-06-19 12:55:00
2020-06-21_0634.dat,16.0,61.0,2020-06-21 06:34:00
2020-06-21_0638.dat,15.468333,61.523333,2020-06-21 06:38:00
2020-06-21_1756.dat,15.073333,60.635,2020-06-21 17:56:00
2020-06-22_0119.dat,14.871667,59.788667,2020-06-22 01:19:00
2020-06-23_2016.dat,15.321667,68.808333,2020-06-23 20:16:00
2020-06-24_0636.dat,15.918333,69.89,2020-06-24 06:36:00
2020-06-25_1159.dat,16.926667,83.153333,2020-06-25 11:59:00
2020-06-25_2138.dat,15.421667,82.206667,2020-06-25 21:38:00
2020-06-26_0104.dat,14.916667,81.803833,2020-06-26 01:04:00
2020-06-26_0605.dat,14.11,81.157167,2020-06-26 06:05:00
2020-06-26_0648.dat,14.838333,69.526667,2020-06-26 06:48:00
2020-06-28_0600.dat,12.831667,50.67,2020-06-28 06:00:00
2020-06-28_0705.dat,14.51,69.685,2020-06-28 07:05:00
2020-06-29_0657.dat,13.873333,68.083333,2020-06-29 06:57:00
2020-07-10_0919.dat,7.75,94.901667,2020-07-10 09:19:00
2020-07-11_2006.dat,8.556667,94.788333,2020-07-11 20:06:00
2020-07-12_0911.dat,7.338333,94.718333,2020-07-12 09:11:00
2020-07-12_2057.dat,7.3,96.351667,2020-07-12 20:57:00
2020-07-13_0905.dat,6.466667,97.735,2020-07-13 09:05:00
2020-07-13_2138.dat,7.056667,96.753333,2020-07-13 21:38:00
2020-07-13_2143.dat,7.0,96.0,2020-07-13 21:43:00
2020-07-14_0900.dat,7.751667,95.641667,2020-07-14 09:00:00
2020-07-15_2123.dat,7.886667,95.033333,2020-07-15 21:23:00
2020-07-17_0651.dat,7.991667,94.773333,2020-07-17 06:51:00
2020-07-17_1233.dat,7.54,95.071667,2020-07-17 12:33:00
2020-07-19_0011.dat,7.505,93.371667,2020-07-19 00:11:00
2020-07-19_0130.dat,7.361667,93.965,2020-07-19 01:30:00
2020-07-19_1338.dat,6.951667,94.468333,2020-07-19 13:38:00
2020-08-06_1727.dat,12.045,80.366667,2020-08-06 17:27:00
2020-08-06_2007.dat,11.606667,80.315,2020-08-06 20:07:00
2020-08-07_0057.dat,10.891667,80.626667,2020-08-07 00:57:00
2020-08-07_1102.dat,10.866667,74.935,2020-08-07 11:02:00
2020-08-07_1709.dat,11.453333,74.616667,2020-08-07 17:09:00
2020-08-07_2337.dat,12.265,74.14,2020-08-07 23:37:00
2020-08-09_2348.dat,11.04,80.273333,2020-08-09 23:48:00
2020-08-11_1623.dat,11.473333,80.008333,2020-08-11 16:23:00
2020-08-15_0959.dat,6.998333,79.631667,2020-08-15 09:59:00
2020-08-19_1750.dat,10.88,80.343667,2020-08-19 17:50:00
2020-08-20_0225.dat,12.548333,80.685,2020-08-20 02:25:00
2020-08-27_1950.dat,18.875,71.941667,2020-08-27 19:50:00
2020-08-31_0706.dat,24.62,58.133333,2020-08-31 07:06:00
2020-09-01_1754.dat,20.808333,60.851667,2020-09-01 17:54:00
2020-09-02_0606.dat,18.038333,62.0545,2020-09-02 06:06:00
2020-09-03_0734.dat,16.69,60.05,2020-09-03 07:34:00
2020-09-06_0620.dat,18.881667,58.880167,2020-09-06 06:20:00
2020-09-06_1710.dat,17.505,58.385,2020-09-06 17:10:00
2020-09-07_0525.dat,11.731667,74.459167,2020-09-07 05:25:00
2020-09-07_0628.dat,17.785,60.563333,2020-09-07 06:28:00
2020-09-07_1120.dat,10.866667,74.935,2020-09-07 11:20:00
2020-09-07_1736.dat,9.855667,75.303333,2020-09-07 17:36:00
2020-09-07_1803.dat,17.541667,59.198333,2020-09-07 18:03:00
2020-09-07_2326.dat,9.055833,75.606,2020-09-07 23:26:00
2020-09-08_0646.dat,16.8,56.83,2020-09-08 06:46:00
2020-09-08_1652.dat,19.863333,70.196667,2020-09-08 16:52:00
2020-09-08_1845.dat,17.135,56.891667,2020-09-08 18:45:00
2020-09-09_0613.dat,18.855,58.975,2020-09-09 06:13:00
2020-09-09_1757.dat,19.55,59.803333,2020-09-09 17:57:00
2020-09-10_0624.dat,18.835,58.926667,2020-09-10 06:24:00
2020-09-10_1013.dat,20.426667,70.483333,2020-09-10 10:13:00
2020-09-10_1822.dat,17.501667,57.25,2020-09-10 18:22:00
2020-09-11_0620.dat,16.608333,56.135,2020-09-11 06:20:00
2020-09-11_0944.dat,7.313333,74.48,2020-09-11 09:44:00
2020-09-11_1807.dat,18.273333,58.225,2020-09-11 18:07:00
2020-09-12_1750.dat,17.991667,57.803333,2020-09-12 17:50:00
2020-09-13_0651.dat,16.768333,56.356667,2020-09-13 06:51:00
2020-09-13_1755.dat,18.45,58.216667,2020-09-13 17:55:00
2020-09-14_0605.dat,19.658333,59.4815,2020-09-14 06:05:00
2020-09-14_1746.dat,18.363333,58.125,2020-09-14 17:46:00
2020-09-15_0623.dat,19.315,59.203333,2020-09-15 06:23:00
2020-09-15_1753.dat,18.876667,59.06,2020-09-15 17:53:00
2020-09-16_0626.dat,17.246667,57.033167,2020-09-16 06:26:00
2020-09-16_0716.dat,17.246667,57.031667,2020-09-16 07:16:00
2020-09-16_1749.dat,17.38,57.198333,2020-09-16 17:49:00
2020-09-16_2347.dat,-12.191667,58.941667,2020-09-16 23:47:00
2020-09-17_0625.dat,19.116667,59.366667,2020-09-17 06:25:00
2020-09-17_1759.dat,18.115,58.113333,2020-09-17 17:59:00
2020-09-18_0625.dat,17.246667,57.031667,2020-09-18 06:25:00
2020-09-18_1740.dat,17.976667,57.931667,2020-09-18 17:40:00
2020-09-18_1950.dat,18.255,58.278333,2020-09-18 19:50:00
2020-09-22_1511.dat,15.25,72.516667,2020-09-22 15:11:00
2020-09-23_0612.dat,14.866667,72.683333,2020-09-23 06:12:00
2020-09-23_0621.dat,19.17,58.388333,2020-09-23 06:21:00
2020-09-23_1730.dat,18.636667,58.073333,2020-09-23 17:30:00
2020-09-24_0619.dat,16.678333,56.322833,2020-09-24 06:19:00
2020-09-24_1737.dat,15.741667,54.221667,2020-09-24 17:37:00
2020-09-25_0639.dat,14.485,52.065,2020-09-25 06:39:00
2020-09-25_1739.dat,13.57,50.273333,2020-09-25 17:39:00
2020-09-26_0621.dat,13.635,50.578167,2020-09-26 06:21:00
2020-09-26_0631.dat,13.635,50.578167,2020-09-26 06:31:00
2020-09-26_0706.dat,13.635,50.578167,2020-09-26 07:06:00
2020-09-26_1750.dat,13.771667,50.778333,2020-09-26 17:50:00
2020-09-27_0617.dat,14.965,53.12,2020-09-27 06:17:00
2020-09-28_1845.dat,16.545,60.99,2020-09-28 18:45:00
2020-09-29_0014.dat,17.575,83.956667,2020-09-29 00:14:00
2020-09-29_0517.dat,17.19,63.873333,2020-09-29 05:17:00
2020-09-30_0626.dat,18.878333,71.431167,2020-09-30 06:26:00
2020-10-02_2120.dat,11.473333,90.613333,2020-10-02 21:20:00
2020-10-02_2208.dat,11.451667,90.756667,2020-10-02 22:08:00
2020-10-03_1809.dat,11.383333,93.566667,2020-10-03 18:09:00
2020-10-07_1135.dat,8.391667,75.990333,2020-10-07 11:35:00
2020-10-07_1739.dat,9.02,75.625333,2020-10-07 17:39:00
2020-10-07_2329.dat,9.6855,75.369833,2020-10-07 23:29:00
2020-10-08_1625.dat,17.683333,84.123333,2020-10-08 16:25:00
2020-10-08_2100.dat,15.253333,72.925,2020-10-08 21:00:00
2020-10-10_0926.dat,11.806667,91.52,2020-10-10 09:26:00
2020-10-10_1103.dat,17.613333,84.0,2020-10-10 11:03:00
2020-10-10_1111.dat,17.626667,84.0,2020-10-10 11:11:00
2020-10-10_1121.dat,17.616667,84.0,2020-10-10 11:21:00
2020-10-10_1135.dat,17.58,84.0,2020-10-10 11:35:00
2020-10-10_1150.dat,17.566667,84.0,2020-10-10 11:50:00
2020-10-10_1239.dat,17.508333,83.81,2020-10-10 12:39:00
2020-10-10_1250.dat,17.533333,83.791667,2020-10-10 12:50:00
2020-10-10_1449.dat,17.568333,83.853333,2020-10-10 14:49:00
2020-10-10_1453.dat,17.568333,83.915,2020-10-10 14:53:00
2020-10-10_1540.dat,17.71,83.93,2020-10-10 15:40:00
2020-10-10_1545.dat,17.686667,83.908333,2020-10-10 15:45:00
2020-10-15_0956.dat,15.283333,72.816667,2020-10-15 09:56:00
2020-10-15_2230.dat,15.121667,72.125,2020-10-15 22:30:00
2020-10-16_0604.dat,14.821667,72.573333,2020-10-16 06:04:00
2020-10-16_0634.dat,15.5,72.633333,2020-10-16 06:34:00
2020-10-16_0838.dat,25.483333,72.5,2020-10-16 08:38:00
2020-10-16_1734.dat,15.22,70.715,2020-10-16 17:34:00
2020-10-17_0618.dat,14.641667,70.938333,2020-10-17 06:18:00
2020-10-17_0843.dat,14.743333,70.865,2020-10-17 08:43:00
2020-10-17_1717.dat,14.876667,70.755,2020-10-17 17:17:00
2020-10-18_0547.dat,14.79,70.83,2020-10-18 05:47:00
2020-10-18_0608.dat,8.51,73.193333,2020-10-18 06:08:00
2020-10-19_0544.dat,15.328333,72.24,2020-10-19 05:44:00
2020-10-19_1717.dat,15.77,72.3,2020-10-19 17:17:00
2020-10-19_1748.dat,7.778333,73.471667,2020-10-19 17:48:00
2020-10-20_0544.dat,15.445,72.498333,2020-10-20 05:44:00
2020-10-20_1434.dat,10.485,81.286667,2020-10-20 14:34:00
2020-10-20_1805.dat,8.21,73.696667,2020-10-20 18:05:00
2020-10-20_1824.dat,15.448333,72.295,2020-10-20 18:24:00
2020-10-21_0241.dat,10.188333,81.075,2020-10-21 02:41:00
2020-10-21_0619.dat,14.355,72.826667,2020-10-21 06:19:00
2020-10-21_1747.dat,14.783333,72.316667,2020-10-21 17:47:00
2020-10-22_0603.dat,8.33,72.903333,2020-10-22 06:03:00
2020-10-22_1814.dat,7.786667,72.738333,2020-10-22 18:14:00
2020-10-24_0606.dat,7.951667,72.401667,2020-10-24 06:06:00
2020-10-24_1811.dat,8.85,72.288333,2020-10-24 18:11:00
2020-10-25_0604.dat,5.985,72.025,2020-10-25 06:04:00
2020-10-26_0600.dat,9.386667,72.401667,2020-10-26 06:00:00
2020-10-27_1759.dat,9.415,72.851667,2020-10-27 17:59:00
2020-10-28_0317.dat,16.32,72.621667,2020-10-28 03:17:00
2020-10-28_0410.dat,15.855,72.578333,2020-10-28 04:10:00
2020-10-28_0451.dat,15.753333,72.515,2020-10-28 04:51:00
2020-10-28_0549.dat,15.723333,72.548333,2020-10-28 05:49:00
2020-10-28_0646.dat,15.656667,72.38,2020-10-28 06:46:00
2020-10-28_0751.dat,15.726667,72.486667,2020-10-28 07:51:00
2020-10-28_0848.dat,15.698333,72.455,2020-10-28 08:48:00
2020-10-29_0358.dat,15.75,72.38,2020-10-29 03:58:00
2020-10-29_0600.dat,15.786667,72.368333,2020-10-29 06:00:00
2020-10-29_0657.dat,15.751667,72.455,2020-10-29 06:57:00
2020-10-30_0700.dat,15.723333,72.418333,2020-10-30 07:00:00
2020-11-02_0537.dat,17.103333,84.116667,2020-11-02 05:37:00
2020-11-02_0543.dat,17.07,84.088333,2020-11-02 05:43:00
2020-11-02_0721.dat,17.056667,83.035,2020-11-02 07:21:00
2020-11-07_0534.dat,10.036667,75.241667,2020-11-07 05:34:00
2020-11-11_1354.dat,17.68,83.316667,2020-11-11 13:54:00
2020-11-11_1359.dat,17.666667,83.316667,2020-11-11 13:59:00
2020-11-11_1408.dat,17.488333,83.733333,2020-11-11 14:08:00
2020-11-11_1414.dat,17.5,83.75,2020-11-11 14:14:00
2020-11-11_1426.dat,17.5,83.766667,2020-11-11 14:26:00
2020-11-11_1433.dat,17.55,83.8,2020-11-11 14:33:00
2020-11-11_1436.dat,17.55,83.8,2020-11-11 14:36:00
2020-11-11_1440.dat,17.55,83.8,2020-11-11 14:40:00
2020-11-11_1451.dat,17.583333,83.85,2020-11-11 14:51:00
2020-11-11_1456.dat,17.583333,83.85,2020-11-11 14:56:00
2020-11-11_1508.dat,17.633333,83.9,2020-11-11 15:08:00
2020-11-11_1517.dat,17.633333,83.75,2020-11-11 15:17:00
2020-11-11_1525.dat,17.7,83.95,2020-11-11 15:25:00
2020-11-11_1545.dat,17.7,83.95,2020-11-11 15:45:00
2020-11-11_1548.dat,17.7,83.95,2020-11-11 15:48:00
2020-11-11_1554.dat,17.7,83.95,2020-11-11 15:54:00
2020-11-11_1600.dat,17.7,83.95,2020-11-11 16:00:00
2020-11-11_1605.dat,17.7,83.95,2020-11-11 16:05:00
2020-11-11_1608.dat,17.7,83.95,2020-11-11 16:08:00
2020-11-11_1612.dat,17.7,83.95,2020-11-11 16:12:00
2020-11-11_1616.dat,17.7,83.95,2020-11-11 16:16:00
2020-11-11_1623.dat,17.633333,83.05,2020-11-11 16:23:00
2020-11-11_1626.dat,17.633333,83.883333,2020-11-11 16:26:00
2020-11-11_1629.dat,17.7,83.883333,2020-11-11 16:29:00
2020-11-11_1631.dat,17.7,83.883333,2020-11-11 16:31:00
2020-11-11_1640.dat,17.7,83.883333,2020-11-11 16:40:00
2020-11-11_1644.dat,17.633333,83.866667,2020-11-11 16:44:00
2020-11-11_1647.dat,17.7,83.866667,2020-11-11 16:47:00
2020-11-11_1650.dat,17.7,83.866667,2020-11-11 16:50:00
2020-11-11_1653.dat,17.633333,83.866667,2020-11-11 16:53:00
2020-11-11_1658.dat,17.633333,83.866667,2020-11-11 16:58:00
2020-11-11_1704.dat,17.7,83.633333,2020-11-11 17:04:00
2020-11-11_1706.dat,17.7,83.2,2020-11-11 17:06:00
2020-11-11_1710.dat,17.7,83.633333,2020-11-11 17:10:00
2020-11-11_1713.dat,17.7,83.633333,2020-11-11 17:13:00
2020-11-13_1026.dat,18.86,71.941667,2020-11-13 10:26:00
2020-11-17_0016.dat,17.536667,83.788333,2020-11-17 00:16:00
2020-11-17_0430.dat,16.815,71.16,2020-11-17 04:30:00
2020-11-17_0610.dat,16.495,70.991667,2020-11-17 06:10:00
2020-11-17_0625.dat,15.766667,69.283333,2020-11-17 06:25:00
2020-11-17_1606.dat,15.713333,69.635,2020-11-17 16:06:00
2020-11-18_0503.dat,17.425,83.625,2020-11-18 05:03:00
2020-11-18_0601.dat,17.35,83.718333,2020-11-18 06:01:00
2020-11-18_0656.dat,15.308333,69.791667,2020-11-18 06:56:00
2020-11-18_0716.dat,17.325,83.736667,2020-11-18 07:16:00
2020-11-18_0809.dat,17.283333,83.75,2020-11-18 08:09:00
2020-11-19_0540.dat,15.235,69.778333,2020-11-19 05:40:00
2020-11-19_0709.dat,15.17,69.678333,2020-11-19 07:09:00
2020-11-19_0805.dat,15.375,69.676667,2020-11-19 08:05:00
2020-11-19_0956.dat,15.251667,69.726667,2020-11-19 09:56:00
2020-11-19_1114.dat,15.181667,69.726667,2020-11-19 11:14:00
2020-11-19_1151.dat,15.125,69.77,2020-11-19 11:51:00
2020-11-19_1255.dat,15.335,69.768333,2020-11-19 12:55:00
2020-11-19_1714.dat,9.4,74.203333,2020-11-19 17:14:00
2020-11-20_0533.dat,7.995,75.798833,2020-11-20 05:33:00
2020-11-20_1731.dat,7.34,76.643333,2020-11-20 17:31:00
2020-11-21_0551.dat,9.15,75.363333,2020-11-21 05:51:00
2020-11-23_1832.dat,10.141667,91.3,2020-11-23 18:32:00
2020-11-24_1557.dat,10.288333,91.253333,2020-11-24 15:57:00
2020-11-26_1734.dat,17.538333,84.13,2020-11-26 17:34:00
2020-11-26_2341.dat,16.586667,84.101667,2020-11-26 23:41:00
2020-11-26_2350.dat,16.586667,84.101667,2020-11-26 23:50:00
2020-11-27_0527.dat,15.501667,83.788333,2020-11-27 05:27:00
2020-11-28_0813.dat,17.285,71.303333,2020-11-28 08:13:00
2020-11-28_0824.dat,17.251667,71.288333,2020-11-28 08:24:00
2020-11-28_1540.dat,17.145,71.2,2020-11-28 15:40:00
2020-11-29_1449.dat,17.253333,84.073333,2020-11-29 14:49:00
2020-11-29_2355.dat,17.27,83.9,2020-11-29 23:55:00
2020-11-30_0835.dat,14.0,83.0,2020-11-30 08:35:00
2020-11-30_0847.dat,17.285,83.818333,2020-11-30 08:47:00
2020-11-30_2022.dat,17.29,83.746667,2020-11-30 20:22:00
2020-11-30_2225.dat,17.286667,83.815,2020-11-30 22:25:00
2020-12-01_0915.dat,20.133333,69.966667,2020-12-01 09:15:00
2020-12-01_1006.dat,17.483333,83.837167,2020-12-01 10:06:00
2020-12-01_2026.dat,17.375,83.735,2020-12-01 20:26:00
2020-12-02_1459.dat,17.566667,83.816667,2020-12-02 14:59:00
2020-12-02_1855.dat,17.803333,84.051667,2020-12-02 18:55:00
2020-12-02_2359.dat,17.538333,83.82,2020-12-02 23:59:00
2020-12-03_0730.dat,17.721667,84.001667,2020-12-03 07:30:00
2020-12-03_1604.dat,17.606667,83.8725,2020-12-03 16:04:00
2020-12-05_0758.dat,17.935,84.106167,2020-12-05 07:58:00
2020-12-05_0839.dat,17.216667,71.183333,2020-12-05 08:39:00
2020-12-05_0955.dat,17.226667,71.23,2020-12-05 09:55:00
2020-12-05_1058.dat,17.076667,71.273333,2020-12-05 10:58:00
2020-12-06_0713.dat,17.375,83.596667,2020-12-06 07:13:00
2020-12-10_0610.dat,18.453333,70.103333,2020-12-10 06:10:00
2020-12-11_0119.dat,16.94,72.42,2020-12-11 01:19:00
2020-12-11_0447.dat,17.256667,71.261667,2020-12-11 04:47:00
2020-12-11_0520.dat,16.231667,72.42,2020-12-11 05:20:00
2020-12-11_0530.dat,17.206667,71.203333,2020-12-11 05:30:00
2020-12-11_0534.dat,16.82,83.838333,2020-12-11 05:34:00
2020-12-11_0641.dat,17.193333,71.111667,2020-12-11 06:41:00
2020-12-11_0943.dat,17.218333,71.168333,2020-12-11 09:43:00
2020-12-11_1148.dat,14.438333,84.385,2020-12-11 11:48:00
2020-12-11_1210.dat,15.503333,72.968333,2020-12-11 12:10:00
2020-12-11_1739.dat,13.883333,84.65,2020-12-11 17:39:00
2020-12-11_1755.dat,15.501667,72.743333,2020-12-11 17:55:00
2020-12-11_2356.dat,14.131667,84.45,2020-12-11 23:56:00
2020-12-12_1816.dat,17.52,72.145,2020-12-12 18:16:00
2020-12-13_0758.dat,14.183333,84.075,2020-12-13 07:58:00
2020-12-15_0125.dat,17.42,83.791667,2020-12-15 01:25:00
2020-12-15_0600.dat,15.27,72.583333,2020-12-15 06:00:00
2020-12-15_0604.dat,17.366667,83.75,2020-12-15 06:04:00
2020-12-15_1046.dat,17.306667,83.816667,2020-12-15 10:46:00
2020-12-15_1214.dat,15.893333,72.385,2020-12-15 12:14:00
2020-12-15_1600.dat,15.34,72.225,2020-12-15 16:00:00
2020-12-15_1625.dat,17.426667,83.833333,2020-12-15 16:25:00
2020-12-15_1630.dat,15.32,72.271667,2020-12-15 16:30:00
2020-12-15_1732.dat,15.303333,72.255,2020-12-15 17:32:00
2020-12-15_1800.dat,15.49,72.288333,2020-12-15 18:00:00
2020-12-18_2121.dat,13.936667,80.536667,2020-12-18 21:21:00
2020-12-21_1915.dat,17.833333,84.85,2020-12-21 19:15:00
2020-12-23_0530.dat,20.891667,68.705,2020-12-23 05:30:00
2020-12-23_0855.dat,18.036667,85.811667,2020-12-23 08:55:00
2020-12-26_0719.dat,-49.583333,-38.0,2020-12-26 07:19:00
2020-12-27_1758.dat,9.623333,75.506667,2020-12-27 17:58:00
2020-12-28_0719.dat,10.175,82.051667,2020-12-28 07:19:00
2020-12-28_1802.dat,8.673333,73.096667,2020-12-28 18:02:00
2020-12-29_0552.dat,14.573333,71.618333,2020-12-29 05:52:00
2020-12-29_1147.dat,14.921667,71.69,2020-12-29 11:47:00
2020-12-30_0500.dat,15.376667,71.87,2020-12-30 05:00:00
2020-12-31_0439.dat,17.148333,71.208333,2020-12-31 04:39:00
2021-01-01_0713.dat,8.915,82.68,2021-01-01 07:13:00
2021-01-01_2046.dat,15.928333,72.516667,2021-01-01 20:46:00
2021-01-03_0727.dat,12.69,82.86,2021-01-03 07:27:00
2021-01-06_0528.dat,17.033333,71.6,2021-01-06 05:28:00
2021-01-06_0648.dat,10.331667,75.316667,2021-01-06 06:48:00
2021-01-06_1131.dat,16.783333,71.633333,2021-01-06 11:31:00
2021-01-08_0412.dat,17.508333,83.786667,2021-01-08 04:12:00
2021-01-08_0641.dat,20.6,67.091667,2021-01-08 06:41:00
2021-01-08_1938.dat,15.02,72.156667,2021-01-08 19:38:00
2021-01-13_0523.dat,19.695,70.196667,2021-01-13 05:23:00
2021-01-13_1718.dat,15.383333,72.766667,2021-01-13 17:18:00
2021-01-13_1732.dat,21.418333,68.595,2021-01-13 17:32:00
2021-01-14_0628.dat,16.0,72.0,2021-01-14 06:28:00
2021-01-14_1826.dat,24.198333,64.191667,2021-01-14 18:26:00
2021-01-14_2221.dat,15.7,72.866667,2021-01-14 22:21:00
2021-01-15_0102.dat,24.518333,63.03,2021-01-15 01:02:00
2021-01-15_0732.dat,24.603333,61.69,2021-01-15 07:32:00
2021-01-16_0647.dat,22.02,61.236667,2021-01-16 06:47:00
2021-01-19_0734.dat,20.961667,59.63,2021-01-19 07:34:00
PT9001_2021-01-19_2117.dat,17.35,70.895,2021-01-19 21:17:00
2021-01-19_2133.dat,17.2,70.925,2021-01-19 21:33:00
2021-01-20_0004.dat,7.238333,72.003333,2021-01-20 00:04:00
2021-01-20_0338.dat,17.395,70.85,2021-01-20 03:38:00
PT9001_2021-01-20_0421.dat,17.296667,70.781667,2021-01-20 04:21:00
2021-01-20_0915.dat,17.1,70.8,2021-01-20 09:15:00
PT9001_2021-01-20_0917.dat,17.11,70.84,2021-01-20 09:17:00
PT9001_2021-01-20_0925.dat,17.11,70.84,2021-01-20 09:25:00
2021-01-20_1524.dat,16.768333,70.876667,2021-01-20 15:24:00
2021-01-20_1604.dat,16.768333,70.876667,2021-01-20 16:04:00
PT9001_2021-01-20_1705.dat,16.875,70.788333,2021-01-20 17:05:00
PT9001_2021-01-21_0207.dat,17.198333,71.441667,2021-01-21 02:07:00
2021-01-21_0533.dat,17.083333,71.75,2021-01-21 05:33:00
PT9001_2021-01-21_0625.dat,17.306667,71.54,2021-01-21 06:25:00
PT9001_2021-01-21_0958.dat,17.076667,71.58,2021-01-21 09:58:00
PT9001_2021-01-21_1002.dat,17.076667,71.58,2021-01-21 10:02:00
PT9001_2021-01-21_1140.dat,17.008333,71.613333,2021-01-21 11:40:00
2021-01-21_1853.dat,17.116667,71.683333,2021-01-21 18:53:00
2021-01-22_0227.dat,17.183333,71.416667,2021-01-22 02:27:00
2021-01-22_0327.dat,17.183333,71.583333,2021-01-22 03:27:00
2021-01-22_0445.dat,17.1,71.716667,2021-01-22 04:45:00
2021-01-22_0549.dat,17.116667,71.716667,2021-01-22 05:49:00
2021-01-22_0627.dat,17.116667,71.816667,2021-01-22 06:27:00
2021-01-22_0752.dat,17.066667,71.716667,2021-01-22 07:52:00
2021-01-22_1956.dat,22.231667,60.826667,2021-01-22 19:56:00
2021-01-24_1332.dat,18.238333,58.22,2021-01-24 13:32:00
2021-01-25_0432.dat,16.033333,72.383333,2021-01-25 04:32:00
2021-01-25_1049.dat,15.416667,72.433333,2021-01-25 10:49:00
2021-01-26_0620.dat,15.251667,72.306667,2021-01-26 06:20:00
2021-01-27_0641.dat,15.103333,72.366667,2021-01-27 06:41:00
2021-01-28_0947.dat,17.501667,57.356667,2021-01-28 09:47:00
2021-01-28_1102.dat,15.4,72.583333,2021-01-28 11:02:00
2021-01-28_1707.dat,15.386667,72.938333,2021-01-28 17:07:00
2021-01-28_1803.dat,12.05,74.645,2021-01-28 18:03:00
2021-01-28_1823.dat,5.3,80.2065,2021-01-28 18:23:00
PT9001_2021-01-30_0613.dat,14.336667,72.31,2021-01-30 06:13:00
PT9001_2021-01-30_1129.dat,14.533333,72.391667,2021-01-30 11:29:00
PT9001_2021-01-30_1749.dat,14.953333,72.563333,2021-01-30 17:49:00
2021-01-31_0442.dat,13.885,73.008333,2021-01-31 04:42:00
2021-02-01_1019.dat,12.06,46.006667,2021-02-01 10:19:00
2021-02-01_1742.dat,17.401667,83.648333,2021-02-01 17:42:00
2021-02-04_0941.dat,6.575,73.145833,2021-02-04 09:41:00
RANVIR_2021-02-04_1151.dat,17.803333,83.86,2021-02-04 11:51:00
2021-02-05_0842.dat,6.5425,73.1575,2021-02-05 08:42:00
RANVIR_2021-02-05_1719.dat,17.333333,71.866667,2021-02-05 17:19:00
2021-02-06_1053.dat,11.865,45.196667,2021-02-06 10:53:00
2021-02-09_1226.dat,13.188333,49.123333,2021-02-09 12:26:00
2021-02-09_1422.dat,18.0,84.0,2021-02-09 14:22:00
2021-02-10_1404.dat,12.056667,47.885,2021-02-10 14:04:00
2021-02-15_1153.dat,20.038333,59.871667,2021-02-15 11:53:00
2021-02-19_1255.dat,17.09,71.858333,2021-02-19 12:55:00
20-02-2021 1403.dat,4.96,81.563333,2021-02-20 14:03:00
2021-02-20_1403.dat,4.96,81.563333,2021-02-20 14:03:00
NIRUPAK_2021-02-23_1519.dat,17.0,83.0,2021-02-23 15:19:00
NIRUPAK_2021-02-23_1526.dat,17.0,83.0,2021-02-23 15:26:00
NIRUPAK_2021-02-23_1532.dat,17.0,83.0,2021-02-23 15:32:00
NIRUPAK_2021-02-23_1540.dat,17.0,83.0,2021-02-23 15:40:00
NIRUPAK_2021-02-23_1544.dat,17.0,83.0,2021-02-23 15:44:00
NIRUPAK_2021-02-23_1550.dat,17.0,83.0,2021-02-23 15:50:00
NIRUPAK_2021-02-23_1557.dat,17.0,83.0,2021-02-23 15:57:00
NIRUPAK_2021-02-23_1602.dat,17.0,83.0,2021-02-23 16:02:00
NIRUPAK_2021-02-23_1612.dat,17.0,83.0,2021-02-23 16:12:00
NIRUPAK_2021-02-23_1617.dat,17.0,83.0,2021-02-23 16:17:00
NIRUPAK_2021-02-23_1625.dat,17.0,83.0,2021-02-23 16:25:00
NIRUPAK_2021-02-23_1641.dat,17.0,83.0,2021-02-23 16:41:00
2021-02-24_0047.dat,5.945,73.54,2021-02-24 00:47:00
2021-02-24_0857.dat,6.67,73.348333,2021-02-24 08:57:00
2021-02-24_1137.dat,24.608333,59.636667,2021-02-24 11:37:00
2021-02-24_1438.dat,6.121667,73.340667,2021-02-24 14:38:00
2021-02-24_1444.dat,17.5,83.783333,2021-02-24 14:44:00
2021-02-24_1448.dat,17.5,83.783333,2021-02-24 14:48:00
2021-02-24_1454.dat,17.5,83.783333,2021-02-24 14:54:00
2021-02-24_1501.dat,17.5,83.783333,2021-02-24 15:01:00
2021-02-24_1505.dat,17.5,83.783333,2021-02-24 15:05:00
2021-02-24_1509.dat,17.5,83.783333,2021-02-24 15:09:00
2021-02-24_1701.dat,17.5,83.816667,2021-02-24 17:01:00
2021-02-24_1706.dat,17.533333,83.766667,2021-02-24 17:06:00
2021-02-24_1824.dat,6.586167,73.344333,2021-02-24 18:24:00
2021-02-24_1838.dat,17.55,83.816667,2021-02-24 18:38:00
PT9001_2021-02-24_1944.dat,14.695,73.501667,2021-02-24 19:44:00
2021-02-24_2122.dat,14.733333,73.106667,2021-02-24 21:22:00
2021-02-24_2301.dat,6.423333,73.321667,2021-02-24 23:01:00
2021-02-25_0624.dat,15.15,72.15,2021-02-25 06:24:00
2021-02-25_0724.dat,6.686833,73.275,2021-02-25 07:24:00
PT9001_2021-02-25_0947.dat,15.231667,72.125,2021-02-25 09:47:00
2021-02-25_1108.dat,15.3,72.176667,2021-02-25 11:08:00
2021-02-25_1213.dat,15.496667,72.17,2021-02-25 12:13:00
PT9001_2021-02-25_1216.dat,15.431667,72.175,2021-02-25 12:16:00
2021-02-25_1252.dat,15.3,72.166667,2021-02-25 12:52:00
2021-02-25_1640.dat,6.578333,73.195167,2021-02-25 16:40:00
PT9001_2021-02-25_1748.dat,15.74,72.398333,2021-02-25 17:48:00
2021-02-25_1827.dat,17.61,84.296667,2021-02-25 18:27:00
2021-02-26_0136.dat,6.458333,73.145667,2021-02-26 01:36:00
PT9001_2021-02-26_0356.dat,15.89,72.438333,2021-02-26 03:56:00
PT9001_2021-02-26_0551.dat,15.751667,72.281667,2021-02-26 05:51:00
PT9001_2021-02-26_0632.dat,15.698333,72.345,2021-02-26 06:32:00
PT9001_2021-02-26_0632 (1).dat,15.685,72.415,2021-02-26 06:53:00
2021-02-26_0727.dat,6.465,73.163667,2021-02-26 07:27:00
PT9001_2021-02-26_0632 (2).dat,15.745,72.385,2021-02-26 07:38:00
PT9001_2021-02-26_0632 (3).dat,15.69,72.201667,2021-02-26 08:58:00
2021-02-26_1118.dat,6.56,73.143333,2021-02-26 11:18:00
PT9001_2021-02-26_0632 (4).dat,15.87,72.35,2021-02-26 12:14:00
2021-03-01_0612.dat,23.026667,61.346667,2021-03-01 06:12:00
2021-03-01_0619.dat,25.241667,56.995,2021-03-01 06:19:00
2021-03-02_1857.dat,6.806667,72.919,2021-03-02 18:57:00
2021-03-03_0721.dat,6.63,94.251667,2021-03-03 07:21:00
2021-03-03_0743.dat,6.508333,72.805,2021-03-03 07:43:00
2021-03-03_1226.dat,6.115,72.795,2021-03-03 12:26:00
2021-03-04_0720.dat,6.115,96.593333,2021-03-04 07:20:00
2021-03-04_0746.dat,6.24,72.76,2021-03-04 07:46:00
2021-03-04_1041.dat,21.12,59.743333,2021-03-04 10:41:00
2021-03-04_1654.dat,6.285,72.698333,2021-03-04 16:54:00
2021-03-05_0653.dat,6.401667,94.425,2021-03-05 06:53:00
2021-03-05_0743.dat,6.171667,72.943333,2021-03-05 07:43:00
2021-03-05_1056.dat,24.181667,58.703333,2021-03-05 10:56:00
2021-03-06_0541.dat,9.383333,74.866667,2021-03-06 05:41:00
2021-03-06_0658.dat,6.401667,94.418333,2021-03-06 06:58:00
2021-03-07_0233.dat,6.5525,73.118667,2021-03-07 02:33:00
2021-03-07_0721.dat,6.343333,94.683333,2021-03-07 07:21:00
2021-03-07_1010.dat,6.675,73.125,2021-03-07 10:10:00
2021-03-07_1825.dat,15.258333,72.148333,2021-03-07 18:25:00
2021-03-08_0701.dat,6.535,94.251667,2021-03-08 07:01:00
2021-03-08_1806.dat,22.24,63.341667,2021-03-08 18:06:00
2021-03-08_1824.dat,22.24,63.341667,2021-03-08 18:24:00
2021-03-09_0621.dat,23.718333,59.933333,2021-03-09 06:21:00
RANVIR_2021-03-09_1345.dat,17.753333,83.455,2021-03-09 13:45:00
RANVIR_2021-03-09_1608.dat,17.386667,83.601833,2021-03-09 16:08:00
2021-03-09_1912.dat,16.988333,83.906167,2021-03-09 19:12:00
2021-03-09_1928.dat,16.988333,83.905,2021-03-09 19:28:00
RANVIR_2021-03-09_2115.dat,17.49,83.656667,2021-03-09 21:15:00
PT9001_2021-03-10_0527.dat,16.49,70.841667,2021-03-10 05:27:00
2021-03-10_0630.dat,24.785,57.036667,2021-03-10 06:30:00
PT9001_2021-03-10_0701.dat,16.633333,70.63,2021-03-10 07:01:00
2021-03-10_0936.dat,9.0,73.0,2021-03-10 09:36:00
PT9001_2021-03-10_1141.dat,17.006667,70.445,2021-03-10 11:41:00
PT9001_2021-03-10_1753.dat,17.463333,70.88,2021-03-10 17:53:00
PT9001_2021-03-10_2339.dat,16.541667,71.395,2021-03-10 23:39:00
2021-03-11_0132.dat,6.385,73.203333,2021-03-11 01:32:00
2021-03-11_0917.dat,6.253333,73.336667,2021-03-11 09:17:00
2021-03-11_0955.dat,7.0,69.0,2021-03-11 09:55:00
RANVIR_2021-03-11_1150.dat,16.9,84.21,2021-03-11 11:50:00
2021-03-11_1827.dat,15.81,72.348333,2021-03-11 18:27:00
RANVIR_2021-03-11_1840.dat,16.825,84.031667,2021-03-11 18:40:00
PT9001_2021-03-11_2140.dat,16.205,72.345,2021-03-11 21:40:00
RANVIR_2021-03-11_2252.dat,16.881667,83.925,2021-03-11 22:52:00
2021-03-12_0502.dat,15.146667,72.691667,2021-03-12 05:02:00
2021-03-12_0953.dat,4.0,66.0,2021-03-12 09:53:00
2021-03-12_1132.dat,15.265,72.663333,2021-03-12 11:32:00
2021-03-12_1500.dat,17.03,83.868333,2021-03-12 15:00:00
RANVIR_2021-03-12_1521.dat,16.646667,84.273333,2021-03-12 15:21:00
2021-03-12_1720.dat,15.968333,72.358333,2021-03-12 17:20:00
RANVIR_2021-03-12_1920.dat,16.735,83.461667,2021-03-12 19:20:00
PT9001_2021-03-13_0236.dat,15.343333,72.678333,2021-03-13 02:36:00
RANVIR_2021-03-13_0447.dat,17.525,84.336667,2021-03-13 04:47:00
2021-03-13_1004.dat,2.0,63.0,2021-03-13 10:04:00
PT9001_2021-03-13_2316.dat,16.436667,71.66,2021-03-13 23:16:00
PT9001_2021-03-14_0335.dat,17.171667,71.413333,2021-03-14 03:35:00
PT9001_2021-03-14_0726.dat,17.193333,71.286667,2021-03-14 07:26:00
PT9001_2021-03-14_0842.dat,17.193333,71.286667,2021-03-14 08:42:00
PT9001_2021-03-14_0936.dat,17.178333,71.305,2021-03-14 09:36:00
PT9001_2021-03-14_1111.dat,17.156667,71.393333,2021-03-14 11:11:00
PT9001_2021-03-14_1310.dat,17.013333,71.243333,2021-03-14 13:10:00
PT9001_2021-03-15_0444.dat,17.47,71.47,2021-03-15 04:44:00
PT9001_2021-03-15_0708.dat,17.316667,71.273333,2021-03-15 07:08:00
2021-03-16_0626.dat,6.33,94.508333,2021-03-16 06:26:00
2021-03-16_2224.dat,10.035,75.135,2021-03-16 22:24:00
2021-03-17_0634.dat,6.348333,94.705,2021-03-17 06:34:00
2021-03-17_1016.dat,17.486667,83.758333,2021-03-17 10:16:00
RANVIR_2021-03-17_1644.dat,17.546667,83.718333,2021-03-17 16:44:00
RANVIR_2021-03-18_2337.dat,14.373333,87.876667,2021-03-18 23:37:00
RANVIR_2021-03-19_0535.dat,13.628333,89.008333,2021-03-19 05:35:00
RANVIR_2021-03-19_1207.dat,13.076667,90.043333,2021-03-19 12:07:00
RANVIR_2021-03-19_1651.dat,12.428333,90.75,2021-03-19 16:51:00
RANVIR_2021-03-19_1658.dat,12.428333,90.75,2021-03-19 16:58:00
2021-03-20_1417.dat,-0.976667,59.268333,2021-03-20 14:17:00
2021-03-21_0909.dat,1.0,63.0,2021-03-21 09:09:00
2021-03-22_1857.dat,10.0,93.0,2021-03-22 18:57:00
2021-03-22_2158.dat,5.0,69.0,2021-03-22 21:58:00
2021-03-23_0611.dat,24.426667,57.886667,2021-03-23 06:11:00
2021-03-23_1703.dat,6.0,96.0,2021-03-23 17:03:00
RANVIR_2021-03-23_2114.dat,12.073333,91.145,2021-03-23 21:14:00
2021-03-24_0502.dat,6.0,90.0,2021-03-24 05:02:00
PT9001_2021-03-24_0536.dat,15.06,72.528333,2021-03-24 05:36:00
2021-03-24_0920.dat,9.0,76.0,2021-03-24 09:20:00
PT9001_2021-03-24_1140.dat,15.238333,72.535,2021-03-24 11:40:00
2021-03-24_1653.dat,7.0,92.0,2021-03-24 16:53:00
PT9001_2021-03-24_1736.dat,15.355,72.7,2021-03-24 17:36:00
RANVIR_2021-03-25_0538.dat,15.585,85.81,2021-03-25 05:38:00
2021-03-25_0600.dat,24.743333,57.05,2021-03-25 06:00:00
2021-03-25_1656.dat,11.0,88.0,2021-03-25 16:56:00
2021-03-25_1823.dat,23.866667,59.988333,2021-03-25 18:23:00
2021-03-26_1805.dat,22.518333,62.763333,2021-03-26 18:05:00
2021-03-27_0618.dat,22.451667,65.196667,2021-03-27 06:18:00
2021-03-29_0616.dat,24.858333,57.008333,2021-03-29 06:16:00
2021-03-31_0458.dat,12.985,73.803333,2021-03-31 04:58:00
2021-03-31_2028.dat,15.475,72.228333,2021-03-31 20:28:00
2021-04-01_0025.dat,15.775,72.438333,2021-04-01 00:25:00
2021-04-01_0336.dat,15.718333,72.486667,2021-04-01 03:36:00
2021-04-01_0515.dat,15.77,72.388333,2021-04-01 05:15:00
2021-04-02_0526.dat,14.208333,73.041667,2021-04-02 05:26:00
2021-04-02_1429.dat,12.868333,73.576667,2021-04-02 14:29:00
2021-04-03_0638.dat,6.898333,94.811667,2021-04-03 06:38:00
PT9001_2021-04-03_1620.dat,17.473333,64.788333,2021-04-03 16:20:00
PT9001_2021-04-03_2148.dat,17.145,63.313333,2021-04-03 21:48:00
PT9001_2021-04-04_0359.dat,16.615,61.628333,2021-04-04 03:59:00
PT9001_2021-04-04_0954.dat,16.178333,59.916667,2021-04-04 09:54:00
PT9001_2021-04-04_1726.dat,15.615,57.773333,2021-04-04 17:26:00
PT9001_2021-04-04_2137.dat,15.333333,56.675,2021-04-04 21:37:00
PT9001_2021-04-05_0351.dat,14.878333,54.89,2021-04-05 03:51:00
PT9001_2021-04-05_1039.dat,14.408333,52.821667,2021-04-05 10:39:00
PT9001_2021-04-05_1622.dat,13.89,51.236667,2021-04-05 16:22:00
PT9001_2021-04-05_2124.dat,13.435,49.851667,2021-04-05 21:24:00
PT9001_2021-04-06_0348.dat,12.886667,48.526667,2021-04-06 03:48:00
PT9001_2021-04-06_1030.dat,13.49,50.24,2021-04-06 10:30:00
RANVIR_2021-04-06_1600.dat,18.0,23.0,2021-04-06 16:00:00
PT9001_2021-04-06_1604.dat,13.98,51.786667,2021-04-06 16:04:00
PT9001_2021-04-06_2135.dat,14.451667,53.228333,2021-04-06 21:35:00
PT9001_2021-04-07_0346.dat,15.403333,54.738333,2021-04-07 03:46:00
2021-04-07_1130.dat,6.291667,79.038333,2021-04-07 11:30:00
2021-04-07_2044.dat,5.708333,80.725,2021-04-07 20:44:00
PT9001_2021-04-07_2147.dat,17.845,58.588333,2021-04-07 21:47:00
PT9001_2021-04-08_0356.dat,18.598333,60.006667,2021-04-08 03:56:00
2021-04-08_0534.dat,6.413333,82.408333,2021-04-08 05:34:00
PT9001_2021-04-08_0539.dat,9.72,75.058333,2021-04-08 05:39:00
PT9001_2021-04-08_0847.dat,20.641667,64.456667,2021-04-08 20:43:00
2021-04-08_2320.dat,7.915,85.533333,2021-04-08 23:20:00
RANVIR_2021-04-09_0245.dat,17.45,83.933333,2021-04-09 02:45:00
RANVIR_2021-04-09_0456.dat,17.483333,83.866667,2021-04-09 04:56:00
2021-04-09_0542.dat,8.525,86.79,2021-04-09 05:42:00
2021-04-09_0617.dat,23.683333,59.86,2021-04-09 06:17:00
2021-04-09_0626.dat,6.396667,94.658333,2021-04-09 06:26:00
2021-04-09_1050.dat,10.041667,89.955,2021-04-09 10:50:00
2021-04-09_1140.dat,9.051667,87.893333,2021-04-09 11:40:00
2021-04-09_1805.dat,9.61,89.061667,2021-04-09 18:05:00
RANVIR_2021-04-10_0258.dat,17.433333,83.95,2021-04-10 02:58:00
RANVIR_2021-04-10_0309.dat,17.433333,83.95,2021-04-10 03:09:00
RANVIR_2021-04-10_0402.dat,17.528333,84.001667,2021-04-10 04:02:00
RANVIR_2021-04-10_0412.dat,17.528333,84.0,2021-04-10 04:12:00
RANVIR_2021-04-10_0604.dat,17.428333,83.991667,2021-04-10 06:04:00
PT9001_2021-04-10_0607.dat,24.49,65.913333,2021-04-10 06:07:00
PT9001_2021-04-11_0657.dat,24.255,62.751667,2021-04-11 06:57:00
2021-04-11_0845.dat,21.658333,67.905,2021-04-11 08:45:00
2021-04-11_1659.dat,12.165,93.466667,2021-04-11 16:59:00
2021-04-12_0123.dat,13.558333,94.381667,2021-04-12 01:23:00
2021-04-12_0555.dat,14.048333,94.878333,2021-04-12 05:55:00
PT9001_2021-04-12_0735.dat,24.815,58.651667,2021-04-12 07:35:00
2021-04-12_1107.dat,14.573333,95.308333,2021-04-12 11:07:00
2021-04-12_2200.dat,13.872667,73.037,2021-04-12 22:00:00
2021-04-12_2255.dat,13.713333,94.911667,2021-04-12 22:55:00
2021-04-13_0551.dat,13.608333,94.32,2021-04-13 05:51:00
2021-04-13_1752.dat,13.63,93.438333,2021-04-13 17:52:00
2021-04-15_2200.dat,-15.0,61.0,2021-04-15 22:00:00
2021-04-15_2250.dat,11.365,93.053333,2021-04-15 22:50:00
2021-04-16_0528.dat,10.981667,93.11,2021-04-16 05:28:00
PT9001_2021-04-16_0629.dat,17.016667,71.943333,2021-04-16 06:29:00
2021-04-16_0654.dat,6.436667,94.461667,2021-04-16 06:54:00
PT9001_2021-04-16_0946.dat,17.116667,71.781667,2021-04-16 09:46:00
2021-04-16_1023.dat,13.0,62.0,2021-04-16 10:23:00
2021-04-16_1133.dat,11.298333,92.755,2021-04-16 11:33:00
PT9001_2021-04-16_1359.dat,17.083333,71.798333,2021-04-16 13:59:00
PT9001_2021-04-16_1629.dat,17.485,71.79,2021-04-16 16:29:00
2021-04-16_1633.dat,-11.0,63.0,2021-04-16 16:33:00
2021-04-16_1745.dat,11.076667,92.768333,2021-04-16 17:45:00
PT9001_2021-04-16_2030.dat,17.001667,71.86,2021-04-16 20:30:00
2021-04-16_2315.dat,10.921667,92.788333,2021-04-16 23:15:00
PT9001_2021-04-17_0020.dat,17.03,71.818333,2021-04-17 00:20:00
RANVIR_2021-04-17_0054.dat,17.206667,83.665,2021-04-17 00:54:00
RANVIR_2021-04-17_0453.dat,16.726667,83.825,2021-04-17 04:53:00
2021-04-17_0544.dat,10.88,92.835,2021-04-17 05:44:00
2021-04-17_1037.dat,-7.753333,64.713333,2021-04-17 10:37:00
RANVIR_2021-04-17_1111.dat,16.466667,84.12,2021-04-17 11:11:00
2021-04-17_1118.dat,11.153333,92.88,2021-04-17 11:18:00
RANVIR_2021-04-17_1745.dat,16.311667,84.443333,2021-04-17 17:45:00
2021-04-17_1750.dat,11.29,92.926667,2021-04-17 17:50:00
2021-04-17_2243.dat,11.163333,92.948333,2021-04-17 22:43:00
2021-04-18_0540.dat,11.018333,92.995,2021-04-18 05:40:00
PT9001_2021-04-18_0735.dat,21.075,59.63,2021-04-18 07:35:00
2021-04-18_0801.dat,19.65,67.516667,2021-04-18 08:01:00
2021-04-18_1108.dat,-0.183333,68.383333,2021-04-18 11:08:00
2021-04-18_1212.dat,15.815,85.48,2021-04-18 12:12:00
2021-04-18_1745.dat,10.99,93.0185,2021-04-18 17:45:00
PT9001_2021-04-19_0004.dat,23.941667,61.606667,2021-04-19 00:04:00
2021-04-19_0509.dat,5.75,68.916667,2021-04-19 05:09:00
2021-04-19_0537.dat,11.425,93.188333,2021-04-19 05:37:00
2021-04-19_0653.dat,21.4,6.516667,2021-04-19 06:53:00
2021-04-19_1100.dat,10.903333,93.221667,2021-04-19 11:00:00
RANVIR_2021-04-19_2021.dat,14.27,84.291667,2021-04-19 20:21:00
2021-04-20_0546.dat,12.783333,82.785,2021-04-20 05:46:00
2021-04-20_0736.dat,24.0,59.283333,2021-04-20 07:36:00
2021-04-20_1210.dat,11.973333,82.141667,2021-04-20 12:10:00
2021-04-20_1229.dat,11.97,82.138333,2021-04-20 12:29:00
2021-04-20_1759.dat,11.45,81.5,2021-04-20 17:59:00
2021-04-20_2005.dat,11.395,93.245,2021-04-20 20:05:00
2021-04-21_0004.dat,8.835,74.525,2021-04-21 00:04:00
2021-04-21_0750.dat,11.188333,93.29,2021-04-21 07:50:00
2021-04-21_0814.dat,23.116667,59.95,2021-04-21 08:14:00
2021-04-21_1718.dat,11.32,93.338333,2021-04-21 17:18:00
2021-04-22_0010.dat,11.71,93.356667,2021-04-22 00:10:00
2021-04-22_0825.dat,19.2,59.2,2021-04-22 08:25:00
2021-04-22_1039.dat,11.561667,93.3735,2021-04-22 10:39:00
2021-04-22_1720.dat,11.006667,93.405,2021-04-22 17:20:00
2021-04-23_0008.dat,11.57,93.475,2021-04-23 00:08:00
RANVIR_2021-04-23_0709.dat,16.358333,82.731667,2021-04-23 07:09:00
2021-04-23_0807.dat,21.35,59.983333,2021-04-23 08:07:00
2021-04-24_0728.dat,10.0,74.0,2021-04-24 07:28:00
2021-04-24_0807.dat,24.616667,58.066667,2021-04-24 08:07:00
2021-04-24_1252.dat,10.771667,73.173333,2021-04-24 12:52:00
2021-04-24_2127.dat,10.698333,72.4,2021-04-24 21:27:00
PT9001_2021-04-24_2207.dat,24.275,58.435,2021-04-24 22:07:00
2021-04-25_1104.dat,10.0,72.0,2021-04-25 11:04:00
2021-04-25_1816.dat,8.0,73.0,2021-04-25 18:16:00
2021-04-25_2322.dat,9.333333,93.213333,2021-04-25 23:22:00
PT9001_2021-04-25_2350.dat,22.96,59.788333,2021-04-25 23:50:00
2021-04-26_0841.dat,21.65,6.6,2021-04-26 08:41:00
2021-04-26_1703.dat,9.0,75.0,2021-04-26 17:03:00
PT9001_2021-04-26_1846.dat,20.573333,60.525,2021-04-26 18:46:00
PT9001_2021-04-26_2119.dat,20.383333,60.275,2021-04-26 21:19:00
PT9001_2021-04-27_0322.dat,20.476667,61.306667,2021-04-27 03:22:00
2021-04-27_1741.dat,10.0,75.0,2021-04-27 17:41:00
PT9001_2021-04-27_1921.dat,20.301667,60.36,2021-04-27 19:21:00
2021-04-28_0815.dat,20.016667,63.733333,2021-04-28 08:15:00
2021-04-28_1545.dat,10.0,73.0,2021-04-28 15:45:00
PT9001_2021-04-28_2057.dat,17.223333,56.306667,2021-04-28 20:57:00
2021-04-30_1117.dat,10.0,75.0,2021-04-30 11:17:00
2021-04-30_2321.dat,17.588333,83.778333,2021-04-30 23:21:00
2021-05-01_0336.dat,17.373333,83.9,2021-05-01 03:36:00
2021-05-01_0356.dat,17.373333,83.9,2021-05-01 03:56:00
2021-05-01_0459.dat,17.308333,83.993333,2021-05-01 04:59:00
2021-05-01_0600.dat,17.335,83.79,2021-05-01 06:00:00
2021-05-01_0644.dat,17.346667,83.778333,2021-05-01 06:44:00
2021-05-03_0903.dat,15.4,90.5265,2021-05-03 09:03:00
PT9001_2021-05-03_1627.dat,25.006667,57.201667,2021-05-03 16:27:00
2021-05-04_0727.dat,17.493333,83.921667,2021-05-04 07:27:00
2021-05-07_2115.dat,8.0,76.0,2021-05-07 21:15:00
2021-05-08_0952.dat,7.828333,93.395,2021-05-08 09:52:00
2021-05-08_1910.dat,7.848333,93.51,2021-05-08 19:10:00
2021-05-09_0035.dat,5.0,75.0,2021-05-09 00:35:00
2021-05-09_1005.dat,7.893333,93.628333,2021-05-09 10:05:00
2021-05-09_1449.dat,4.0,74.0,2021-05-09 14:49:00
2021-05-09_1619.dat,7.853333,93.501667,2021-05-09 16:19:00
2021-05-10_1754.dat,8.035,93.463333,2021-05-10 17:54:00
2021-05-10_1908.dat,74.0,12.1,2021-05-10 19:08:00
RANVIR_2021-05-11_0005.dat,17.373333,84.543333,2021-05-11 00:05:00
2021-05-11_0507.dat,16.476667,84.111667,2021-05-11 05:07:00
RANVIR_2021-05-11_0539.dat,16.36,84.108333,2021-05-11 05:39:00
2021-05-11_1049.dat,15.798333,84.63,2021-05-11 10:49:00
2021-05-11_1700.dat,16.831667,84.046667,2021-05-11 17:00:00
RANVIR_2021-05-11_1739.dat,16.746667,84.09,2021-05-11 17:39:00
2021-05-11_1814.dat,4.0,74.0,2021-05-11 18:14:00
2021-05-11_1925.dat,16.896667,83.848333,2021-05-11 19:25:00
RANVIR_2021-05-12_0737.dat,17.18,83.328333,2021-05-12 07:37:00
RANVIR_2021-05-12_0751.dat,17.178333,83.328333,2021-05-12 07:51:00
2021-05-12_1132.dat,16.89,83.3855,2021-05-12 11:32:00
RANVIR_2021-05-12_1246.dat,16.791667,83.465,2021-05-12 12:46:00
RANVIR_2021-05-12_1253.dat,16.878333,83.445,2021-05-12 12:53:00
2021-05-12_1319.dat,17.168333,83.818333,2021-05-12 13:19:00
RANVIR_2021-05-12_1652.dat,16.82,83.855,2021-05-12 16:52:00
2021-05-12_1701.dat,16.701667,83.785,2021-05-12 17:01:00
2021-05-12_2303.dat,17.226667,83.576667,2021-05-12 23:03:00
RANVIR_2021-05-13_0106.dat,17.793333,83.73,2021-05-13 01:06:00
2021-05-20_0544.dat,17.133333,84.5,2021-05-20 05:44:00
2021-05-21_1538.dat,7.886667,93.646667,2021-05-21 15:38:00
2021-05-25_0637.dat,75.0,9.0,2021-05-25 06:37:00
2021-05-27_1135.dat,10.773333,74.353333,2021-05-27 11:35:00
2021-05-27_1252.dat,11.316667,93.051667,2021-05-27 12:52:00
2021-05-28_0530.dat,9.871667,73.588333,2021-05-28 05:30:00
2021-05-28_0724.dat,8.351667,73.155333,2021-05-28 07:24:00
2021-05-28_1119.dat,8.341667,73.125333,2021-05-28 11:19:00
2021-05-28_1130.dat,8.341667,73.125333,2021-05-28 11:30:00
2021-05-28_1135.dat,8.883333,73.3725,2021-05-28 11:35:00
2021-05-28_1917.dat,8.351667,73.155333,2021-05-28 19:17:00
2021-05-29_0520.dat,8.2885,72.852833,2021-05-29 05:20:00
2021-05-29_0548.dat,8.275,72.966667,2021-05-29 05:48:00
2021-05-29_1132.dat,8.308333,72.958333,2021-05-29 11:32:00
2021-05-29_1135.dat,8.308333,72.958333,2021-05-29 11:35:00
2021-05-29_1720.dat,8.2885,72.852833,2021-05-29 17:20:00
2021-05-30_1240.dat,8.2595,72.854333,2021-05-30 12:40:00
2021-05-30_1742.dat,8.281667,72.852667,2021-05-30 17:42:00
2021-05-30_2330.dat,8.256167,72.853333,2021-05-30 23:30:00
2021-05-31_0729.dat,73.0,8.0,2021-05-31 07:29:00
2021-05-31_1130.dat,8.32,72.854333,2021-05-31 11:30:00
2021-05-31_1833.dat,17.418333,83.72,2021-05-31 18:33:00
2021-05-31_1839.dat,17.301667,83.423333,2021-05-31 18:39:00
2021-06-01_0051.dat,17.626667,84.986667,2021-06-01 00:51:00
2021-06-01_0515.dat,16.483333,85.483333,2021-06-01 05:15:00
2021-06-01_0524.dat,8.276667,72.85,2021-06-01 05:24:00
2021-06-01_1130.dat,8.253333,72.861667,2021-06-01 11:30:00
2021-06-01_1215.dat,15.585,86.588333,2021-06-01 12:15:00
2021-06-01_1741.dat,8.381667,72.859333,2021-06-01 17:41:00
2021-06-01_1824.dat,8.261667,73.081667,2021-06-01 18:24:00
2021-06-01_2305.dat,15.433333,86.82,2021-06-01 23:05:00
2021-06-01_2330.dat,8.253333,72.861667,2021-06-01 23:30:00
2021-06-02_0509.dat,16.688333,86.833333,2021-06-02 05:09:00
2021-06-02_0535.dat,8.278333,72.865,2021-06-02 05:35:00
2021-06-02_1130.dat,8.856833,73.758667,2021-06-02 11:30:00
2021-06-02_1145.dat,8.288833,75.921833,2021-06-02 11:45:00
2021-06-02_1923.dat,11.153333,93.433333,2021-06-02 19:23:00
2021-06-03_0541.dat,9.383333,74.866667,2021-06-03 05:41:00
2021-06-03_1205.dat,17.053333,71.887667,2021-06-03 12:05:00
2021-06-03_1927.dat,11.043333,93.476667,2021-06-03 19:27:00
2021-06-04_1739.dat,19.835,86.97,2021-06-04 17:39:00
2021-06-04_2329.dat,19.136667,85.841667,2021-06-04 23:29:00
RANVIR_2021-06-05_0231.dat,17.613333,83.716667,2021-06-05 02:31:00
RANVIR_2021-06-05_0319.dat,17.581667,83.693333,2021-06-05 03:19:00
RANVIR_2021-06-05_0435.dat,17.573333,83.653333,2021-06-05 04:35:00
2021-06-05_0503.dat,18.581667,85.143333,2021-06-05 05:03:00
RANVIR_2021-06-05_0523.dat,17.491667,83.755,2021-06-05 05:23:00
RANVIR_2021-06-05_0530.dat,17.491667,83.751667,2021-06-05 05:30:00
RANVIR_2021-06-05_0621.dat,17.496667,83.743333,2021-06-05 06:21:00
RANVIR_2021-06-05_0701.dat,17.475,83.755,2021-06-05 07:01:00
RANVIR_2021-06-05_0802.dat,17.481667,83.835,2021-06-05 08:02:00
2021-06-05_0944.dat,17.955,84.298333,2021-06-05 09:44:00
2021-06-06_1127.dat,11.495,93.556667,2021-06-06 11:27:00
2021-06-06_2115.dat,11.315,93.396667,2021-06-06 21:15:00
2021-06-09_0532.dat,9.03,72.586667,2021-06-09 05:32:00
2021-06-09_1925.dat,9.336,74.926333,2021-06-09 19:25:00
2021-06-10_0527.dat,9.396667,74.66,2021-06-10 05:27:00
2021-06-10_0945.dat,9.021667,75.508167,2021-06-10 09:45:00
2021-06-10_1739.dat,9.965,73.631667,2021-06-10 17:39:00
2021-06-10_2327.dat,8.873667,72.518667,2021-06-10 23:27:00
2021-06-11_0532.dat,8.593333,71.295,2021-06-11 05:32:00
2021-06-11_1115.dat,10.61,70.446667,2021-06-11 11:15:00
2021-06-11_1145.dat,8.689,70.561667,2021-06-11 11:45:00
2021-06-11_1823.dat,9.691667,70.456667,2021-06-11 18:23:00
2021-06-12_0552.dat,11.733333,70.441667,2021-06-12 05:52:00
2021-06-12_1130.dat,11.101667,71.043,2021-06-12 11:30:00
2021-06-13_1117.dat,10.135,75.418833,2021-06-13 11:17:00
2021-06-13_1120.dat,10.135,75.418833,2021-06-13 11:20:00
PT9001_2021-06-14_1806.dat,17.293333,67.196667,2021-06-14 18:06:00
PT9001_2021-06-17_0653.dat,14.548333,55.731667,2021-06-17 06:53:00
2021-06-17_1703.dat,11.455,92.993333,2021-06-17 17:03:00
PT9001_2021-06-17_1810.dat,14.008333,52.901667,2021-06-17 18:10:00
2021-06-18_1218.dat,11.661667,92.803333,2021-06-18 12:18:00
PT9001_2021-06-18_1945.dat,11.88,46.095,2021-06-18 19:45:00
PT9001_2021-06-21_1834.dat,16.193333,41.28,2021-06-21 18:34:00
PT9001_2021-06-22_0717.dat,18.243333,39.793333,2021-06-22 07:17:00
RANVIR_2021-06-22_1313.dat,9.838333,75.903333,2021-06-22 13:13:00
RANVIR_2021-06-22_1319.dat,9.861667,75.916667,2021-06-22 13:19:00
PT9001_2021-06-22_1823.dat,20.271667,38.546667,2021-06-22 18:23:00
RANVIR_2021-06-22_2220.dat,9.571667,75.166667,2021-06-22 22:20:00
RANVIR_2021-06-22_2344.dat,9.541667,74.856667,2021-06-22 23:44:00
PT9001_2021-06-23_0709.dat,22.478333,37.336667,2021-06-23 07:09:00
NIRUPAK_2021-06-23_1002.dat,13.0,89.0,2021-06-23 10:02:00
NIRUPAK_2021-06-23_1023.dat,13.0,89.0,2021-06-23 10:23:00
PT9001_2021-06-23_1757.dat,24.381667,36.378333,2021-06-23 17:57:00
PT9001_2021-06-25_0714.dat,27.728333,33.841667,2021-06-25 07:14:00
2021-06-25_0725.dat,11.113333,92.473333,2021-06-25 07:25:00
2021-06-25_1659.dat,11.141667,92.381667,2021-06-25 16:59:00
2021-06-26_0807.dat,11.03,92.336667,2021-06-26 08:07:00
2021-06-27_0816.dat,11.043333,92.276667,2021-06-27 08:16:00
2021-06-27_0820.dat,11.043333,92.276667,2021-06-27 08:20:00
2021-06-27_1208.dat,11.038333,92.255,2021-06-27 12:08:00
2021-06-28_0805.dat,11.286667,92.171667,2021-06-28 08:05:00
2021-06-28_1156.dat,11.055,92.16,2021-06-28 11:56:00
PT9001_2021-06-29_0716.dat,32.775,27.196667,2021-06-29 07:16:00
2021-06-29_0801.dat,11.678333,92.186667,2021-06-29 08:01:00
PT9001_2021-06-29_1907.dat,33.293333,26.038333,2021-06-29 19:07:00
RNV_2021-06-29_2226.dat,9.456667,75.575,2021-06-29 22:26:00
RANVIR_2021-06-29_2232.dat,9.456667,75.575,2021-06-29 22:32:00
2021-06-29_2334.dat,11.475,92.113333,2021-06-29 23:34:00
RNV_2021-06-30_0103.dat,9.268333,75.976667,2021-06-30 01:03:00
PT9001_2021-06-30_0643.dat,34.501667,23.89,2021-06-30 06:43:00
PT9001_2021-06-30_0729.dat,25.071667,57.491667,2021-06-30 07:29:00
PT9001_2021-06-30_1830.dat,35.411667,21.868333,2021-06-30 18:30:00
2021-06-30_1948.dat,11.395,92.235,2021-06-30 19:48:00
PT9001_2021-07-01_0641.dat,35.38,18.411667,2021-07-01 06:41:00
PT9001-2021-07-05_2200.dat,38.781667,9.34,2021-07-01 22:00:00
PT9001_2021-07-01_2219.dat,35.543333,14.466667,2021-07-01 22:19:00
PT9001_2021-07-02_1003.dat,37.071667,12.448333,2021-07-02 10:03:00
PT9001_2021-07-02_2158.dat,39.223333,12.645,2021-07-02 21:58:00
2021-07-03_0551.dat,25.1,57.226667,2021-07-03 05:51:00
SVS_2021-07-03_1204.dat,7.45,78.183333,2021-07-03 12:04:00
SVS_2021-07-03_1911.dat,7.666667,77.4,2021-07-03 19:11:00
PT9001_2021-07-05_1619.dat,39.586667,10.5,2021-07-05 16:19:00
2021-07-05_2128.dat,7.935,85.185,2021-07-05 21:28:00
2021-07-06_0036.dat,7.69,85.241667,2021-07-06 00:36:00
2021-07-06_1039.dat,7.79,74.916667,2021-07-06 10:39:00
2021-07-06_1215.dat,7.073333,83.088333,2021-07-06 12:15:00
PT9001_2021-07-06_1612.dat,37.863333,4.736667,2021-07-06 16:12:00
2021-07-06_1707.dat,6.9,74.633333,2021-07-06 17:07:00
2021-07-07_0345.dat,6.153333,82.193333,2021-07-07 03:45:00
2021-07-07_0755.dat,5.825,74.033333,2021-07-07 07:55:00
2021-07-07_1351.dat,17.6,83.0,2021-07-07 13:51:00
2021-07-07_1528.dat,6.008333,79.598333,2021-07-07 15:28:00
PT9001_2021-07-07_1605.dat,36.618333,-1.306667,2021-07-07 16:05:00
2021-07-07_1626.dat,5.303333,73.986667,2021-07-07 16:26:00
2021-07-07_2030.dat,6.323333,78.843333,2021-07-07 20:30:00
PT9001_2021-07-08_0411.dat,36.225,-4.065,2021-07-08 04:11:00
2021-07-08_0826.dat,7.485,76.873333,2021-07-08 08:26:00
2021-07-08_1232.dat,7.918333,76.551667,2021-07-08 12:32:00
PT9001_2021-07-08_1627.dat,36.133333,-6.533333,2021-07-08 16:27:00
PT9001_2021-07-08_2332.dat,9.67,75.391667,2021-07-08 23:32:00
PT9001_2021-07-09_1612.dat,38.865,-9.943333,2021-07-09 16:12:00
PT9001_2021-07-10_0422.dat,41.231667,-9.871667,2021-07-10 04:22:00
2021-07-10_1030.dat,9.3855,74.9395,2021-07-10 10:30:00
PT9001_2021-07-10_1030.dat,9.3855,74.9395,2021-07-10 10:30:00
PT9001_2021-07-10_1040.dat,9.385833,74.953333,2021-07-10 10:40:00
PT9001_2021-07-10_1619.dat,43.715,-9.6,2021-07-10 16:19:00
PT9001_2021-07-10_1738.dat,9.623333,75.54,2021-07-10 17:38:00
PT9001_2021-07-10_2330.dat,9.385,74.65,2021-07-10 23:30:00
PT9001_2021-07-11_0404.dat,45.543333,-7.505,2021-07-11 04:04:00
PT9001_2021-07-11_1610.dat,46.545,-7.108333,2021-07-11 16:10:00
PT9001_2021-07-11_2228.dat,47.918333,-6.158333,2021-07-11 22:28:00
PT9001_2021-07-11_2330.dat,9.3225,74.924833,2021-07-11 23:30:00
PT9001_2021-07-12_0435.dat,48.023333,-6.018333,2021-07-12 04:35:00
PT9001_2021-07-12_0531.dat,9.571667,75.04,2021-07-12 05:31:00
2021-07-12_1239.dat,5.155,73.636667,2021-07-12 12:39:00
2021-07-14_1646.dat,7.75,77.833333,2021-07-14 16:46:00
2021-07-15_1134.dat,7.048333,78.89,2021-07-15 11:34:00
PT9001_2021-07-15_1800.dat,47.631667,-5.443333,2021-07-15 18:00:00
PT9001_2021-07-16_0206.dat,47.411667,-6.351667,2021-07-16 02:06:00
PT9001_2021-07-16_0304.dat,47.44,-6.446667,2021-07-16 03:04:00
2021-07-16_0931.dat,8.068333,78.355,2021-07-16 09:31:00
2021-07-17_0805.dat,17.405,84.573333,2021-07-17 08:05:00
PT9001_2021-07-20_0600.dat,57.163333,19.631667,2021-07-20 06:00:00
PT9001_2021-07-20_1710.dat,57.856667,20.561667,2021-07-20 17:10:00
2021-07-20_1825.dat,9.508333,86.498333,2021-07-20 18:25:00
2021-07-20_1835.dat,9.508333,86.491667,2021-07-20 18:35:00
2021-07-21_1227.dat,7.576667,86.101667,2021-07-21 12:27:00
2021-07-21_1233.dat,7.673333,86.041667,2021-07-21 12:33:00
2021-07-22_0954.dat,6.786667,90.005,2021-07-22 09:54:00
2021-07-22_1001.dat,6.786667,90.005,2021-07-22 10:01:00
2021-07-22_1019.dat,6.798333,90.215,2021-07-22 10:19:00
2021-07-22_1037.dat,6.795,90.258333,2021-07-22 10:37:00
2021-07-26_0628.dat,10.0,75.0,2021-07-26 06:28:00
2021-07-26_0637.dat,10.766667,75.0,2021-07-26 06:37:00
PT9001_2021-07-28_1800.dat,59.253333,20.798333,2021-07-28 18:00:00
PT9001_2021-07-28_1926.dat,9.769833,76.02,2021-07-28 19:26:00
PT9001_2021-07-29_0524.dat,9.556667,75.266667,2021-07-29 05:24:00
PT9001_2021-07-29_0600.dat,58.866667,20.671667,2021-07-29 06:00:00
PT9001_2021-07-29_1800.dat,58.926667,20.158333,2021-07-29 18:00:00
2021-07-29_2123.dat,15.5,86.775,2021-07-29 21:23:00
2021-07-31_0540.dat,11.586667,91.753333,2021-07-31 05:40:00
2021-08-02_0643.dat,9.051667,95.175,2021-08-02 06:43:00
2021-08-02_1117.dat,8.45,95.74,2021-08-02 11:17:00
PT9001_2021-08-04_0649.dat,57.778333,7.176667,2021-08-04 06:49:00
PT9001_2021-08-04_1956.dat,58.938333,4.27,2021-08-04 19:56:00
PT9001_2021-08-05_0704.dat,60.033333,4.408333,2021-08-05 07:04:00
2021-08-08_1746.dat,4.466667,105.318333,2021-08-08 17:46:00
PT9001_2021-08-08_1842.dat,59.573333,4.53,2021-08-08 18:42:00
PT9001_2021-08-09_0958.dat,57.186667,4.055,2021-08-09 09:58:00
PT9001_2021-08-09_1842.dat,56.085,3.696667,2021-08-09 18:42:00
2021-08-11_0613.dat,5.03,107.041667,2021-08-11 06:13:00
PT9001-2021-08-11_2050.dat,50.513333,-0.056667,2021-08-11 20:50:00
2021-08-12_0555.dat,5.183333,111.448333,2021-08-12 05:55:00
2021-08-12_1128.dat,5.238333,112.723333,2021-08-12 11:28:00
2021-08-12_1749.dat,5.7525,113.936667,2021-08-12 17:49:00
2021-08-12_2344.dat,6.541667,113.945,2021-08-12 23:44:00
2021-08-13_0552.dat,7.458667,114.091667,2021-08-13 05:52:00
2021-08-13_1131.dat,7.728333,115.836667,2021-08-13 11:31:00
2021-08-13_1725.dat,8.57,115.435,2021-08-13 17:25:00
2021-08-13_2359.dat,9.256667,114.238333,2021-08-13 23:59:00
2021-08-14_0532.dat,10.036667,113.193333,2021-08-14 05:32:00
2021-08-14_1818.dat,11.008333,111.366667,2021-08-14 18:18:00
2021-08-14_2335.dat,11.303333,110.58,2021-08-14 23:35:00
PT9001_2021-08-17_1027.dat,49.878333,-3.895,2021-08-17 10:27:00
PT9001_2021-08-17_2052.dat,49.038333,-5.62,2021-08-17 20:52:00
2021-08-17_2347.dat,12.228333,11.103333,2021-08-17 23:47:00
PT9001_2021-08-18_0306.dat,46.97,-8.045,2021-08-18 15:00:00
2021-08-18_1755.dat,12.05,109.84,2021-08-18 17:55:00
PT9001_2021-08-18_2134.dat,45.916667,-9.111667,2021-08-18 21:34:00
2021-08-19_0552.dat,11.936667,111.135,2021-08-19 05:52:00
2021-08-19_0559.dat,11.936667,111.135,2021-08-19 05:59:00
PT9001_2021-08-19_0728.dat,44.14,-10.385,2021-08-19 07:28:00
2021-08-19_1152.dat,14.101667,111.541667,2021-08-19 11:52:00
PT9001_2021-08-19_1729.dat,42.605,-10.386667,2021-08-19 17:29:00
2021-08-19_1800.dat,13.136667,112.016667,2021-08-19 18:00:00
2021-08-20_0542.dat,14.131667,112.631667,2021-08-20 05:42:00
2021-08-20_1524.dat,-1.0,70.0,2021-08-20 15:24:00
2021-08-20_2351.dat,14.281667,115.601667,2021-08-20 23:51:00
2021-08-21_0541.dat,14.19,117.003333,2021-08-21 05:41:00
2021-08-21_1150.dat,13.648333,117.543333,2021-08-21 11:50:00
2021-08-21_1756.dat,13.601667,116.528333,2021-08-21 17:56:00
2021-08-21_1901.dat,-1.623333,69.193333,2021-08-21 19:01:00
2021-08-21_2352.dat,14.27,115.036667,2021-08-21 23:52:00
2021-08-22_1316.dat,12.306667,115.336667,2021-08-22 13:16:00
2021-08-22_1723.dat,-1.0,68.0,2021-08-22 17:23:00
2021-08-22_1839.dat,12.39,116.503333,2021-08-22 18:39:00
2021-08-22_2354.dat,12.381667,117.276667,2021-08-22 23:54:00
2021-08-23_0555.dat,12.92,119.29,2021-08-23 05:55:00
2021-08-23_0610.dat,12.02,118.738333,2021-08-23 06:10:00
2021-08-23_1130.dat,12.271667,119.041667,2021-08-23 11:30:00
PT9001_2021-08-23_1717.dat,34.62,-8.525,2021-08-23 17:17:00
2021-08-23_1741.dat,-1.766667,68.516667,2021-08-23 17:41:00
2021-08-23_2355.dat,13.74,119.63,2021-08-23 23:55:00
2021-08-24_0515.dat,14.27,120.205,2021-08-24 05:15:00
PT9001_2021-08-24_0712.dat,34.576667,-8.543333,2021-08-24 07:12:00
2021-08-24_0722.dat,8.406667,78.688333,2021-08-24 07:22:00
2021-08-24_0726.dat,-1.0,68.0,2021-08-24 07:26:00
2021-08-24_1112.dat,8.68,78.72,2021-08-24 11:12:00
2021-08-24_1206.dat,8.593333,78.821667,2021-08-24 12:06:00
2021-08-24_1408.dat,8.263333,78.773333,2021-08-24 14:08:00
2021-08-24_1505.dat,8.356667,78.635,2021-08-24 15:05:00
2021-08-24_1513.dat,8.356667,78.635,2021-08-24 15:13:00
PT9001_2021-08-24_2020.dat,34.636667,8.606667,2021-08-24 20:20:00
2021-08-25_0801.dat,-1.745,68.651667,2021-08-25 08:01:00
2021-08-26_0725.dat,-1.0,66.0,2021-08-26 07:25:00
2021-08-26_1017.dat,16.625,83.638333,2021-08-26 10:17:00
2021-08-26_1149.dat,17.12,83.486667,2021-08-26 11:49:00
2021-08-26_2350.dat,13.718333,119.991667,2021-08-26 23:50:00
2021-08-27_0600.dat,12.9,116.706667,2021-08-27 06:00:00
PT9001_2021-08-27_0641.dat,35.861667,-6.226667,2021-08-27 06:41:00
2021-08-27_1147.dat,9.635,111.341667,2021-08-27 11:47:00
2021-08-27_1153.dat,12.241667,114.9,2021-08-27 11:53:00
PT9001_2021-08-27_1605.dat,35.718333,-3.408333,2021-08-27 16:05:00
2021-08-27_1733.dat,11.12,113.146667,2021-08-27 17:33:00
PT9001_2021-08-28_0441.dat,36.613333,-0.118333,2021-08-28 04:41:00
2021-08-28_0540.dat,8.518333,110.053333,2021-08-28 05:40:00
2021-08-28_1158.dat,6.841667,108.575,2021-08-28 11:58:00
PT9001_2021-08-28_1520.dat,37.123333,0.778333,2021-08-28 15:20:00
PT9001_2021-08-28_2319.dat,37.318333,1.848333,2021-08-28 23:19:00
2021-08-28_2349.dat,4.386667,105.941667,2021-08-28 23:49:00
PT9001_2021-08-29_1137.dat,37.141667,2.57,2021-08-29 11:37:00
2021-08-29_1748.dat,-0.6,71.05,2021-08-29 17:48:00
PT9001_2021-08-29_2200.dat,37.621667,5.351667,2021-08-29 22:00:00
PT9001_2021-08-30_1015.dat,37.911667,8.758333,2021-08-30 10:15:00
PT9001_2021-08-30_2015.dat,37.23,11.541667,2021-08-30 20:15:00
PT9001_2021-08-31_1008.dat,35.431667,14.36,2021-08-31 10:08:00
2021-08-31_1648.dat,-0.0,73.0,2021-08-31 16:48:00
PT9001_2021-08-31_1710.dat,35.056667,15.99,2021-08-31 17:10:00
PT9001_2021-09-01_0415.dat,34.498333,18.511667,2021-09-01 04:15:00
2021-09-01_1759.dat,3.0,74.0,2021-09-01 17:59:00
PT9001_2021-09-01_1812.dat,33.768333,21.785,2021-09-01 18:12:00
PT9001_2021-09-02_0720.dat,33.093333,24.801667,2021-09-02 07:20:00
2021-09-02_1830.dat,8.883333,75.116667,2021-09-02 18:30:00
PT9001_2021-09-02_1910.dat,32.656667,26.94,2021-09-02 19:10:00
PT9001_2021-09-06_0642.dat,31.815,29.973333,2021-09-06 06:42:00
2021-09-06_1304.dat,6.48,95.328333,2021-09-06 13:04:00
PT9001_2021-09-06_1450.dat,31.78,31.768333,2021-09-06 14:50:00
2021-09-06_1807.dat,6.973333,97.906667,2021-09-06 18:07:00
2021-09-07_0547.dat,9.421667,95.818333,2021-09-07 05:47:00
2021-09-07_0633.dat,6.47,99.36,2021-09-07 06:33:00
2021-09-07_1153.dat,6.386667,95.275,2021-09-07 11:53:00
2021-09-07_1718.dat,7.043333,95.491667,2021-09-07 17:18:00
2021-09-08_0630.dat,6.448333,94.365,2021-09-08 06:30:00
PT9001_2021-09-08_0657.dat,26.645,34.69,2021-09-08 06:57:00
2021-09-08_1706.dat,6.506667,95.838333,2021-09-08 17:06:00
PT9001_2021-09-08_1938.dat,25.268333,35.786667,2021-09-08 19:38:00
PT9001_2021-09-09_0655.dat,23.41,36.873333,2021-09-09 06:55:00
2021-09-09_1712.dat,14.0,87.0,2021-09-09 17:12:00
2021-09-09_1722.dat,60.0,96.0,2021-09-09 17:22:00
PT9001_2021-09-09_1808.dat,21.75,37.618333,2021-09-09 18:08:00
2021-09-10_0639.dat,6.82,94.553333,2021-09-10 06:39:00
PT9001_2021-09-10_0650.dat,19.843333,37.631667,2021-09-10 06:50:00
PT9001_2021-09-10_1909.dat,18.253333,39.626667,2021-09-10 19:09:00
PT9001_2021-09-11_0647.dat,15.76,41.43,2021-09-11 06:47:00
PT9001_2021-09-11_1655.dat,13.378333,42.785,2021-09-11 16:55:00
2021-09-11_1730.dat,22.841667,69.107333,2021-09-11 17:30:00
2021-09-12_1203.dat,6.393333,95.263333,2021-09-12 12:03:00
2021-09-12_1750.dat,7.68,94.761667,2021-09-12 17:50:00
PT9001_2021-09-13_1720.dat,11.768333,44.596667,2021-09-13 17:20:00
PT9001_2021-09-14_0703.dat,12.475,47.548333,2021-09-14 07:03:00
2021-09-14_1834.dat,11.038333,93.165,2021-09-14 18:34:00
PT9001_2021-09-14_2038.dat,13.393333,50.606667,2021-09-14 20:38:00
PT9001_2021-09-15_0830.dat,14.208333,53.021667,2021-09-15 08:30:00
2021-09-15_1728.dat,6.426667,95.415,2021-09-15 17:28:00
2021-09-16_0643.dat,6.448333,94.403333,2021-09-16 06:43:00
2021-09-16_1212.dat,6.215,95.433333,2021-09-16 12:12:00
2021-09-16_1714.dat,6.175,95.516667,2021-09-16 17:14:00
PT9001_2021-09-16_2010.dat,18.351667,57.586667,2021-09-16 20:10:00
2021-09-17_0606.dat,6.056667,97.358333,2021-09-17 06:06:00
PT9001_2021-09-17_1838.dat,21.121667,59.68,2021-09-17 18:38:00
PT9001_2021-09-18_0802.dat,23.548333,59.371667,2021-09-18 08:02:00
PT9001_2021-09-18_2044.dat,24.656667,57.731667,2021-09-18 20:44:00
2021-09-19_0700.dat,6.445,94.386667,2021-09-19 07:00:00
PT9001_2021-09-19_0938.dat,23.806667,58.528333,2021-09-19 09:38:00
2021-09-19_1647.dat,6.48,95.935,2021-09-19 16:47:00
2021-09-20_0546.dat,11.603333,88.598333,2021-09-20 05:46:00
2021-09-20_1702.dat,6.291667,96.166667,2021-09-20 17:02:00
2021-09-20_1703.dat,6.82,94.553333,2021-09-20 17:03:00
2021-09-20_1736.dat,13.453333,86.803333,2021-09-20 17:36:00
2021-09-20_2325.dat,14.408333,85.985,2021-09-20 23:25:00
PT9001_2021-09-21_0700.dat,25.116667,56.968333,2021-09-21 07:00:00
2021-09-21_2016.dat,16.426667,82.89,2021-09-21 20:16:00
PT9001_2021-09-21_2022.dat,26.328333,55.328333,2021-09-21 20:22:00
2021-09-21_2034.dat,16.411667,83.868333,2021-09-21 20:34:00
PT9001_2021-09-22_1107.dat,26.11,53.615,2021-09-22 11:07:00
2021-09-22_1211.dat,16.151667,84.053333,2021-09-22 12:11:00
2021-09-22_1242.dat,16.433333,83.888333,2021-09-22 12:42:00
PT9001_2021-09-22_2134.dat,26.165,54.285,2021-09-22 21:37:00
PT9001_2021-09-23_0944.dat,26.338333,55.421667,2021-09-23 09:44:00
PT9001_2021-09-23_2038.dat,26.363333,53.47,2021-09-23 20:38:00
PT9001_2021-09-24_0430.dat,26.146667,54.831667,2021-09-24 04:30:00
PT9001_2021-09-24_1614.dat,25.953333,56.755,2021-09-24 16:14:00
PT9001_2021-09-25_0516.dat,24.42,57.878333,2021-09-25 05:16:00
PT9001_2021-09-25_2016.dat,23.013333,59.866667,2021-09-25 20:16:00
PT9001_2021-09-26_0709.dat,21.45,60.355,2021-09-26 07:09:00
PT9001_2021-09-26_2201.dat,20.361667,59.383333,2021-09-26 22:01:00
PT9001_2021-09-29_2010.dat,19.455,60.92,2021-09-29 20:10:00
PT9001_2021-09-30_1624.dat,18.908333,67.385,2021-09-30 16:24:00
2021-10-01_0419.dat,17.59,83.655,2021-10-01 04:19:00
2021-10-01_1123.dat,16.19,83.868333,2021-10-01 11:23:00
2021-10-02_0031.dat,17.373333,83.658333,2021-10-02 00:31:00
2021-10-03_0911.dat,15.288333,72.685,2021-10-03 09:11:00
2021-10-05_0738.dat,17.033333,71.606667,2021-10-05 07:38:00
2021-10-05_2259.dat,9.723333,75.053333,2021-10-05 22:59:00
2021-10-06_0716.dat,12.675,74.166667,2021-10-06 07:16:00
2021-10-07_0602.dat,14.806667,72.921667,2021-10-07 06:02:00
2021-10-07_0730.dat,8.958333,74.826667,2021-10-07 07:30:00
2021-10-07_1559.dat,17.553333,83.705,2021-10-07 15:59:00
2021-10-07_1956.dat,6.75,72.436667,2021-10-07 19:56:00
2021-10-08_0709.dat,4.32,72.0,2021-10-08 07:09:00
2021-10-08_2055.dat,7.745,71.978333,2021-10-08 20:55:00
2021-10-09_0547.dat,16.038333,84.675,2021-10-09 05:47:00
2021-10-09_0548.dat,16.123333,83.821667,2021-10-09 05:48:00
2021-10-09_0555.dat,16.038333,84.675,2021-10-09 05:55:00
2021-10-09_0840.dat,8.346667,71.713333,2021-10-09 08:40:00
2021-10-09_2037.dat,8.681667,70.075,2021-10-09 20:37:00
2021-10-09_2356.dat,15.01,84.113333,2021-10-09 23:56:00
2021-10-10_0834.dat,11.573333,71.028333,2021-10-10 08:34:00
2021-10-10_2222.dat,14.533333,72.151667,2021-10-10 22:22:00
2021-10-11_1234.dat,15.583333,72.75,2021-10-11 12:34:00
2021-10-11_1717.dat,14.68,73.656667,2021-10-11 17:17:00
2021-10-12_0017.dat,15.66,71.971667,2021-10-12 00:17:00
2021-10-12_0755.dat,8.386667,73.155,2021-10-12 07:55:00
2021-10-12_1615.dat,8.608333,73.015,2021-10-12 16:15:00
2021-10-12_1819.dat,15.323333,72.483333,2021-10-12 18:19:00
2021-10-12_1905.dat,15.503333,72.946667,2021-10-12 19:05:00
2021-10-12_2158.dat,9.52,72.916667,2021-10-12 21:58:00
2021-10-13_0636.dat,15.02,85.17,2021-10-13 06:36:00
2021-10-13_0644.dat,15.02,85.17,2021-10-13 06:44:00
2021-10-13_1211.dat,15.201667,84.556667,2021-10-13 12:11:00
2021-10-13_2000.dat,15.491667,73.191667,2021-10-13 20:00:00
2021-10-16_1029.dat,20.985,69.074333,2021-10-16 10:29:00
2021-10-18_0008.dat,17.288333,71.426667,2021-10-18 00:08:00
2021-10-18_0307.dat,17.528333,17.127833,2021-10-18 03:07:00
2021-10-18_0631.dat,17.47,71.3815,2021-10-18 06:31:00
2021-10-18_0759.dat,17.176667,71.415,2021-10-18 07:59:00
2021-10-20_2043.dat,16.093333,72.8,2021-10-20 20:43:00
2021-10-22_0627.dat,16.041667,72.928333,2021-10-22 06:27:00
2021-10-24_1822.dat,9.916667,75.45,2021-10-24 18:22:00
2021-10-25_1913.dat,9.0,74.0,2021-10-25 19:13:00
2021-10-25_2148.dat,15.578333,72.121667,2021-10-25 21:48:00
2021-10-25_2238.dat,15.465,72.02,2021-10-25 22:38:00
2021-10-26_0020.dat,15.57,71.878333,2021-10-26 00:20:00
2021-10-26_0106.dat,15.758333,72.015,2021-10-26 01:06:00
2021-10-26_0120.dat,15.758333,71.993333,2021-10-26 01:20:00
2021-10-26_0138.dat,15.758333,71.896667,2021-10-26 01:38:00
2021-10-26_1137.dat,17.538333,83.923333,2021-10-26 11:37:00
2021-10-27_0535.dat,15.755,83.656667,2021-10-27 05:35:00
2021-10-27_1148.dat,15.95,83.758333,2021-10-27 11:48:00
2021-10-27_1724.dat,16.391667,83.873333,2021-10-27 17:24:00
2021-10-27_1810.dat,9.55,74.6,2021-10-27 18:10:00
2021-10-27_2027.dat,16.84,83.59,2021-10-27 20:27:00
2021-10-28_0432.dat,16.635,83.768333,2021-10-28 04:32:00
2021-10-28_0445.dat,16.635,83.768333,2021-10-28 04:45:00
2021-10-28_1736.dat,7.853333,81.975,2021-10-28 17:36:00
2021-10-29_1111.dat,5.8,80.413333,2021-10-29 11:11:00
2021-10-29_1902.dat,6.466667,79.103333,2021-10-29 19:02:00
2021-10-30_0511.dat,15.233333,71.776667,2021-10-30 05:11:00
2021-10-30_1710.dat,16.318333,72.401667,2021-10-30 17:10:00
2021-10-30_1922.dat,15.86,72.511667,2021-10-30 19:22:00
2021-10-31_1023.dat,12.766667,73.671667,2021-10-31 10:23:00
2021-10-31_1412.dat,12.161667,74.161667,2021-10-31 14:12:00
2021-10-31_1808.dat,11.641667,74.538333,2021-10-31 18:08:00
2021-11-07_2319.dat,16.93,85.683333,2021-11-07 23:19:00
2021-11-08_1712.dat,15.015,85.866667,2021-11-08 17:12:00
2021-11-09_0916.dat,17.068333,84.141667,2021-11-09 09:16:00
2021-11-11_0531.dat,18.291667,71.746667,2021-11-11 05:31:00
2021-11-11_0823.dat,21.191667,68.501667,2021-11-11 08:23:00
2021-11-11_1030.dat,6.333333,78.531667,2021-11-11 10:30:00
2021-11-11_1740.dat,5.766667,73.888333,2021-11-11 17:40:00
2021-11-12_0506.dat,14.873333,72.456667,2021-11-12 05:06:00
2021-11-12_0706.dat,15.228333,72.405,2021-11-12 07:06:00
2021-11-12_1039.dat,6.455,82.608333,2021-11-12 10:39:00
2021-11-12_1124.dat,15.741667,72.215,2021-11-12 11:24:00
2021-11-12_1129.dat,15.741667,72.215,2021-11-12 11:29:00
2021-11-12_1244.dat,11.343333,72.253333,2021-11-12 12:44:00
2021-11-12_1707.dat,16.345,71.321667,2021-11-12 17:07:00
2021-11-12_1722.dat,7.08,83.89,2021-11-12 17:22:00
2021-11-12_1834.dat,10.7,72.8,2021-11-12 18:34:00
2021-11-13_0814.dat,21.251667,68.485833,2021-11-13 08:14:00
2021-11-13_1037.dat,8.638333,87.061667,2021-11-13 10:37:00
2021-11-13_1831.dat,9.38,88.58,2021-11-13 18:31:00
2021-11-14_0549.dat,16.918333,70.535,2021-11-14 05:49:00
2021-11-14_0849.dat,18.305,70.215,2021-11-14 08:49:00
2021-11-14_0921.dat,10.75,73.34,2021-11-14 09:21:00
2021-11-14_1507.dat,10.538333,72.845,2021-11-14 15:07:00
2021-11-14_2157.dat,10.261667,74.361667,2021-11-14 21:57:00
2021-11-15_0709.dat,18.191667,70.096667,2021-11-15 07:09:00
2021-11-15_1011.dat,13.286667,94.328333,2021-11-15 10:11:00
2021-11-16_0509.dat,14.748333,73.33,2021-11-16 05:09:00
2021-11-18_0528.dat,14.501667,73.223333,2021-11-18 05:28:00
2021-11-18_1944.dat,14.785,72.191667,2021-11-18 19:44:00
2021-11-18_1949.dat,14.785,72.191667,2021-11-18 19:49:00
2021-11-18_2025.dat,14.785,72.021667,2021-11-18 20:25:00
2021-11-19_0035.dat,15.901667,72.241667,2021-11-19 00:35:00
2021-11-19_0144.dat,15.391667,72.43,2021-11-19 01:44:00
2021-11-19_0514.dat,15.87,72.19,2021-11-19 05:14:00
2021-11-19_0531.dat,15.873333,72.186667,2021-11-19 05:31:00
2021-11-19_1150.dat,15.688333,72.571667,2021-11-19 11:50:00
2021-11-19_1724.dat,15.686667,72.003333,2021-11-19 17:24:00
2021-11-20_0014.dat,15.675,72.153333,2021-11-20 00:14:00
2021-11-22_1045.dat,17.173333,83.55,2021-11-22 10:45:00
2021-11-22_1121.dat,17.053333,83.540667,2021-11-22 11:21:00
2021-11-22_1128.dat,17.053333,83.540667,2021-11-22 11:28:00
2021-11-22_1522.dat,17.701667,84.108333,2021-11-22 15:22:00
2021-11-22_1939.dat,17.106667,83.221667,2021-11-22 19:39:00
2021-11-22_2231.dat,17.02,71.62,2021-11-22 22:31:00
2021-11-22_2334.dat,17.173333,83.871667,2021-11-22 23:34:00
2021-11-23_0014.dat,17.141667,83.786667,2021-11-23 00:14:00
2021-11-23_1151.dat,17.221667,83.725,2021-11-23 11:51:00
2021-11-23_1713.dat,17.535,83.966667,2021-11-23 17:13:00
2021-11-23_1738.dat,17.618333,84.003333,2021-11-23 17:38:00
2021-11-23_1936.dat,17.216667,84.083333,2021-11-23 19:36:00
2021-11-23_2119.dat,17.16,83.801667,2021-11-23 21:19:00
2021-11-24_0623.dat,16.8,84.053333,2021-11-24 06:23:00
2021-11-24_1435.dat,17.235,84.138333,2021-11-24 14:35:00
2021-11-24_1440.dat,17.235,84.138333,2021-11-24 14:40:00
2021-11-25_1029.dat,17.536667,83.57,2021-11-25 10:29:00
2021-11-26_0537.dat,17.001667,71.436667,2021-11-26 05:37:00
2021-11-26_0650.dat,16.985,71.236667,2021-11-26 06:50:00
2021-11-26_0750.dat,17.106667,71.19,2021-11-26 07:50:00
2021-11-26_0846.dat,17.15,71.171667,2021-11-26 08:46:00
2021-11-26_0950.dat,17.14,71.233333,2021-11-26 09:50:00
2021-11-27_1101.dat,-1.913333,57.496667,2021-11-27 11:01:00
2021-11-27_1819.dat,-0.546667,59.113333,2021-11-27 18:19:00
2021-11-28_1746.dat,1.938333,63.863333,2021-11-28 17:46:00
2021-11-30_0514.dat,17.55,83.9,2021-11-30 05:14:00
2021-11-30_0630.dat,17.29,83.536667,2021-11-30 06:30:00
2021-11-30_0820.dat,17.29,83.536667,2021-11-30 08:20:00
2021-11-30_2126.dat,-1.6,68.825,2021-11-30 21:26:00
2021-12-01_0413.dat,14.151667,173.14,2021-12-01 04:13:00
2021-12-01_1035.dat,-1.901667,66.316667,2021-12-01 10:35:00
2021-12-01_1710.dat,15.55,72.283333,2021-12-01 17:10:00
2021-12-01_1721.dat,15.55,72.283333,2021-12-01 17:21:00
2021-12-02_1107.dat,0.895,66.3,2021-12-02 11:07:00
2021-12-04_0930.dat,7.838333,72.751667,2021-12-04 09:30:00
2021-12-04_2002.dat,8.97,74.661667,2021-12-04 20:02:00
2021-12-07_1230.dat,17.705,83.875,2021-12-07 12:30:00
2021-12-10_1718.dat,17.878333,72.356667,2021-12-10 17:18:00
2021-12-10_2021.dat,16.945,83.64,2021-12-10 20:21:00
2021-12-10_2215.dat,17.285,72.04,2021-12-10 22:15:00
2021-12-11_0525.dat,16.915,71.17,2021-12-11 05:25:00
2021-12-11_1115.dat,16.468333,71.755,2021-12-11 11:15:00
2021-12-11_1121.dat,21.168333,68.718333,2021-12-11 11:21:00
2021-12-11_1714.dat,17.0,72.0,2021-12-11 17:14:00
2021-12-11_1719.dat,16.998333,71.795,2021-12-11 17:19:00
2021-12-11_1731.dat,17.0,72.0,2021-12-11 17:31:00
2021-12-11_2116.dat,21.19,68.635,2021-12-11 21:16:00
2021-12-11_2149.dat,17.06,71.79,2021-12-11 21:49:00
2021-12-11_2211.dat,17.09,71.786667,2021-12-11 22:11:00
2021-12-11_2226.dat,17.335,71.338333,2021-12-11 22:26:00
2021-12-11_2240.dat,17.173333,71.69,2021-12-11 22:40:00
2021-12-12_0006.dat,17.155,71.366667,2021-12-12 00:06:00
2021-12-12_0649.dat,16.468333,70.841667,2021-12-12 06:49:00
2021-12-12_1016.dat,10.736667,73.268333,2021-12-12 10:16:00
2021-12-12_1437.dat,10.633333,72.856667,2021-12-12 14:37:00
2021-12-12_1519.dat,17.385,70.853333,2021-12-12 15:19:00
2021-12-12_2044.dat,17.12,71.221667,2021-12-12 20:44:00
2021-12-12_2105.dat,17.136667,72.038333,2021-12-12 21:05:00
2021-12-12_2119.dat,10.323333,74.18,2021-12-12 21:19:00
2021-12-13_0159.dat,17.483333,83.7,2021-12-13 01:59:00
2021-12-13_0318.dat,17.466667,83.801667,2021-12-13 03:18:00
2021-12-13_0458.dat,17.418333,83.691667,2021-12-13 04:58:00
2021-12-13_0530.dat,15.0,72.0,2021-12-13 05:30:00
2021-12-13_0602.dat,17.358333,83.738333,2021-12-13 06:02:00
2021-12-13_0824.dat,17.423333,83.788333,2021-12-13 08:24:00
2021-12-13_0911.dat,17.44,83.558333,2021-12-13 09:11:00
2021-12-13_2250.dat,15.256667,71.87,2021-12-13 22:50:00
2021-12-14_0400.dat,17.47,83.901667,2021-12-14 04:00:00
2021-12-14_0429.dat,17.49,83.938333,2021-12-14 04:29:00
2021-12-14_0730.dat,17.45,83.937667,2021-12-14 07:30:00
2021-12-14_1430.dat,17.428333,84.163333,2021-12-14 14:30:00
2021-12-14_1754.dat,17.736667,84.441667,2021-12-14 17:54:00
2021-12-14_2042.dat,17.583333,84.091667,2021-12-14 20:42:00
2021-12-14_2112.dat,9.866667,75.515,2021-12-14 21:12:00
2021-12-14_2127.dat,9.866667,75.515,2021-12-14 21:27:00
2021-12-14_2139.dat,9.915,75.405,2021-12-14 21:39:00
2021-12-14_2150.dat,9.915,75.405,2021-12-14 21:50:00
2021-12-14_2204.dat,9.915,75.413333,2021-12-14 22:04:00
2021-12-14_2214.dat,17.468333,83.773333,2021-12-14 22:14:00
2021-12-15_0653.dat,13.971667,73.775,2021-12-15 06:53:00
2021-12-15_1254.dat,14.276667,73.406667,2021-12-15 12:54:00
2021-12-15_1900.dat,17.371667,84.063333,2021-12-15 19:00:00
2021-12-15_1959.dat,17.376667,84.19,2021-12-15 19:59:00
2021-12-15_2004.dat,17.376667,84.19,2021-12-15 20:04:00
2021-12-15_2045.dat,17.486667,84.285,2021-12-15 20:45:00
2021-12-15_2204.dat,17.393333,84.05,2021-12-15 22:04:00
2021-12-15_2207.dat,17.388333,84.05,2021-12-15 22:07:00
2021-12-16_0024.dat,14.273333,72.14,2021-12-16 00:24:00
2021-12-16_0025.dat,14.273333,72.14,2021-12-16 00:25:00
2021-12-16_0209.dat,14.663333,71.971667,2021-12-16 02:09:00
2021-12-16_0541.dat,16.55,84.833333,2021-12-16 05:41:00
2021-12-16_0629.dat,15.491667,71.723333,2021-12-16 06:29:00
2021-12-16_0647.dat,15.401667,71.425,2021-12-16 06:47:00
2021-12-16_1031.dat,15.726667,71.738333,2021-12-16 10:31:00
2021-12-16_1208.dat,15.825,71.613333,2021-12-16 12:08:00
2021-12-16_2215.dat,17.035,70.69,2021-12-16 22:15:00
2021-12-17_0609.dat,17.455,83.725,2021-12-17 06:09:00
2021-12-17_0810.dat,17.803333,83.97,2021-12-17 08:10:00
2021-12-18_1147.dat,6.915,95.176667,2021-12-18 11:47:00
2021-12-19_1752.dat,11.136667,93.188333,2021-12-19 17:52:00
2021-12-20_0521.dat,8.843333,95.475,2021-12-20 05:21:00
2021-12-20_0722.dat,8.436667,95.901667,2021-12-20 07:22:00
2021-12-20_0953.dat,8.003333,96.488333,2021-12-20 09:53:00
2021-12-20_1127.dat,7.89,96.821667,2021-12-20 11:27:00
2021-12-20_1139.dat,7.833333,96.868333,2021-12-20 11:39:00
2021-12-20_1610.dat,8.005,96.92,2021-12-20 16:10:00
2021-12-20_1619.dat,8.038333,96.916667,2021-12-20 16:19:00
2021-12-20_2024.dat,8.635,96.673333,2021-12-20 20:24:00
2021-12-21_0538.dat,10.073333,96.321667,2021-12-21 05:38:00
2021-12-21_0542.dat,10.09,96.32,2021-12-21 05:42:00
2021-12-21_0945.dat,10.653333,96.251667,2021-12-21 09:45:00
2021-12-21_0951.dat,10.653333,96.251667,2021-12-21 09:51:00
2021-12-21_1214.dat,11.018333,96.185,2021-12-21 12:14:00
2021-12-21_1232.dat,11.055,96.17,2021-12-21 12:32:00
2021-12-21_1510.dat,11.303333,96.07,2021-12-21 15:10:00
2021-12-21_1518.dat,11.308333,96.068333,2021-12-21 15:18:00
2021-12-21_1847.dat,15.388333,72.741667,2021-12-21 18:47:00
2021-12-21_1950.dat,11.716667,95.918333,2021-12-21 19:50:00
2021-12-22_0019.dat,15.088333,72.765,2021-12-22 00:19:00
2021-12-22_1642.dat,6.0,94.0,2021-12-22 16:42:00
2021-12-22_2210.dat,15.633333,72.823333,2021-12-22 22:10:00
2021-12-23_1236.dat,13.026667,73.815,2021-12-23 12:36:00
2021-12-23_1456.dat,6.0,94.0,2021-12-23 14:56:00
2021-12-24_1817.dat,15.75,86.201667,2021-12-24 18:17:00
2021-12-24_1822.dat,15.75,86.201667,2021-12-24 18:22:00
2021-12-28_0532.dat,15.875,71.571667,2021-12-28 05:32:00
2021-12-28_0539.dat,15.875,71.571667,2021-12-28 05:39:00
2021-12-28_1108.dat,17.586667,83.655,2021-12-28 11:08:00
2021-12-28_1116.dat,16.07,71.641667,2021-12-28 11:16:00
2021-12-28_1124.dat,16.036667,71.641667,2021-12-28 11:24:00
2021-12-28_1746.dat,17.603333,84.43,2021-12-28 17:46:00
2021-12-28_1800.dat,17.635,84.453333,2021-12-28 18:00:00
2021-12-28_2046.dat,17.358333,83.855,2021-12-28 20:46:00
2021-12-29_0756.dat,16.073333,71.685,2021-12-29 07:56:00
2021-12-29_0805.dat,16.073333,71.685,2021-12-29 08:05:00
2021-12-29_1016.dat,6.0,95.0,2021-12-29 10:16:00
2021-12-29_1431.dat,10.005,75.48,2021-12-29 14:31:00
2021-12-29_1438.dat,10.025,75.468333,2021-12-29 14:38:00
2021-12-29_1443.dat,10.041667,75.461667,2021-12-29 14:43:00
2021-12-29_1448.dat,10.058333,75.45,2021-12-29 14:48:00
2021-12-29_1453.dat,10.078333,75.438333,2021-12-29 14:53:00
2021-12-29_1500.dat,10.093333,75.43,2021-12-29 15:00:00
2021-12-29_1503.dat,10.101667,75.428333,2021-12-29 15:03:00
2021-12-29_1507.dat,10.106667,75.418333,2021-12-29 15:07:00
2021-12-29_1514.dat,10.125,75.415,2021-12-29 15:14:00
2021-12-29_2005.dat,17.29,83.783333,2021-12-29 20:05:00
2021-12-29_2031.dat,17.253333,83.071667,2021-12-29 20:31:00
2021-12-29_2301.dat,17.173333,83.488333,2021-12-29 23:01:00
2021-12-30_0517.dat,16.5,83.358333,2021-12-30 05:17:00
2021-12-30_0521.dat,16.5,83.371667,2021-12-30 05:21:00
2021-12-30_1017.dat,15.805,71.72,2021-12-30 10:17:00
2021-12-30_1053.dat,17.006667,84.006667,2021-12-30 10:53:00
2021-12-30_1629.dat,17.733333,84.275,2021-12-30 16:29:00
2021-12-31_0324.dat,17.016667,71.273333,2021-12-31 03:24:00
2021-12-31_0434.dat,17.141667,71.223333,2021-12-31 04:34:00
2021-12-31_0910.dat,17.171667,71.173333,2021-12-31 09:10:00
2022-01-01_0016.dat,15.991667,70.941667,2022-01-01 00:16:00
2022-01-01_0018.dat,15.556667,71.888333,2022-01-01 00:18:00
2022-01-01_0021.dat,16.011667,72.525,2022-01-01 00:21:00
2022-01-01_0022.dat,15.525,72.62,2022-01-01 00:22:00
2022-01-01_0042.dat,16.001667,72.478333,2022-01-01 00:42:00
2022-01-01_0046.dat,12.543333,74.143333,2022-01-01 00:46:00
2022-01-01_0108.dat,20.453333,67.475,2022-01-01 01:08:00
2022-01-01_0042 (30).dat,15.783333,72.488333,2022-01-01 02:39:00
2022-01-01_0042 (3).dat,15.816667,72.568333,2022-01-01 03:18:00
2022-01-01_0042 (4).dat,15.785,72.506667,2022-01-01 04:24:00
2022-01-01_0042 (5).dat,15.716667,72.54,2022-01-01 05:44:00
2022-01-01_0042 (6).dat,6.253333,82.083333,2022-01-01 07:34:00
2022-01-01_0042 (7).dat,6.05,79.283333,2022-01-01 08:41:00
2022-01-03_1503.dat,7.0,94.0,2022-01-03 15:03:00
2022-01-04_0328.dat,17.54,71.455,2022-01-04 03:28:00
2022-01-04_0626.dat,17.221667,71.746667,2022-01-04 06:26:00
2022-01-04_0819.dat,17.333333,71.646667,2022-01-04 08:19:00
2022-01-04_1955.dat,17.281667,71.3,2022-01-04 19:55:00
2022-01-05_1351.dat,10.213333,75.575,2022-01-05 13:51:00
2022-01-05_1427.dat,23.6,36.483333,2022-01-05 14:27:00
2022-01-06_0230.dat,17.656667,83.873333,2022-01-06 02:30:00
2022-01-06_0330.dat,17.518333,83.821667,2022-01-06 03:30:00
2022-01-06_0400.dat,17.64,83.878333,2022-01-06 04:00:00
2022-01-06_0500.dat,17.586667,83.92,2022-01-06 05:00:00
2022-01-06_0501.dat,17.64,83.878333,2022-01-06 05:01:00
2022-01-06_0600.dat,17.666667,83.938333,2022-01-06 06:00:00
2022-01-06_0700.dat,17.533333,83.805,2022-01-06 07:00:00
2022-01-06_0730.dat,17.558333,83.886667,2022-01-06 07:30:00
2022-01-06_0844.dat,14.101667,73.19,2022-01-06 08:44:00
2022-01-06_1400.dat,15.188333,72.743333,2022-01-06 14:00:00
2022-01-07_0542.dat,15.308333,72.885,2022-01-07 05:42:00
2022-01-07_0738.dat,16.053333,72.485,2022-01-07 07:38:00
2022-01-07_0932.dat,14.806667,72.756667,2022-01-07 09:32:00
2022-01-07_1216.dat,14.7,72.783333,2022-01-07 12:16:00
2022-01-07_1707.dat,15.535,72.225,2022-01-07 17:07:00
2022-01-07_1744.dat,15.67,72.186667,2022-01-07 17:44:00
2022-01-07_1757.dat,16.0,72.0,2022-01-07 17:57:00
2022-01-07_2202.dat,15.121667,72.618333,2022-01-07 22:02:00
2022-01-07_2203.dat,15.181667,72.898333,2022-01-07 22:03:00
2022-01-07_2206.dat,15.068333,72.576667,2022-01-07 22:06:00
2022-01-07_2210.dat,15.445,72.731667,2022-01-07 22:10:00
2022-01-07_2351.dat,14.883333,72.616667,2022-01-07 23:51:00
2022-01-08_0540.dat,14.491667,72.298333,2022-01-08 05:40:00
2022-01-08_0939.dat,15.183333,73.0,2022-01-08 09:39:00
2022-01-08_1013.dat,15.218333,72.275,2022-01-08 10:13:00
2022-01-08_1017.dat,15.225,72.358333,2022-01-08 10:17:00
2022-01-08_1106.dat,15.141667,72.368333,2022-01-08 11:06:00
2022-01-08_1221.dat,14.936667,72.69,2022-01-08 12:21:00
2022-01-08_1407.dat,14.725,72.69,2022-01-08 14:07:00
2022-01-08_1508.dat,6.0,93.0,2022-01-08 15:08:00
2022-01-08_1524.dat,14.621667,72.608333,2022-01-08 15:24:00
2022-01-08_2108.dat,12.0,74.0,2022-01-08 21:08:00
2022-01-08_2151.dat,15.223333,72.706667,2022-01-08 21:51:00
2022-01-08_2309.dat,15.033333,72.783333,2022-01-08 23:09:00
2022-01-09_0007.dat,14.95,72.541667,2022-01-09 00:07:00
2022-01-09_0524.dat,14.601667,72.188333,2022-01-09 05:24:00
2022-01-09_0532.dat,14.488333,73.0,2022-01-09 05:32:00
2022-01-09_0620.dat,14.725,72.158333,2022-01-09 06:20:00
2022-01-09_1134.dat,15.09,72.97,2022-01-09 11:34:00
2022-01-09_1706.dat,15.0,73.0,2022-01-09 17:06:00
2022-01-09_1754.dat,10.75,73.366667,2022-01-09 17:54:00
2022-01-09_2140.dat,13.866667,94.805,2022-01-09 21:40:00
2022-01-10_0220.dat,13.07,94.205,2022-01-10 02:20:00
2022-01-10_0555.dat,17.188333,70.61,2022-01-10 05:55:00
2022-01-10_0702.dat,11.528333,72.233333,2022-01-10 07:02:00
2022-01-10_0904.dat,11.903333,93.35,2022-01-10 09:04:00
2022-01-10_1334.dat,15.11,72.0,2022-01-10 13:34:00
2022-01-10_1443.dat,15.585,71.808333,2022-01-10 14:43:00
2022-01-10_1505.dat,6.0,95.0,2022-01-10 15:05:00
2022-01-10_1631.dat,15.26,72.001667,2022-01-10 16:31:00
2022-01-10_1805.dat,11.14,72.376667,2022-01-10 18:05:00
2022-01-10_1917.dat,15.266667,72.325,2022-01-10 19:17:00
2022-01-10_1927.dat,24.615,57.736667,2022-01-10 19:27:00
2022-01-10_2125.dat,14.835,71.551667,2022-01-10 21:25:00
2022-01-11_0146.dat,15.416667,72.066667,2022-01-11 01:46:00
2022-01-11_0500.dat,17.355,83.901667,2022-01-11 05:00:00
2022-01-11_0600.dat,17.306667,83.823333,2022-01-11 06:00:00
2022-01-11_0601.dat,17.386667,71.07,2022-01-11 06:01:00
2022-01-11_0659.dat,9.765,73.216667,2022-01-11 06:59:00
2022-01-11_0700.dat,17.286667,83.823333,2022-01-11 07:00:00
2022-01-11_0714.dat,14.973333,72.266667,2022-01-11 07:14:00
2022-01-11_1734.dat,17.85,84.251667,2022-01-11 17:34:00
2022-01-12_0009.dat,5.0,93.0,2022-01-12 00:09:00
2022-01-12_0548.dat,14.8,71.916667,2022-01-12 05:48:00
2022-01-12_0555.dat,15.118333,71.406667,2022-01-12 05:55:00
2022-01-12_0655.dat,15.155,71.585,2022-01-12 06:55:00
2022-01-12_0800.dat,16.825,83.406667,2022-01-12 08:00:00
2022-01-12_1200.dat,17.076667,83.243333,2022-01-12 12:00:00
2022-01-12_1307.dat,15.74,71.771667,2022-01-12 13:07:00
2022-01-12_1600.dat,17.475,83.668333,2022-01-12 16:00:00
2022-01-12_1755.dat,16.6,71.77,2022-01-12 17:55:00
2022-01-12_2231.dat,10.208333,90.77,2022-01-12 22:31:00
2022-01-12_2336.dat,17.883333,71.855,2022-01-12 23:36:00
2022-01-13_0952.dat,6.0,94.0,2022-01-13 09:52:00
2022-01-13_0953.dat,6.0,94.0,2022-01-13 09:53:00
2022-01-13_0957.dat,9.12,88.493333,2022-01-13 09:57:00
2022-01-13_1001.dat,6.0,94.0,2022-01-13 10:01:00
2022-01-13_1340.dat,8.77,87.825,2022-01-13 13:40:00
2022-01-13_1604.dat,13.085,73.638333,2022-01-13 16:04:00
2022-01-13_2103.dat,8.091667,86.405,2022-01-13 21:03:00
2022-01-14_0909.dat,5.0,93.0,2022-01-14 09:09:00
2022-01-14_0918.dat,5.0,93.0,2022-01-14 09:18:00
2022-01-14_2236.dat,6.225,85.586667,2022-01-14 22:36:00
2022-01-15_0237.dat,5.936667,81.821667,2022-01-15 02:37:00
2022-01-15_0641.dat,5.781667,80.871667,2022-01-15 06:41:00
2022-01-15_1117.dat,5.88,79.801667,2022-01-15 11:17:00
2022-01-15_2218.dat,6.136667,77.986667,2022-01-15 22:18:00
2022-01-17_0020.dat,8.675,76.058333,2022-01-17 00:20:00
2022-01-17_0515.dat,16.951667,68.3,2022-01-17 05:15:00
2022-01-17_1025.dat,6.0,94.0,2022-01-17 10:25:00
2022-01-18_0521.dat,13.386667,66.103333,2022-01-18 05:21:00
2022-01-19_0518.dat,14.071667,66.835,2022-01-19 05:18:00
2022-01-19_0948.dat,9.775,73.068333,2022-01-19 09:48:00
2022-01-19_1735.dat,9.0,72.883333,2022-01-19 17:35:00
2022-01-20_0515.dat,13.816667,70.666667,2022-01-20 05:15:00
2022-01-20_1829.dat,17.221667,84.11,2022-01-20 18:29:00
2022-01-21_0515.dat,14.133333,70.921667,2022-01-21 05:15:00
2022-01-21_0551.dat,16.548333,83.761667,2022-01-21 05:51:00
2022-01-21_1509.dat,6.0,94.0,2022-01-21 15:09:00
2022-01-21_1515.dat,6.0,94.0,2022-01-21 15:15:00
2022-01-21_1909.dat,17.063333,83.876667,2022-01-21 19:09:00
2022-01-21_2030.dat,17.155,84.646667,2022-01-21 20:30:00
2022-01-22_0518.dat,12.9,70.033333,2022-01-22 05:18:00
2022-01-22_0525.dat,16.955,83.905,2022-01-22 05:25:00
2022-01-22_0605.dat,17.003333,83.016667,2022-01-22 06:05:00
2022-01-22_1200.dat,17.251667,84.233333,2022-01-22 12:00:00
2022-01-22_2232.dat,17.518333,83.705,2022-01-22 22:32:00
2022-01-23_0512.dat,17.606667,84.041667,2022-01-23 05:12:00
2022-01-23_0519.dat,13.883333,71.273333,2022-01-23 05:19:00
2022-01-23_1800.dat,10.476667,72.673333,2022-01-23 18:00:00
2022-01-23_1815.dat,10.143333,72.685,2022-01-23 18:15:00
2022-01-23_1839.dat,10.356667,72.693333,2022-01-23 18:39:00
2022-01-23_2358.dat,16.65,70.49,2022-01-23 23:58:00
2022-01-24_0512.dat,17.303333,69.771667,2022-01-24 05:12:00
2022-01-25_0605.dat,20.4,67.766667,2022-01-25 06:05:00
2022-01-25_0702.dat,20.735,67.716667,2022-01-25 07:02:00
2022-01-25_1332.dat,20.553333,67.735833,2022-01-25 13:32:00
2022-01-29_1300.dat,12.958333,89.973333,2022-01-29 13:00:00
2022-01-31_1728.dat,9.94,93.35,2022-01-31 17:28:00
2022-02-01_0458.dat,17.481667,84.38,2022-02-01 04:58:00
2022-02-01_1123.dat,17.4,83.883333,2022-02-01 11:23:00
2022-02-03_1400.dat,17.491667,83.966667,2022-02-03 14:00:00
2022-02-07_1004.dat,20.641667,64.335,2022-02-07 10:04:00
2022-02-07_1637.dat,8.583333,93.5,2022-02-07 16:37:00
2022-02-07_2112.dat,17.021667,72.25,2022-02-07 21:12:00
2022-02-08_0031.dat,20.993333,64.223333,2022-02-08 00:31:00
2022-02-08_0501.dat,14.753333,72.566667,2022-02-08 05:01:00
2022-02-10_1334.dat,9.758333,75.568333,2022-02-10 13:34:00
2022-02-10_1729.dat,9.255,75.668333,2022-02-10 17:29:00
2022-02-10_2330.dat,8.22,76.968333,2022-02-10 23:30:00
2022-02-11_0556.dat,7.101667,77.816667,2022-02-11 05:56:00
2022-02-11_1148.dat,6.186667,79.058333,2022-02-11 11:48:00
2022-02-11_1746.dat,5.7,80.421667,2022-02-11 17:46:00
2022-02-11_2340.dat,60.333333,81.816667,2022-02-11 23:40:00
2022-02-12_1150.dat,8.638333,82.32,2022-02-12 11:50:00
2022-02-12_1414.dat,16.958333,89.691667,2022-02-12 14:14:00
2022-02-12_1729.dat,9.753333,81.835,2022-02-12 17:29:00
2022-02-13_0000.dat,11.303333,81.166667,2022-02-13 00:00:00
2022-02-14_1200.dat,13.723333,81.058333,2022-02-14 12:00:00
2022-02-14_1759.dat,14.966667,81.675,2022-02-14 17:59:00
2022-02-14_2354.dat,16.066667,82.666667,2022-02-14 23:54:00
2022-02-15_0518.dat,17.05,83.401667,2022-02-15 05:18:00
2022-02-16_1828.dat,22.74,60.746667,2022-02-16 18:28:00
2022-02-17_0946.dat,23.93,59.281667,2022-02-17 09:46:00
2022-02-18_0206.dat,24.766667,57.221667,2022-02-18 02:06:00
2022-02-18_1759.dat,24.99,57.05,2022-02-18 17:59:00
2022-02-19_1157.dat,24.766667,57.873333,2022-02-19 11:57:00
2022-02-20_0618.dat,25.7,57.133333,2022-02-20 06:18:00
2022-02-20_1935.dat,24.121667,58.051667,2022-02-20 19:35:00
2022-02-21_1852.dat,10.0,75.0,2022-02-21 18:52:00
2022-02-22_1843.dat,9.4,72.85,2022-02-22 18:43:00
2022-02-22_2109.dat,17.323333,84.175,2022-02-22 21:09:00
2022-02-23_0604.dat,15.783333,85.733333,2022-02-23 06:04:00
2022-02-23_0611.dat,15.783333,85.733333,2022-02-23 06:11:00
2022-02-23_1424.dat,16.233333,82.55,2022-02-23 14:24:00
2022-02-23_1701.dat,14.303333,87.1,2022-02-23 17:01:00
2022-02-23_1913.dat,9.32,66.75,2022-02-23 19:13:00
2022-02-23_1930.dat,9.286667,66.708333,2022-02-23 19:30:00
2022-02-23_2247.dat,14.0,88.0,2022-02-23 22:47:00
2022-02-24_0612.dat,12.708333,89.175,2022-02-24 06:12:00
2022-02-24_0741.dat,12.7,89.0,2022-02-24 07:41:00
2022-02-24_2046.dat,11.733333,91.866667,2022-02-24 20:46:00
2022-02-25_0701.dat,24.001667,62.001667,2022-02-25 07:01:00
2022-02-25_0737.dat,11.0,68.0,2022-02-25 07:37:00
2022-02-25_1825.dat,12.201667,66.428333,2022-02-25 18:25:00
2022-02-25_1955.dat,23.753333,64.526667,2022-02-25 19:55:00
2022-02-26_0928.dat,13.2,64.45,2022-02-26 09:28:00
2022-02-26_1730.dat,11.666667,80.983333,2022-02-26 17:30:00
2022-02-26_1807.dat,22.143333,66.748333,2022-02-26 18:07:00
2022-02-26_1810.dat,12.841667,65.51,2022-02-26 18:10:00
2022-02-27_0505.dat,21.641667,66.125,2022-02-27 05:05:00
2022-02-27_1750.dat,22.178333,64.576667,2022-02-27 17:50:00
2022-02-28_0538.dat,20.72,63.67,2022-02-28 05:38:00
2022-02-28_0545.dat,20.72,63.67,2022-02-28 05:45:00
2022-02-28_1608.dat,7.416667,77.366667,2022-02-28 16:08:00
2022-02-28_1746.dat,22.25,61.858333,2022-02-28 17:46:00
2022-02-28_1757.dat,22.303333,61.801667,2022-02-28 17:57:00
2022-02-28_2326.dat,23.058333,61.123333,2022-02-28 23:26:00
2022-03-01_0155.dat,17.533333,83.616667,2022-03-01 01:55:00
2022-03-01_0318.dat,17.466667,83.45,2022-03-01 03:18:00
2022-03-01_0431.dat,17.453333,83.491667,2022-03-01 04:31:00
2022-03-01_0525.dat,17.368333,83.636667,2022-03-01 05:25:00
2022-03-01_0537.dat,24.118333,61.073333,2022-03-01 05:37:00
2022-03-01_0541.dat,24.171667,61.085,2022-03-01 05:41:00
2022-03-01_0609.dat,17.416667,83.616667,2022-03-01 06:09:00
2022-03-01_0658.dat,17.368333,83.55,2022-03-01 06:58:00
2022-03-01_0723.dat,17.403333,83.536667,2022-03-01 07:23:00
2022-03-01_1128.dat,24.333333,61.99,2022-03-01 11:28:00
2022-03-01_1135.dat,24.333333,62.021667,2022-03-01 11:35:00
2022-03-01_1503.dat,17.358333,83.688333,2022-03-01 15:03:00
2022-03-01_1525.dat,17.45,83.713333,2022-03-01 15:25:00
2022-03-01_1706.dat,6.0,80.0,2022-03-01 17:06:00
2022-03-01_1730.dat,24.325,63.135,2022-03-01 17:30:00
2022-03-01_1735.dat,24.491667,63.135,2022-03-01 17:35:00
2022-03-01_1742.dat,24.325,63.136667,2022-03-01 17:42:00
2022-03-01_1800.dat,16.9,83.716667,2022-03-01 18:00:00
2022-03-01_2321.dat,24.201667,64.0,2022-03-01 23:21:00
2022-03-02_0515.dat,15.475,83.708333,2022-03-02 05:15:00
2022-03-02_0540.dat,15.416667,83.806667,2022-03-02 05:40:00
2022-03-02_0544.dat,23.418333,62.951667,2022-03-02 05:44:00
2022-03-02_1110.dat,15.775,84.708333,2022-03-02 11:10:00
2022-03-02_1115.dat,17.653333,83.951667,2022-03-02 11:15:00
2022-03-02_1120.dat,17.653333,83.951667,2022-03-02 11:20:00
2022-03-02_1138.dat,23.601667,62.281667,2022-03-02 11:38:00
2022-03-02_1656.dat,16.703333,84.35,2022-03-02 16:56:00
2022-03-02_1853.dat,23.746667,66.631667,2022-03-02 18:53:00
2022-03-02_1932.dat,24.278333,61.468333,2022-03-02 19:32:00
2022-03-02_1936.dat,24.276667,61.468333,2022-03-02 19:36:00
2022-03-02_2247.dat,17.673333,84.556667,2022-03-02 22:47:00
2022-03-02_2334.dat,24.318333,62.681667,2022-03-02 23:34:00
2022-03-03_0410.dat,24.401667,64.851667,2022-03-03 04:10:00
2022-03-03_0458.dat,18.235,85.301667,2022-03-03 04:58:00
2022-03-03_0527.dat,24.395,64.238333,2022-03-03 05:27:00
2022-03-03_0608.dat,18.056667,85.056667,2022-03-03 06:08:00
2022-03-03_0902.dat,17.023333,83.838333,2022-03-03 09:02:00
2022-03-03_0944.dat,16.95,83.873333,2022-03-03 09:44:00
2022-03-03_0947.dat,16.95,83.873333,2022-03-03 09:47:00
2022-03-03_1139.dat,17.033333,84.866667,2022-03-03 11:39:00
2022-03-03_1207.dat,23.69,65.288333,2022-03-03 12:07:00
2022-03-03_1216.dat,23.69,65.288333,2022-03-03 12:16:00
2022-03-03_1439.dat,16.853333,84.725,2022-03-03 14:39:00
2022-03-03_1709.dat,22.771667,65.09,2022-03-03 17:09:00
2022-03-03_1731.dat,22.7,65.1,2022-03-03 17:31:00
2022-03-03_1755.dat,17.1,84.316667,2022-03-03 17:55:00
2022-03-03_1924.dat,17.166667,84.136667,2022-03-03 19:24:00
2022-03-03_2151.dat,24.383333,60.288333,2022-03-03 21:51:00
2022-03-03_2332.dat,21.61,65.923333,2022-03-03 23:32:00
2022-03-04_0516.dat,17.751667,83.825,2022-03-04 05:16:00
2022-03-04_0521.dat,20.693333,66.58,2022-03-04 05:21:00
2022-03-04_1214.dat,24.83,59.468333,2022-03-04 12:14:00
2022-03-05_0512.dat,21.413333,63.005,2022-03-05 05:12:00
2022-03-05_0605.dat,24.48,59.616667,2022-03-05 06:05:00
2022-03-05_2121.dat,24.23,59.415,2022-03-05 21:21:00
2022-03-05_2357.dat,24.655,59.231667,2022-03-05 23:57:00
2022-03-06_0527.dat,24.455,61.038333,2022-03-06 05:27:00
2022-03-06_1218.dat,24.306667,62.508333,2022-03-06 12:18:00
2022-03-06_1239.dat,24.301667,62.378333,2022-03-06 12:39:00
2022-03-07_0516.dat,9.756667,91.04,2022-03-07 05:16:00
2022-03-07_0525.dat,9.708333,90.968333,2022-03-07 05:25:00
2022-03-07_1211.dat,9.5,90.585,2022-03-07 12:11:00
2022-03-07_1802.dat,9.083333,89.683333,2022-03-07 18:02:00
2022-03-07_2036.dat,8.873333,89.15,2022-03-07 20:36:00
2022-03-07_2040.dat,8.773333,89.123333,2022-03-07 20:40:00
2022-03-07_2352.dat,8.67,88.473333,2022-03-07 23:52:00
2022-03-08_0508.dat,81.138333,87.423333,2022-03-08 05:08:00
2022-03-08_0529.dat,8.158333,89.153333,2022-03-08 05:29:00
2022-03-08_0940.dat,22.068333,63.658333,2022-03-08 09:40:00
2022-03-08_1117.dat,7.716667,85.916667,2022-03-08 11:17:00
2022-03-08_1706.dat,7.05,84.616667,2022-03-08 17:06:00
2022-03-08_2306.dat,6.5,83.216667,2022-03-08 23:06:00
2022-03-08_2312.dat,6.5,83.216667,2022-03-08 23:12:00
2022-03-09_0311.dat,22.816667,61.76,2022-03-09 03:11:00
2022-03-09_1144.dat,5.841667,79.933333,2022-03-09 11:44:00
2022-03-09_1512.dat,10.708333,73.166667,2022-03-09 15:12:00
2022-03-09_1803.dat,6.266667,79.308333,2022-03-09 18:03:00
2001-03-09_2343.dat,6.988333,78.633333,2022-03-09 23:43:00
2022-03-10_1758.dat,17.065,83.421667,2022-03-10 17:58:00
2022-03-11_0825.dat,17.015,83.521667,2022-03-11 08:25:00
2022-03-11_1209.dat,5.933333,81.066667,2022-03-11 12:09:00
2022-03-12_0512.dat,7.0,78.0,2022-03-12 05:12:00
2022-03-12_0600.dat,23.913333,65.885,2022-03-12 06:00:00
2022-03-12_2355.dat,23.808333,63.026667,2022-03-12 23:55:00
2022-03-14_2043.dat,8.15,76.851667,2022-03-14 20:43:00
2022-03-14_2155.dat,24.608333,57.596667,2022-03-14 21:55:00
2022-03-15_0545.dat,9.85,75.388333,2022-03-15 05:45:00
2022-03-15_0855.dat,17.516667,83.883333,2022-03-15 08:55:00
2022-03-15_1033.dat,17.325,83.906667,2022-03-15 10:33:00
2022-03-15_1130.dat,10.873333,74.905,2022-03-15 11:30:00
2022-03-15_1148.dat,17.3,83.883333,2022-03-15 11:48:00
2022-03-15_1413.dat,17.403333,83.94,2022-03-15 14:13:00
2022-03-15_1748.dat,11.67,74.001667,2022-03-15 17:48:00
2022-03-15_1856.dat,17.17,83.586667,2022-03-15 18:56:00
2022-03-15_2055.dat,11.866667,73.536667,2022-03-15 20:55:00
2022-03-15_2208.dat,17.09,83.266667,2022-03-15 22:08:00
2022-03-15_2344.dat,12.456667,73.355,2022-03-15 23:44:00
2022-03-16_0506.dat,13.0,73.0,2022-03-16 05:06:00
2022-03-16_0521.dat,17.555,83.803333,2022-03-16 05:21:00
2022-03-16_0605.dat,24.743333,57.033333,2022-03-16 06:05:00
2022-03-16_1151.dat,17.006667,83.366667,2022-03-16 11:51:00
2022-03-16_1208.dat,14.2,73.1,2022-03-16 12:08:00
2022-03-16_1703.dat,15.0,73.0,2022-03-16 17:03:00
2022-03-18_0633.dat,23.568333,61.203333,2022-03-18 06:33:00
2022-03-20_0026.dat,11.075,92.358333,2022-03-20 00:26:00
2022-03-20_1156.dat,18.491667,60.44,2022-03-20 11:56:00
2022-03-21_1832.dat,17.318333,83.603333,2022-03-21 18:32:00
2022-03-21_2008.dat,17.436667,83.685,2022-03-21 20:08:00
2022-03-21_2050.dat,15.786667,54.786667,2022-03-21 20:50:00
2022-03-22_0710.dat,12.335,72.338333,2022-03-22 07:10:00
2022-03-22_1607.dat,9.36,75.576667,2022-03-22 16:07:00
2022-03-22_1616.dat,11.48,92.04,2022-03-22 16:16:00
2022-03-22_1752.dat,16.691667,83.618333,2022-03-22 17:52:00
2022-03-22_1802.dat,16.691667,83.618333,2022-03-22 18:02:00
2022-03-22_2030.dat,17.583333,83.916667,2022-03-22 20:30:00
2022-03-23_0520.dat,17.533333,84.45,2022-03-23 05:20:00
2022-03-23_0611.dat,14.085,51.213333,2022-03-23 06:11:00
2022-03-23_0922.dat,7.333333,78.85,2022-03-23 09:22:00
2022-03-23_1220.dat,9.488333,89.205,2022-03-23 12:20:00
2022-03-23_1746.dat,17.21,84.09,2022-03-23 17:46:00
2022-03-23_1826.dat,17.64,84.306667,2022-03-23 18:26:00
2022-03-23_1835.dat,17.64,84.306667,2022-03-23 18:35:00
2022-03-23_1848.dat,17.05,83.89,2022-03-23 18:48:00
2022-03-24_2323.dat,17.166667,83.5,2022-03-24 23:23:00
2022-03-25_0140.dat,17.251667,83.541667,2022-03-25 01:40:00
2022-03-25_0159.dat,17.25,83.533333,2022-03-25 01:59:00
2022-03-25_0524.dat,5.938333,81.839333,2022-03-25 05:24:00
2022-03-25_0552.dat,14.565,52.556667,2022-03-25 05:52:00
2022-03-25_0602.dat,17.233333,83.538333,2022-03-25 06:02:00
2022-03-25_0854.dat,17.38,83.761667,2022-03-25 08:54:00
2022-03-25_1112.dat,17.523333,83.906667,2022-03-25 11:12:00
2022-03-25_1146.dat,5.918333,81.428333,2022-03-25 11:46:00
2022-03-25_1631.dat,5.835,80.465,2022-03-25 16:31:00
2022-03-25_1837.dat,17.396667,83.623333,2022-03-25 18:37:00
2022-03-25_2051.dat,17.121667,83.491667,2022-03-25 20:51:00
2022-03-25_2111.dat,5.983333,79.521667,2022-03-25 21:11:00
2022-03-25_2234.dat,17.23,83.403333,2022-03-25 22:34:00
2022-03-26_0531.dat,6.445,78.34,2022-03-26 05:31:00
2022-03-26_1730.dat,7.031667,76.656667,2022-03-26 17:30:00
2022-03-27_0537.dat,8.456667,75.553333,2022-03-27 05:37:00
2022-03-27_0703.dat,18.121667,71.523333,2022-03-27 07:03:00
2022-03-27_1142.dat,9.158333,75.21,2022-03-27 11:42:00
2022-03-28_0753.dat,18.135,71.523333,2022-03-28 07:53:00
2022-03-29_0857.dat,17.408333,84.666667,2022-03-29 08:57:00
2022-03-31_1538.dat,17.25,83.516667,2022-03-31 15:38:00
2022-03-31_1744.dat,17.18,83.373333,2022-03-31 17:44:00
2022-03-31_2004.dat,17.398333,83.643333,2022-03-31 20:04:00
2022-03-31_2220.dat,17.52,83.793333,2022-03-31 22:20:00
2022-04-01_0010.dat,17.583333,84.016667,2022-04-01 00:10:00
2022-04-01_0224.dat,17.528333,83.943333,2022-04-01 02:24:00
2022-04-01_0558.dat,9.7,73.555,2022-04-01 05:58:00
2022-04-01_1156.dat,9.85,73.133333,2022-04-01 11:56:00
2022-04-01_1324.dat,17.161667,83.586667,2022-04-01 13:24:00
2022-04-01_1542.dat,10.791667,74.918333,2022-04-01 15:42:00
2022-04-01_1807.dat,9.621667,73.238333,2022-04-01 18:07:00
2022-04-01_1831.dat,17.4,83.65,2022-04-01 18:31:00
2022-04-01_2139.dat,9.351667,73.13,2022-04-01 21:39:00
2022-04-01_2157.dat,17.55,83.875,2022-04-01 21:57:00
2022-04-02_0342.dat,9.22,72.6,2022-04-02 03:42:00
2022-04-02_0449.dat,17.35,84.6,2022-04-02 04:49:00
2022-04-02_0559.dat,9.018333,72.253333,2022-04-02 05:59:00
2022-04-02_0939.dat,9.638333,72.701667,2022-04-02 09:39:00
2022-04-02_1610.dat,8.258333,71.87,2022-04-02 16:10:00
2022-04-02_2203.dat,7.986667,71.435,2022-04-02 22:03:00
2022-04-03_0232.dat,7.168333,71.386667,2022-04-03 02:32:00
2022-04-03_0743.dat,27.105,52.138333,2022-04-03 07:43:00
2022-04-05_2038.dat,25.383333,35.75,2022-04-05 20:38:00
2022-04-06_0708.dat,21.64,6.013333,2022-04-06 07:08:00
2022-04-07_0707.dat,23.318333,59.728333,2022-04-07 07:07:00
2022-04-10_0533.dat,15.275,72.468333,2022-04-10 05:33:00
2022-04-10_1135.dat,15.201667,72.466667,2022-04-10 11:35:00
2022-04-10_1735.dat,15.866667,73.156667,2022-04-10 17:35:00
2022-04-10_2336.dat,14.92,72.091667,2022-04-10 23:36:00
2022-04-11_0007.dat,14.775,70.39,2022-04-11 00:07:00
2022-04-11_0546.dat,15.2,72.478333,2022-04-11 05:46:00
2022-04-12_0509.dat,14.318333,72.338333,2022-04-12 05:09:00
2022-04-12_0635.dat,14.656667,71.2,2022-04-12 06:35:00
2022-04-12_1037.dat,16.583333,84.225,2022-04-12 10:37:00
2022-04-12_1110.dat,14.185,72.04,2022-04-12 11:10:00
2022-04-12_1720.dat,14.083333,72.435,2022-04-12 17:20:00
2022-04-12_2325.dat,13.92,72.368333,2022-04-12 23:25:00
2022-04-13_0546.dat,16.251667,71.148333,2022-04-13 05:46:00
2022-04-13_0600.dat,16.671667,84.323333,2022-04-13 06:00:00
2022-04-13_0605.dat,16.671667,84.323333,2022-04-13 06:05:00
2022-04-13_0608.dat,16.671667,84.323333,2022-04-13 06:08:00
2022-04-13_0654.dat,16.706667,84.338333,2022-04-13 06:54:00
2022-04-13_0701.dat,16.706667,84.338333,2022-04-13 07:01:00
2022-04-13_0702.dat,22.986667,59.846667,2022-04-13 07:02:00
2022-04-13_0755.dat,16.686667,84.396667,2022-04-13 07:55:00
2022-04-13_0759.dat,16.686667,84.396667,2022-04-13 07:59:00
2022-04-13_0853.dat,16.688333,84.383333,2022-04-13 08:53:00
2022-04-13_0929.dat,16.688333,84.383333,2022-04-13 09:29:00
2022-04-13_0956.dat,16.705,84.203333,2022-04-13 09:56:00
2022-04-13_1000.dat,16.705,84.203333,2022-04-13 10:00:00
2022-04-13_1143.dat,16.641667,84.426667,2022-04-13 11:43:00
2022-04-13_1812.dat,10.983333,71.383333,2022-04-13 18:12:00
2022-04-14_0553.dat,16.681667,72.14,2022-04-14 05:53:00
2022-04-14_0616.dat,11.75,69.166667,2022-04-14 06:16:00
2022-04-14_0624.dat,11.766667,69.75,2022-04-14 06:24:00
2022-04-14_0719.dat,18.39,57.926667,2022-04-14 07:19:00
2022-04-15_0604.dat,13.1,65.4,2022-04-15 06:04:00
2022-04-15_0639.dat,16.25,71.173333,2022-04-15 06:39:00
2022-04-15_0703.dat,14.988333,53.56,2022-04-15 07:03:00
2022-04-15_0708.dat,14.988333,53.56,2022-04-15 07:08:00
2022-04-15_0928.dat,16.25,71.173333,2022-04-15 09:28:00
2022-04-15_1822.dat,13.85,63.2,2022-04-15 18:22:00
2022-04-16_0625.dat,14.586667,61.035,2022-04-16 06:25:00
2022-04-16_0755.dat,13.198333,48.475,2022-04-16 07:55:00
2022-04-16_2338.dat,10.0,86.983333,2022-04-16 23:38:00
2022-04-17_0500.dat,16.051667,84.016667,2022-04-17 05:00:00
2022-04-17_0531.dat,7.683333,75.153333,2022-04-17 05:31:00
2022-04-17_0558.dat,16.0,57.15,2022-04-17 05:58:00
2022-04-17_0737.dat,15.241667,83.605,2022-04-17 07:37:00
2022-04-17_0750.dat,11.45,86.983333,2022-04-17 07:50:00
2022-04-18_0450.dat,16.015,84.19,2022-04-18 04:50:00
2022-04-18_0611.dat,4.27,74.705,2022-04-18 06:11:00
2022-04-18_0822.dat,14.0,86.983333,2022-04-18 08:22:00
2022-04-19_0437.dat,15.95,84.0,2022-04-19 04:37:00
2022-04-19_1055.dat,-3.035,56.6,2022-04-19 10:55:00
2022-04-20_0445.dat,15.956667,83.836667,2022-04-20 04:45:00
2022-04-20_1812.dat,16.183333,53.608333,2022-04-20 18:12:00
2022-04-20_1846.dat,19.003333,69.838333,2022-04-20 18:46:00
2022-04-20_2013.dat,11.798333,44.091667,2022-04-20 20:13:00
2022-04-20_2323.dat,4.733333,73.836667,2022-04-20 23:23:00
2022-04-21_0607.dat,14.666667,51.216667,2022-04-21 06:07:00
2022-04-21_0822.dat,11.696667,45.903333,2022-04-21 08:22:00
2022-04-21_1811.dat,13.308333,48.4,2022-04-21 18:11:00
2022-04-22_0610.dat,12.405,45.733333,2022-04-22 06:10:00
2022-04-22_0804.dat,11.695,45.58,2022-04-22 08:04:00
2022-04-23_0811.dat,11.696667,45.813333,2022-04-23 08:11:00
2022-04-23_1018.dat,6.17,72.868333,2022-04-23 10:18:00
2022-04-24_0810.dat,11.69,45.921667,2022-04-24 08:10:00
2022-04-25_0832.dat,12.73,48.78,2022-04-25 08:32:00
2022-04-25_1955.dat,-1.421667,58.781667,2022-04-25 19:55:00
2022-04-26_0705.dat,13.853333,52.195,2022-04-26 07:05:00
2022-04-28_2048.dat,10.168333,63.045,2022-04-28 20:48:00
2022-04-29_0658.dat,14.416667,52.096667,2022-04-29 06:58:00
2022-04-29_0717.dat,10.156667,63.071667,2022-04-29 07:17:00
2022-04-29_0730.dat,10.148333,63.036667,2022-04-29 07:30:00
2022-04-29_1903.dat,16.326667,41.066667,2022-04-29 19:03:00
2022-04-30_0608.dat,18.15,39.95,2022-04-30 06:08:00
2022-04-30_0651.dat,13.361667,48.778333,2022-04-30 06:51:00
2022-04-30_1005.dat,6.031667,63.273333,2022-04-30 10:05:00
2022-04-30_1542.dat,19.483333,39.116667,2022-04-30 15:42:00
2022-04-30_1821.dat,20.955,38.218333,2022-04-30 18:21:00
2022-05-01_0605.dat,18.825,39.618333,2022-05-01 06:05:00
2022-05-01_0628.dat,14.316667,51.65,2022-05-01 06:28:00
2022-05-01_0750.dat,11.698333,45.708333,2022-05-01 07:50:00
2022-05-01_1813.dat,25.15,35.483333,2022-05-01 18:13:00
2022-05-02_0817.dat,11.62,44.316667,2022-05-02 08:17:00
2022-05-03_0742.dat,11.626667,44.336667,2022-05-03 07:42:00
2022-05-03_1140.dat,17.523333,84.0575,2022-05-03 11:40:00
2022-05-03_1402.dat,17.47,84.32,2022-05-03 14:02:00
2022-05-03_1524.dat,17.566667,84.316667,2022-05-03 15:24:00
2022-05-03_1530.dat,17.59,84.306667,2022-05-03 15:30:00
2022-05-03_1821.dat,17.505,84.586667,2022-05-03 18:21:00
2022-05-03_2101.dat,4.336667,73.72,2022-05-03 21:01:00
2022-05-04_1314.dat,17.483333,84.05,2022-05-04 13:14:00
2022-05-04_1759.dat,25.183333,36.066667,2022-05-04 17:59:00
2022-05-05_0639.dat,22.76,37.828333,2022-05-05 06:39:00
2022-05-06_2351.dat,6.396667,73.195,2022-05-06 23:51:00
2022-05-08_0835.dat,12.155,46.565,2022-05-08 08:35:00
2022-05-09_0521.dat,15.0,54.0,2022-05-09 05:21:00
2022-05-09_0614.dat,18.778333,39.635,2022-05-09 06:14:00
2022-05-09_0716.dat,13.441667,50.818333,2022-05-09 07:16:00
2022-05-09_1841.dat,15.973333,41.386667,2022-05-09 18:41:00
2022-05-09_2328.dat,5.933333,73.475,2022-05-09 23:28:00
2022-05-10_0011.dat,13.016667,50.183333,2022-05-10 00:11:00
2022-05-10_1001.dat,4.253333,73.686667,2022-05-10 10:01:00
2022-05-10_1818.dat,11.863333,44.908333,2022-05-10 18:18:00
2022-05-10_1930.dat,12.048333,44.501667,2022-05-10 19:30:00
2022-05-11_0600.dat,12.25,47.566667,2022-05-11 06:00:00
2022-05-11_1744.dat,13.966667,50.816667,2022-05-11 17:44:00
2022-05-11_1803.dat,12.816667,50.633333,2022-05-11 18:03:00
2022-05-11_1804.dat,12.816667,50.633333,2022-05-11 18:04:00
2022-05-12_0614.dat,13.138333,53.433333,2022-05-12 06:14:00
2022-05-12_1742.dat,15.016667,52.633333,2022-05-12 17:42:00
2022-05-12_1809.dat,12.913333,56.575,2022-05-12 18:09:00
2022-05-12_1814.dat,12.9,56.583333,2022-05-12 18:14:00
2022-05-13_0450.dat,16.85,54.05,2022-05-13 04:50:00
2022-05-13_0603.dat,12.503333,59.266667,2022-05-13 06:03:00
2022-05-13_1801.dat,11.96,62.3,2022-05-13 18:01:00
2022-05-14_0559.dat,11.551667,65.066667,2022-05-14 05:59:00
2022-05-14_1041.dat,11.416667,65.933333,2022-05-14 10:41:00
2022-05-14_1756.dat,11.05,67.483333,2022-05-14 17:56:00
2022-05-15_0613.dat,10.778333,70.183333,2022-05-15 06:13:00
2022-05-15_1725.dat,16.831667,53.86,2022-05-15 17:25:00
2022-05-16_0516.dat,14.25,51.466667,2022-05-16 05:16:00
2022-05-16_1835.dat,16.133333,83.905,2022-05-16 18:35:00
2022-05-17_0536.dat,15.538333,83.911667,2022-05-17 05:36:00
2022-05-17_0623.dat,13.45,49.316667,2022-05-17 06:23:00
2022-05-17_1750.dat,15.783333,84.366667,2022-05-17 17:50:00
2022-05-17_1836.dat,15.9,84.783333,2022-05-17 18:36:00
2022-05-17_2040.dat,13.45,49.6,2022-05-17 20:40:00
2022-05-18_0634.dat,13.0,48.133333,2022-05-18 06:34:00
2022-05-18_0659.dat,15.238333,85.291667,2022-05-18 06:59:00
2022-05-19_0639.dat,12.966667,48.05,2022-05-19 06:39:00
2022-05-19_0707.dat,13.6,83.45,2022-05-19 07:07:00
2022-05-20_0018.dat,12.016667,46.066667,2022-05-20 00:18:00
2022-05-21_0639.dat,11.716667,45.183333,2022-05-21 06:39:00
2022-05-21_0814.dat,12.933333,81.1,2022-05-21 08:14:00
2022-05-22_0639.dat,12.0,45.0,2022-05-22 06:39:00
2022-05-23_0629.dat,11.853333,44.606667,2022-05-23 06:29:00
2022-05-25_0538.dat,11.846667,43.146667,2022-05-25 05:38:00
2022-05-25_1235.dat,17.466667,83.483333,2022-05-25 12:35:00
2022-05-26_0252.dat,4.336667,73.816667,2022-05-26 02:52:00
2022-05-26_1446.dat,6.4,74.591667,2022-05-26 14:46:00
2022-05-26_2331.dat,7.68,75.255,2022-05-26 23:31:00
2022-05-29_0605.dat,11.875,44.678333,2022-05-29 06:05:00
2022-05-31_0612.dat,12.648333,47.973333,2022-05-31 06:12:00
2022-05-31_0634.dat,12.651667,47.996667,2022-05-31 06:34:00
2022-06-02_0608.dat,14.885,51.471667,2022-06-02 06:08:00
2022-06-03_0918.dat,17.506667,71.571667,2022-06-03 09:18:00
2022-06-03_1808.dat,17.971667,71.351667,2022-06-03 18:08:00
2022-06-03_2138.dat,17.671667,71.136667,2022-06-03 21:38:00
2022-06-05_0539.dat,17.408333,71.355,2022-06-05 05:39:00
2022-06-05_1040.dat,9.278333,73.291667,2022-06-05 10:40:00
2022-06-05_1054.dat,9.328333,73.303333,2022-06-05 10:54:00
2022-06-05_1942.dat,17.686667,71.11,2022-06-05 19:42:00
2022-06-06_0528.dat,18.615,72.05,2022-06-06 05:28:00
2022-06-06_0628.dat,15.036667,54.136667,2022-06-06 06:28:00
2022-06-07_1215.dat,17.5,83.67,2022-06-07 12:15:00
2022-06-09_1424.dat,10.198333,88.555333,2022-06-09 14:24:00
2022-06-11_1742.dat,17.116667,83.89,2022-06-11 17:42:00
2022-06-12_0632.dat,13.068333,49.421667,2022-06-12 06:32:00
2022-06-13_0612.dat,15.966667,85.683333,2022-06-13 06:12:00
2022-06-14_0610.dat,13.15,89.75,2022-06-14 06:10:00
2022-06-14_0617.dat,13.15,89.75,2022-06-14 06:17:00
2022-06-17_1746.dat,9.393333,93.498333,2022-06-17 17:46:00
2022-06-18_0439.dat,20.02,70.751667,2022-06-18 04:39:00
2022-06-18_0635.dat,17.45,56.416667,2022-06-18 06:35:00
2022-06-18_1807.dat,6.708333,95.125,2022-06-18 18:07:00
2022-06-18_2205.dat,6.62,96.181667,2022-06-18 22:05:00
2022-06-19_0521.dat,6.133333,97.8,2022-06-19 05:21:00
2022-06-21_0543.dat,9.376667,75.253333,2022-06-21 05:43:00
2022-06-21_1730.dat,8.071667,73.396667,2022-06-21 17:30:00
2022-06-21_1739.dat,8.588333,72.061667,2022-06-21 17:39:00
2022-06-22_0443.dat,4.583333,104.866667,2022-06-22 04:43:00
2022-06-22_0453.dat,4.55,104.866667,2022-06-22 04:53:00
2022-06-22_0535.dat,6.725,71.451667,2022-06-22 05:35:00
2022-06-22_0544.dat,6.725,71.451667,2022-06-22 05:44:00
2022-06-22_0625.dat,26.045,53.468333,2022-06-22 06:25:00
2022-06-22_1814.dat,5.101667,69.108333,2022-06-22 18:14:00
2022-06-23_0431.dat,7.571667,107.415,2022-06-23 04:31:00
2022-06-23_0606.dat,3.66,67.09,2022-06-23 06:06:00
2022-06-23_1329.dat,12.888333,47.433333,2022-06-23 13:29:00
2022-06-23_1908.dat,1.96,64.698333,2022-06-23 19:08:00
2022-06-24_0640.dat,0.676667,62.831667,2022-06-24 06:40:00
2022-06-24_0901.dat,12.475,47.445,2022-06-24 09:01:00
2022-06-24_1913.dat,0.686667,60.706667,2022-06-24 19:13:00
2022-06-24_1937.dat,0.686667,60.706667,2022-06-24 19:37:00
2022-06-25_0714.dat,-1.903333,58.623333,2022-06-25 07:14:00
2022-06-25_1900.dat,-2.68,57.281667,2022-06-25 19:00:00
2022-06-25_1905.dat,-2.68,57.28,2022-06-25 19:05:00
2022-06-25_2109.dat,18.401667,39.758333,2022-06-25 21:09:00
2022-06-27_0613.dat,9.138333,108.693333,2022-06-27 06:13:00
2022-06-27_1239.dat,8.638333,110.14,2022-06-27 12:39:00
2022-06-27_1834.dat,8.2,111.9,2022-06-27 18:34:00
2022-06-28_0528.dat,9.416667,113.616667,2022-06-28 05:28:00
2022-06-28_0534.dat,10.01,113.62,2022-06-28 05:34:00
2022-06-28_1825.dat,7.791667,115.255,2022-06-28 18:25:00
2022-06-28_1832.dat,7.791667,115.255,2022-06-28 18:32:00
2022-06-28_2340.dat,6.986667,114.135,2022-06-28 23:40:00
2022-06-28_2346.dat,6.986667,114.135,2022-06-28 23:46:00
2022-06-28_2351.dat,22.906667,37.758333,2022-06-28 23:51:00
2022-06-29_0606.dat,6.371667,112.501667,2022-06-29 06:06:00
2022-06-30_1243.dat,2.31,106.951667,2022-06-30 12:43:00
2022-06-30_1246.dat,2.31,106.951667,2022-06-30 12:46:00
2022-06-30_1909.dat,3.308333,55.506667,2022-06-30 19:09:00
2022-06-30_1916.dat,3.308333,55.506667,2022-06-30 19:16:00
2022-07-01_0746.dat,0.951667,55.503333,2022-07-01 07:46:00
2022-07-01_1715.dat,17.455,83.716667,2022-07-01 17:15:00
2022-07-01_1908.dat,17.216667,83.4,2022-07-01 19:08:00
2022-07-01_2129.dat,17.326667,83.553333,2022-07-01 21:29:00
2022-07-02_0834.dat,15.988333,50.785,2022-07-02 08:34:00
2022-07-05_2041.dat,13.475,42.76,2022-07-05 20:41:00
2022-07-06_0128.dat,14.655,42.125,2022-07-06 01:28:00
2022-07-06_0853.dat,16.001667,41.335,2022-07-06 08:53:00
2022-07-06_1439.dat,16.836667,40.703333,2022-07-06 14:39:00
2022-07-06_2027.dat,17.871667,39.825,2022-07-06 20:27:00
2022-07-07_0153.dat,19.125,39.041667,2022-07-07 01:53:00
2022-07-07_0954.dat,19.673333,37.323333,2022-07-07 09:54:00
2022-07-07_1453.dat,19.76,37.623333,2022-07-07 14:53:00
2022-07-08_0153.dat,22.36,37.356667,2022-07-08 01:53:00
202207-08_0920.dat,-22.66,36.718333,2022-07-08 09:20:00
2022-07-08_2148.dat,25.92,35.29,2022-07-08 21:48:00
2022-07-09_0641.dat,27.523333,34.125,2022-07-09 06:41:00
2022-07-11_0028.dat,32.023333,31.686667,2022-07-11 00:28:00
2022-07-15_0222.dat,32.551667,28.118333,2022-07-15 02:22:00
2022-07-15_0929.dat,33.203333,26.84,2022-07-15 09:29:00
2022-07-15_2133.dat,34.138333,25.018333,2022-07-15 21:33:00
2022-07-16_0917.dat,35.108333,23.091667,2022-07-16 09:17:00
2022-07-16_2129.dat,35.358333,21.275,2022-07-16 21:29:00
2022-07-17_0943.dat,35.711667,18.228333,2022-07-17 09:43:00
2022-07-17_2123.dat,36.105,15.94,2022-07-17 21:23:00
2022-07-18_0916.dat,36.906667,13.203333,2022-07-18 09:16:00
2022-07-18_2125.dat,38.506667,10.756667,2022-07-18 21:25:00
2022-07-19_0923.dat,38.775,7.935,2022-07-19 09:23:00
2022-07-19_2132.dat,39.305,6.346667,2022-07-19 21:32:00
2022-07-20_0942.dat,37.775,3.968333,2022-07-20 09:42:00
2022-07-20_2250.dat,36.148333,2.636667,2022-07-20 22:50:00
2022-07-24_1855.dat,38.766667,0.075,2022-07-24 18:55:00
2022-07-25_0225.dat,37.501667,0.653333,2022-07-25 02:25:00
2022-07-25_1010.dat,36.42,2.255,2022-07-25 10:10:00
2022-07-25_2154.dat,36.508333,5.513333,2022-07-25 21:54:00
2022-07-26_1010.dat,34.976667,7.3,2022-07-26 10:10:00
2022-07-27_0446.dat,32.853333,-9.525,2022-07-27 04:46:00
2022-07-27_1117.dat,31.316667,10.973333,2022-07-27 11:17:00
2022-07-27_1717.dat,30.49,11.625,2022-07-27 17:17:00
2022-07-27_2313.dat,29.283333,-12.528333,2022-07-27 23:13:00
2022-07-28_0540.dat,27.926667,13.558333,2022-07-28 05:40:00
2022-07-28_1800.dat,25.918333,-15.441667,2022-07-28 18:00:00
2022-07-28_2336.dat,24.783333,16.286667,2022-07-28 23:36:00
2022-07-29_1138.dat,22.37,17.625,2022-07-29 11:38:00
2022-07-29_1730.dat,21.316667,-18.168333,2022-07-29 17:30:00
2022-07-30_0109.dat,19.825,18.758333,2022-07-30 01:09:00
2022-07-30_0530.dat,19.058333,-18.605,2022-07-30 05:30:00
2022-07-30_1158.dat,18.105,-18.338333,2022-07-30 11:58:00
2022-07-30_1733.dat,17.251667,-18.178333,2022-07-30 17:33:00
2022-07-31_0045.dat,16.241667,-17.905,2022-07-31 00:45:00
2022-08-02_0541.dat,12.958333,-17.883333,2022-08-02 05:41:00
2022-08-02_1219.dat,22.753333,-18.803333,2022-08-02 12:19:00
2022-08-02_1928.dat,11.425,-19.791667,2022-08-02 19:28:00
2022-08-03_0006.dat,10.668333,-20.358333,2022-08-03 00:06:00
2022-08-03_0631.dat,9.602333,-21.17,2022-08-03 06:31:00
2022-08-03_1330.dat,8.351667,-22.11,2022-08-03 13:30:00
2022-08-04_0126.dat,6.321667,-23.608333,2022-08-04 01:26:00
2022-08-04_0605.dat,5.49,-24.283333,2022-08-04 06:05:00
2022-08-04_1336.dat,4.258333,-25.138333,2022-08-04 13:36:00
2022-08-04_1914.dat,3.555,-25.671667,2022-08-04 19:14:00
2022-08-05_0036.dat,2.425,-26.818333,2022-08-05 00:36:00
2022-08-05_0621.dat,1.78,-27.6,2022-08-05 06:21:00
2022-08-05_1409.dat,0.876667,28.743333,2022-08-05 14:09:00
2022-08-05_1938.dat,0.175,-29.325,2022-08-05 19:38:00
2022-08-06_0614.dat,-1.185,-30.781667,2022-08-06 06:14:00
2022-08-06_1423.dat,2.325,-31.836667,2022-08-06 14:23:00
2022-08-06_2025.dat,-3.122,-32.63,2022-08-06 20:25:00
2022-08-07_0242.dat,4.033333,-33.47,2022-08-07 02:42:00
2022-08-09_1431.dat,-8.911667,-34.805,2022-08-09 14:31:00
2022-08-09_2022.dat,-10.068333,-35.116667,2022-08-09 20:22:00
2022-08-10_0256.dat,-11.461667,-35.495,2022-08-10 02:56:00
2022-08-10_0830.dat,-12.351667,35.737833,2022-08-10 08:30:00
2022-08-10_0837.dat,-12.351667,-35.736667,2022-08-10 08:37:00
2022-08-10_1532.dat,7.591667,41.673333,2022-08-10 15:32:00
2022-08-10_2119.dat,-15.001667,-36.501667,2022-08-10 21:19:00
2022-08-11_0250.dat,-15.91,-36.725,2022-08-11 02:50:00
2022-08-11_0616.dat,-16.455,-27.97,2022-08-11 06:16:00
2022-08-11_1443.dat,-18.12,-37.323333,2022-08-11 14:43:00
2022-08-12_0311.dat,-20.416667,-37.981667,2022-08-12 03:11:00
2022-08-12_2053.dat,-22.886667,-40.15,2022-08-12 20:53:00
2022-08-13_0247.dat,-24.0,-41.0,2022-08-13 02:47:00
2022-08-13_0707.dat,-23.583333,-41.67,2022-08-13 07:07:00
2022-08-16_2038.dat,-23.175,-42.841667,2022-08-16 20:38:00
2022-08-19_1433.dat,-14.52,-36.29,2022-08-19 14:33:00
2022-08-20_0801.dat,-11.446667,35.309,2022-08-20 08:01:00
2022-08-20_2103.dat,-9.308333,-34.508333,2022-08-20 21:03:00
2022-08-21_0835.dat,-6.973333,-34.415,2022-08-21 08:35:00
2022-08-25_0158.dat,-3.7,-29.741667,2022-08-25 01:58:00
2022-08-25_1621.dat,2.993333,27.008333,2022-08-25 16:21:00
2022-08-25_2050.dat,-2.726167,-26.211667,2022-08-25 20:50:00
2022-08-26_1343.dat,-1.935,-25.155,2022-08-26 13:43:00
2022-08-26_2246.dat,-1.408333,-21.591667,2022-08-26 22:46:00
2022-08-27_0457.dat,-0.695667,20.436167,2022-08-27 04:57:00
2022-08-27_1322.dat,-0.841667,-18.856667,2022-08-27 13:22:00
2022-08-27_1935.dat,-0.485,-17.601667,2022-08-27 19:35:00
2022-08-28_0439.dat,0.033333,15.858167,2022-08-28 04:39:00
2022-08-28_1303.dat,0.471667,14.186667,2022-08-28 13:03:00
2022-08-29_0420.dat,1.278333,11.319333,2022-08-29 04:20:00
2022-08-29_1212.dat,1.625,10.098333,2022-08-29 12:12:00
2022-08-29_1809.dat,1.658333,9.155,2022-08-29 18:09:00
2022-08-30_0307.dat,2.186667,7.663333,2022-08-30 03:07:00
2022-08-30_1215.dat,2.625,6.125,2022-08-30 12:15:00
2022-08-30_1754.dat,2.605,-5.288333,2022-08-30 17:54:00
2022-08-31_0442.dat,3.175,3.575,2022-08-31 04:42:00
2022-08-31_1247.dat,3.625,2.253333,2022-08-31 12:47:00
2022-08-31_1826.dat,-4.021667,-1.125,2022-08-31 18:26:00
2022-09-01_0310.dat,-5.793333,-1.313333,2022-09-01 03:10:00
2022-09-04_1842.dat,-5.091667,-1.468333,2022-09-04 18:42:00
2022-09-05_0503.dat,5.805,2.9,2022-09-05 05:03:00
2022-09-05_1720.dat,4.843333,4.088333,2022-09-05 17:20:00
2022-09-06_0431.dat,3.583333,-4.818333,2022-09-06 04:31:00
2022-09-06_1806.dat,4.751667,4.14,2022-09-06 18:06:00
2022-09-07_0424.dat,5.366667,3.906667,2022-09-07 04:24:00
2022-09-11_0717.dat,6.9,95.516667,2022-09-11 07:17:00
2022-09-11_1705.dat,6.313667,3.431167,2022-09-11 17:05:00
2022-09-12_0252.dat,6.930833,3.475833,2022-09-12 02:52:00
2022-09-14_0344.dat,6.92,3.736833,2022-09-14 03:44:00
2022-09-14_1650.dat,6.845,3.251667,2022-09-14 16:50:00
2022-09-15_0450.dat,6.673333,3.19,2022-09-15 04:50:00
2022-09-15_1650.dat,5.771667,2.813333,2022-09-15 16:50:00
2022-09-16_0453.dat,6.018333,2.839167,2022-09-16 04:53:00
2022-09-16_1733.dat,5.94,3.206,2022-09-16 17:33:00
2022-09-21_0446.dat,4.57,4.908333,2022-09-21 04:46:00
2022-09-21_1556.dat,5.558333,98.688333,2022-09-21 15:56:00
2022-09-21_1653.dat,3.606667,5.728333,2022-09-21 16:53:00
2022-09-22_0428.dat,3.511667,7.455,2022-09-22 04:28:00
2022-09-22_1651.dat,2.536667,8.27,2022-09-22 16:51:00
2022-09-23_0420.dat,2.323333,8.818333,2022-09-23 04:20:00
2022-09-23_1724.dat,2.143333,8.978167,2022-09-23 17:24:00
2022-09-27_1218.dat,16.54,85.206667,2022-09-27 12:18:00
2022-09-27_1702.dat,-0.691667,8.543333,2022-09-27 17:02:00
2022-09-28_0417.dat,1.425,8.405,2022-09-28 04:17:00
2022-09-28_1617.dat,-4.485,8.738333,2022-09-28 16:17:00
2022-09-29_0311.dat,6.391667,9.096667,2022-09-29 03:11:00
2022-09-29_2026.dat,9.111667,9.625,2022-09-29 20:26:00
2022-09-30_1940.dat,-13.173333,10.4,2022-09-30 19:40:00
2022-10-01_0324.dat,-14.468333,10.668333,2022-10-01 03:24:00
2022-10-01_1003.dat,16.47,71.405,2022-10-01 10:03:00
2022-10-01_1154.dat,-16.168333,10.956667,2022-10-01 11:54:00
2022-10-01_2100.dat,-17.576667,11.253333,2022-10-01 21:00:00
2022-10-02_0327.dat,-17.481667,1.4415,2022-10-02 03:27:00
2022-10-02_1148.dat,-19.54,15.458333,2022-10-02 11:48:00
2022-10-03_0323.dat,-21.72,13.435333,2022-10-03 03:23:00
2022-10-05_1930.dat,12.048333,44.501667,2022-10-05 19:30:00
2022-10-06_1547.dat,23.11,23.11,2022-10-06 15:47:00
2022-10-07_0644.dat,9.096667,9.569833,2022-10-07 06:44:00
2022-10-07_1155.dat,-27.151667,14.983333,2022-10-07 11:55:00
2022-10-07_1235.dat,15.578333,71.925,2022-10-07 12:35:00
2022-10-07_1648.dat,16.4,71.618333,2022-10-07 16:48:00
2022-10-07_1919.dat,16.426667,71.458333,2022-10-07 19:19:00
2022-10-07_1925.dat,16.44,71.435,2022-10-07 19:25:00
2022-10-07_1958.dat,-27.458333,15.375,2022-10-07 19:58:00
2022-10-08_0546.dat,16.486667,71.586667,2022-10-08 05:46:00
2022-10-08_0604.dat,16.486667,71.586667,2022-10-08 06:04:00
2022-10-08_0610.dat,16.486667,71.586667,2022-10-08 06:10:00
2022-10-08_1559.dat,16.491667,71.525,2022-10-08 15:59:00
2022-10-08_1820.dat,16.391667,71.403667,2022-10-08 18:20:00
2022-10-08_1942.dat,33.356667,17.603333,2022-10-08 19:42:00
2022-10-09_0647.dat,-34.941667,19.373333,2022-10-09 06:47:00
2022-10-09_1045.dat,6.383333,97.733333,2022-10-09 10:45:00
2022-10-09_1211.dat,35.17,20.889167,2022-10-09 12:11:00
2022-10-11_1130.dat,17.506667,71.216667,2022-10-11 11:30:00
2022-10-11_1441.dat,17.506667,71.273333,2022-10-11 14:41:00
2022-10-12_0520.dat,16.125,70.351667,2022-10-12 05:20:00
2022-10-13_0322.dat,-33.926667,26.74,2022-10-13 03:22:00
2022-10-13_1117.dat,-32.77,28.346667,2022-10-13 11:17:00
2022-10-14_0241.dat,31.038333,30.8745,2022-10-14 02:41:00
2022-10-14_1036.dat,-28.3,31.388667,2022-10-14 10:36:00
2022-10-14_1959.dat,-28.526667,32.973333,2022-10-14 19:59:00
2022-10-14_2010.dat,-28.525,32.975,2022-10-14 20:10:00
2022-10-15_0242.dat,-27.295,33.952833,2022-10-15 02:42:00
2022-10-15_1107.dat,-24.235,35.085,2022-10-15 11:07:00
2022-10-15_1850.dat,-24.433333,36.15,2022-10-15 18:50:00
2022-10-16_0226.dat,-22.738333,37.291333,2022-10-16 02:26:00
2022-10-16_1111.dat,-20.721667,38.655,2022-10-16 11:11:00
2022-10-16_1944.dat,-17.075,39.836333,2022-10-16 19:44:00
2022-10-17_0236.dat,-16.49,40.770167,2022-10-17 02:36:00
2022-10-17_1107.dat,-15.991333,41.7075,2022-10-17 11:07:00
2022-10-17_1137.dat,24.27,58.861667,2022-10-17 11:37:00
2022-10-18_0216.dat,29.586667,31.518333,2022-10-18 02:16:00
2022-10-18_1051.dat,-29.593333,31.523333,2022-10-18 10:51:00
2022-10-18_1136.dat,20.985,60.098333,2022-10-18 11:36:00
2022-10-19_0053.dat,17.171667,71.651667,2022-10-19 00:53:00
2022-10-19_0201.dat,17.02,72.001667,2022-10-19 02:01:00
2022-10-19_0535.dat,14.166667,83.9,2022-10-19 05:35:00
2022-10-19_0600.dat,14.69,71.655,2022-10-19 06:00:00
2022-10-19_0601.dat,17.13,71.251667,2022-10-19 06:01:00
2022-10-19_0748.dat,17.09,71.316667,2022-10-19 07:48:00
2022-10-19_1150.dat,17.373333,57.908333,2022-10-19 11:50:00
2022-10-19_1735.dat,15.751667,72.363333,2022-10-19 17:35:00
2022-10-19_1827.dat,17.12,71.216667,2022-10-19 18:27:00
2022-10-19_1834.dat,17.12,71.218333,2022-10-19 18:34:00
2022-10-20_0155.dat,17.221667,71.471667,2022-10-20 01:55:00
2022-10-20_0644.dat,15.263333,72.405,2022-10-20 06:44:00
2022-10-20_0720.dat,16.985,71.806667,2022-10-20 07:20:00
2022-10-20_1318.dat,16.423333,83.883333,2022-10-20 13:18:00
2022-10-20_1737.dat,14.05,53.633333,2022-10-20 17:37:00
2022-10-20_1934.dat,16.816667,83.985,2022-10-20 19:34:00
2022-10-20_2016.dat,12.016667,44.898333,2022-10-20 20:16:00
2022-10-21_0209.dat,-11.97,4.305333,2022-10-21 02:09:00
2022-10-21_1056.dat,-10.048333,46.905,2022-10-21 10:56:00
2022-10-21_1203.dat,12.945,50.533333,2022-10-21 12:03:00
2022-10-22_0226.dat,11.875,48.842833,2022-10-22 02:26:00
2022-10-22_1206.dat,12.0,46.318333,2022-10-22 12:06:00
2022-10-24_1805.dat,-10.908333,47.825,2022-10-24 18:05:00
2022-10-24_2331.dat,-9.695,46.487167,2022-10-24 23:31:00
2022-10-25_1241.dat,13.203333,51.866667,2022-10-25 12:41:00
2022-10-25_2013.dat,-7.801667,42.805,2022-10-25 20:13:00
2022-10-26_0221.dat,-6.748333,40.921,2022-10-26 02:21:00
2022-10-26_0853.dat,-6.735,39.538333,2022-10-26 08:53:00
2022-10-27_1350.dat,11.383333,63.566667,2022-10-27 13:50:00
2022-10-28_1821.dat,10.6,69.05,2022-10-28 18:21:00
2022-10-28_1842.dat,-5.28,39.501667,2022-10-28 18:42:00
2022-10-29_1630.dat,10.376667,73.476667,2022-10-29 16:30:00
2022-10-30_1016.dat,-2.548333,43.691167,2022-10-30 10:16:00
2022-10-30_1714.dat,16.318333,72.401667,2022-10-30 17:14:00
2022-10-30_1719.dat,16.318333,72.401667,2022-10-30 17:19:00
2022-10-30_1731.dat,16.376667,72.368333,2022-10-30 17:31:00
2022-10-30_1954.dat,-1.831667,45.374167,2022-10-30 19:54:00
2022-11-08_0541.dat,18.235,71.751667,2022-11-08 05:41:00
2022-11-08_0708.dat,18.201667,71.453333,2022-11-08 07:08:00
2022-11-09_0251.dat,17.283333,83.941667,2022-11-09 02:51:00
2022-11-09_0510.dat,17.416667,83.768333,2022-11-09 05:10:00
2022-11-09_0602.dat,17.425,83.736667,2022-11-09 06:02:00
2022-11-09_0653.dat,17.386667,83.671667,2022-11-09 06:53:00
2022-11-10_0302.dat,17.538333,83.821667,2022-11-10 03:02:00
2022-11-10_0714.dat,16.978333,83.776667,2022-11-10 07:14:00
2022-11-13_1127.dat,13.29,49.24,2022-11-13 11:27:00
2022-11-14_0554.dat,13.388333,49.058333,2022-11-14 05:54:00
2022-11-15_0420.dat,17.203333,83.671667,2022-11-15 04:20:00
2022-11-15_0527.dat,17.285,83.738333,2022-11-15 05:27:00
2022-11-15_0553.dat,14.515,49.06,2022-11-15 05:53:00
2022-11-15_0611.dat,17.28,83.626667,2022-11-15 06:11:00
2022-11-15_0651.dat,17.25,83.635,2022-11-15 06:51:00
2022-11-15_0738.dat,17.191667,83.541667,2022-11-15 07:38:00
2022-11-15_1237.dat,10.921667,65.881667,2022-11-15 12:37:00
2022-11-16_0748.dat,16.563333,56.535,2022-11-16 07:48:00
2022-11-17_0217.dat,15.003333,72.951667,2022-11-17 02:17:00
2022-11-17_0224.dat,14.981667,72.951667,2022-11-17 02:24:00
2022-11-17_1913.dat,14.588333,73.916667,2022-11-17 19:13:00
2022-11-18_0637.dat,23.101667,60.775,2022-11-18 06:37:00
2022-11-19_0606.dat,23.69,58.958333,2022-11-19 06:06:00
2022-11-21_2342.dat,16.241667,72.436667,2022-11-21 23:42:00
2022-11-22_0143.dat,15.758333,72.465,2022-11-22 01:43:00
2022-11-23_0529.dat,15.618333,72.19,2022-11-23 05:29:00
2022-11-23_0604.dat,19.8,58.746667,2022-11-23 06:04:00
2022-11-23_1310.dat,16.025,72.485,2022-11-23 13:10:00
2022-11-23_1538.dat,17.65,82.316667,2022-11-23 15:38:00
2022-11-23_1606.dat,15.653333,72.286667,2022-11-23 16:06:00
2022-11-24_0326.dat,15.931667,72.46,2022-11-24 03:26:00
2022-11-24_0524.dat,15.755,72.441667,2022-11-24 05:24:00
2022-11-24_0647.dat,15.718333,72.406667,2022-11-24 06:47:00
2022-11-24_0742.dat,15.766667,72.456667,2022-11-24 07:42:00
2022-11-24_0814.dat,15.758333,72.491667,2022-11-24 08:14:00
2022-11-24_0854.dat,15.413333,72.688333,2022-11-24 08:54:00
2022-11-25_0636.dat,17.266667,56.981667,2022-11-25 06:36:00
2022-11-25_1419.dat,10.0,73.0,2022-11-25 14:19:00
2022-11-26_0631.dat,12.395,58.68,2022-11-26 06:31:00
2022-11-27_0546.dat,7.481667,61.59,2022-11-27 05:46:00
2022-11-30_1331.dat,10.355,75.585,2022-11-30 13:31:00
2022-12-01_0543.dat,13.313333,73.651667,2022-12-01 05:43:00
2022-12-02_0607.dat,10.306667,74.48,2022-12-02 06:07:00
2022-12-02_0651.dat,3.936667,69.395,2022-12-02 06:51:00
2022-12-03_0409.dat,6.963333,71.963333,2022-12-03 04:09:00
2022-12-04_0505.dat,7.903333,73.546667,2022-12-04 05:05:00
2022-12-05_0411.dat,10.778333,71.738333,2022-12-05 04:11:00
2022-12-10_0432.dat,9.69,72.775,2022-12-10 04:32:00
2022-12-13_0631.dat,13.75,57.766667,2022-12-13 06:31:00
2022-12-13_0705.dat,5.836667,78.105,2022-12-13 07:05:00
2022-12-14_0702.dat,14.915,52.673,2022-12-14 07:02:00
2022-12-15_0716.dat,13.756667,50.425167,2022-12-15 07:16:00
2022-12-15_0847.dat,16.603333,83.621667,2022-12-15 08:47:00
2022-12-16_0717.dat,13.073333,49.270833,2022-12-16 07:17:00
2022-12-17_0744.dat,15.433333,53.166667,2022-12-17 07:44:00
2022-12-20_0128.dat,17.523333,83.681667,2022-12-20 01:28:00
2022-12-21_0625.dat,13.193333,94.151667,2022-12-21 06:25:00
2022-12-21_0648.dat,13.24,94.063333,2022-12-21 06:48:00
2022-12-22_0720.dat,14.568333,52.733333,2022-12-22 07:20:00
2022-12-24_0637.dat,17.616667,55.028,2022-12-24 06:37:00
2022-12-24_1128.dat,14.896667,73.325,2022-12-24 11:28:00
2022-12-25_0702.dat,15.033333,53.607333,2022-12-25 07:02:00
2022-12-25_0933.dat,17.751667,83.641667,2022-12-25 09:33:00
2022-12-26_1926.dat,10.74,75.161667,2022-12-26 19:26:00
2022-12-27_0515.dat,14.755,84.306667,2022-12-27 05:15:00
2022-12-27_0710.dat,11.981667,43.86,2022-12-27 07:10:00
2022-12-28_0706.dat,15.756667,41.526667,2022-12-28 07:06:00
2022-12-28_0734.dat,17.67,84.673333,2022-12-28 07:34:00
2022-12-29_0430.dat,17.381667,83.686667,2022-12-29 04:30:00
2022-12-30_0617.dat,9.418333,75.703333,2022-12-30 06:17:00
2022-12-30_0755.dat,25.075,36.1405,2022-12-30 07:55:00
2023-01-01_0011.dat,17.3,83.708333,2023-01-01 00:11:00
2023-01-01_0014.dat,17.391667,84.32,2023-01-01 00:14:00
2023-01-01_0017.dat,15.99,84.053333,2023-01-01 00:17:00
2023-01-01_0044.dat,15.758333,83.49,2023-01-01 00:44:00
2023-01-01_0258.dat,17.351667,83.986667,2023-01-01 02:58:00
2023-01-01_0423.dat,17.385,83.72,2023-01-01 04:23:00
2023-01-01_1214.dat,19.336667,63.521667,2023-01-01 12:14:00
2023-01-02_0600.dat,10.195333,91.861667,2023-01-02 06:00:00
2023-01-03_1516.dat,17.635,83.866667,2023-01-03 15:16:00
2023-01-04_1919.dat,-3.2,56.3,2023-01-04 19:19:00
2023-01-04_1957.dat,17.491667,83.966667,2023-01-04 19:57:00
2023-01-05_0537.dat,17.338333,83.536667,2023-01-05 05:37:00
2023-01-05_0557.dat,17.35,84.12,2023-01-05 05:57:00
2023-01-05_0824.dat,17.466667,83.625,2023-01-05 08:24:00
2023-01-05_1155.dat,17.136667,83.558333,2023-01-05 11:55:00
2023-01-06_1136.dat,17.333333,83.925,2023-01-06 11:36:00
2023-01-06_1934.dat,17.606667,83.841667,2023-01-06 19:34:00
2023-01-12_1841.dat,20.241667,65.595,2023-01-12 18:41:00
2023-01-18_0929.dat,14.643333,86.385,2023-01-18 09:29:00
2023-01-18_1830.dat,19.336667,62.555,2023-01-18 18:30:00
2023-01-19_1502.dat,6.15,81.85,2023-01-19 15:02:00
2023-01-19_1536.dat,6.091667,81.675,2023-01-19 15:36:00
2023-01-20_1146.dat,18.611667,62.89,2023-01-20 11:46:00
2023-01-21_1759.dat,18.76,63.19,2023-01-21 17:59:00
2023-01-22_1027.dat,19.831667,63.34,2023-01-22 10:27:00
2023-01-23_1125.dat,20.328333,63.64,2023-01-23 11:25:00
2023-01-27_0614.dat,-6.101667,50.383333,2023-01-27 06:14:00
2023-01-29_0604.dat,16.651667,83.286667,2023-01-29 06:04:00
2023-01-29_1154.dat,16.565,83.36,2023-01-29 11:54:00
2023-01-30_0607.dat,16.001667,82.108333,2023-01-30 06:07:00
2023-01-30_1056.dat,17.175,84.201667,2023-01-30 10:56:00
2023-01-31_1139.dat,-11.053333,50.786667,2023-01-31 11:39:00
2023-02-01_1207.dat,15.388333,80.936667,2023-02-01 12:07:00
2023-02-01_1637.dat,4.666667,77.033333,2023-02-01 16:37:00
2023-02-01_1706.dat,-9.035,46.935,2023-02-01 17:06:00
2023-02-02_0656.dat,14.368333,62.438333,2023-02-02 06:56:00
2023-02-02_1734.dat,-4.808333,76.921667,2023-02-02 17:34:00
2023-02-03_1747.dat,-1.085,46.151667,2023-02-03 17:47:00
2023-02-04_0700.dat,14.705,53.663333,2023-02-04 07:00:00
2023-02-04_0711.dat,14.705,53.65,2023-02-04 07:11:00
2023-02-04_0745.dat,-1.7,58.433333,2023-02-04 07:45:00
2023-02-04_1724.dat,-8.14,72.031667,2023-02-04 17:24:00
2023-02-05_0425.dat,5.5745,6.169833,2023-02-05 04:25:00
2023-02-05_1811.dat,-7.681667,76.405,2023-02-05 18:11:00
2023-02-06_1613.dat,9.548333,75.513333,2023-02-06 16:13:00
2023-02-06_1814.dat,-5.66,79.31,2023-02-06 18:14:00
2023-02-06_2213.dat,9.665,75.288333,2023-02-06 22:13:00
2023-02-07_0519.dat,-6.871667,50.87,2023-02-07 05:19:00
2023-02-07_0947.dat,13.555,71.555,2023-02-07 09:47:00
2023-02-07_1001.dat,13.555,71.555,2023-02-07 10:01:00
2023-02-07_1418.dat,13.713333,73.343333,2023-02-07 14:18:00
2023-02-07_1821.dat,-2.871667,82.865,2023-02-07 18:21:00
2023-02-10_0631.dat,19.018333,51.67,2023-02-10 06:31:00
2023-02-10_0705.dat,14.47,58.801667,2023-02-10 07:05:00
2023-02-10_0935.dat,11.0,92.0,2023-02-10 09:35:00
2023-02-10_2115.dat,0.675,84.678333,2023-02-10 21:15:00
2023-02-11_1809.dat,6.7,93.566667,2023-02-11 18:09:00
2023-02-12_0603.dat,6.483333,91.016667,2023-02-12 06:03:00
2023-02-12_0802.dat,22.685,60.155,2023-02-12 08:02:00
2023-02-13_0326.dat,15.0,72.966667,2023-02-13 03:26:00
2023-02-13_0626.dat,6.0,85.0,2023-02-13 06:26:00
2023-02-13_0709.dat,6.033333,85.883333,2023-02-13 07:09:00
2023-02-13_1810.dat,5.9,83.583333,2023-02-13 18:10:00
2023-02-14_0543.dat,14.883333,73.076667,2023-02-14 05:43:00
2023-02-14_0607.dat,5.816667,81.25,2023-02-14 06:07:00
2023-02-14_0653.dat,5.821667,81.118333,2023-02-14 06:53:00
2023-02-14_0722.dat,4.95,65.109333,2023-02-14 07:22:00
2023-02-14_1805.dat,6.5,79.3,2023-02-14 18:05:00
2023-02-15_0536.dat,11.086667,67.89,2023-02-15 05:36:00
2023-02-16_0441.dat,11.518333,73.713333,2023-02-16 04:41:00
2023-02-16_0731.dat,24.685,56.905,2023-02-16 07:31:00
2023-02-17_0439.dat,9.591667,74.438333,2023-02-17 04:39:00
2023-02-17_0555.dat,14.781667,81.526667,2023-02-17 05:55:00
2023-02-19_1233.dat,16.946667,83.376667,2023-02-19 12:33:00
2023-02-21_2320.dat,11.216667,74.806667,2023-02-21 23:20:00
2023-02-22_0319.dat,11.955,74.1,2023-02-22 03:19:00
2023-02-23_0440.dat,15.005,73.223333,2023-02-23 04:40:00
2023-02-23_1642.dat,15.333333,72.95,2023-02-23 16:42:00
2023-02-23_1717.dat,15.376667,72.846667,2023-02-23 17:17:00
2023-02-23_1752.dat,15.441667,72.801667,2023-02-23 17:52:00
2023-02-23_1849.dat,15.536667,72.693333,2023-02-23 18:49:00
2023-02-23_2002.dat,15.725,72.441667,2023-02-23 20:02:00
2023-02-24_0437.dat,15.346667,71.933333,2023-02-24 04:37:00
2023-02-24_0555.dat,15.235,72.36,2023-02-24 05:55:00
2023-02-24_1625.dat,15.251667,72.651667,2023-02-24 16:25:00
2023-02-24_1631.dat,15.035,72.65,2023-02-24 16:31:00
2023-02-27_1841.dat,15.301667,72.726667,2023-02-27 18:41:00
2023-02-27_2006.dat,15.458333,72.47,2023-02-27 20:06:00
2023-02-27_2022.dat,15.46,15.437167,2023-02-27 20:22:00
2023-02-28_0353.dat,15.936667,72.035,2023-02-28 03:53:00
2023-02-28_0518.dat,15.721667,72.25,2023-02-28 05:18:00
2023-02-28_0615.dat,15.746667,72.568333,2023-02-28 06:15:00
2023-02-28_0754.dat,15.788333,72.525,2023-02-28 07:54:00
2023-02-28_0835.dat,15.756667,72.44,2023-02-28 08:35:00
2023-02-28_0854.dat,15.778333,72.525,2023-02-28 08:54:00
2023-02-28_1659.dat,9.205,71.878333,2023-02-28 16:59:00
2023-02-28_1742.dat,15.921667,72.828333,2023-02-28 17:42:00
2023-02-28_1855.dat,15.835,72.738833,2023-02-28 18:55:00
2023-02-28_1907.dat,15.885,72.72,2023-02-28 19:07:00
2023-02-28_1908.dat,15.888333,72.676667,2023-02-28 19:08:00
2023-02-28_1913.dat,15.885,72.72,2023-02-28 19:13:00
2023-02-28_2001.dat,15.75,72.593333,2023-02-28 20:01:00
2023-02-28_2053.dat,16.008333,72.375,2023-02-28 20:53:00
2023-02-28_2130.dat,15.791667,72.336667,2023-02-28 21:30:00
2023-03-01_0357.dat,15.02,71.608333,2023-03-01 03:57:00
2023-03-02_0422.dat,15.543333,72.571667,2023-03-02 04:22:00
2023-03-02_1922.dat,9.22,74.916667,2023-03-02 19:22:00
2023-03-03_0403.dat,16.295,71.341667,2023-03-03 04:03:00
2023-03-03_0427.dat,11.995,73.875,2023-03-03 04:27:00
2023-03-03_0708.dat,8.068333,73.418333,2023-03-03 07:08:00
2023-03-03_1737.dat,6.733333,72.016667,2023-03-03 17:37:00
2023-03-03_1855.dat,6.525,71.918333,2023-03-03 18:55:00
2023-03-04_1833.dat,2.481667,69.991667,2023-03-04 18:33:00
2023-03-04_2053.dat,13.628333,72.703333,2023-03-04 20:53:00
2023-03-05_0327.dat,14.981667,72.365,2023-03-05 03:27:00
2023-03-05_0654.dat,0.338333,69.021667,2023-03-05 06:54:00
2023-03-05_1904.dat,-1.836667,67.956667,2023-03-05 19:04:00
2023-03-06_0530.dat,15.073333,72.888333,2023-03-06 05:30:00
2023-03-06_1907.dat,-6.126667,65.901667,2023-03-06 19:07:00
2023-03-07_0419.dat,12.125,74.405,2023-03-07 04:19:00
2023-03-07_1806.dat,-10.08,64.4,2023-03-07 18:06:00
2023-03-08_0704.dat,-12.593333,62.933333,2023-03-08 07:04:00
2023-03-09_0658.dat,16.716667,59.733333,2023-03-09 06:58:00
2023-03-15_0644.dat,18.373333,57.375,2023-03-15 06:44:00
2023-03-16_0847.dat,24.9,47.75,2023-03-16 08:47:00
2023-03-16_1816.dat,16.176667,58.883333,2023-03-16 18:16:00
2023-03-17_0714.dat,-13.9,58.508333,2023-03-17 07:14:00
2023-03-17_0915.dat,25.8,42.166667,2023-03-17 09:15:00
2023-03-17_1833.dat,-13.366667,56.76,2023-03-17 18:33:00
2023-03-18_0702.dat,-13.015,54.525,2023-03-18 07:02:00
2023-03-18_0921.dat,25.7,36.8,2023-03-18 09:21:00
2023-03-18_1908.dat,-12.553333,52.686667,2023-03-18 19:08:00
2023-03-19_0704.dat,-12.428333,50.896667,2023-03-19 07:04:00
2023-03-19_1835.dat,-12.238333,50.538333,2023-03-19 18:35:00
2023-03-21_0717.dat,17.583333,83.486667,2023-03-21 07:17:00
2023-03-21_1803.dat,17.235,83.383333,2023-03-21 18:03:00
2023-03-22_1215.dat,15.23,84.701667,2023-03-22 12:15:00
2023-03-23_0859.dat,14.568333,87.293333,2023-03-23 08:59:00
2023-03-23_1832.dat,-11.186667,48.928333,2023-03-23 18:32:00
2023-03-23_2223.dat,-23.066667,36.8,2023-03-23 22:23:00
2023-03-23_2302.dat,15.938333,73.236667,2023-03-23 23:02:00
2023-03-24_0928.dat,-20.821667,38.831667,2023-03-24 09:28:00
2023-03-24_1501.dat,-19.7,39.8,2023-03-24 15:01:00
2023-03-24_1912.dat,-8.466667,48.383333,2023-03-24 19:12:00
2023-03-25_0705.dat,-6.693333,47.731667,2023-03-25 07:05:00
2023-03-25_1905.dat,-8.096667,47.13,2023-03-25 19:05:00
2023-03-26_0823.dat,-13.016667,46.123333,2023-03-26 08:23:00
2023-03-26_1903.dat,-9.261667,47.135,2023-03-26 19:03:00
2023-03-27_0510.dat,9.568333,93.623333,2023-03-27 05:10:00
2023-03-27_0608.dat,11.051667,94.105,2023-03-27 06:08:00
2023-03-27_0822.dat,-9.233333,48.566667,2023-03-27 08:22:00
2023-03-27_1734.dat,10.268333,93.948333,2023-03-27 17:34:00
2023-03-27_1817.dat,10.586667,93.703333,2023-03-27 18:17:00
2023-03-27_1829.dat,-8.03,50.128333,2023-03-27 18:29:00
2023-03-28_0437.dat,8.655,93.898333,2023-03-28 04:37:00
2023-03-28_0847.dat,-6.848333,52.778333,2023-03-28 08:47:00
2023-03-28_1644.dat,9.981667,93.62,2023-03-28 16:44:00
2023-03-28_1811.dat,10.23,93.495,2023-03-28 18:11:00
2023-03-28_1904.dat,-5.731667,54.45,2023-03-28 19:04:00
2023-03-29_0446.dat,10.276667,92.326667,2023-03-29 04:46:00
2023-03-29_0522.dat,10.286667,92.233333,2023-03-29 05:22:00
2023-03-29_0608.dat,10.573333,93.721667,2023-03-29 06:08:00
2023-03-29_1100.dat,10.903333,91.386667,2023-03-29 11:00:00
2023-03-29_1255.dat,10.515,93.993333,2023-03-29 12:55:00
2023-03-29_1754.dat,10.47,93.781667,2023-03-29 17:54:00
2023-03-30_0323.dat,10.423333,93.946667,2023-03-30 03:23:00
2023-03-30_0445.dat,12.77,88.885,2023-03-30 04:45:00
2023-03-30_1644.dat,14.231667,87.814833,2023-03-30 16:44:00
2023-03-31_0628.dat,17.103333,71.958333,2023-03-31 06:28:00
2023-03-31_1712.dat,17.203333,71.270333,2023-03-31 17:12:00
2023-03-31_2253.dat,15.104833,86.681667,2023-03-31 22:53:00
2023-04-02_0704.dat,-1.596667,58.595,2023-04-02 07:04:00
2023-04-02_1843.dat,-0.2,60.703333,2023-04-02 18:43:00
2023-04-03_0704.dat,1.381667,63.1,2023-04-03 07:04:00
2023-04-03_1844.dat,2.751667,65.186667,2023-04-03 18:44:00
2023-04-03_1845.dat,2.45,69.983333,2023-04-03 18:45:00
2023-04-04_0648.dat,4.366667,67.566667,2023-04-04 06:48:00
2023-04-04_0722.dat,4.463333,67.808333,2023-04-04 07:22:00
2023-04-05_1835.dat,8.596667,73.725,2023-04-05 18:35:00
2023-04-17_1846.dat,17.568333,83.435,2023-04-17 18:46:00
2023-04-17_1933.dat,17.278333,83.625,2023-04-17 19:33:00
2023-04-17_2314.dat,17.157167,83.685,2023-04-17 23:14:00
2023-04-18_0139.dat,17.206667,83.668333,2023-04-18 01:39:00
2023-04-18_0634.dat,17.595,83.745,2023-04-18 06:34:00
2023-04-18_0957.dat,17.545,83.875,2023-04-18 09:57:00
2023-04-18_1158.dat,17.538333,83.876667,2023-04-18 11:58:00
2023-04-18_1343.dat,17.268333,83.653333,2023-04-18 13:43:00
2023-04-18_1613.dat,17.263333,81.648333,2023-04-18 16:13:00
2023-04-18_1949.dat,17.301667,83.586667,2023-04-18 19:49:00
2023-04-20_1711.dat,17.833333,84.0,2023-04-20 17:11:00
2023-04-20_1724.dat,17.8,84.0,2023-04-20 17:24:00
2023-04-20_1742.dat,17.833333,84.0,2023-04-20 17:42:00
2023-04-20_1754.dat,17.833333,84.0,2023-04-20 17:54:00
2023-04-22_0702.dat,19.505,37.626667,2023-04-22 07:02:00
2023-04-23_1438.dat,15.576667,86.696667,2023-04-23 14:38:00
2023-04-23_1734.dat,16.84,84.26,2023-04-23 17:34:00
2023-04-23_1936.dat,16.588333,84.398333,2023-04-23 19:36:00
2023-04-24_0459.dat,15.565,85.81,2023-04-24 04:59:00
2023-04-24_0522.dat,13.951667,88.788333,2023-04-24 05:22:00
2023-04-24_1338.dat,13.05,90.013333,2023-04-24 13:38:00
2023-04-24_1908.dat,12.46,90.9205,2023-04-24 19:08:00
2023-04-25_0523.dat,11.441667,92.573333,2023-04-25 05:23:00
2023-04-25_0847.dat,11.043333,93.256667,2023-04-25 08:47:00
2023-04-25_1453.dat,11.148333,93.876667,2023-04-25 14:53:00
2023-04-26_0452.dat,11.095,93.896667,2023-04-26 04:52:00
2023-04-26_0457.dat,11.808333,93.82,2023-04-26 04:57:00
2023-04-26_1424.dat,10.378333,93.133333,2023-04-26 14:24:00
2023-04-27_0456.dat,11.98,94.08,2023-04-27 04:56:00
2023-04-27_0644.dat,10.695,93.358333,2023-04-27 06:44:00
2023-04-29_1155.dat,10.0,75.0,2023-04-29 11:55:00
2023-04-30_1425.dat,8.588333,93.713333,2023-04-30 14:25:00
2023-05-01_0647.dat,6.671667,94.476667,2023-05-01 06:47:00
2023-05-01_1406.dat,6.96,94.016667,2023-05-01 14:06:00
2023-05-02_0623.dat,18.601667,89.16,2023-05-02 06:23:00
2023-05-03_0614.dat,6.591667,94.398333,2023-05-03 06:14:00
2023-05-03_0620.dat,0.458333,69.071667,2023-05-03 06:20:00
2023-05-03_1426.dat,6.658333,94.383333,2023-05-03 14:26:00
2023-05-04_1427.dat,6.681667,94.37,2023-05-04 14:27:00
2023-05-06_1604.dat,6.308333,93.891667,2023-05-06 16:04:00
2023-05-11_0509.dat,6.296667,97.311667,2023-05-11 05:09:00
2023-05-11_1440.dat,3.281667,97.123333,2023-05-11 14:40:00
2023-05-11_1722.dat,15.013333,81.53,2023-05-11 17:22:00
2023-05-12_0619.dat,18.845,70.493333,2023-05-12 06:19:00
2023-05-12_0731.dat,6.623333,95.461667,2023-05-12 07:31:00
2023-05-13_1229.dat,17.436667,83.671667,2023-05-13 12:29:00
2023-05-17_0546.dat,16.185,83.088333,2023-05-17 05:46:00
2023-05-17_0943.dat,5.85,81.6,2023-05-17 09:43:00
2023-05-17_1008.dat,5.85,81.5,2023-05-17 10:08:00
2023-05-17_1038.dat,5.833333,81.383333,2023-05-17 10:38:00
2023-05-17_1045.dat,5.833333,81.366667,2023-05-17 10:45:00
2023-05-17_1138.dat,5.833333,81.216667,2023-05-17 11:38:00
2023-05-17_1147.dat,5.833333,81.183333,2023-05-17 11:47:00
2023-05-17_1202.dat,5.816667,80.15,2023-05-17 12:02:00
2023-05-17_1208.dat,5.816667,81.15,2023-05-17 12:08:00
2023-05-17_1957.dat,10.471667,82.22,2023-05-17 19:57:00
2023-05-17_2241.dat,9.451667,82.566667,2023-05-17 22:41:00
2023-05-18_0607.dat,6.635,82.336667,2023-05-18 06:07:00
2023-05-18_0800.dat,9.086667,-74.416667,2023-05-18 08:00:00
2023-05-18_1916.dat,6.955,78.09,2023-05-18 19:16:00
2023-05-19_0704.dat,9.123333,75.381667,2023-05-19 07:04:00
2023-05-21_2339.dat,16.401667,88.691667,2023-05-21 23:39:00
2023-05-22_0610.dat,17.036667,86.073333,2023-05-22 06:10:00
2023-05-23_0549.dat,14.373333,73.073333,2023-05-23 05:49:00
2023-05-23_1037.dat,10.57,72.668333,2023-05-23 10:37:00
2023-05-24_1411.dat,9.735,75.645,2023-05-24 14:11:00
2023-05-24_1547.dat,9.938333,76.24,2023-05-24 15:47:00
2023-05-24_1829.dat,9.451667,75.101667,2023-05-24 18:29:00
2023-05-24_2209.dat,9.691667,75.406667,2023-05-24 22:09:00
2023-05-24_2324.dat,9.466667,75.15,2023-05-24 23:24:00
2023-05-25_0513.dat,9.87,75.37,2023-05-25 05:13:00
2023-05-25_1134.dat,9.693333,75.655,2023-05-25 11:34:00
2023-05-29_0549.dat,17.626667,83.501667,2023-05-29 05:49:00
2023-05-29_0739.dat,18.003333,84.0,2023-05-29 07:39:00
2023-06-01_0516.dat,16.263333,85.45,2023-06-01 05:16:00
2023-06-01_1949.dat,14.953333,87.073333,2023-06-01 19:49:00
2023-06-02_0723.dat,14.955,92.163333,2023-06-02 07:23:00
2023-06-03_0629.dat,-3.71,67.046667,2023-06-03 06:29:00
2023-06-04_1157.dat,11.631667,92.838333,2023-06-04 11:57:00
2023-06-05_0427.dat,15.857667,85.587167,2023-06-05 04:27:00
2023-06-05_2158.dat,13.948333,88.358333,2023-06-05 21:58:00
2023-06-06_0000.dat,14.315,88.008333,2023-06-06 00:00:00
2023-06-06_0344.dat,14.61,87.515,2023-06-06 03:44:00
2023-06-06_0612.dat,14.841667,86.988333,2023-06-06 06:12:00
2023-06-06_1536.dat,15.798333,85.715,2023-06-06 15:36:00
2023-06-06_1551.dat,15.606667,85.335,2023-06-06 15:51:00
2023-06-06_1714.dat,1.425,75.875,2023-06-06 17:14:00
2023-06-06_1907.dat,15.926667,84.968333,2023-06-06 19:07:00
2023-06-06_1914.dat,16.008333,85.003333,2023-06-06 19:14:00
2023-06-06_1935.dat,15.918333,85.018333,2023-06-06 19:35:00
2023-06-07_0221.dat,15.873333,85.483333,2023-06-07 02:21:00
2023-06-07_0227.dat,15.891667,85.416667,2023-06-07 02:27:00
2023-06-08_0912.dat,15.858333,85.191667,2023-06-08 09:12:00
2023-06-09_0523.dat,15.68,85.19,2023-06-09 05:23:00
2023-07-06_0405.dat,12.726667,74.025,2023-07-06 04:05:00
2023-07-06_1827.dat,15.481667,72.931667,2023-07-06 18:27:00
2023-07-06_1932.dat,15.91,72.921667,2023-07-06 19:32:00
2023-07-06_2120.dat,15.813333,72.655,2023-07-06 21:20:00
2023-08-06_0414.dat,15.658333,72.576667,2023-08-06 04:14:00
2023-08-06_0604.dat,15.585,72.555,2023-08-06 06:04:00
2023-08-06_2136.dat,15.533333,73.586667,2023-08-06 21:36:00
2023-12-02_0618.dat,6.48,90.953333,2023-12-02 06:18:00
2023-12-02_1149.dat,6.301667,89.916667,2023-12-02 11:49:00
01-02-2022_0517.dat,10.801667,93.7235,
02-02-2022_2326.dat,10.651667,93.437,
10-02-2022_1721.dat,11.4,92.083333,
10-03-2022_1611.dat,9.538333,89.008833,
10-03-2022_2325.dat,8.775,87.505333,
11-03-2022_0526.dat,12.82,90.136667,
11-03-2022_0529.dat,8.183333,86.307167,
11-03-2022_2325.dat,6.551667,83.054333,
12-03-2022_1215.dat,5.805,80.252333,
12-03-2022_1754.dat,6.368333,79.155,
12-03-2022_2326.dat,7.087167,78.224333,
15-01-2022_1149.dat,6.970833,78.374333,
15-01-2022_2317.dat,5.987167,79.652167,
16-01-2022_1738.dat,6.426333,82.741,
16-01-2022_2322.dat,6.756667,83.835,
17-01-2022_0611.dat,7.240833,85.072,
17-01-2022_1133.dat,7.441167,85.453167,
17-01-2022_1719.dat,7.9075,86.416667,
17-01-2022_2316.dat,8.426667,87.4385,
18-01-2022_0539.dat,8.956833,88.474333,
18-01-2022_1743.dat,9.551667,90.286667,
18-01-2022_2318.dat,9.807833,91.073333,
19-01-2022_1724.dat,10.501667,92.836667,
2019-04-28_1527.dat,18.85,71.901667,
2019-05-08_2148.dat,14.75,72.933333,
2019-05-10_1744.dat,15.875,72.7,
2019-05-11_0526.dat,17.483333,72.001667,
2021-05-30-1740.dat,21.193,68.641333,
2021-12-14_0300.dat,17.491667,84.008333,
2023-06_01_0600.dat,23.720667,60.095833,
21-01-2022_1714.dat,10.973333,92.97,
22-01-2022_0538.dat,9.961667,93.05,
22-01-2022_1725.dat,10.29,93.090667,
22-01-2022_2318.dat,9.893167,93.138,
23-01-2022_1140.dat,10.21,93.1855,
23-01-2022_2319.dat,10.451667,93.121,
24-01-2022_2312.dat,9.226167,93.322833,
25-01-2022_0527.dat,9.057167,93.3755,
26-01-2022_0537.dat,8.7715,93.293,
27-01-2022_0534.dat,8.854333,93.593167,
27-01-2022_1724.dat,8.953667,93.652667,
29-01-2022_0535.dat,8.868333,93.726667,
29-01-2022_1734.dat,8.658833,93.888167,
30-01-2022_0514.dat,8.6555,93.970833,
31-01-2022_0526.dat,9.191667,94.1045,
PT9001_2019-08-18_0924.dat,0.496667,1.501667,
PT9001_2019-08-20_2013.dat,0.48,1.48,
PT9001_2019-09-04_1414.dat,0.456667,1.46,
