SourceFile,SourceFolder,SourceSubFolder,Data_File,Vessel,Cruise,Station,Water_Depth,SST,Latitude,Longitude,Latitude(decimal),Longitude(decimal),Datetime,name_0,name_1,name_2,name_3,name_4,name_5,name_6,name_7,name_8,name_9,name_10,name_11,name_12,name_13,name_14,name_15,span_0,span_1,span_2,span_3,span_4,span_5,span_6,span_7,span_8,span_9,span_10,span_11,span_12,span_13,span_14,span_15,sensor_0,sensor_1,sensor_2,sensor_3,sensor_4,sensor_5,sensor_6,sensor_7,sensor_8,FileName,Temperature_SN,Conductivity_SN,Number_of_Bytes_Per_Scan,Number_of_Voltage_Words,Number_of_Scans_Averaged_by_the_Deck_Unit,System_UpLoad_Time,Date,Time,nquan,nvalues,units,interval,start_time,bad_flag,datcnv_date,datcnv_in,datcnv_skipover,datcnv_ox_hysteresis_correction,datcnv_ox_tau_correction,file_type,number_of_scans_to_average,pressure_baud_rate,GPIB_address,Operator,System_UTC,NMEA_UTC_(Time),Store_Lat/Lon_Data,Real-Time_Sample_Interval,wildedit_date,wildedit_in,wildedit_pass1_nstd,wildedit_pass2_nstd,wildedit_pass2_mindelta,wildedit_npoint,wildedit_vars,wildedit_excl_bad_scans,filter_date,filter_in,filter_low_pass_tc_A,filter_low_pass_tc_B,filter_low_pass_A_vars,filter_low_pass_B_vars,celltm_date,celltm_in,celltm_alpha,celltm_tau,celltm_temp_sensor_use_for_cond,loopedit_date,loopedit_in,loopedit_percentMeanSpeed:_minV,loopedit_excl_bad_scans,Derive_date,Derive_in,binavg_date,binavg_in,binavg_bintype,binavg_binsize,binavg_excl_bad_scans,binavg_skipover,binavg_surface_bin,Time_12,Time_15,Time_18,SeacatPlus_V_1.6b_SERIAL_NO._5090_16_May_2009_22,vbatt,iext01,iext23,status,samples,mode,autorun,battery_type,pressure_sensor,SBE_38,Ext_Volt_0,echo_commands,output_format,temperature,TA0,TA1,TA2,TA3,TOFFSET,conductivity,G,H,I,J,CF0,CPCOR,CTCOR,CSLOPE,pressure_S/N,PA0,PA1,PA2,PTCA0,PTCA1,PTCA2,PTCB0,PTCB1,PTCB2,PTEMPA0,PTEMPA1,PTEMPA2,POFFSET,volt_0:_offset,volt_1:_offset,volt_2:_offset,volt_3:_offset,EXTFREQSF,"cast_2_16_May_2009_02:35:00_samples_86_to_84215,_avg",alignctd_date,alignctd_in,alignctd_adv,loopedit_minVelocity,loopedit_surfaceSoak:_minDepth,NMEA_baud_rate,Start_Time
CTD_01CTD_01.cnv,CTD_SK277,CTD_SK277\SK 277 SBE CTD\Processed_CTD_DATA\CTD_Return Processing Data,Sea-Bird SBE 9 Data File,ORV. Sagar Kanya,SK277,,3105M,,"011""59.34N",089'30.88E,11.989,89.514667,13-11-10 23:03:53,"depSM: Depth [salt water, m]","prDM: Pressure, Digiquartz [db]",c0S/m: Conductivity [S/m],"t090C: Temperature [ITS-90, deg C]",sal00: Salinity [PSU],"svCM: Sound Velocity [Chen-Millero, m/s]","flECO-AFL: Fluorescence, Wetlab ECO-AFL/FL [mg/m^3]","sbeox0ML/L: Oxygen, SBE 43 [ml/l]",oxsatML/L: Oxygen Saturation [ml/l],flag:  0.000e+00,,,,,,,"-0.051,   1001.839","-0.052,   1009.849","0.498151,   5.478561","6.6705,    28.5526","2.5218,    35.0489","1493.94,    1541.80","-0.0145,     1.3701","0.04989,    5.11779","4.49063,    6.81616","0.0000e+00, 0.0000e+00",,,,,,,"Frequency  0  temperature, 5094, 03-Mar-09","Frequency  1  conductivity, 3478, 01-Apr-09 , cpcor = -9.5700e-08","Frequency  2  pressure, 0934, 07-Apr-09","Extrnl Volt  0  Oxygen, SBE, primary, 1606, 08-Apr-09p","Extrnl Volt  2  WET Labs, ECO_AFL","Extrnl Volt  3  userpoly 0, FLNTURTD-1095, 10-Apr-09","Extrnl Volt  5  surface irradiance (SPAR), degrees = 0.0",,,E:\SK 277 SBE CTD\CTD_Return\CTD_01.hdr,5094,3478,21.0,3.0,1.0,Nov 13 2010 23:03:53,13-11-2010,23.00,10,65837,specified,seconds: 0.0416667,Nov 13 2010 23:03:53,-9.99e-29,"Nov 15 2010 10:11:51, 7.18c",E:\SK 277 SBE CTD\CTD_Return\CTD_01.hex E:\SK 277 SBE CTD\CTD_Return\CTD_01.CON,0,yes,yes,ascii,,,,,,,,,,,,,,,,,,,,,,,,,,,,,,,,,,,,,,,,,,,,,,,,,,,,,,,,,,,,,,,,,,,,,,,,,,,,,,,,,,,,,,,,,,,,,,,,,,,
CTD_02CTD_02.cnv,CTD_SK277,CTD_SK277\SK 277 SBE CTD\Processed_CTD_DATA\CTD_Return Processing Data,Sea-Bird SBE 9 Data File,ORV. Sagar Kanya,SK277,,3145M,,"012""03.99N",088'59.99E,12.0665,88.999833,14-11-10 04:12:27,"depSM: Depth [salt water, m]","prDM: Pressure, Digiquartz [db]",c0S/m: Conductivity [S/m],"t090C: Temperature [ITS-90, deg C]",sal00: Salinity [PSU],"svCM: Sound Velocity [Chen-Millero, m/s]","flECO-AFL: Fluorescence, Wetlab ECO-AFL/FL [mg/m^3]","sbeox0ML/L: Oxygen, SBE 43 [ml/l]",oxsatML/L: Oxygen Saturation [ml/l],flag:  0.000e+00,,,,,,,"-0.147,   1000.877","-0.148,   1008.877","0.037599,   5.464690","6.8149,    28.5538","0.1735,    35.0480","1494.40,    1541.82","-0.0255,     1.2492","0.12903,    5.34002","4.49343,    6.79294","0.0000e+00, 0.0000e+00",,,,,,,"Frequency  0  temperature, 5094, 03-Mar-09","Frequency  1  conductivity, 3478, 01-Apr-09 , cpcor = -9.5700e-08","Frequency  2  pressure, 0934, 07-Apr-09","Extrnl Volt  0  Oxygen, SBE, primary, 1606, 08-Apr-09p","Extrnl Volt  2  WET Labs, ECO_AFL","Extrnl Volt  3  userpoly 0, FLNTURTD-1095, 10-Apr-09","Extrnl Volt  5  surface irradiance (SPAR), degrees = 0.0",,,E:\SK 277 SBE CTD\CTD_Return\CTD_02.hdr,5094,3478,21.0,3.0,1.0,Nov 14 2010 04:12:27,14-11-2010,04.01,10,78333,specified,seconds: 0.0416667,Nov 14 2010 04:12:27,-9.99e-29,"Nov 15 2010 10:12:07, 7.18c",E:\SK 277 SBE CTD\CTD_Return\CTD_02.hex E:\SK 277 SBE CTD\CTD_Return\CTD_02.CON,0,yes,yes,ascii,,,,,,,,,,,,,,,,,,,,,,,,,,,,,,,,,,,,,,,,,,,,,,,,,,,,,,,,,,,,,,,,,,,,,,,,,,,,,,,,,,,,,,,,,,,,,,,,,,,
CTD_03CTD_03.cnv,CTD_SK277,CTD_SK277\SK 277 SBE CTD\Processed_CTD_DATA\CTD_Return Processing Data,Sea-Bird SBE 9 Data File,ORV. Sagar Kanya,SK277,,3168M,,"012""03.99N",088'30.99E,12.0665,88.5165,14-11-10 09:37:58,"depSM: Depth [salt water, m]","prDM: Pressure, Digiquartz [db]",c0S/m: Conductivity [S/m],"t090C: Temperature [ITS-90, deg C]",sal00: Salinity [PSU],"svCM: Sound Velocity [Chen-Millero, m/s]","flECO-AFL: Fluorescence, Wetlab ECO-AFL/FL [mg/m^3]","sbeox0ML/L: Oxygen, SBE 43 [ml/l]",oxsatML/L: Oxygen Saturation [ml/l],flag:  0.000e+00,,,,,,,"1.798,    704.548","1.808,    709.672","3.693313,   5.508234","8.4383,    29.0602","28.9001,    35.0515","1495.76,    1542.22","0.0075,     1.0954","0.06565,    4.50929","4.46677,    6.54220","0.0000e+00, 0.0000e+00",,,,,,,"Frequency  0  temperature, 5094, 03-Mar-09","Frequency  1  conductivity, 3478, 01-Apr-09 , cpcor = -9.5700e-08","Frequency  2  pressure, 0934, 07-Apr-09","Extrnl Volt  0  Oxygen, SBE, primary, 1606, 08-Apr-09p","Extrnl Volt  2  WET Labs, ECO_AFL","Extrnl Volt  3  userpoly 0, FLNTURTD-1095, 10-Apr-09","Extrnl Volt  5  surface irradiance (SPAR), degrees = 0.0",,,E:\SK 277 SBE CTD\CTD_Return\CTD_03.hdr,5094,3478,21.0,3.0,1.0,Nov 14 2010 09:37:58,14-11-2010,09.40,10,87219,specified,seconds: 0.0416667,Nov 14 2010 09:37:58,-9.99e-29,"Nov 15 2010 10:12:23, 7.18c",E:\SK 277 SBE CTD\CTD_Return\CTD_03.hex E:\SK 277 SBE CTD\CTD_Return\CTD_03.CON,0,yes,yes,ascii,,,,,,,,,,,,,,,,,,,,,,,,,,,,,,,,,,,,,,,,,,,,,,,,,,,,,,,,,,,,,,,,,,,,,,,,,,,,,,,,,,,,,,,,,,,,,,,,,,,
CTD_04CTD_04.cnv,CTD_SK277,CTD_SK277\SK 277 SBE CTD\Processed_CTD_DATA\CTD_Return Processing Data,Sea-Bird SBE 9 Data File,ORV. Sagar Kanya,SK277,,3203M,,"012""10.99N",088'00.99E,12.183167,88.0165,14-11-10 15:19:39,"depSM: Depth [salt water, m]","prDM: Pressure, Digiquartz [db]",c0S/m: Conductivity [S/m],"t090C: Temperature [ITS-90, deg C]",sal00: Salinity [PSU],"svCM: Sound Velocity [Chen-Millero, m/s]","flECO-AFL: Fluorescence, Wetlab ECO-AFL/FL [mg/m^3]","sbeox0ML/L: Oxygen, SBE 43 [ml/l]",oxsatML/L: Oxygen Saturation [ml/l],flag:  0.000e+00,,,,,,,"0.538,   1000.604","0.541,   1008.601","3.529328,   5.625297","6.5867,    29.1925","32.3106,    35.0454","1493.56,    1543.93","0.0075,     1.1503","0.04080,    4.58026","4.43183,    6.82963","0.0000e+00, 0.0000e+00",,,,,,,"Frequency  0  temperature, 5094, 03-Mar-09","Frequency  1  conductivity, 3478, 01-Apr-09 , cpcor = -9.5700e-08","Frequency  2  pressure, 0934, 07-Apr-09","Extrnl Volt  0  Oxygen, SBE, primary, 1606, 08-Apr-09p","Extrnl Volt  2  WET Labs, ECO_AFL","Extrnl Volt  3  userpoly 0, FLNTURTD-1095, 10-Apr-09","Extrnl Volt  5  surface irradiance (SPAR), degrees = 0.0",,,E:\SK 277 SBE CTD\CTD_Return\CTD_04.hdr,5094,3478,21.0,3.0,1.0,Nov 14 2010 15:19:39,14-11-2010,15.20,10,83464,specified,seconds: 0.0416667,Nov 14 2010 15:19:39,-9.99e-29,"Nov 15 2010 10:12:54, 7.18c",E:\SK 277 SBE CTD\CTD_Return\CTD_04.hex E:\SK 277 SBE CTD\CTD_Return\CTD_04.CON,0,yes,yes,ascii,,,,,,,,,,,,,,,,,,,,,,,,,,,,,,,,,,,,,,,,,,,,,,,,,,,,,,,,,,,,,,,,,,,,,,,,,,,,,,,,,,,,,,,,,,,,,,,,,,,
CTD_05CTD_05.cnv,CTD_SK277,CTD_SK277\SK 277 SBE CTD\Processed_CTD_DATA\CTD_Return Processing Data,Sea-Bird SBE 9 Data File,ORV. Sagar Kanya,SK277,,3203M,,"012""14.11N",087'29.99E,12.235167,87.499833,14-11-10 21:08:54,"depSM: Depth [salt water, m]","prDM: Pressure, Digiquartz [db]",c0S/m: Conductivity [S/m],"t090C: Temperature [ITS-90, deg C]",sal00: Salinity [PSU],"svCM: Sound Velocity [Chen-Millero, m/s]","flECO-AFL: Fluorescence, Wetlab ECO-AFL/FL [mg/m^3]","sbeox0ML/L: Oxygen, SBE 43 [ml/l]",oxsatML/L: Oxygen Saturation [ml/l],flag:  0.000e+00,,,,,,,"-0.052,    999.642","-0.052,   1007.629","1.866666,   5.493322","6.5024,    29.0463","10.1722,    35.0438","1493.24,    1542.41","0.0075,     1.0404","0.02531,    4.44489","4.47221,    6.84334","0.0000e+00, 0.0000e+00",,,,,,,"Frequency  0  temperature, 5094, 03-Mar-09","Frequency  1  conductivity, 3478, 01-Apr-09 , cpcor = -9.5700e-08","Frequency  2  pressure, 0934, 07-Apr-09","Extrnl Volt  0  Oxygen, SBE, primary, 1606, 08-Apr-09p","Extrnl Volt  2  WET Labs, ECO_AFL","Extrnl Volt  3  userpoly 0, FLNTURTD-1095, 10-Apr-09","Extrnl Volt  5  surface irradiance (SPAR), degrees = 0.0",,,E:\SK 277 SBE CTD\CTD_Return\CTD_05.hdr,5094,3478,21.0,3.0,1.0,Nov 14 2010 21:08:54,14-11-2010,21.20,10,85024,specified,seconds: 0.0416667,Nov 14 2010 21:08:54,-9.99e-29,"Nov 15 2010 10:13:08, 7.18c",E:\SK 277 SBE CTD\CTD_Return\CTD_05.hex E:\SK 277 SBE CTD\CTD_Return\CTD_05.CON,0,yes,yes,ascii,,,,,,,,,,,,,,,,,,,,,,,,,,,,,,,,,,,,,,,,,,,,,,,,,,,,,,,,,,,,,,,,,,,,,,,,,,,,,,,,,,,,,,,,,,,,,,,,,,,
CTD_06CTD_06.cnv,CTD_SK277,CTD_SK277\SK 277 SBE CTD\Processed_CTD_DATA\CTD_Return Processing Data,Sea-Bird SBE 9 Data File,ORV. Sagar Kanya,SK277,,3212M,,"012""19.03N",086'59.68E,12.317167,86.994667,15-11-10 02:54:53,"depSM: Depth [salt water, m]","prDM: Pressure, Digiquartz [db]",c0S/m: Conductivity [S/m],"t090C: Temperature [ITS-90, deg C]",sal00: Salinity [PSU],"svCM: Sound Velocity [Chen-Millero, m/s]","flECO-AFL: Fluorescence, Wetlab ECO-AFL/FL [mg/m^3]","sbeox0ML/L: Oxygen, SBE 43 [ml/l]",oxsatML/L: Oxygen Saturation [ml/l],flag:  0.000e+00,,,,,,,"0.512,   1000.263","0.515,   1008.256","3.528912,   5.484323","6.5841,    28.9218","32.7435,    35.0454","1493.49,    1542.18","0.0185,     0.9855","0.02586,    4.25384","4.48055,    6.83012","0.0000e+00, 0.0000e+00",,,,,,,"Frequency  0  temperature, 5094, 03-Mar-09","Frequency  1  conductivity, 3478, 01-Apr-09 , cpcor = -9.5700e-08","Frequency  2  pressure, 0934, 07-Apr-09","Extrnl Volt  0  Oxygen, SBE, primary, 1606, 08-Apr-09p","Extrnl Volt  2  WET Labs, ECO_AFL","Extrnl Volt  3  userpoly 0, FLNTURTD-1095, 10-Apr-09","Extrnl Volt  5  surface irradiance (SPAR), degrees = 0.0",,,E:\SK 277 SBE CTD\CTD_Return\CTD_06.hdr,5094,3478,21.0,3.0,1.0,Nov 15 2010 02:54:53,14-11-2010,02.50,10,94713,specified,seconds: 0.0416667,Nov 15 2010 02:54:53,-9.99e-29,"Nov 15 2010 10:13:22, 7.18c",E:\SK 277 SBE CTD\CTD_Return\CTD_06.hex E:\SK 277 SBE CTD\CTD_Return\CTD_06.CON,0,yes,yes,ascii,,,,,,,,,,,,,,,,,,,,,,,,,,,,,,,,,,,,,,,,,,,,,,,,,,,,,,,,,,,,,,,,,,,,,,,,,,,,,,,,,,,,,,,,,,,,,,,,,,,
CTD_07CTD_07.cnv,CTD_SK277,CTD_SK277\SK 277 SBE CTD\Processed_CTD_DATA\CTD_Return Processing Data,Sea-Bird SBE 9 Data File,ORV. Sagar Kanya,SK277,,3245M,,"012""20.82N",086'29.85E,12.347,86.4975,15-11-10 09:05:16,"depSM: Depth [salt water, m]","prDM: Pressure, Digiquartz [db]",c0S/m: Conductivity [S/m],"t090C: Temperature [ITS-90, deg C]",sal00: Salinity [PSU],"svCM: Sound Velocity [Chen-Millero, m/s]","flECO-AFL: Fluorescence, Wetlab ECO-AFL/FL [mg/m^3]","sbeox0ML/L: Oxygen, SBE 43 [ml/l]",oxsatML/L: Oxygen Saturation [ml/l],flag:  0.000e+00,,,,,,,"-0.177,   1000.492","-0.178,   1008.488","0.700472,   5.604618","6.4173,    29.0126","3.5768,    35.0437","1492.91,    1543.30","0.0294,     0.7108","0.02387,    5.02292","4.45130,    6.85709","0.0000e+00, 0.0000e+00",,,,,,,"Frequency  0  temperature, 5094, 03-Mar-09","Frequency  1  conductivity, 3478, 01-Apr-09 , cpcor = -9.5700e-08","Frequency  2  pressure, 0934, 07-Apr-09","Extrnl Volt  0  Oxygen, SBE, primary, 1606, 08-Apr-09p","Extrnl Volt  2  WET Labs, ECO_AFL","Extrnl Volt  3  userpoly 0, FLNTURTD-1095, 10-Apr-09","Extrnl Volt  5  surface irradiance (SPAR), degrees = 0.0",,,E:\SK 277 SBE CTD\CTD_Return\CTD_07.hdr,5094,3478,21.0,3.0,1.0,Nov 15 2010 09:05:16,15-11-2010,09.00,10,121247,specified,seconds: 0.0416667,Nov 15 2010 09:05:16,-9.99e-29,"Nov 16 2010 15:20:04, 7.18c",E:\SK 277 SBE CTD\CTD_Return\CTD_07.hex E:\SK 277 SBE CTD\CTD_Return\CTD_07.CON,0,yes,yes,ascii,,,,,,,,,,,,,,,,,,,,,,,,,,,,,,,,,,,,,,,,,,,,,,,,,,,,,,,,,,,,,,,,,,,,,,,,,,,,,,,,,,,,,,,,,,,,,,,,,,,
CTD_08CTD_08.cnv,CTD_SK277,CTD_SK277\SK 277 SBE CTD\Processed_CTD_DATA\CTD_Return Processing Data,Sea-Bird SBE 9 Data File,ORV. Sagar Kanya,SK277,,3255M,,"012""25.82N","085""59.85E",12.430333,85.9975,15-11-10 15:53:05,"depSM: Depth [salt water, m]","prDM: Pressure, Digiquartz [db]",c0S/m: Conductivity [S/m],"t090C: Temperature [ITS-90, deg C]",sal00: Salinity [PSU],"svCM: Sound Velocity [Chen-Millero, m/s]","flECO-AFL: Fluorescence, Wetlab ECO-AFL/FL [mg/m^3]","sbeox0ML/L: Oxygen, SBE 43 [ml/l]",oxsatML/L: Oxygen Saturation [ml/l],flag:  0.000e+00,,,,,,,"-0.154,   1000.996","-0.154,   1008.997","0.679863,   5.640180","6.5389,    29.0437","3.4250,    35.0445","1493.37,    1543.71","0.0185,     0.7437","0.03755,    4.95288","4.44417,    6.83736","0.0000e+00, 0.0000e+00",,,,,,,"Frequency  0  temperature, 5094, 03-Mar-09","Frequency  1  conductivity, 3478, 01-Apr-09 , cpcor = -9.5700e-08","Frequency  2  pressure, 0934, 07-Apr-09","Extrnl Volt  0  Oxygen, SBE, primary, 1606, 08-Apr-09p","Extrnl Volt  2  WET Labs, ECO_AFL","Extrnl Volt  3  userpoly 0, FLNTURTD-1095, 10-Apr-09","Extrnl Volt  5  surface irradiance (SPAR), degrees = 0.0",,,E:\SK 277 SBE CTD\CTD_Return\CTD_08.hdr,5094,3478,21.0,3.0,1.0,Nov 15 2010 15:53:05,15-11-2010,15.55,10,113429,specified,seconds: 0.0416667,Nov 15 2010 15:53:05,-9.99e-29,"Nov 16 2010 15:20:32, 7.18c",E:\SK 277 SBE CTD\CTD_Return\CTD_08.hex E:\SK 277 SBE CTD\CTD_Return\CTD_08.CON,0,yes,yes,ascii,,,,,,,,,,,,,,,,,,,,,,,,,,,,,,,,,,,,,,,,,,,,,,,,,,,,,,,,,,,,,,,,,,,,,,,,,,,,,,,,,,,,,,,,,,,,,,,,,,,
CTD_09CTD_09.cnv,CTD_SK277,CTD_SK277\SK 277 SBE CTD\Processed_CTD_DATA\CTD_Return Processing Data,Sea-Bird SBE 9 Data File,ORV. Sagar Kanya,SK277,,3269M,,"012""25.26N","085""29.53E",12.421,85.492167,15-11-10 21:11:09,"depSM: Depth [salt water, m]","prDM: Pressure, Digiquartz [db]",c0S/m: Conductivity [S/m],"t090C: Temperature [ITS-90, deg C]",sal00: Salinity [PSU],"svCM: Sound Velocity [Chen-Millero, m/s]","flECO-AFL: Fluorescence, Wetlab ECO-AFL/FL [mg/m^3]","sbeox0ML/L: Oxygen, SBE 43 [ml/l]",oxsatML/L: Oxygen Saturation [ml/l],flag:  0.000e+00,,,,,,,"-0.139,    669.097","-0.140,    673.905","0.576693,   5.621823","8.8413,    28.9680","2.8945,    35.0518","1496.73,    1543.24","-0.0035,     0.7217","0.05429,    5.02045","4.44881,    6.48250","0.0000e+00, 0.0000e+00",,,,,,,"Frequency  0  temperature, 5094, 03-Mar-09","Frequency  1  conductivity, 3478, 01-Apr-09 , cpcor = -9.5700e-08","Frequency  2  pressure, 0934, 07-Apr-09","Extrnl Volt  0  Oxygen, SBE, primary, 1606, 08-Apr-09p","Extrnl Volt  2  WET Labs, ECO_AFL","Extrnl Volt  3  userpoly 0, FLNTURTD-1095, 10-Apr-09","Extrnl Volt  5  surface irradiance (SPAR), degrees = 0.0",,,E:\SK 277 SBE CTD\CTD_Return\CTD_09.hdr,5094,3478,21.0,3.0,1.0,Nov 15 2010 21:11:09,15-11-2010,21.15,10,88482,specified,seconds: 0.0416667,Nov 15 2010 21:11:09,-9.99e-29,"Nov 16 2010 15:20:56, 7.18c",E:\SK 277 SBE CTD\CTD_Return\CTD_09.hex E:\SK 277 SBE CTD\CTD_Return\CTD_09.CON,0,yes,yes,ascii,,,,,,,,,,,,,,,,,,,,,,,,,,,,,,,,,,,,,,,,,,,,,,,,,,,,,,,,,,,,,,,,,,,,,,,,,,,,,,,,,,,,,,,,,,,,,,,,,,,
CTD_10CTD_10.cnv,CTD_SK277,CTD_SK277\SK 277 SBE CTD\Processed_CTD_DATA\CTD_Return Processing Data,Sea-Bird SBE 9 Data File,ORV. Sagar Kanya,SK277,,3384M,,"012""33.97N","084""59.93E",12.566167,84.998833,16-11-10 02:08:11,"depSM: Depth [salt water, m]","prDM: Pressure, Digiquartz [db]",c0S/m: Conductivity [S/m],"t090C: Temperature [ITS-90, deg C]",sal00: Salinity [PSU],"svCM: Sound Velocity [Chen-Millero, m/s]","flECO-AFL: Fluorescence, Wetlab ECO-AFL/FL [mg/m^3]","sbeox0ML/L: Oxygen, SBE 43 [ml/l]",oxsatML/L: Oxygen Saturation [ml/l],flag:  0.000e+00,,,,,,,"0.089,    250.296","0.090,    251.839","4.104052,   5.469175","12.9491,    28.8244","33.0013,    35.0140","1504.20,    1541.86","0.0185,     0.7108","0.06461,    4.39150","4.48316,    5.93122","0.0000e+00, 0.0000e+00",,,,,,,"Frequency  0  temperature, 5094, 03-Mar-09","Frequency  1  conductivity, 3478, 01-Apr-09 , cpcor = -9.5700e-08","Frequency  2  pressure, 0934, 07-Apr-09","Extrnl Volt  0  Oxygen, SBE, primary, 1606, 08-Apr-09p","Extrnl Volt  2  WET Labs, ECO_AFL","Extrnl Volt  3  userpoly 0, FLNTURTD-1095, 10-Apr-09","Extrnl Volt  5  surface irradiance (SPAR), degrees = 0.0",,,E:\SK 277 SBE CTD\CTD_Return\CTD_10.hdr,5094,3478,21.0,3.0,1.0,Nov 16 2010 02:08:11,16-11-2010,02.10,10,68882,specified,seconds: 0.0416667,Nov 16 2010 02:08:11,-9.99e-29,"Nov 16 2010 15:21:14, 7.18c",E:\SK 277 SBE CTD\CTD_Return\CTD_10.hex E:\SK 277 SBE CTD\CTD_Return\CTD_10.CON,0,yes,yes,ascii,,,,,,,,,,,,,,,,,,,,,,,,,,,,,,,,,,,,,,,,,,,,,,,,,,,,,,,,,,,,,,,,,,,,,,,,,,,,,,,,,,,,,,,,,,,,,,,,,,,
CTD_11CTD_11.cnv,CTD_SK277,CTD_SK277\SK 277 SBE CTD\Processed_CTD_DATA\CTD_Return Processing Data,Sea-Bird SBE 9 Data File,ORV. Sagar Kanya,SK277,,3344M,,"012""33.30N","083""59.77E",12.555,83.996167,16-11-10 10:16:49,"depSM: Depth [salt water, m]","prDM: Pressure, Digiquartz [db]",c0S/m: Conductivity [S/m],"t090C: Temperature [ITS-90, deg C]",sal00: Salinity [PSU],"svCM: Sound Velocity [Chen-Millero, m/s]","flECO-AFL: Fluorescence, Wetlab ECO-AFL/FL [mg/m^3]","sbeox0ML/L: Oxygen, SBE 43 [ml/l]",oxsatML/L: Oxygen Saturation [ml/l],flag:  0.000e+00,,,,,,,"-0.160,    519.552","-0.161,    523.096","0.549945,   5.439017","10.2594,    28.7697","2.7525,    35.0420","1499.41,    1541.31","-0.5310,    44.4690","0.08283,    4.93160","4.49540,    6.28104","0.0000e+00, 0.0000e+00",,,,,,,"Frequency  0  temperature, 5094, 03-Mar-09","Frequency  1  conductivity, 3478, 01-Apr-09 , cpcor = -9.5700e-08","Frequency  2  pressure, 0934, 07-Apr-09","Extrnl Volt  0  Oxygen, SBE, primary, 1606, 08-Apr-09p","Extrnl Volt  2  WET Labs, ECO_AFL","Extrnl Volt  3  userpoly 0, FLNTURTD-1095, 10-Apr-09","Extrnl Volt  5  surface irradiance (SPAR), degrees = 0.0",,,E:\SK 277 SBE CTD\CTD_Return\CTD_11.hdr,5094,3478,21.0,3.0,1.0,Nov 16 2010 10:16:49,16-11-2010,10.20,10,64698,specified,seconds: 0.0416667,Nov 16 2010 10:16:49,-9.99e-29,"Nov 16 2010 15:21:38, 7.18c",E:\SK 277 SBE CTD\CTD_Return\CTD_11.hex E:\SK 277 SBE CTD\CTD_Return\CTD_11.CON,0,yes,yes,ascii,,,,,,,,,,,,,,,,,,,,,,,,,,,,,,,,,,,,,,,,,,,,,,,,,,,,,,,,,,,,,,,,,,,,,,,,,,,,,,,,,,,,,,,,,,,,,,,,,,,
CTD_12CTD_12.cnv,CTD_SK277,CTD_SK277\SK 277 SBE CTD\Processed_CTD_DATA\CTD_Return Processing Data,Sea-Bird SBE 9 Data File,ORV. Sagar Kanya,SK277,,3372M,,"012""44.22N","083""30.01E",12.737,83.500167,16-11-10 15:00:13,"depSM: Depth [salt water, m]","prDM: Pressure, Digiquartz [db]",c0S/m: Conductivity [S/m],"t090C: Temperature [ITS-90, deg C]",sal00: Salinity [PSU],"svCM: Sound Velocity [Chen-Millero, m/s]","flECO-AFL: Fluorescence, Wetlab ECO-AFL/FL [mg/m^3]","sbeox0ML/L: Oxygen, SBE 43 [ml/l]",oxsatML/L: Oxygen Saturation [ml/l],flag:  0.000e+00,,,,,,,"-0.102,    503.116","-0.102,    506.527","3.838142,   5.441932","10.0307,    28.2406","24.4775,    35.1073","1498.31,    1540.81","0.0294,     2.8646","0.08056,    4.46120","4.51356,    6.31242","0.0000e+00, 0.0000e+00",,,,,,,"Frequency  0  temperature, 5094, 03-Mar-09","Frequency  1  conductivity, 3478, 01-Apr-09 , cpcor = -9.5700e-08","Frequency  2  pressure, 0934, 07-Apr-09","Extrnl Volt  0  Oxygen, SBE, primary, 1606, 08-Apr-09p","Extrnl Volt  2  WET Labs, ECO_AFL","Extrnl Volt  3  userpoly 0, FLNTURTD-1095, 10-Apr-09","Extrnl Volt  5  surface irradiance (SPAR), degrees = 0.0",,,E:\SK 277 SBE CTD\CTD_Return\CTD_12.hdr,5094,3478,21.0,3.0,1.0,Nov 16 2010 15:00:13,16-11-2010,15.00,10,76388,specified,seconds: 0.0416667,Nov 16 2010 15:00:13,-9.99e-29,"Nov 16 2010 15:56:47, 7.18c",E:\SK 277 SBE CTD\CTD_Return\CTD_12.hex E:\SK 277 SBE CTD\CTD_Return\CTD_12.CON,0,yes,yes,ascii,,,,,,,,,,,,,,,,,,,,,,,,,,,,,,,,,,,,,,,,,,,,,,,,,,,,,,,,,,,,,,,,,,,,,,,,,,,,,,,,,,,,,,,,,,,,,,,,,,,
CTD_13CTD_13.cnv,CTD_SK277,CTD_SK277\SK 277 SBE CTD\Processed_CTD_DATA\CTD_Return Processing Data,Sea-Bird SBE 9 Data File,ORV. Sagar Kanya,SK277,,3447M,,"012""48.23N","082""59.98E",12.803833,82.999667,16-11-10 20:01:39,"depSM: Depth [salt water, m]","prDM: Pressure, Digiquartz [db]",c0S/m: Conductivity [S/m],"t090C: Temperature [ITS-90, deg C]",sal00: Salinity [PSU],"svCM: Sound Velocity [Chen-Millero, m/s]","flECO-AFL: Fluorescence, Wetlab ECO-AFL/FL [mg/m^3]","sbeox0ML/L: Oxygen, SBE 43 [ml/l]",oxsatML/L: Oxygen Saturation [ml/l],flag:  0.000e+00,,,,,,,"-0.163,    501.035","-0.164,    504.430","0.539445,   5.425743","9.8428,    28.2939","2.7336,    35.0453","1497.59,    1540.67","-0.0255,     2.3261","0.02532,    4.91268","4.51349,    6.33873","0.0000e+00, 0.0000e+00",,,,,,,"Frequency  0  temperature, 5094, 03-Mar-09","Frequency  1  conductivity, 3478, 01-Apr-09 , cpcor = -9.5700e-08","Frequency  2  pressure, 0934, 07-Apr-09","Extrnl Volt  0  Oxygen, SBE, primary, 1606, 08-Apr-09p","Extrnl Volt  2  WET Labs, ECO_AFL","Extrnl Volt  3  userpoly 0, FLNTURTD-1095, 10-Apr-09","Extrnl Volt  5  surface irradiance (SPAR), degrees = 0.0",,,E:\SK 277 SBE CTD\CTD_Return\CTD_13.hdr,5094,3478,21.0,3.0,1.0,Nov 16 2010 20:01:39,16-11-2010,20.00,10,44883,specified,seconds: 0.0416667,Nov 16 2010 20:01:39,-9.99e-29,"Nov 17 2010 04:57:58, 7.18c",E:\SK 277 SBE CTD\CTD_Return\CTD_13.hex E:\SK 277 SBE CTD\CTD_Return\CTD_13.CON,0,yes,yes,ascii,,,,,,,,,,,,,,,,,,,,,,,,,,,,,,,,,,,,,,,,,,,,,,,,,,,,,,,,,,,,,,,,,,,,,,,,,,,,,,,,,,,,,,,,,,,,,,,,,,,
CTD_14CTD_14.cnv,CTD_SK277,CTD_SK277\SK 277 SBE CTD\Processed_CTD_DATA\CTD_Return Processing Data,Sea-Bird SBE 9 Data File,ORV. Sagar Kanya,SK277,,3460M,,"012""51.95N","082""30.10E",12.865833,82.501667,17-11-10 00:29:15,"depSM: Depth [salt water, m]","prDM: Pressure, Digiquartz [db]",c0S/m: Conductivity [S/m],"t090C: Temperature [ITS-90, deg C]",sal00: Salinity [PSU],"svCM: Sound Velocity [Chen-Millero, m/s]","flECO-AFL: Fluorescence, Wetlab ECO-AFL/FL [mg/m^3]","sbeox0ML/L: Oxygen, SBE 43 [ml/l]",oxsatML/L: Oxygen Saturation [ml/l],flag:  0.000e+00,,,,,,,"0.035,    500.614","0.035,    504.005","3.799451,   5.476460","9.6306,    28.7936","28.0785,    35.0478","1496.83,    1541.21","0.0294,     1.3042","0.02049,    4.50117","4.49128,    6.36866","0.0000e+00, 0.0000e+00",,,,,,,"Frequency  0  temperature, 5094, 03-Mar-09","Frequency  1  conductivity, 3478, 01-Apr-09 , cpcor = -9.5700e-08","Frequency  2  pressure, 0934, 07-Apr-09","Extrnl Volt  0  Oxygen, SBE, primary, 1606, 08-Apr-09p","Extrnl Volt  2  WET Labs, ECO_AFL","Extrnl Volt  3  userpoly 0, FLNTURTD-1095, 10-Apr-09","Extrnl Volt  5  surface irradiance (SPAR), degrees = 0.0",,,E:\SK 277 SBE CTD\CTD_Return\CTD_14.hdr,5094,3478,21.0,3.0,1.0,Nov 17 2010 00:29:15,17-11-2010,00.30,10,41528,specified,seconds: 0.0416667,Nov 17 2010 00:29:15,-9.99e-29,"Nov 17 2010 04:58:16, 7.18c",E:\SK 277 SBE CTD\CTD_Return\CTD_14.hex E:\SK 277 SBE CTD\CTD_Return\CTD_14.CON,0,yes,yes,ascii,,,,,,,,,,,,,,,,,,,,,,,,,,,,,,,,,,,,,,,,,,,,,,,,,,,,,,,,,,,,,,,,,,,,,,,,,,,,,,,,,,,,,,,,,,,,,,,,,,,
CTD_15CTD_15.cnv,CTD_SK277,CTD_SK277\SK 277 SBE CTD\Processed_CTD_DATA\CTD_Return Processing Data,Sea-Bird SBE 9 Data File,ORV. Sagar Kanya,SK277,,3447M,,"012""55.96N","081""59.85E",12.932667,81.9975,17-11-10 04:42:26,"depSM: Depth [salt water, m]","prDM: Pressure, Digiquartz [db]",c0S/m: Conductivity [S/m],"t090C: Temperature [ITS-90, deg C]",sal00: Salinity [PSU],"svCM: Sound Velocity [Chen-Millero, m/s]","flECO-AFL: Fluorescence, Wetlab ECO-AFL/FL [mg/m^3]","sbeox0ML/L: Oxygen, SBE 43 [ml/l]",oxsatML/L: Oxygen Saturation [ml/l],flag:  0.000e+00,,,,,,,"-0.017,    500.301","-0.017,    503.690","3.813942,   5.492046","9.7819,    28.9026","32.3275,    35.0530","1497.38,    1541.40","0.0185,     1.3921","0.04019,    4.44010","4.48639,    6.34733","0.0000e+00, 0.0000e+00",,,,,,,"Frequency  0  temperature, 5094, 03-Mar-09","Frequency  1  conductivity, 3478, 01-Apr-09 , cpcor = -9.5700e-08","Frequency  2  pressure, 0934, 07-Apr-09","Extrnl Volt  0  Oxygen, SBE, primary, 1606, 08-Apr-09p","Extrnl Volt  2  WET Labs, ECO_AFL","Extrnl Volt  3  userpoly 0, FLNTURTD-1095, 10-Apr-09","Extrnl Volt  5  surface irradiance (SPAR), degrees = 0.0",,,E:\SK 277 SBE CTD\CTD_Return\CTD_15.hdr,5094,3478,21.0,3.0,1.0,Nov 17 2010 04:42:26,17-11-2010,04.40,10,37921,specified,seconds: 0.0416667,Nov 17 2010 04:42:26,-9.99e-29,"Nov 17 2010 05:12:06, 7.18c",E:\SK 277 SBE CTD\CTD_Return\CTD_15.hex E:\SK 277 SBE CTD\CTD_Return\CTD_15.CON,0,yes,yes,ascii,,,,,,,,,,,,,,,,,,,,,,,,,,,,,,,,,,,,,,,,,,,,,,,,,,,,,,,,,,,,,,,,,,,,,,,,,,,,,,,,,,,,,,,,,,,,,,,,,,,
CTD_16CTD_16.cnv,CTD_SK277,CTD_SK277\SK 277 SBE CTD\Processed_CTD_DATA\CTD_Return Processing Data,Sea-Bird SBE 9 Data File,ORV. Sagar Kanya,SK277,,3419M,,"012""58.35N","081""30.09E",12.9725,81.5015,17-11-10 08:32:11,"depSM: Depth [salt water, m]","prDM: Pressure, Digiquartz [db]",c0S/m: Conductivity [S/m],"t090C: Temperature [ITS-90, deg C]",sal00: Salinity [PSU],"svCM: Sound Velocity [Chen-Millero, m/s]","flECO-AFL: Fluorescence, Wetlab ECO-AFL/FL [mg/m^3]","sbeox0ML/L: Oxygen, SBE 43 [ml/l]",oxsatML/L: Oxygen Saturation [ml/l],flag:  0.000e+00,,,,,,,"0.095,    501.250","0.096,    504.646","3.810291,   5.405411","9.7419,    29.0484","24.1681,    35.0562","1497.25,    1541.02","0.0404,     3.4250","0.04137,    4.46483","4.49494,    6.35288","0.0000e+00, 0.0000e+00",,,,,,,"Frequency  0  temperature, 5094, 03-Mar-09","Frequency  1  conductivity, 3478, 01-Apr-09 , cpcor = -9.5700e-08","Frequency  2  pressure, 0934, 07-Apr-09","Extrnl Volt  0  Oxygen, SBE, primary, 1606, 08-Apr-09p","Extrnl Volt  2  WET Labs, ECO_AFL","Extrnl Volt  3  userpoly 0, FLNTURTD-1095, 10-Apr-09","Extrnl Volt  5  surface irradiance (SPAR), degrees = 0.0",,,E:\SK 277 SBE CTD\CTD_Return\CTD_16.hdr,5094,3478,21.0,3.0,1.0,Nov 17 2010 08:32:11,17-11-2010,08.35,10,33909,specified,seconds: 0.0416667,Nov 17 2010 08:32:11,-9.99e-29,"Nov 17 2010 12:29:32, 7.18c",E:\SK 277 SBE CTD\CTD_Return\CTD_16.hex E:\SK 277 SBE CTD\CTD_Return\CTD_16.CON,0,yes,yes,ascii,,,,,,,,,,,,,,,,,,,,,,,,,,,,,,,,,,,,,,,,,,,,,,,,,,,,,,,,,,,,,,,,,,,,,,,,,,,,,,,,,,,,,,,,,,,,,,,,,,,
CTD_17CTD_17.cnv,CTD_SK277,CTD_SK277\SK 277 SBE CTD\Processed_CTD_DATA\CTD_Return Processing Data,Sea-Bird SBE 9 Data File,ORV. Sagar Kanya,SK277,,3384M,,"013""04.95N","080""59.95E",13.0825,80.999167,17-11-10 12:34:56,"depSM: Depth [salt water, m]","prDM: Pressure, Digiquartz [db]",c0S/m: Conductivity [S/m],"t090C: Temperature [ITS-90, deg C]",sal00: Salinity [PSU],"svCM: Sound Velocity [Chen-Millero, m/s]","flECO-AFL: Fluorescence, Wetlab ECO-AFL/FL [mg/m^3]","sbeox0ML/L: Oxygen, SBE 43 [ml/l]",oxsatML/L: Oxygen Saturation [ml/l],flag:  0.000e+00,,,,,,,"-0.131,    501.180","-0.132,    504.576","0.137033,   5.496716","9.7765,    29.0170","0.6369,    35.0531","1497.36,    1542.05","-0.5310,    44.4690","0.02125,    4.55382","4.47128,    6.34806","0.0000e+00, 0.0000e+00",,,,,,,"Frequency  0  temperature, 5094, 03-Mar-09","Frequency  1  conductivity, 3478, 01-Apr-09 , cpcor = -9.5700e-08","Frequency  2  pressure, 0934, 07-Apr-09","Extrnl Volt  0  Oxygen, SBE, primary, 1606, 08-Apr-09p","Extrnl Volt  2  WET Labs, ECO_AFL","Extrnl Volt  3  userpoly 0, FLNTURTD-1095, 10-Apr-09","Extrnl Volt  5  surface irradiance (SPAR), degrees = 0.0",,,E:\SK 277 SBE CTD\CTD_Return\CTD_17.hdr,5094,3478,21.0,3.0,1.0,Nov 17 2010 12:34:56,17-11-2010,12.35,10,34023,specified,seconds: 0.0416667,Nov 17 2010 12:34:56,-9.99e-29,"Nov 17 2010 13:02:15, 7.18c",E:\SK 277 SBE CTD\CTD_Return\CTD_17.hex E:\SK 277 SBE CTD\CTD_Return\CTD_17.CON,0,yes,yes,ascii,,,,,,,,,,,,,,,,,,,,,,,,,,,,,,,,,,,,,,,,,,,,,,,,,,,,,,,,,,,,,,,,,,,,,,,,,,,,,,,,,,,,,,,,,,,,,,,,,,,
CTD _01CTD_01.cnv,CTD_SK277,CTD_SK277\SK 277 SBE CTD\Processed_CTD_DATA\SK 277 SBE Processing Data,Sea-Bird SBE 9 Data File,ORV. Sagar Kanya,SK277,,3500M,,11'30.26N,82'59.79E,11.504333,82.9965,29-10-10 01:56:54,"depSM: Depth [salt water, m]","prDM: Pressure, Digiquartz [db]",c0S/m: Conductivity [S/m],"t090C: Temperature [ITS-90, deg C]",sal00: Salinity [PSU],"svCM: Sound Velocity [Chen-Millero, m/s]","flECO-AFL: Fluorescence, Wetlab ECO-AFL/FL [mg/m^3]","sbeox0ML/L: Oxygen, SBE 43 [ml/l]",oxsatML/L: Oxygen Saturation [ml/l],flag:  0.000e+00,,,,,,,"1.517,    187.247","1.525,    188.373","4.158432,   5.598992","13.4048,    29.6929","30.6422,    35.1670","1504.80,    1543.16","0.0185,     1.2272","0.04351,    4.25979","4.43143,    5.87093","0.0000e+00, 0.0000e+00",,,,,,,"Frequency  0  temperature, 5092, 26-Mar-09","Frequency  1  conductivity, 3478, 01-Apr-09 , cpcor = -9.5700e-08","Frequency  2  pressure, 0934, 07-Apr-09","Extrnl Volt  0  Oxygen, SBE, primary, 1606, 08-Apr-09p","Extrnl Volt  2  WET Labs, ECO_AFL","Extrnl Volt  3  userpoly 0, FLNTURTD-1095, 10-Apr-09","Extrnl Volt  5  surface irradiance (SPAR), degrees = 0.0",,,E:\SK 277 SBE\CTD _01.hdr,5092,3478,21.0,3.0,1.0,Oct 29 2010 01:56:54,,,10,46026,specified,seconds: 0.0416667,Oct 29 2010 01:56:54,-9.99e-29,"Nov 12 2010 16:07:58, 7.18c",E:\SK 277 SBE\CTD _01.hex E:\SK 277 SBE\CTD _01.CON,0,yes,yes,ascii,,,,,,,,,,,,,,,,,,,,,,,,,,,,,,,,,,,,,,,,,,,,,,,,,,,,,,,,,,,,,,,,,,,,,,,,,,,,,,,,,,,,,,,,,,,,,,,,,,,
CTD_02CTD_02.cnv,CTD_SK277,CTD_SK277\SK 277 SBE CTD\Processed_CTD_DATA\SK 277 SBE Processing Data,Sea-Bird SBE 9 Data File,ORV. Sagar Kanya,SK277,,3500M,,11'30.26N,82'59.79E,11.504333,82.9965,29-10-10 05:43:59,"depSM: Depth [salt water, m]","prDM: Pressure, Digiquartz [db]",c0S/m: Conductivity [S/m],"t090C: Temperature [ITS-90, deg C]",sal00: Salinity [PSU],"svCM: Sound Velocity [Chen-Millero, m/s]","flECO-AFL: Fluorescence, Wetlab ECO-AFL/FL [mg/m^3]","sbeox0ML/L: Oxygen, SBE 43 [ml/l]",oxsatML/L: Oxygen Saturation [ml/l],flag:  0.000e+00,,,,,,,"1.907,   2000.295","1.917,   2021.114","3.218295,   5.546376","-135.0833,    98.9762","-1264.2025,  1999.0000","-2160.51,    7874.26","0.0185,     1.1064","-908.63793, 1370.88047","1.9422e-07, 1.2838e+10","0.0000e+00, 0.0000e+00",,,,,,,"Frequency  0  temperature, 5092, 26-Mar-09","Frequency  1  conductivity, 3478, 01-Apr-09 , cpcor = -9.5700e-08","Frequency  2  pressure, 0934, 07-Apr-09","Extrnl Volt  0  Oxygen, SBE, primary, 1606, 08-Apr-09p","Extrnl Volt  2  WET Labs, ECO_AFL","Extrnl Volt  3  userpoly 0, FLNTURTD-1095, 10-Apr-09","Extrnl Volt  5  surface irradiance (SPAR), degrees = 0.0",,,E:\SK 277 SBE\CTD_02.hdr,5092,3478,21.0,3.0,1.0,Oct 29 2010 05:43:59,,,10,148542,specified,seconds: 0.0416667,Oct 29 2010 05:43:59,-9.99e-29,"Nov 12 2010 16:08:25, 7.18c",E:\SK 277 SBE\CTD_02.hex E:\SK 277 SBE\CTD_02.CON,0,yes,yes,ascii,,,,,,,,,,,,,,,,,,,,,,,,,,,,,,,,,,,,,,,,,,,,,,,,,,,,,,,,,,,,,,,,,,,,,,,,,,,,,,,,,,,,,,,,,,,,,,,,,,,
CTD_05-1-1CTD_05 -1-1.cnv,CTD_SK277,CTD_SK277\SK 277 SBE CTD\Processed_CTD_DATA\SK 277 SBE Processing Data,Sea-Bird SBE 9 Data File,ORV. Sagar Kanya,SK277,,3500M,,08'02.80N,88'59.00E,8.046667,88.983333,31-10-10 23:28:32,"depSM: Depth [salt water, m]","prDM: Pressure, Digiquartz [db]",c0S/m: Conductivity [S/m],"t090C: Temperature [ITS-90, deg C]",sal00: Salinity [PSU],"svCM: Sound Velocity [Chen-Millero, m/s]","flECO-AFL: Fluorescence, Wetlab ECO-AFL/FL [mg/m^3]","sbeox0ML/L: Oxygen, SBE 43 [ml/l]",oxsatML/L: Oxygen Saturation [ml/l],flag:  0.000e+00,,,,,,,"1200.358,   1499.956","1210.533,   1513.758","3.337847,   3.454570","4.3236,     5.7077","34.8478,    34.9004","1492.72,    1493.54","0.0185,     0.1283","1.32903,    1.81337","6.97443,    7.21357","0.0000e+00, 0.0000e+00",,,,,,,"Frequency  0  temperature, 5094, 03-Mar-09","Frequency  1  conductivity, 3478, 01-Apr-09 , cpcor = -9.5700e-08","Frequency  2  pressure, 0934, 07-Apr-09","Extrnl Volt  0  Oxygen, SBE, primary, 1606, 08-Apr-09p","Extrnl Volt  2  WET Labs, ECO_AFL","Extrnl Volt  3  userpoly 0, FLNTURTD-1095, 10-Apr-09","Extrnl Volt  5  surface irradiance (SPAR), degrees = 0.0",,,E:\SK 277 SBE\CTD_05-1-1.hdr,5094,3478,21.0,3.0,1.0,Oct 31 2010 23:28:32,,,10,33544,specified,seconds: 0.0416667,Oct 31 2010 23:28:32,-9.99e-29,"Nov 12 2010 16:09:45, 7.18c",E:\SK 277 SBE\CTD_05-1-1.hex E:\SK 277 SBE\CTD_05-1-1.CON,0,yes,yes,ascii,,,,,,,,,,,,,,,,,,,,,,,,,,,,,,,,,,,,,,,,,,,,,,,,,,,,,,,,,,,,,,,,,,,,,,,,,,,,,,,,,,,,,,,,,,,,,,,,,,,
CTD_05-1-2CTD_05 -1-2.cnv,CTD_SK277,CTD_SK277\SK 277 SBE CTD\Processed_CTD_DATA\SK 277 SBE Processing Data,Sea-Bird SBE 9 Data File,ORV. Sagar Kanya,SK277,,3500M,,08'02.80N,88'59.00E,8.046667,88.983333,31-10-10 23:58:42,"depSM: Depth [salt water, m]","prDM: Pressure, Digiquartz [db]",c0S/m: Conductivity [S/m],"t090C: Temperature [ITS-90, deg C]",sal00: Salinity [PSU],"svCM: Sound Velocity [Chen-Millero, m/s]","flECO-AFL: Fluorescence, Wetlab ECO-AFL/FL [mg/m^3]","sbeox0ML/L: Oxygen, SBE 43 [ml/l]",oxsatML/L: Oxygen Saturation [ml/l],flag:  0.000e+00,,,,,,,"1001.282,   1195.959","1009.286,   1206.084","3.456989,   3.537546","5.7378,     6.6741","34.8868,    34.9375","1493.46,    1493.96","0.0404,     0.1174","1.01793,    1.37027","6.81560,    6.96943","0.0000e+00, 0.0000e+00",,,,,,,"Frequency  0  temperature, 5094, 03-Mar-09","Frequency  1  conductivity, 3478, 01-Apr-09 , cpcor = -9.5700e-08","Frequency  2  pressure, 0934, 07-Apr-09","Extrnl Volt  0  Oxygen, SBE, primary, 1606, 08-Apr-09p","Extrnl Volt  2  WET Labs, ECO_AFL","Extrnl Volt  3  userpoly 0, FLNTURTD-1095, 10-Apr-09","Extrnl Volt  5  surface irradiance (SPAR), degrees = 0.0",,,E:\SK 277 SBE\CTD_05-1-2.hdr,5094,3478,21.0,3.0,1.0,Oct 31 2010 23:58:42,,,10,20083,specified,seconds: 0.0416667,Oct 31 2010 23:58:42,-9.99e-29,"Nov 12 2010 16:10:02, 7.18c",E:\SK 277 SBE\CTD_05-1-2.hex E:\SK 277 SBE\CTD_05-1-2.CON,0,yes,yes,ascii,,,,,,,,,,,,,,,,,,,,,,,,,,,,,,,,,,,,,,,,,,,,,,,,,,,,,,,,,,,,,,,,,,,,,,,,,,,,,,,,,,,,,,,,,,,,,,,,,,,
CTD_05-1-3CTD_05 -1-3.cnv,CTD_SK277,CTD_SK277\SK 277 SBE CTD\Processed_CTD_DATA\SK 277 SBE Processing Data,Sea-Bird SBE 9 Data File,ORV. Sagar Kanya,SK277,,3500M,,08'02.80N,88'59.00E,8.046667,88.983333,01-11-10 00:14:40,"depSM: Depth [salt water, m]","prDM: Pressure, Digiquartz [db]",c0S/m: Conductivity [S/m],"t090C: Temperature [ITS-90, deg C]",sal00: Salinity [PSU],"svCM: Sound Velocity [Chen-Millero, m/s]","flECO-AFL: Fluorescence, Wetlab ECO-AFL/FL [mg/m^3]","sbeox0ML/L: Oxygen, SBE 43 [ml/l]",oxsatML/L: Oxygen Saturation [ml/l],flag:  0.000e+00,,,,,,,"4.401,   1008.823","4.426,   1016.905","3.535152,   5.555576","6.6463,    28.8882","33.6268,    35.0771","1493.95,    1542.40","0.0294,     1.0734","0.22421,    4.25931","4.46107,    6.82011","0.0000e+00, 0.0000e+00",,,,,,,"Frequency  0  temperature, 5094, 03-Mar-09","Frequency  1  conductivity, 3478, 01-Apr-09 , cpcor = -9.5700e-08","Frequency  2  pressure, 0934, 07-Apr-09","Extrnl Volt  0  Oxygen, SBE, primary, 1606, 08-Apr-09p","Extrnl Volt  2  WET Labs, ECO_AFL","Extrnl Volt  3  userpoly 0, FLNTURTD-1095, 10-Apr-09","Extrnl Volt  5  surface irradiance (SPAR), degrees = 0.0",,,E:\SK 277 SBE\CTD_05-1-3.hdr,5094,3478,21.0,3.0,1.0,Nov 01 2010 00:14:40,,,10,58972,specified,seconds: 0.0416667,Nov 01 2010 00:14:40,-9.99e-29,"Nov 12 2010 16:10:18, 7.18c",E:\SK 277 SBE\CTD_05-1-3.hex E:\SK 277 SBE\CTD_05-1-3.CON,0,yes,yes,ascii,,,,,,,,,,,,,,,,,,,,,,,,,,,,,,,,,,,,,,,,,,,,,,,,,,,,,,,,,,,,,,,,,,,,,,,,,,,,,,,,,,,,,,,,,,,,,,,,,,,
CTD_05-1CTD_05 -1.cnv,CTD_SK277,CTD_SK277\SK 277 SBE CTD\Processed_CTD_DATA\SK 277 SBE Processing Data,Sea-Bird SBE 9 Data File,ORV. Sagar Kanya,SK277,,3500M,,08'02.80N,88'59.00E,8.046667,88.983333,31-10-10 23:16:39,"depSM: Depth [salt water, m]","prDM: Pressure, Digiquartz [db]",c0S/m: Conductivity [S/m],"t090C: Temperature [ITS-90, deg C]",sal00: Salinity [PSU],"svCM: Sound Velocity [Chen-Millero, m/s]","flECO-AFL: Fluorescence, Wetlab ECO-AFL/FL [mg/m^3]","sbeox0ML/L: Oxygen, SBE 43 [ml/l]",oxsatML/L: Oxygen Saturation [ml/l],flag:  0.000e+00,,,,,,,"1500.628,   1545.184","1514.439,   1559.571","3.325428,   3.338816","4.1681,     4.3320","34.8418,    34.8497","1492.79,    1492.95","0.0294,     0.1064","1.79056,    1.87255","7.21206,    7.24133","0.0000e+00, 0.0000e+00",,,,,,,"Frequency  0  temperature, 5094, 03-Mar-09","Frequency  1  conductivity, 3478, 01-Apr-09 , cpcor = -9.5700e-08","Frequency  2  pressure, 0934, 07-Apr-09","Extrnl Volt  0  Oxygen, SBE, primary, 1606, 08-Apr-09p","Extrnl Volt  2  WET Labs, ECO_AFL","Extrnl Volt  3  userpoly 0, FLNTURTD-1095, 10-Apr-09","Extrnl Volt  5  surface irradiance (SPAR), degrees = 0.0",,,E:\SK 277 SBE\CTD_05-1.hdr,5094,3478,21.0,3.0,1.0,Oct 31 2010 23:16:39,,,10,11652,specified,seconds: 0.0416667,Oct 31 2010 23:16:39,-9.99e-29,"Nov 12 2010 16:09:25, 7.18c",E:\SK 277 SBE\CTD_05-1.hex E:\SK 277 SBE\CTD_05-1.CON,0,yes,yes,ascii,,,,,,,,,,,,,,,,,,,,,,,,,,,,,,,,,,,,,,,,,,,,,,,,,,,,,,,,,,,,,,,,,,,,,,,,,,,,,,,,,,,,,,,,,,,,,,,,,,,
CTD_05ACTD_05 A.cnv,CTD_SK277,CTD_SK277\SK 277 SBE CTD\Processed_CTD_DATA\SK 277 SBE Processing Data,Sea-Bird SBE 9 Data File,ORV. Sagar Kanya,SK277,,3500M,,08'02.80N,88'59.00E,8.046667,88.983333,01-11-10 01:55:34,"depSM: Depth [salt water, m]","prDM: Pressure, Digiquartz [db]",c0S/m: Conductivity [S/m],"t090C: Temperature [ITS-90, deg C]",sal00: Salinity [PSU],"svCM: Sound Velocity [Chen-Millero, m/s]","flECO-AFL: Fluorescence, Wetlab ECO-AFL/FL [mg/m^3]","sbeox0ML/L: Oxygen, SBE 43 [ml/l]",oxsatML/L: Oxygen Saturation [ml/l],flag:  0.000e+00,,,,,,,"-0.177,    201.345","-0.178,    202.561","4.275254,   5.565227","14.7780,    28.8956","32.5681,    34.9675","1509.29,    1542.52","0.0185,     1.0185","0.25431,    4.55193","4.46109,    5.71444","0.0000e+00, 0.0000e+00",,,,,,,"Frequency  0  temperature, 5094, 03-Mar-09","Frequency  1  conductivity, 3478, 01-Apr-09 , cpcor = -9.5700e-08","Frequency  2  pressure, 0934, 07-Apr-09","Extrnl Volt  0  Oxygen, SBE, primary, 1606, 08-Apr-09p","Extrnl Volt  2  WET Labs, ECO_AFL","Extrnl Volt  3  userpoly 0, FLNTURTD-1095, 10-Apr-09","Extrnl Volt  5  surface irradiance (SPAR), degrees = 0.0",,,E:\SK 277 SBE\CTD_05A.hdr,5094,3478,21.0,3.0,1.0,Nov 01 2010 01:55:34,,,10,26948,specified,seconds: 0.0416667,Nov 01 2010 01:55:34,-9.99e-29,"Nov 12 2010 16:10:41, 7.18c",E:\SK 277 SBE\CTD_05A.hex E:\SK 277 SBE\CTD_05A.CON,0,yes,yes,ascii,,,,,,,,,,,,,,,,,,,,,,,,,,,,,,,,,,,,,,,,,,,,,,,,,,,,,,,,,,,,,,,,,,,,,,,,,,,,,,,,,,,,,,,,,,,,,,,,,,,
CTD_05CTD_05.cnv,CTD_SK277,CTD_SK277\SK 277 SBE CTD\Processed_CTD_DATA\SK 277 SBE Processing Data,Sea-Bird SBE 9 Data File,ORV. Sagar Kanya,SK277,,3500M,,08'02.80N,88'59.00E,8.046667,88.983333,31-10-10 21:29:47,"depSM: Depth [salt water, m]","prDM: Pressure, Digiquartz [db]",c0S/m: Conductivity [S/m],"t090C: Temperature [ITS-90, deg C]",sal00: Salinity [PSU],"svCM: Sound Velocity [Chen-Millero, m/s]","flECO-AFL: Fluorescence, Wetlab ECO-AFL/FL [mg/m^3]","sbeox0ML/L: Oxygen, SBE 43 [ml/l]",oxsatML/L: Oxygen Saturation [ml/l],flag:  0.000e+00,,,,,,,"1.667,   1786.305","1.677,   1803.977","3.247019,   5.565368","3.2103,    28.9308","32.9049,    35.0739","1492.38,    1542.55","0.0185,     1.3481","0.24452,    4.68751","4.45749,    7.41681","0.0000e+00, 0.0000e+00",,,,,,,"Frequency  0  temperature, 5094, 03-Mar-09","Frequency  1  conductivity, 3478, 01-Apr-09 , cpcor = -9.5700e-08","Frequency  2  pressure, 0934, 07-Apr-09","Extrnl Volt  0  Oxygen, SBE, primary, 1606, 08-Apr-09p","Extrnl Volt  2  WET Labs, ECO_AFL","Extrnl Volt  3  userpoly 0, FLNTURTD-1095, 10-Apr-09","Extrnl Volt  5  surface irradiance (SPAR), degrees = 0.0",,,E:\SK 277 SBE\CTD_05.hdr,5094,3478,21.0,3.0,1.0,Oct 31 2010 21:29:47,,,10,149162,specified,seconds: 0.0416667,Oct 31 2010 21:29:47,-9.99e-29,"Nov 12 2010 16:08:54, 7.18c",E:\SK 277 SBE\CTD_05.hex E:\SK 277 SBE\CTD_05.CON,0,yes,yes,ascii,,,,,,,,,,,,,,,,,,,,,,,,,,,,,,,,,,,,,,,,,,,,,,,,,,,,,,,,,,,,,,,,,,,,,,,,,,,,,,,,,,,,,,,,,,,,,,,,,,,
CTD_06-1CTD_06-1.cnv,CTD_SK277,CTD_SK277\SK 277 SBE CTD\Processed_CTD_DATA\SK 277 SBE Processing Data,Sea-Bird SBE 9 Data File,ORV. Sagar Kanya,SK277,,3500M,,10'00.36N,89'30.44E,10.006,89.507333,02-11-10 15:18:23,"depSM: Depth [salt water, m]","prDM: Pressure, Digiquartz [db]",c0S/m: Conductivity [S/m],"t090C: Temperature [ITS-90, deg C]",sal00: Salinity [PSU],"svCM: Sound Velocity [Chen-Millero, m/s]","flECO-AFL: Fluorescence, Wetlab ECO-AFL/FL [mg/m^3]","sbeox0ML/L: Oxygen, SBE 43 [ml/l]",oxsatML/L: Oxygen Saturation [ml/l],flag:  0.000e+00,,,,,,,"0.808,   1969.294","0.813,   1989.643","3.218938,   5.557747","2.8236,    29.5280","33.4142,    35.0604","1492.98,    1543.00","0.0185,     1.7767","0.14007,    4.25904","4.42353,    7.48991","0.0000e+00, 0.0000e+00",,,,,,,"Frequency  0  temperature, 5094, 03-Mar-09","Frequency  1  conductivity, 3478, 01-Apr-09 , cpcor = -9.5700e-08","Frequency  2  pressure, 0934, 07-Apr-09","Extrnl Volt  0  Oxygen, SBE, primary, 1606, 08-Apr-09p","Extrnl Volt  2  WET Labs, ECO_AFL","Extrnl Volt  3  userpoly 0, FLNTURTD-1095, 10-Apr-09","Extrnl Volt  5  surface irradiance (SPAR), degrees = 0.0",,,E:\SK 277 SBE\CTD_06-1.hdr,5094,3478,21.0,3.0,1.0,Nov 02 2010 15:18:23,,,10,144782,specified,seconds: 0.0416667,Nov 02 2010 15:18:23,-9.99e-29,"Nov 12 2010 16:11:31, 7.18c",E:\SK 277 SBE\CTD_06-1.hex E:\SK 277 SBE\CTD_06-1.CON,0,yes,yes,ascii,,,,,,,,,,,,,,,,,,,,,,,,,,,,,,,,,,,,,,,,,,,,,,,,,,,,,,,,,,,,,,,,,,,,,,,,,,,,,,,,,,,,,,,,,,,,,,,,,,,
CTD_06CTD_06.cnv,CTD_SK277,CTD_SK277\SK 277 SBE CTD\Processed_CTD_DATA\SK 277 SBE Processing Data,Sea-Bird SBE 9 Data File,ORV. Sagar Kanya,SK277,,3555M,,10'00.00N,89'30.44E,10.0,89.507333,02-11-10 14:29:45,"depSM: Depth [salt water, m]","prDM: Pressure, Digiquartz [db]",c0S/m: Conductivity [S/m],"t090C: Temperature [ITS-90, deg C]",sal00: Salinity [PSU],"svCM: Sound Velocity [Chen-Millero, m/s]","flECO-AFL: Fluorescence, Wetlab ECO-AFL/FL [mg/m^3]","sbeox0ML/L: Oxygen, SBE 43 [ml/l]",oxsatML/L: Oxygen Saturation [ml/l],flag:  0.000e+00,,,,,,,"2.358,   2003.061","2.371,   2023.922","3.213723,   5.609870","2.7519,    30.1241","27.0086,    35.0786","1492.87,    1543.17","0.0185,     1.6888","0.12866,    4.49697","4.41916,    7.50361","0.0000e+00, 0.0000e+00",,,,,,,"Frequency  0  temperature, 5094, 03-Mar-09","Frequency  1  conductivity, 3478, 01-Apr-09 , cpcor = -9.5700e-08","Frequency  2  pressure, 0934, 07-Apr-09","Extrnl Volt  0  Oxygen, SBE, primary, 1606, 08-Apr-09p","Extrnl Volt  2  WET Labs, ECO_AFL","Extrnl Volt  3  userpoly 0, FLNTURTD-1095, 10-Apr-09","Extrnl Volt  5  surface irradiance (SPAR), degrees = 0.0",,,E:\SK 277 SBE\CTD_06.hdr,5094,3478,21.0,3.0,1.0,Nov 02 2010 14:29:45,02-11-2010,14.42,10,62895,specified,seconds: 0.0416667,Nov 02 2010 14:29:45,-9.99e-29,"Nov 12 2010 16:11:09, 7.18c",E:\SK 277 SBE\CTD_06.hex E:\SK 277 SBE\CTD_06.CON,0,yes,yes,ascii,,,,,,,,,,,,,,,,,,,,,,,,,,,,,,,,,,,,,,,,,,,,,,,,,,,,,,,,,,,,,,,,,,,,,,,,,,,,,,,,,,,,,,,,,,,,,,,,,,,
CTD_07CTD_07.cnv,CTD_SK277,CTD_SK277\SK 277 SBE CTD\Processed_CTD_DATA\SK 277 SBE Processing Data,Sea-Bird SBE 9 Data File,ORV. Sagar Kanya,SK277,,3500M,,11'00.00N,89'40.93E,11.0,89.682167,03-11-10 01:14:23,"depSM: Depth [salt water, m]","prDM: Pressure, Digiquartz [db]",c0S/m: Conductivity [S/m],"t090C: Temperature [ITS-90, deg C]",sal00: Salinity [PSU],"svCM: Sound Velocity [Chen-Millero, m/s]","flECO-AFL: Fluorescence, Wetlab ECO-AFL/FL [mg/m^3]","sbeox0ML/L: Oxygen, SBE 43 [ml/l]",oxsatML/L: Oxygen Saturation [ml/l],flag:  0.000e+00,,,,,,,"-0.180,   2004.790","-0.181,   2025.678","0.855690,   5.592311","2.7251,    29.1268","4.4027,    35.0407","1493.06,    1542.60","0.0185,     1.6228","0.13065,    5.01514","4.45586,    7.50871","0.0000e+00, 0.0000e+00",,,,,,,"Frequency  0  temperature, 5094, 03-Mar-09","Frequency  1  conductivity, 3478, 01-Apr-09 , cpcor = -9.5700e-08","Frequency  2  pressure, 0934, 07-Apr-09","Extrnl Volt  0  Oxygen, SBE, primary, 1606, 08-Apr-09p","Extrnl Volt  2  WET Labs, ECO_AFL","Extrnl Volt  3  userpoly 0, FLNTURTD-1095, 10-Apr-09","Extrnl Volt  5  surface irradiance (SPAR), degrees = 0.0",,,E:\SK 277 SBE\CTD_07.hdr,5094,3478,21.0,3.0,1.0,Nov 03 2010 01:14:23,03.11.2010,01.15,10,152176,specified,seconds: 0.0416667,Nov 03 2010 01:14:23,-9.99e-29,"Nov 12 2010 16:12:22, 7.18c",E:\SK 277 SBE\CTD_07.hex E:\SK 277 SBE\CTD_07.CON,0,yes,yes,ascii,,,,,,,,,,,,,,,,,,,,,,,,,,,,,,,,,,,,,,,,,,,,,,,,,,,,,,,,,,,,,,,,,,,,,,,,,,,,,,,,,,,,,,,,,,,,,,,,,,,
CTD_08 2nd castCTD_082nd Cast.cnv,CTD_SK277,CTD_SK277\SK 277 SBE CTD\Processed_CTD_DATA\SK 277 SBE Processing Data,Sea-Bird SBE 9 Data File,ORV. Sagar Kanya,SK277,,3500M,,11'55.40N,89'49.76E,11.923333,89.829333,03-11-10 22:31:02,"depSM: Depth [salt water, m]","prDM: Pressure, Digiquartz [db]",c0S/m: Conductivity [S/m],"t090C: Temperature [ITS-90, deg C]",sal00: Salinity [PSU],"svCM: Sound Velocity [Chen-Millero, m/s]","flECO-AFL: Fluorescence, Wetlab ECO-AFL/FL [mg/m^3]","sbeox0ML/L: Oxygen, SBE 43 [ml/l]",oxsatML/L: Oxygen Saturation [ml/l],flag:  0.000e+00,,,,,,,"0.008,    250.762","0.008,    252.308","0.650662,   5.509079","12.4697,    28.9635","3.2984,    35.0235","1502.60,    1542.33","-0.0035,     1.1943","0.04644,    5.26248","4.46330,    5.99093","0.0000e+00, 0.0000e+00",,,,,,,"Frequency  0  temperature, 5094, 03-Mar-09","Frequency  1  conductivity, 3478, 01-Apr-09 , cpcor = -9.5700e-08","Frequency  2  pressure, 0934, 07-Apr-09","Extrnl Volt  0  Oxygen, SBE, primary, 1606, 08-Apr-09p","Extrnl Volt  2  WET Labs, ECO_AFL","Extrnl Volt  3  userpoly 0, FLNTURTD-1095, 10-Apr-09","Extrnl Volt  5  surface irradiance (SPAR), degrees = 0.0",,,E:\SK 277 SBE\CTD_08 2nd cast.hdr,5094,3478,21.0,3.0,1.0,Nov 03 2010 22:31:02,,,10,34402,specified,seconds: 0.0416667,Nov 03 2010 22:31:02,-9.99e-29,"Nov 12 2010 16:13:49, 7.18c",E:\SK 277 SBE\CTD_08 2nd cast.hex E:\SK 277 SBE\CTD_08 2nd cast.CON,0,yes,yes,ascii,,,,,,,,,,,,,,,,,,,,,,,,,,,,,,,,,,,,,,,,,,,,,,,,,,,,,,,,,,,,,,,,,,,,,,,,,,,,,,,,,,,,,,,,,,,,,,,,,,,
CTD_08-1CTD_08-1.cnv,CTD_SK277,CTD_SK277\SK 277 SBE CTD\Processed_CTD_DATA\SK 277 SBE Processing Data,Sea-Bird SBE 9 Data File,ORV. Sagar Kanya,SK277,,3500M,,11.55.40N,89'49.76E,12.216667,89.829333,03-11-10 20:27:48,"depSM: Depth [salt water, m]","prDM: Pressure, Digiquartz [db]",c0S/m: Conductivity [S/m],"t090C: Temperature [ITS-90, deg C]",sal00: Salinity [PSU],"svCM: Sound Velocity [Chen-Millero, m/s]","flECO-AFL: Fluorescence, Wetlab ECO-AFL/FL [mg/m^3]","sbeox0ML/L: Oxygen, SBE 43 [ml/l]",oxsatML/L: Oxygen Saturation [ml/l],flag:  0.000e+00,,,,,,,"0.326,   2044.196","0.327,   2065.687","3.203567,   5.513278","2.6224,    28.9770","33.3041,    35.0376","1492.45,    1542.42","0.0294,     1.2932","0.04720,    4.27499","4.46270,    7.52843","0.0000e+00, 0.0000e+00",,,,,,,"Frequency  0  temperature, 5094, 03-Mar-09","Frequency  1  conductivity, 3478, 01-Apr-09 , cpcor = -9.5700e-08","Frequency  2  pressure, 0934, 07-Apr-09","Extrnl Volt  0  Oxygen, SBE, primary, 1606, 08-Apr-09p","Extrnl Volt  2  WET Labs, ECO_AFL","Extrnl Volt  3  userpoly 0, FLNTURTD-1095, 10-Apr-09","Extrnl Volt  5  surface irradiance (SPAR), degrees = 0.0",,,E:\SK 277 SBE\CTD_08-1.hdr,5094,3478,21.0,3.0,1.0,Nov 03 2010 20:27:48,,,10,106654,specified,seconds: 0.0416667,Nov 03 2010 20:27:48,-9.99e-29,"Nov 12 2010 16:13:19, 7.18c",E:\SK 277 SBE\CTD_08-1.hex E:\SK 277 SBE\CTD_08-1.CON,0,yes,yes,ascii,,,,,,,,,,,,,,,,,,,,,,,,,,,,,,,,,,,,,,,,,,,,,,,,,,,,,,,,,,,,,,,,,,,,,,,,,,,,,,,,,,,,,,,,,,,,,,,,,,,
CTD_08CTD_08.cnv,CTD_SK277,CTD_SK277\SK 277 SBE CTD\Processed_CTD_DATA\SK 277 SBE Processing Data,Sea-Bird SBE 9 Data File,ORV. Sagar Kanya,SK277,,3120M,,11'55.40N,89'49.76E,11.923333,89.829333,03-11-10 19:29:26,"depSM: Depth [salt water, m]","prDM: Pressure, Digiquartz [db]",c0S/m: Conductivity [S/m],"t090C: Temperature [ITS-90, deg C]",sal00: Salinity [PSU],"svCM: Sound Velocity [Chen-Millero, m/s]","flECO-AFL: Fluorescence, Wetlab ECO-AFL/FL [mg/m^3]","sbeox0ML/L: Oxygen, SBE 43 [ml/l]",oxsatML/L: Oxygen Saturation [ml/l],flag:  0.000e+00,,,,,,,"0.094,   2006.709","0.094,   2027.626","3.208050,   5.515289","2.6876,    29.0349","32.7296,    35.0372","1492.51,    1542.55","0.0075,     1.1833","0.05565,    4.43605","4.45764,    7.51588","0.0000e+00, 0.0000e+00",,,,,,,"Frequency  0  temperature, 5094, 03-Mar-09","Frequency  1  conductivity, 3478, 01-Apr-09 , cpcor = -9.5700e-08","Frequency  2  pressure, 0934, 07-Apr-09","Extrnl Volt  0  Oxygen, SBE, primary, 1606, 08-Apr-09p","Extrnl Volt  2  WET Labs, ECO_AFL","Extrnl Volt  3  userpoly 0, FLNTURTD-1095, 10-Apr-09","Extrnl Volt  5  surface irradiance (SPAR), degrees = 0.0",,,E:\SK 277 SBE\CTD_08.hdr,5094,3478,21.0,3.0,1.0,Nov 03 2010 19:29:26,03-11-2010,19.30,10,78945,specified,seconds: 0.0416667,Nov 03 2010 19:29:26,-9.99e-29,"Nov 12 2010 16:12:57, 7.18c",E:\SK 277 SBE\CTD_08.hex E:\SK 277 SBE\CTD_08.CON,0,yes,yes,ascii,,,,,,,,,,,,,,,,,,,,,,,,,,,,,,,,,,,,,,,,,,,,,,,,,,,,,,,,,,,,,,,,,,,,,,,,,,,,,,,,,,,,,,,,,,,,,,,,,,,
CTD_09CTD_09.cnv,CTD_SK277,CTD_SK277\SK 277 SBE CTD\Processed_CTD_DATA\SK 277 SBE Processing Data,Sea-Bird SBE 9 Data File,ORV. Sagar Kanya,SK277,,3230M,,12'59.27N,89'58.82E,12.987833,89.980333,04-11-10 09:11:23,"depSM: Depth [salt water, m]","prDM: Pressure, Digiquartz [db]",c0S/m: Conductivity [S/m],"t090C: Temperature [ITS-90, deg C]",sal00: Salinity [PSU],"svCM: Sound Velocity [Chen-Millero, m/s]","flECO-AFL: Fluorescence, Wetlab ECO-AFL/FL [mg/m^3]","sbeox0ML/L: Oxygen, SBE 43 [ml/l]",oxsatML/L: Oxygen Saturation [ml/l],flag:  0.000e+00,,,,,,,"1.311,   2001.408","1.318,   2022.244","3.194578,   5.591950","2.5428,    28.9590","25.4080,    35.0432","1493.13,    1542.94","0.0185,     1.0844","0.03207,    4.48692","4.46175,    7.54370","0.0000e+00, 0.0000e+00",,,,,,,"Frequency  0  temperature, 5094, 03-Mar-09","Frequency  1  conductivity, 3478, 01-Apr-09 , cpcor = -9.5700e-08","Frequency  2  pressure, 0934, 07-Apr-09","Extrnl Volt  0  Oxygen, SBE, primary, 1606, 08-Apr-09p","Extrnl Volt  2  WET Labs, ECO_AFL","Extrnl Volt  3  userpoly 0, FLNTURTD-1095, 10-Apr-09","Extrnl Volt  5  surface irradiance (SPAR), degrees = 0.0",,,E:\SK 277 SBE\CTD_09.hdr,5094,3478,21.0,3.0,1.0,Nov 04 2010 09:11:23,04-11-2010,09.20,10,174764,specified,seconds: 0.0416667,Nov 04 2010 09:11:23,-9.99e-29,"Nov 12 2010 16:14:12, 7.18c",E:\SK 277 SBE\CTD_09.hex E:\SK 277 SBE\CTD_09.CON,0,yes,yes,ascii,,,,,,,,,,,,,,,,,,,,,,,,,,,,,,,,,,,,,,,,,,,,,,,,,,,,,,,,,,,,,,,,,,,,,,,,,,,,,,,,,,,,,,,,,,,,,,,,,,,
CTD_10 2nd CastCTD_102nd Cast.cnv,CTD_SK277,CTD_SK277\SK 277 SBE CTD\Processed_CTD_DATA\SK 277 SBE Processing Data,Sea-Bird SBE 9 Data File,ORV. Sagar Kanya,SK277,,3230M,,15'00.52N,89'55.59E,15.008667,89.9265,05-11-10 23:29:10,"depSM: Depth [salt water, m]","prDM: Pressure, Digiquartz [db]",c0S/m: Conductivity [S/m],"t090C: Temperature [ITS-90, deg C]",sal00: Salinity [PSU],"svCM: Sound Velocity [Chen-Millero, m/s]","flECO-AFL: Fluorescence, Wetlab ECO-AFL/FL [mg/m^3]","sbeox0ML/L: Oxygen, SBE 43 [ml/l]",oxsatML/L: Oxygen Saturation [ml/l],flag:  0.000e+00,,,,,,,"-0.347,    250.480","-0.349,    252.024","1.092478,   5.535682","12.3566,    29.1832","5.7021,    35.0257","1502.23,    1543.36","0.0075,     0.8866","0.02938,    4.90377","4.44596,    6.00486","0.0000e+00, 0.0000e+00",,,,,,,"Frequency  0  temperature, 5094, 03-Mar-09","Frequency  1  conductivity, 3478, 01-Apr-09 , cpcor = -9.5700e-08","Frequency  2  pressure, 0934, 07-Apr-09","Extrnl Volt  0  Oxygen, SBE, primary, 1606, 08-Apr-09p","Extrnl Volt  2  WET Labs, ECO_AFL","Extrnl Volt  3  userpoly 0, FLNTURTD-1095, 10-Apr-09","Extrnl Volt  5  surface irradiance (SPAR), degrees = 0.0",,,E:\SK 277 SBE\CTD_10 2nd Cast.hdr,5094,3478,21.0,3.0,1.0,Nov 05 2010 23:29:10,04-11-2010,09.20,10,24999,specified,seconds: 0.0416667,Nov 05 2010 23:29:10,-9.99e-29,"Nov 12 2010 16:15:24, 7.18c",E:\SK 277 SBE\CTD_10 2nd Cast.hex E:\SK 277 SBE\CTD_10 2nd Cast.CON,0,yes,yes,ascii,,,,,,,,,,,,,,,,,,,,,,,,,,,,,,,,,,,,,,,,,,,,,,,,,,,,,,,,,,,,,,,,,,,,,,,,,,,,,,,,,,,,,,,,,,,,,,,,,,,
CTD_10-1CTD_10-1.cnv,CTD_SK277,CTD_SK277\SK 277 SBE CTD\Processed_CTD_DATA\SK 277 SBE Processing Data,Sea-Bird SBE 9 Data File,ORV. Sagar Kanya,SK277,,3230M,,15'00.52N,89'55.59E,15.008667,89.9265,05-11-10 21:21:25,"depSM: Depth [salt water, m]","prDM: Pressure, Digiquartz [db]",c0S/m: Conductivity [S/m],"t090C: Temperature [ITS-90, deg C]",sal00: Salinity [PSU],"svCM: Sound Velocity [Chen-Millero, m/s]","flECO-AFL: Fluorescence, Wetlab ECO-AFL/FL [mg/m^3]","sbeox0ML/L: Oxygen, SBE 43 [ml/l]",oxsatML/L: Oxygen Saturation [ml/l],flag:  0.000e+00,,,,,,,"-0.270,   1976.515","-0.272,   1996.974","0.547727,   5.534584","2.7516,    29.2812","2.7683,    35.0394","1492.57,    1543.43","0.0185,     0.9855","0.02710,    5.08526","4.44066,    7.50368","0.0000e+00, 0.0000e+00",,,,,,,"Frequency  0  temperature, 5094, 03-Mar-09","Frequency  1  conductivity, 3478, 01-Apr-09 , cpcor = -9.5700e-08","Frequency  2  pressure, 0934, 07-Apr-09","Extrnl Volt  0  Oxygen, SBE, primary, 1606, 08-Apr-09p","Extrnl Volt  2  WET Labs, ECO_AFL","Extrnl Volt  3  userpoly 0, FLNTURTD-1095, 10-Apr-09","Extrnl Volt  5  surface irradiance (SPAR), degrees = 0.0",,,E:\SK 277 SBE\CTD_10-1.hdr,5094,3478,21.0,3.0,1.0,Nov 05 2010 21:21:25,05-11-2010,09.20,10,99700,specified,seconds: 0.0416667,Nov 05 2010 21:21:25,-9.99e-29,"Nov 12 2010 16:14:51, 7.18c",E:\SK 277 SBE\CTD_10-1.hex E:\SK 277 SBE\CTD_10-1.CON,0,yes,yes,ascii,,,,,,,,,,,,,,,,,,,,,,,,,,,,,,,,,,,,,,,,,,,,,,,,,,,,,,,,,,,,,,,,,,,,,,,,,,,,,,,,,,,,,,,,,,,,,,,,,,,
CTD_10CTD_10.cnv,CTD_SK277,CTD_SK277\SK 277 SBE CTD\Processed_CTD_DATA\SK 277 SBE Processing Data,Sea-Bird SBE 9 Data File,ORV. Sagar Kanya,SK277,,2698M,,15'00.00N,89'55.52E,15.0,89.925333,05-11-10 20:32:31,"depSM: Depth [salt water, m]","prDM: Pressure, Digiquartz [db]",c0S/m: Conductivity [S/m],"t090C: Temperature [ITS-90, deg C]",sal00: Salinity [PSU],"svCM: Sound Velocity [Chen-Millero, m/s]","flECO-AFL: Fluorescence, Wetlab ECO-AFL/FL [mg/m^3]","sbeox0ML/L: Oxygen, SBE 43 [ml/l]",oxsatML/L: Oxygen Saturation [ml/l],flag:  0.000e+00,,,,,,,"2.288,   2027.448","2.301,   2048.682","3.205926,   5.536286","2.6560,    29.2631","26.4524,    35.0385","1492.53,    1543.18","0.0185,     1.1174","0.03167,    4.39448","4.44463,    7.52197","0.0000e+00, 0.0000e+00",,,,,,,"Frequency  0  temperature, 5094, 03-Mar-09","Frequency  1  conductivity, 3478, 01-Apr-09 , cpcor = -9.5700e-08","Frequency  2  pressure, 0934, 07-Apr-09","Extrnl Volt  0  Oxygen, SBE, primary, 1606, 08-Apr-09p","Extrnl Volt  2  WET Labs, ECO_AFL","Extrnl Volt  3  userpoly 0, FLNTURTD-1095, 10-Apr-09","Extrnl Volt  5  surface irradiance (SPAR), degrees = 0.0",,,E:\SK 277 SBE\CTD_10.hdr,5094,3478,21.0,3.0,1.0,Nov 05 2010 20:32:31,05-11-2010,19.10,10,67240,specified,seconds: 0.0416667,Nov 05 2010 20:32:31,-9.99e-29,"Nov 12 2010 16:14:33, 7.18c",E:\SK 277 SBE\CTD_10.hex E:\SK 277 SBE\CTD_10.CON,0,yes,yes,ascii,,,,,,,,,,,,,,,,,,,,,,,,,,,,,,,,,,,,,,,,,,,,,,,,,,,,,,,,,,,,,,,,,,,,,,,,,,,,,,,,,,,,,,,,,,,,,,,,,,,
CTD_11CTD_11.cnv,CTD_SK277,CTD_SK277\SK 277 SBE CTD\Processed_CTD_DATA\SK 277 SBE Processing Data,Sea-Bird SBE 9 Data File,ORV. Sagar Kanya,SK277,,2450M,,17'00.34N,89'38.65E,17.005667,89.644167,06-11-10 20:08:58,"depSM: Depth [salt water, m]","prDM: Pressure, Digiquartz [db]",c0S/m: Conductivity [S/m],"t090C: Temperature [ITS-90, deg C]",sal00: Salinity [PSU],"svCM: Sound Velocity [Chen-Millero, m/s]","flECO-AFL: Fluorescence, Wetlab ECO-AFL/FL [mg/m^3]","sbeox0ML/L: Oxygen, SBE 43 [ml/l]",oxsatML/L: Oxygen Saturation [ml/l],flag:  0.000e+00,,,,,,,"-0.787,   1514.523","-0.792,   1528.512","0.328292,   5.531271","4.4561,    29.1845","1.5796,    35.0389","1493.50,    1542.69","-0.0365,     1.1174","0.01955,    5.03895","4.45600,    7.19002","0.0000e+00, 0.0000e+00",,,,,,,"Frequency  0  temperature, 5094, 03-Mar-09","Frequency  1  conductivity, 3478, 01-Apr-09 , cpcor = -9.5700e-08","Frequency  2  pressure, 0934, 07-Apr-09","Extrnl Volt  0  Oxygen, SBE, primary, 1606, 08-Apr-09p","Extrnl Volt  2  WET Labs, ECO_AFL","Extrnl Volt  3  userpoly 0, FLNTURTD-1095, 10-Apr-09","Extrnl Volt  5  surface irradiance (SPAR), degrees = 0.0",,,E:\SK 277 SBE\CTD_11.hdr,5094,3478,21.0,3.0,1.0,Nov 06 2010 20:08:58,04-11-2010,19.45,10,137838,specified,seconds: 0.0416667,Nov 06 2010 20:08:58,-9.99e-29,"Nov 12 2010 16:15:40, 7.18c",E:\SK 277 SBE\CTD_11.hex E:\SK 277 SBE\CTD_11.CON,0,yes,yes,ascii,,,,,,,,,,,,,,,,,,,,,,,,,,,,,,,,,,,,,,,,,,,,,,,,,,,,,,,,,,,,,,,,,,,,,,,,,,,,,,,,,,,,,,,,,,,,,,,,,,,
CTD_12-2nd CastCTD_12-2nd Cast.cnv,CTD_SK277,CTD_SK277\SK 277 SBE CTD\Processed_CTD_DATA\SK 277 SBE Processing Data,Sea-Bird SBE 9 Data File,ORV. Sagar Kanya,SK277,,2150M,,018'04.45N,89'24.69E,18.074167,89.4115,07-11-10 20:15:14,"depSM: Depth [salt water, m]","prDM: Pressure, Digiquartz [db]",c0S/m: Conductivity [S/m],"t090C: Temperature [ITS-90, deg C]",sal00: Salinity [PSU],"svCM: Sound Velocity [Chen-Millero, m/s]","flECO-AFL: Fluorescence, Wetlab ECO-AFL/FL [mg/m^3]","sbeox0ML/L: Oxygen, SBE 43 [ml/l]",oxsatML/L: Oxygen Saturation [ml/l],flag:  0.000e+00,,,,,,,"-0.274,    801.317","-0.276,    807.333","0.142154,   5.598798","-19.4944,    29.4201","0.6875,    35.0397","1305.78,    1543.92","-0.0255,     0.7327","-67.35469,    5.95166","4.42281,   17.52091","0.0000e+00, 0.0000e+00",,,,,,,"Frequency  0  temperature, 5094, 03-Mar-09","Frequency  1  conductivity, 3478, 01-Apr-09 , cpcor = -9.5700e-08","Frequency  2  pressure, 0934, 07-Apr-09","Extrnl Volt  0  Oxygen, SBE, primary, 1606, 08-Apr-09p","Extrnl Volt  2  WET Labs, ECO_AFL","Extrnl Volt  3  userpoly 0, FLNTURTD-1095, 10-Apr-09","Extrnl Volt  5  surface irradiance (SPAR), degrees = 0.0",,,E:\SK 277 SBE\CTD_12-2nd Cast.hdr,5094,3478,21.0,3.0,1.0,Nov 07 2010 20:15:14,07-11-2010,16.40,10,68735,specified,seconds: 0.0416667,Nov 07 2010 20:15:14,-9.99e-29,"Nov 12 2010 16:16:56, 7.18c",E:\SK 277 SBE\CTD_12-2nd Cast.hex E:\SK 277 SBE\CTD_12-2nd Cast.CON,0,yes,yes,ascii,,,,,,,,,,,,,,,,,,,,,,,,,,,,,,,,,,,,,,,,,,,,,,,,,,,,,,,,,,,,,,,,,,,,,,,,,,,,,,,,,,,,,,,,,,,,,,,,,,,
CTD_12-3rd CastCTD_12-3rd Cast.cnv,CTD_SK277,CTD_SK277\SK 277 SBE CTD\Processed_CTD_DATA\SK 277 SBE Processing Data,Sea-Bird SBE 9 Data File,ORV. Sagar Kanya,SK277,,2150M,,018'04.45N,89'24.69E,18.074167,89.4115,07-11-10 21:31:14,"depSM: Depth [salt water, m]","prDM: Pressure, Digiquartz [db]",c0S/m: Conductivity [S/m],"t090C: Temperature [ITS-90, deg C]",sal00: Salinity [PSU],"svCM: Sound Velocity [Chen-Millero, m/s]","flECO-AFL: Fluorescence, Wetlab ECO-AFL/FL [mg/m^3]","sbeox0ML/L: Oxygen, SBE 43 [ml/l]",oxsatML/L: Oxygen Saturation [ml/l],flag:  0.000e+00,,,,,,,"-0.213,    250.873","-0.214,    252.420","0.869148,   5.594139","12.4234,    29.4174","4.4999,    35.0266","1502.39,    1543.68","0.0075,     0.8756","0.01800,    5.00038","4.43245,    5.99643","0.0000e+00, 0.0000e+00",,,,,,,"Frequency  0  temperature, 5094, 03-Mar-09","Frequency  1  conductivity, 3478, 01-Apr-09 , cpcor = -9.5700e-08","Frequency  2  pressure, 0934, 07-Apr-09","Extrnl Volt  0  Oxygen, SBE, primary, 1606, 08-Apr-09p","Extrnl Volt  2  WET Labs, ECO_AFL","Extrnl Volt  3  userpoly 0, FLNTURTD-1095, 10-Apr-09","Extrnl Volt  5  surface irradiance (SPAR), degrees = 0.0",,,E:\SK 277 SBE\CTD_12-3rd Cast.hdr,5094,3478,21.0,3.0,1.0,Nov 07 2010 21:31:14,07-11-2010,16.40,10,92780,specified,seconds: 0.0416667,Nov 07 2010 21:31:14,-9.99e-29,"Nov 12 2010 16:17:17, 7.18c",E:\SK 277 SBE\CTD_12-3rd Cast.hex E:\SK 277 SBE\CTD_12-3rd Cast.CON,0,yes,yes,ascii,,,,,,,,,,,,,,,,,,,,,,,,,,,,,,,,,,,,,,,,,,,,,,,,,,,,,,,,,,,,,,,,,,,,,,,,,,,,,,,,,,,,,,,,,,,,,,,,,,,
CTD_12-4th CastCTD_12-4th Cast.cnv,CTD_SK277,CTD_SK277\SK 277 SBE CTD\Processed_CTD_DATA\SK 277 SBE Processing Data,Sea-Bird SBE 9 Data File,ORV. Sagar Kanya,SK277,,2150M,,018'04.45N,89'24.61E,18.074167,89.410167,07-11-10 23:09:52,"depSM: Depth [salt water, m]","prDM: Pressure, Digiquartz [db]",c0S/m: Conductivity [S/m],"t090C: Temperature [ITS-90, deg C]",sal00: Salinity [PSU],"svCM: Sound Velocity [Chen-Millero, m/s]","flECO-AFL: Fluorescence, Wetlab ECO-AFL/FL [mg/m^3]","sbeox0ML/L: Oxygen, SBE 43 [ml/l]",oxsatML/L: Oxygen Saturation [ml/l],flag:  0.000e+00,,,,,,,"-0.214,     55.930","-0.215,     56.249","0.565127,   5.583743","27.2405,    29.3539","2.8090,    34.3396","1509.72,    1543.35","-0.0035,     0.7987","2.29476,    5.02170","4.44176,    5.28920","0.0000e+00, 0.0000e+00",,,,,,,"Frequency  0  temperature, 5094, 03-Mar-09","Frequency  1  conductivity, 3478, 01-Apr-09 , cpcor = -9.5700e-08","Frequency  2  pressure, 0934, 07-Apr-09","Extrnl Volt  0  Oxygen, SBE, primary, 1606, 08-Apr-09p","Extrnl Volt  2  WET Labs, ECO_AFL","Extrnl Volt  3  userpoly 0, FLNTURTD-1095, 10-Apr-09","Extrnl Volt  5  surface irradiance (SPAR), degrees = 0.0",,,E:\SK 277 SBE\CTD_12-4th Cast.hdr,5094,3478,21.0,3.0,1.0,Nov 07 2010 23:09:52,07-11-2010,16.40,10,10706,specified,seconds: 0.0416667,Nov 07 2010 23:09:52,-9.99e-29,"Nov 12 2010 16:18:02, 7.18c",E:\SK 277 SBE\CTD_12-4th Cast.hex E:\SK 277 SBE\CTD_12-4th Cast.CON,0,yes,yes,ascii,,,,,,,,,,,,,,,,,,,,,,,,,,,,,,,,,,,,,,,,,,,,,,,,,,,,,,,,,,,,,,,,,,,,,,,,,,,,,,,,,,,,,,,,,,,,,,,,,,,
CTD_12CTD_12.cnv,CTD_SK277,CTD_SK277\SK 277 SBE CTD\Processed_CTD_DATA\SK 277 SBE Processing Data,Sea-Bird SBE 9 Data File,ORV. Sagar Kanya,SK277,,2150M,,18'04.45N,89'24.69E,18.074167,89.4115,07-11-10 16:29:41,"depSM: Depth [salt water, m]","prDM: Pressure, Digiquartz [db]",c0S/m: Conductivity [S/m],"t090C: Temperature [ITS-90, deg C]",sal00: Salinity [PSU],"svCM: Sound Velocity [Chen-Millero, m/s]","flECO-AFL: Fluorescence, Wetlab ECO-AFL/FL [mg/m^3]","sbeox0ML/L: Oxygen, SBE 43 [ml/l]",oxsatML/L: Oxygen Saturation [ml/l],flag:  0.000e+00,,,,,,,"-0.265,   2000.205","-0.266,   2021.023","2.646742,   5.560577","2.6358,    29.3411","14.8493,    35.0399","1492.55,    1543.42","0.0185,     0.9965","0.02011,    4.69217","4.43588,    7.52584","0.0000e+00, 0.0000e+00",,,,,,,"Frequency  0  temperature, 5094, 03-Mar-09","Frequency  1  conductivity, 3478, 01-Apr-09 , cpcor = -9.5700e-08","Frequency  2  pressure, 0934, 07-Apr-09","Extrnl Volt  0  Oxygen, SBE, primary, 1606, 08-Apr-09p","Extrnl Volt  2  WET Labs, ECO_AFL","Extrnl Volt  3  userpoly 0, FLNTURTD-1095, 10-Apr-09","Extrnl Volt  5  surface irradiance (SPAR), degrees = 0.0",,,E:\SK 277 SBE\CTD_12.hdr,5094,3478,21.0,3.0,1.0,Nov 07 2010 16:29:41,07-11-2010,16.40,10,290071,specified,seconds: 0.0416667,Nov 07 2010 16:29:41,-9.99e-29,"Nov 12 2010 16:16:02, 7.18c",E:\SK 277 SBE\CTD_12.hex E:\SK 277 SBE\CTD_12.CON,0,yes,yes,ascii,,,,,,,,,,,,,,,,,,,,,,,,,,,,,,,,,,,,,,,,,,,,,,,,,,,,,,,,,,,,,,,,,,,,,,,,,,,,,,,,,,,,,,,,,,,,,,,,,,,
CTD_13CTD_13 .cnv,CTD_SK277,CTD_SK277\SK 277 SBE CTD\Processed_CTD_DATA\SK 277 SBE Processing Data,Sea-Bird SBE 9 Data File,ORV. Sagar Kanya,SK277,,2143M,,18'08.45N,90'03.32E,18.140833,90.055333,08-11-10 19:39:24,"depSM: Depth [salt water, m]","prDM: Pressure, Digiquartz [db]",c0S/m: Conductivity [S/m],"t090C: Temperature [ITS-90, deg C]",sal00: Salinity [PSU],"svCM: Sound Velocity [Chen-Millero, m/s]","flECO-AFL: Fluorescence, Wetlab ECO-AFL/FL [mg/m^3]","sbeox0ML/L: Oxygen, SBE 43 [ml/l]",oxsatML/L: Oxygen Saturation [ml/l],flag:  0.000e+00,,,,,,,"-0.114,   2000.910","-0.114,   2021.738","3.200929,   5.458278","2.6126,    29.1645","31.1949,    35.0427","1492.66,    1542.26","0.0185,     0.9305","0.02378,    4.59559","4.46358,    7.53028","0.0000e+00, 0.0000e+00",,,,,,,"Frequency  0  temperature, 5094, 03-Mar-09","Frequency  1  conductivity, 3478, 01-Apr-09 , cpcor = -9.5700e-08","Frequency  2  pressure, 0934, 07-Apr-09","Extrnl Volt  0  Oxygen, SBE, primary, 1606, 08-Apr-09p","Extrnl Volt  2  WET Labs, ECO_AFL","Extrnl Volt  3  userpoly 0, FLNTURTD-1095, 10-Apr-09","Extrnl Volt  5  surface irradiance (SPAR), degrees = 0.0",,,E:\SK 277 SBE\CTD_13.hdr,5094,3478,21.0,3.0,1.0,Nov 08 2010 19:39:24,08-11-2010,16.40,10,160799,specified,seconds: 0.0416667,Nov 08 2010 19:39:24,-9.99e-29,"Nov 12 2010 16:18:27, 7.18c",E:\SK 277 SBE\CTD_13.hex E:\SK 277 SBE\CTD_13.CON,0,yes,yes,ascii,,,,,,,,,,,,,,,,,,,,,,,,,,,,,,,,,,,,,,,,,,,,,,,,,,,,,,,,,,,,,,,,,,,,,,,,,,,,,,,,,,,,,,,,,,,,,,,,,,,
CTD_14CTD_14.cnv,CTD_SK277,CTD_SK277\SK 277 SBE CTD\Processed_CTD_DATA\SK 277 SBE Processing Data,Sea-Bird SBE 9 Data File,ORV. Sagar Kanya,SK277,,2164M,,"017""57.60N",089'44.34E,17.96,89.739,09-11-10 06:19:57,"depSM: Depth [salt water, m]","prDM: Pressure, Digiquartz [db]",c0S/m: Conductivity [S/m],"t090C: Temperature [ITS-90, deg C]",sal00: Salinity [PSU],"svCM: Sound Velocity [Chen-Millero, m/s]","flECO-AFL: Fluorescence, Wetlab ECO-AFL/FL [mg/m^3]","sbeox0ML/L: Oxygen, SBE 43 [ml/l]",oxsatML/L: Oxygen Saturation [ml/l],flag:  0.000e+00,,,,,,,"-0.137,   2001.570","-0.138,   2022.408","0.831041,   5.499595","2.6244,    29.0368","4.2663,    35.0396","1492.36,    1542.55","-0.5310,    44.4690","0.02259,    4.96767","4.46383,    7.52806","0.0000e+00, 0.0000e+00",,,,,,,"Frequency  0  temperature, 5094, 03-Mar-09","Frequency  1  conductivity, 3478, 01-Apr-09 , cpcor = -9.5700e-08","Frequency  2  pressure, 0934, 07-Apr-09","Extrnl Volt  0  Oxygen, SBE, primary, 1606, 08-Apr-09p","Extrnl Volt  2  WET Labs, ECO_AFL","Extrnl Volt  3  userpoly 0, FLNTURTD-1095, 10-Apr-09","Extrnl Volt  5  surface irradiance (SPAR), degrees = 0.0",,,E:\SK 277 SBE\CTD_14.hdr,5094,3478,21.0,3.0,1.0,Nov 09 2010 06:19:57,09-11-2010,06.25,10,173832,specified,seconds: 0.0416667,Nov 09 2010 06:19:57,-9.99e-29,"Nov 12 2010 16:20:59, 7.18c",E:\SK 277 SBE\CTD_14.hex E:\SK 277 SBE\CTD_14.CON,0,yes,yes,ascii,,,,,,,,,,,,,,,,,,,,,,,,,,,,,,,,,,,,,,,,,,,,,,,,,,,,,,,,,,,,,,,,,,,,,,,,,,,,,,,,,,,,,,,,,,,,,,,,,,,
CTD_15CTD_15.cnv,CTD_SK277,CTD_SK277\SK 277 SBE CTD\Processed_CTD_DATA\SK 277 SBE Processing Data,Sea-Bird SBE 9 Data File,ORV. Sagar Kanya,SK277,,2145M,,"018""08.99N",089'37.58E,18.149833,89.626333,09-11-10 14:58:30,"depSM: Depth [salt water, m]","prDM: Pressure, Digiquartz [db]",c0S/m: Conductivity [S/m],"t090C: Temperature [ITS-90, deg C]",sal00: Salinity [PSU],"svCM: Sound Velocity [Chen-Millero, m/s]","flECO-AFL: Fluorescence, Wetlab ECO-AFL/FL [mg/m^3]","sbeox0ML/L: Oxygen, SBE 43 [ml/l]",oxsatML/L: Oxygen Saturation [ml/l],flag:  0.000e+00,,,,,,,"0.534,   2001.922","0.537,   2022.766","3.199055,   5.501658","2.5915,    29.1457","23.9264,    35.0389","1492.45,    1542.07","0.0075,     1.4141","0.02373,    4.57030","4.46626,    7.53432","0.0000e+00, 0.0000e+00",,,,,,,"Frequency  0  temperature, 5094, 03-Mar-09","Frequency  1  conductivity, 3478, 01-Apr-09 , cpcor = -9.5700e-08","Frequency  2  pressure, 0934, 07-Apr-09","Extrnl Volt  0  Oxygen, SBE, primary, 1606, 08-Apr-09p","Extrnl Volt  2  WET Labs, ECO_AFL","Extrnl Volt  3  userpoly 0, FLNTURTD-1095, 10-Apr-09","Extrnl Volt  5  surface irradiance (SPAR), degrees = 0.0",,,E:\SK 277 SBE\CTD_15.hdr,5094,3478,21.0,3.0,1.0,Nov 09 2010 14:58:30,09-11-2010,14.50,10,137634,specified,seconds: 0.0416667,Nov 09 2010 14:58:30,-9.99e-29,"Nov 12 2010 16:21:23, 7.18c",E:\SK 277 SBE\CTD_15.hex E:\SK 277 SBE\CTD_15.CON,0,yes,yes,ascii,,,,,,,,,,,,,,,,,,,,,,,,,,,,,,,,,,,,,,,,,,,,,,,,,,,,,,,,,,,,,,,,,,,,,,,,,,,,,,,,,,,,,,,,,,,,,,,,,,,
CTD_16 2nd CastCTD_16 2nd Cast.cnv,CTD_SK277,CTD_SK277\SK 277 SBE CTD\Processed_CTD_DATA\SK 277 SBE Processing Data,Sea-Bird SBE 9 Data File,ORV. Sagar Kanya,SK277,,2635M,,"016""19.04N",087'58.88E,16.317333,87.981333,11-11-10 19:48:53,"depSM: Depth [salt water, m]","prDM: Pressure, Digiquartz [db]",c0S/m: Conductivity [S/m],"t090C: Temperature [ITS-90, deg C]",sal00: Salinity [PSU],"svCM: Sound Velocity [Chen-Millero, m/s]","flECO-AFL: Fluorescence, Wetlab ECO-AFL/FL [mg/m^3]","sbeox0ML/L: Oxygen, SBE 43 [ml/l]",oxsatML/L: Oxygen Saturation [ml/l],flag:  0.000e+00,,,,,,,"-0.102,   2010.056","-0.103,   2031.023","1.532532,   5.547893","2.7459,    29.1234","8.2076,    35.0398","1493.41,    1542.76","0.0185,     1.0514","0.02276,    4.73717","4.45852,    7.50475","0.0000e+00, 0.0000e+00",,,,,,,"Frequency  0  temperature, 5094, 03-Mar-09","Frequency  1  conductivity, 3478, 01-Apr-09 , cpcor = -9.5700e-08","Frequency  2  pressure, 0934, 07-Apr-09","Extrnl Volt  0  Oxygen, SBE, primary, 1606, 08-Apr-09p","Extrnl Volt  2  WET Labs, ECO_AFL","Extrnl Volt  3  userpoly 0, FLNTURTD-1095, 10-Apr-09","Extrnl Volt  5  surface irradiance (SPAR), degrees = 0.0",,,E:\SK 277 SBE\CTD_16 2nd Cast.hdr,5094,3478,21.0,3.0,1.0,Nov 11 2010 19:48:53,11-11-2010,20.00,10,144022,specified,seconds: 0.0416667,Nov 11 2010 19:48:53,-9.99e-29,"Nov 12 2010 16:22:10, 7.18c",E:\SK 277 SBE\CTD_16 2nd Cast.hex E:\SK 277 SBE\CTD_16 2nd Cast.CON,0,yes,yes,ascii,,,,,,,,,,,,,,,,,,,,,,,,,,,,,,,,,,,,,,,,,,,,,,,,,,,,,,,,,,,,,,,,,,,,,,,,,,,,,,,,,,,,,,,,,,,,,,,,,,,
CTD_16CTD_16.cnv,CTD_SK277,CTD_SK277\SK 277 SBE CTD\Processed_CTD_DATA\SK 277 SBE Processing Data,Sea-Bird SBE 9 Data File,ORV. Sagar Kanya,SK277,,2635M,,"016""19.04N",087'58.88E,16.317333,87.981333,11-11-10 18:53:55,"depSM: Depth [salt water, m]","prDM: Pressure, Digiquartz [db]",c0S/m: Conductivity [S/m],"t090C: Temperature [ITS-90, deg C]",sal00: Salinity [PSU],"svCM: Sound Velocity [Chen-Millero, m/s]","flECO-AFL: Fluorescence, Wetlab ECO-AFL/FL [mg/m^3]","sbeox0ML/L: Oxygen, SBE 43 [ml/l]",oxsatML/L: Oxygen Saturation [ml/l],flag:  0.000e+00,,,,,,,"0.044,    250.201","0.044,    251.743","4.127377,   5.547110","13.1943,    29.1764","32.4247,    35.0136","1504.99,    1542.77","0.0294,     1.0954","0.01927,    4.60205","4.45946,    5.90121","0.0000e+00, 0.0000e+00",,,,,,,"Frequency  0  temperature, 5094, 03-Mar-09","Frequency  1  conductivity, 3478, 01-Apr-09 , cpcor = -9.5700e-08","Frequency  2  pressure, 0934, 07-Apr-09","Extrnl Volt  0  Oxygen, SBE, primary, 1606, 08-Apr-09p","Extrnl Volt  2  WET Labs, ECO_AFL","Extrnl Volt  3  userpoly 0, FLNTURTD-1095, 10-Apr-09","Extrnl Volt  5  surface irradiance (SPAR), degrees = 0.0",,,E:\SK 277 SBE\CTD_16.hdr,5094,3478,21.0,3.0,1.0,Nov 11 2010 18:53:55,11-11-2010,19.00,10,30744,specified,seconds: 0.0416667,Nov 11 2010 18:53:55,-9.99e-29,"Nov 12 2010 16:21:44, 7.18c",E:\SK 277 SBE\CTD_16.hex E:\SK 277 SBE\CTD_16.CON,0,yes,yes,ascii,,,,,,,,,,,,,,,,,,,,,,,,,,,,,,,,,,,,,,,,,,,,,,,,,,,,,,,,,,,,,,,,,,,,,,,,,,,,,,,,,,,,,,,,,,,,,,,,,,,
CTD_01CTD_01.cnv,CTD_SK277,CTD_SK277\SK 277 SBE CTD\Processed_CTD_DATA\Time Series Processing,Sea-Bird SBE 9 Data File,ORV. Sagar Kanya,SK277 (Times Series),,2145M,,"018""00.00N",089'29.60E,18.0,89.493333,09-11-10 20:58:54,"depSM: Depth [salt water, m]","prDM: Pressure, Digiquartz [db]",c0S/m: Conductivity [S/m],"t090C: Temperature [ITS-90, deg C]",sal00: Salinity [PSU],"svCM: Sound Velocity [Chen-Millero, m/s]","flECO-AFL: Fluorescence, Wetlab ECO-AFL/FL [mg/m^3]","sbeox0ML/L: Oxygen, SBE 43 [ml/l]",oxsatML/L: Oxygen Saturation [ml/l],flag:  0.000e+00,,,,,,,"-0.022,    501.471","-0.022,    504.870","0.419538,   5.551802","9.9768,    29.1111","2.0616,    35.0403","1498.11,    1542.75","0.0294,     2.1943","0.02007,    5.11753","4.45374,    6.32018","0.0000e+00, 0.0000e+00",,,,,,,"Frequency  0  temperature, 5094, 03-Mar-09","Frequency  1  conductivity, 3478, 01-Apr-09 , cpcor = -9.5700e-08","Frequency  2  pressure, 0934, 07-Apr-09","Extrnl Volt  0  Oxygen, SBE, primary, 1606, 08-Apr-09p","Extrnl Volt  2  WET Labs, ECO_AFL","Extrnl Volt  3  userpoly 0, FLNTURTD-1095, 10-Apr-09","Extrnl Volt  5  surface irradiance (SPAR), degrees = 0.0",,,E:\SK 277 SBE\Time Series\CTD_01.hdr,5094,3478,21.0,3.0,1.0,Nov 09 2010 20:58:54,09-11-2010,21.00,10,36023,specified,seconds: 0.0416667,Nov 09 2010 20:58:54,-9.99e-29,"Nov 12 2010 16:28:06, 7.18c",E:\SK 277 SBE\Time Series\CTD_01.hex E:\SK 277 SBE\Time Series\CTD_01.CON,0,yes,yes,ascii,,,,,,,,,,,,,,,,,,,,,,,,,,,,,,,,,,,,,,,,,,,,,,,,,,,,,,,,,,,,,,,,,,,,,,,,,,,,,,,,,,,,,,,,,,,,,,,,,,,
CTD_02CTD_02.cnv,CTD_SK277,CTD_SK277\SK 277 SBE CTD\Processed_CTD_DATA\Time Series Processing,Sea-Bird SBE 9 Data File,ORV. Sagar Kanya,SK277 (Times Series),,2145M,,"018""00.00N",089'29.60E,18.0,89.493333,09-11-10 23:58:45,"depSM: Depth [salt water, m]","prDM: Pressure, Digiquartz [db]",c0S/m: Conductivity [S/m],"t090C: Temperature [ITS-90, deg C]",sal00: Salinity [PSU],"svCM: Sound Velocity [Chen-Millero, m/s]","flECO-AFL: Fluorescence, Wetlab ECO-AFL/FL [mg/m^3]","sbeox0ML/L: Oxygen, SBE 43 [ml/l]",oxsatML/L: Oxygen Saturation [ml/l],flag:  0.000e+00,,,,,,,"0.396,    501.456","0.398,    504.854","3.837091,   5.538611","10.0276,    29.1052","26.1721,    35.0396","1498.26,    1542.66","0.0294,     1.1064","0.01991,    4.58471","4.46462,    6.31316","0.0000e+00, 0.0000e+00",,,,,,,"Frequency  0  temperature, 5094, 03-Mar-09","Frequency  1  conductivity, 3478, 01-Apr-09 , cpcor = -9.5700e-08","Frequency  2  pressure, 0934, 07-Apr-09","Extrnl Volt  0  Oxygen, SBE, primary, 1606, 08-Apr-09p","Extrnl Volt  2  WET Labs, ECO_AFL","Extrnl Volt  3  userpoly 0, FLNTURTD-1095, 10-Apr-09","Extrnl Volt  5  surface irradiance (SPAR), degrees = 0.0",,,E:\SK 277 SBE\Time Series\CTD_02.hdr,5094,3478,21.0,3.0,1.0,Nov 09 2010 23:58:45,09-11-2010,23.58,10,44286,specified,seconds: 0.0416667,Nov 09 2010 23:58:45,-9.99e-29,"Nov 12 2010 16:28:51, 7.18c",E:\SK 277 SBE\Time Series\CTD_02.hex E:\SK 277 SBE\Time Series\CTD_02.CON,0,yes,yes,ascii,,,,,,,,,,,,,,,,,,,,,,,,,,,,,,,,,,,,,,,,,,,,,,,,,,,,,,,,,,,,,,,,,,,,,,,,,,,,,,,,,,,,,,,,,,,,,,,,,,,
CTD_03CTD_03.cnv,CTD_SK277,CTD_SK277\SK 277 SBE CTD\Processed_CTD_DATA\Time Series Processing,Sea-Bird SBE 9 Data File,ORV. Sagar Kanya,SK277 (Times Series),,2145M,,"018""00.00N",089'29.60E,18.0,89.493333,10-11-10 02:58:13,"depSM: Depth [salt water, m]","prDM: Pressure, Digiquartz [db]",c0S/m: Conductivity [S/m],"t090C: Temperature [ITS-90, deg C]",sal00: Salinity [PSU],"svCM: Sound Velocity [Chen-Millero, m/s]","flECO-AFL: Fluorescence, Wetlab ECO-AFL/FL [mg/m^3]","sbeox0ML/L: Oxygen, SBE 43 [ml/l]",oxsatML/L: Oxygen Saturation [ml/l],flag:  0.000e+00,,,,,,,"-0.136,    501.706","-0.136,    505.106","0.843856,   5.528990","10.0552,    29.0725","4.3182,    35.0398","1498.39,    1542.78","-0.0255,     1.3152","0.02069,    4.92946","4.46416,    6.30928","0.0000e+00, 0.0000e+00",,,,,,,"Frequency  0  temperature, 5094, 03-Mar-09","Frequency  1  conductivity, 3478, 01-Apr-09 , cpcor = -9.5700e-08","Frequency  2  pressure, 0934, 07-Apr-09","Extrnl Volt  0  Oxygen, SBE, primary, 1606, 08-Apr-09p","Extrnl Volt  2  WET Labs, ECO_AFL","Extrnl Volt  3  userpoly 0, FLNTURTD-1095, 10-Apr-09","Extrnl Volt  5  surface irradiance (SPAR), degrees = 0.0",,,E:\SK 277 SBE\Time Series\CTD_03.hdr,5094,3478,21.0,3.0,1.0,Nov 10 2010 02:58:13,09-11-2010,03.00,10,38108,specified,seconds: 0.0416667,Nov 10 2010 02:58:13,-9.99e-29,"Nov 12 2010 16:29:33, 7.18c",E:\SK 277 SBE\Time Series\CTD_03.hex E:\SK 277 SBE\Time Series\CTD_03.CON,0,yes,yes,ascii,,,,,,,,,,,,,,,,,,,,,,,,,,,,,,,,,,,,,,,,,,,,,,,,,,,,,,,,,,,,,,,,,,,,,,,,,,,,,,,,,,,,,,,,,,,,,,,,,,,
CTD_04CTD_04.cnv,CTD_SK277,CTD_SK277\SK 277 SBE CTD\Processed_CTD_DATA\Time Series Processing,Sea-Bird SBE 9 Data File,ORV. Sagar Kanya,SK277 (Times Series),,2145M,,"018""00.00N",089'29.60E,18.0,89.493333,10-11-10 06:09:00,"depSM: Depth [salt water, m]","prDM: Pressure, Digiquartz [db]",c0S/m: Conductivity [S/m],"t090C: Temperature [ITS-90, deg C]",sal00: Salinity [PSU],"svCM: Sound Velocity [Chen-Millero, m/s]","flECO-AFL: Fluorescence, Wetlab ECO-AFL/FL [mg/m^3]","sbeox0ML/L: Oxygen, SBE 43 [ml/l]",oxsatML/L: Oxygen Saturation [ml/l],flag:  0.000e+00,,,,,,,"-0.091,    501.291","-0.091,    504.688","0.324560,   5.523013","9.9499,    28.9395","1.5768,    35.0397","1498.00,    1542.66","-0.5310,    44.4690","0.02078,    5.03572","4.46772,    6.32394","0.0000e+00, 0.0000e+00",,,,,,,"Frequency  0  temperature, 5094, 03-Mar-09","Frequency  1  conductivity, 3478, 01-Apr-09 , cpcor = -9.5700e-08","Frequency  2  pressure, 0934, 07-Apr-09","Extrnl Volt  0  Oxygen, SBE, primary, 1606, 08-Apr-09p","Extrnl Volt  2  WET Labs, ECO_AFL","Extrnl Volt  3  userpoly 0, FLNTURTD-1095, 10-Apr-09","Extrnl Volt  5  surface irradiance (SPAR), degrees = 0.0",,,E:\SK 277 SBE\Time Series\CTD_04.hdr,5094,3478,21.0,3.0,1.0,Nov 10 2010 06:09:00,09-11-2010,06.00,10,33495,specified,seconds: 0.0416667,Nov 10 2010 06:09:00,-9.99e-29,"Nov 12 2010 16:29:49, 7.18c",E:\SK 277 SBE\Time Series\CTD_04.hex E:\SK 277 SBE\Time Series\CTD_04.CON,0,yes,yes,ascii,,,,,,,,,,,,,,,,,,,,,,,,,,,,,,,,,,,,,,,,,,,,,,,,,,,,,,,,,,,,,,,,,,,,,,,,,,,,,,,,,,,,,,,,,,,,,,,,,,,
CTD_05CTD_05.cnv,CTD_SK277,CTD_SK277\SK 277 SBE CTD\Processed_CTD_DATA\Time Series Processing,Sea-Bird SBE 9 Data File,ORV. Sagar Kanya,SK277 (Times Series),,2145M,,"018""00.00N",089'29.60E,18.0,89.493333,10-11-10 08:53:45,"depSM: Depth [salt water, m]","prDM: Pressure, Digiquartz [db]",c0S/m: Conductivity [S/m],"t090C: Temperature [ITS-90, deg C]",sal00: Salinity [PSU],"svCM: Sound Velocity [Chen-Millero, m/s]","flECO-AFL: Fluorescence, Wetlab ECO-AFL/FL [mg/m^3]","sbeox0ML/L: Oxygen, SBE 43 [ml/l]",oxsatML/L: Oxygen Saturation [ml/l],flag:  0.000e+00,,,,,,,"-0.174,    501.588","-0.175,    504.987","0.680122,   5.527073","9.9455,    29.2592","3.4969,    35.0394","1497.99,    1543.00","-0.5310,    44.4690","0.02052,    5.01686","4.44635,    6.32455","0.0000e+00, 0.0000e+00",,,,,,,"Frequency  0  temperature, 5094, 03-Mar-09","Frequency  1  conductivity, 3478, 01-Apr-09 , cpcor = -9.5700e-08","Frequency  2  pressure, 0934, 07-Apr-09","Extrnl Volt  0  Oxygen, SBE, primary, 1606, 08-Apr-09p","Extrnl Volt  2  WET Labs, ECO_AFL","Extrnl Volt  3  userpoly 0, FLNTURTD-1095, 10-Apr-09","Extrnl Volt  5  surface irradiance (SPAR), degrees = 0.0",,,E:\SK 277 SBE\Time Series\CTD_05.hdr,5094,3478,21.0,3.0,1.0,Nov 10 2010 08:53:45,09-11-2010,09.00,10,33024,specified,seconds: 0.0416667,Nov 10 2010 08:53:45,-9.99e-29,"Nov 12 2010 16:30:16, 7.18c",E:\SK 277 SBE\Time Series\CTD_05.hex E:\SK 277 SBE\Time Series\CTD_05.CON,0,yes,yes,ascii,,,,,,,,,,,,,,,,,,,,,,,,,,,,,,,,,,,,,,,,,,,,,,,,,,,,,,,,,,,,,,,,,,,,,,,,,,,,,,,,,,,,,,,,,,,,,,,,,,,
CTD_06CTD_06.cnv,CTD_SK277,CTD_SK277\SK 277 SBE CTD\Processed_CTD_DATA\Time Series Processing,Sea-Bird SBE 9 Data File,ORV. Sagar Kanya,SK277 (Times Series),,2145M,,"018""00.00N",089'29.60E,18.0,89.493333,10-11-10 11:52:36,"depSM: Depth [salt water, m]","prDM: Pressure, Digiquartz [db]",c0S/m: Conductivity [S/m],"t090C: Temperature [ITS-90, deg C]",sal00: Salinity [PSU],"svCM: Sound Velocity [Chen-Millero, m/s]","flECO-AFL: Fluorescence, Wetlab ECO-AFL/FL [mg/m^3]","sbeox0ML/L: Oxygen, SBE 43 [ml/l]",oxsatML/L: Oxygen Saturation [ml/l],flag:  0.000e+00,,,,,,,"-0.329,    500.686","-0.331,    504.078","0.639476,   5.525109","10.0914,    29.3106","3.3160,    35.0395","1498.49,    1543.03","0.0185,     0.9415","0.02074,    5.08519","4.44351,    6.30429","0.0000e+00, 0.0000e+00",,,,,,,"Frequency  0  temperature, 5094, 03-Mar-09","Frequency  1  conductivity, 3478, 01-Apr-09 , cpcor = -9.5700e-08","Frequency  2  pressure, 0934, 07-Apr-09","Extrnl Volt  0  Oxygen, SBE, primary, 1606, 08-Apr-09p","Extrnl Volt  2  WET Labs, ECO_AFL","Extrnl Volt  3  userpoly 0, FLNTURTD-1095, 10-Apr-09","Extrnl Volt  5  surface irradiance (SPAR), degrees = 0.0",,,E:\SK 277 SBE\Time Series\CTD_06.hdr,5094,3478,21.0,3.0,1.0,Nov 10 2010 11:52:36,10-11-2010,12.00,10,35093,specified,seconds: 0.0416667,Nov 10 2010 11:52:36,-9.99e-29,"Nov 12 2010 16:30:32, 7.18c",E:\SK 277 SBE\Time Series\CTD_06.hex E:\SK 277 SBE\Time Series\CTD_06.CON,0,yes,yes,ascii,,,,,,,,,,,,,,,,,,,,,,,,,,,,,,,,,,,,,,,,,,,,,,,,,,,,,,,,,,,,,,,,,,,,,,,,,,,,,,,,,,,,,,,,,,,,,,,,,,,
CTD_07CTD_07.cnv,CTD_SK277,CTD_SK277\SK 277 SBE CTD\Processed_CTD_DATA\Time Series Processing,Sea-Bird SBE 9 Data File,ORV. Sagar Kanya,SK277 (Times Series),,2145M,,"018""00.00N",089'29.60E,18.0,89.493333,10-11-10 14:54:36,"depSM: Depth [salt water, m]","prDM: Pressure, Digiquartz [db]",c0S/m: Conductivity [S/m],"t090C: Temperature [ITS-90, deg C]",sal00: Salinity [PSU],"svCM: Sound Velocity [Chen-Millero, m/s]","flECO-AFL: Fluorescence, Wetlab ECO-AFL/FL [mg/m^3]","sbeox0ML/L: Oxygen, SBE 43 [ml/l]",oxsatML/L: Oxygen Saturation [ml/l],flag:  0.000e+00,,,,,,,"-0.080,    500.937","-0.080,    504.331","0.079724,   5.519643","10.0788,    29.1418","0.3651,    35.0411","1498.45,    1542.47","-0.1794,     3.8426","0.01931,    4.59691","4.46519,    6.30602","0.0000e+00, 0.0000e+00",,,,,,,"Frequency  0  temperature, 5094, 03-Mar-09","Frequency  1  conductivity, 3478, 01-Apr-09 , cpcor = -9.5700e-08","Frequency  2  pressure, 0934, 07-Apr-09","Extrnl Volt  0  Oxygen, SBE, primary, 1606, 08-Apr-09p","Extrnl Volt  2  WET Labs, ECO_AFL","Extrnl Volt  3  userpoly 0, FLNTURTD-1095, 10-Apr-09","Extrnl Volt  5  surface irradiance (SPAR), degrees = 0.0",,,E:\SK 277 SBE\Time Series\CTD_07.hdr,5094,3478,21.0,3.0,1.0,Nov 10 2010 14:54:36,10-11-2010,15.00,10,34563,specified,seconds: 0.0416667,Nov 10 2010 14:54:36,-9.99e-29,"Nov 12 2010 16:33:27, 7.18c",E:\SK 277 SBE\Time Series\CTD_07.hex E:\SK 277 SBE\Time Series\CTD_07.CON,0,yes,yes,ascii,,,,,,,,,,,,,,,,,,,,,,,,,,,,,,,,,,,,,,,,,,,,,,,,,,,,,,,,,,,,,,,,,,,,,,,,,,,,,,,,,,,,,,,,,,,,,,,,,,,
CTD_08-1CTD_08-1.cnv,CTD_SK277,CTD_SK277\SK 277 SBE CTD\Processed_CTD_DATA\Time Series Processing,Sea-Bird SBE 9 Data File,ORV. Sagar Kanya,SK277 (Times Series),,2145M,,"018""00.00N",089'29.60E,18.0,89.493333,10-11-10 19:36:29,"depSM: Depth [salt water, m]","prDM: Pressure, Digiquartz [db]",c0S/m: Conductivity [S/m],"t090C: Temperature [ITS-90, deg C]",sal00: Salinity [PSU],"svCM: Sound Velocity [Chen-Millero, m/s]","flECO-AFL: Fluorescence, Wetlab ECO-AFL/FL [mg/m^3]","sbeox0ML/L: Oxygen, SBE 43 [ml/l]",oxsatML/L: Oxygen Saturation [ml/l],flag:  0.000e+00,,,,,,,"0.327,    500.967","0.328,    504.361","-0.404375,   5.522801","-11.4663,    29.1316","0.0000,    41.2143","1336.45,    1542.85","0.0185,     1.4690","-101.42654,    9.00081","4.45482,   14.68198","0.0000e+00, 0.0000e+00",,,,,,,"Frequency  0  temperature, 5094, 03-Mar-09","Frequency  1  conductivity, 3478, 01-Apr-09 , cpcor = -9.5700e-08","Frequency  2  pressure, 0934, 07-Apr-09","Extrnl Volt  0  Oxygen, SBE, primary, 1606, 08-Apr-09p","Extrnl Volt  2  WET Labs, ECO_AFL","Extrnl Volt  3  userpoly 0, FLNTURTD-1095, 10-Apr-09","Extrnl Volt  5  surface irradiance (SPAR), degrees = 0.0",,,E:\SK 277 SBE\Time Series\CTD_08-1.hdr,5094,3478,21.0,3.0,1.0,Nov 10 2010 19:36:29,10-11-2010,19.40,10,36700,specified,seconds: 0.0416667,Nov 10 2010 19:36:29,-9.99e-29,"Nov 12 2010 16:31:22, 7.18c",E:\SK 277 SBE\Time Series\CTD_08-1.hex E:\SK 277 SBE\Time Series\CTD_08-1.CON,0,yes,yes,ascii,,,,,,,,,,,,,,,,,,,,,,,,,,,,,,,,,,,,,,,,,,,,,,,,,,,,,,,,,,,,,,,,,,,,,,,,,,,,,,,,,,,,,,,,,,,,,,,,,,,
CTD_08CTD_08.cnv,CTD_SK277,CTD_SK277\SK 277 SBE CTD\Processed_CTD_DATA\Time Series Processing,Sea-Bird SBE 9 Data File,ORV. Sagar Kanya,SK277 (Times Series),,2145M,,"018""00.00N",089'29.60E,18.0,89.493333,10-11-10 18:07:17,"depSM: Depth [salt water, m]","prDM: Pressure, Digiquartz [db]",c0S/m: Conductivity [S/m],"t090C: Temperature [ITS-90, deg C]",sal00: Salinity [PSU],"svCM: Sound Velocity [Chen-Millero, m/s]","flECO-AFL: Fluorescence, Wetlab ECO-AFL/FL [mg/m^3]","sbeox0ML/L: Oxygen, SBE 43 [ml/l]",oxsatML/L: Oxygen Saturation [ml/l],flag:  0.000e+00,,,,,,,"-0.084,    220.103","-0.084,    221.443","0.321907,   5.520410","13.5855,    29.1405","1.5582,    34.9997","1505.78,    1542.39","-0.0035,     1.4800","0.01980,    4.93287","4.46585,    5.85418","0.0000e+00, 0.0000e+00",,,,,,,"Frequency  0  temperature, 5094, 03-Mar-09","Frequency  1  conductivity, 3478, 01-Apr-09 , cpcor = -9.5700e-08","Frequency  2  pressure, 0934, 07-Apr-09","Extrnl Volt  0  Oxygen, SBE, primary, 1606, 08-Apr-09p","Extrnl Volt  2  WET Labs, ECO_AFL","Extrnl Volt  3  userpoly 0, FLNTURTD-1095, 10-Apr-09","Extrnl Volt  5  surface irradiance (SPAR), degrees = 0.0",,,E:\SK 277 SBE\Time Series\CTD_08.hdr,5094,3478,21.0,3.0,1.0,Nov 10 2010 18:07:17,10-11-2010,18.00,10,38353,specified,seconds: 0.0416667,Nov 10 2010 18:07:17,-9.99e-29,"Nov 12 2010 16:31:05, 7.18c",E:\SK 277 SBE\Time Series\CTD_08.hex E:\SK 277 SBE\Time Series\CTD_08.CON,0,yes,yes,ascii,,,,,,,,,,,,,,,,,,,,,,,,,,,,,,,,,,,,,,,,,,,,,,,,,,,,,,,,,,,,,,,,,,,,,,,,,,,,,,,,,,,,,,,,,,,,,,,,,,,
CTD_09CTD_09.cnv,CTD_SK277,CTD_SK277\SK 277 SBE CTD\Processed_CTD_DATA\Time Series Processing,Sea-Bird SBE 9 Data File,ORV. Sagar Kanya,SK277 (Times Series),,2145M,,"018""00.00N",089'29.60E,18.0,89.493333,10-11-10 21:01:40,"depSM: Depth [salt water, m]","prDM: Pressure, Digiquartz [db]",c0S/m: Conductivity [S/m],"t090C: Temperature [ITS-90, deg C]",sal00: Salinity [PSU],"svCM: Sound Velocity [Chen-Millero, m/s]","flECO-AFL: Fluorescence, Wetlab ECO-AFL/FL [mg/m^3]","sbeox0ML/L: Oxygen, SBE 43 [ml/l]",oxsatML/L: Oxygen Saturation [ml/l],flag:  0.000e+00,,,,,,,"-0.088,    500.739","-0.088,    504.131","0.555459,   5.523267","10.0590,    29.1757","2.7964,    35.0451","1498.39,    1542.92","0.0075,     1.2602","0.01990,    4.88788","4.45126,    6.30866","0.0000e+00, 0.0000e+00",,,,,,,"Frequency  0  temperature, 5094, 03-Mar-09","Frequency  1  conductivity, 3478, 01-Apr-09 , cpcor = -9.5700e-08","Frequency  2  pressure, 0934, 07-Apr-09","Extrnl Volt  0  Oxygen, SBE, primary, 1606, 08-Apr-09p","Extrnl Volt  2  WET Labs, ECO_AFL","Extrnl Volt  3  userpoly 0, FLNTURTD-1095, 10-Apr-09","Extrnl Volt  5  surface irradiance (SPAR), degrees = 0.0",,,E:\SK 277 SBE\Time Series\CTD_09.hdr,5094,3478,21.0,3.0,1.0,Nov 10 2010 21:01:40,10-11-2010,21.00,10,33308,specified,seconds: 0.0416667,Nov 10 2010 21:01:40,-9.99e-29,"Nov 12 2010 16:31:40, 7.18c",E:\SK 277 SBE\Time Series\CTD_09.hex E:\SK 277 SBE\Time Series\CTD_09.CON,0,yes,yes,ascii,,,,,,,,,,,,,,,,,,,,,,,,,,,,,,,,,,,,,,,,,,,,,,,,,,,,,,,,,,,,,,,,,,,,,,,,,,,,,,,,,,,,,,,,,,,,,,,,,,,
CTD_07CTD_07.cnv,CTD_SK277,CTD_SK277\SK 277 SBE CTD\Unprocessed_CTD\Time Series,Sea-Bird SBE 9 Data File,ORV. Sagar Kanya,SK277 (Times Series),,2145M,,"018""00.00N",089'29.60E,18.0,89.493333,10-11-10 14:54:36,"depSM: Depth [salt water, m]","prDM: Pressure, Digiquartz [db]",c0S/m: Conductivity [S/m],"t090C: Temperature [ITS-90, deg C]",sal00: Salinity [PSU],"svCM: Sound Velocity [Chen-Millero, m/s]","flECO-AFL: Fluorescence, Wetlab ECO-AFL/FL [mg/m^3]","sbeox0ML/L: Oxygen, SBE 43 [ml/l]",oxsatML/L: Oxygen Saturation [ml/l],flag:  0.000e+00,,,,,,,"-0.080,    500.937","-0.080,    504.331","0.079724,   5.519643","10.0788,    29.1418","0.3651,    35.0411","1498.45,    1542.47","-0.1794,     3.8426","0.01931,    4.59691","4.46519,    6.30602","0.0000e+00, 0.0000e+00",,,,,,,"Frequency  0  temperature, 5094, 03-Mar-09","Frequency  1  conductivity, 3478, 01-Apr-09 , cpcor = -9.5700e-08","Frequency  2  pressure, 0934, 07-Apr-09","Extrnl Volt  0  Oxygen, SBE, primary, 1606, 08-Apr-09p","Extrnl Volt  2  WET Labs, ECO_AFL","Extrnl Volt  3  userpoly 0, FLNTURTD-1095, 10-Apr-09","Extrnl Volt  5  surface irradiance (SPAR), degrees = 0.0",,,E:\SK 277 SBE\Time Series\CTD_07.hdr,5094,3478,21.0,3.0,1.0,Nov 10 2010 14:54:36,10-11-2010,15.00,10,34563,specified,seconds: 0.0416667,Nov 10 2010 14:54:36,-9.99e-29,"Nov 12 2010 16:30:44, 7.18c",E:\SK 277 SBE\Time Series\CTD_07.hex E:\SK 277 SBE\Time Series\CTD_07.CON,0,yes,yes,ascii,,,,,,,,,,,,,,,,,,,,,,,,,,,,,,,,,,,,,,,,,,,,,,,,,,,,,,,,,,,,,,,,,,,,,,,,,,,,,,,,,,,,,,,,,,,,,,,,,,,
Rama Buoy 1.cnv,SK-307_DATA,SK-307_DATA\SK 307 CTD\02.12.13 Rama buoy\processed,Sea-Bird SBE 9 Data File,ORV Sagar Kanya,,,,,,,,,02-12-13 19:37:01,"prDM: Pressure, Digiquartz [db]","svCM: Sound Velocity [Chen-Millero, m/s]","t090C: Temperature [ITS-90, deg C]",c0S/m: Conductivity [S/m],"sal00: Salinity, Practical [PSU]","wetCDOM: Fluorescence, WET Labs CDOM [mg/m^3]","sbeox0ML/L: Oxygen, SBE 43 [ml/l]","oxsatML/L: Oxygen Saturation, Weiss [ml/l]",flag:  0.000e+00,,,,,,,,"1.868,    608.831","1497.69,    1544.76","9.3999,    29.0672","3.781167,   5.817133","30.9023,    35.6030","-0.0739,    10.6221","1.0520e+06, 7.4229e+07","4.40462,    6.40178","0.0000e+00, 0.0000e+00",,,,,,,,,,,,,,,,,F:\SK 307 CTD\Location 1 Rama buoy\Rama Buoy 1.hex,35094,3478,21.0,3.0,1.0,Dec 02 2013 19:37:01,,,9,29575,specified,seconds: 0.0416667,"Dec 02 2013 14:07:01 [System UTC, header]",-9.99e-29,"Dec 02 2013 20:18:58, 7.22.5 [datcnv_vars = 8]",F:\SK 307 CTD\Location 1 Rama buoy\Rama Buoy 1.hex C:\Program Files\Sea-Bird\CTD.con,0,yes,yes,ascii,1.0,9600.0,1.0,Norinco,Dec 02 2013 14:07:01,,,,,,,,,,,,,,,,,,,,,,,,,,,,,,,,,,,,,,,,,,,,,,,,,,,,,,,,,,,,,,,,,,,,,,,,,,,,,,,,,,,,,,,,,,,,,,
cast 1.cnv,SK-307_DATA,SK-307_DATA\SK 307 CTD\211213 1deg South\processed,Sea-Bird SBE 9 Data File,ORV Sagar Kanya,,,,,,,,,21-12-13 13:10:51,"prDM: Pressure, Digiquartz [db]","svCM: Sound Velocity [Chen-Millero, m/s]","t090C: Temperature [ITS-90, deg C]",c0S/m: Conductivity [S/m],"sal00: Salinity, Practical [PSU]","wetCDOM: Fluorescence, WET Labs CDOM [mg/m^3]","sbeox0ML/L: Oxygen, SBE 43 [ml/l]","oxsatML/L: Oxygen Saturation, Weiss [ml/l]",flag:  0.000e+00,,,,,,,,"1.464,    608.160","1495.14,    1542.97","8.7239,    28.8455","3.711986,   5.720591","26.3470,    35.3971","-0.0739,     0.5854","9.9678e+05, 4.1281e+07","4.44545,    6.50178","0.0000e+00, 0.0000e+00",,,,,,,,,,,,,,,,,F:\SK 307 CTD\211213 1deg north\cast 1.hex,35094,3478,21.0,3.0,1.0,Dec 21 2013 13:10:51,,,9,29540,specified,seconds: 0.0416667,"Dec 21 2013 07:40:51 [System UTC, header]",-9.99e-29,"Dec 21 2013 13:52:22, 7.22.5 [datcnv_vars = 8]",F:\SK 307 CTD\211213 1deg north\cast 1.hex C:\Program Files\Sea-Bird\CTD.con,0,yes,yes,ascii,1.0,9600.0,1.0,Norinco,Dec 21 2013 07:40:51,,,,,,,,,,,,,,,,,,,,,,,,,,,,,,,,,,,,,,,,,,,,,,,,,,,,,,,,,,,,,,,,,,,,,,,,,,,,,,,,,,,,,,,,,,,,,,
casst 1.cnv,SK-307_DATA,SK-307_DATA\SK 307 CTD\4 deg south 201213\processed,Sea-Bird SBE 9 Data File,ORV Sagar Kanya,,,,,,,,,20-12-13 13:33:02,"prDM: Pressure, Digiquartz [db]","svCM: Sound Velocity [Chen-Millero, m/s]","t090C: Temperature [ITS-90, deg C]",c0S/m: Conductivity [S/m],"sal00: Salinity, Practical [PSU]","wetCDOM: Fluorescence, WET Labs CDOM [mg/m^3]","sbeox0ML/L: Oxygen, SBE 43 [ml/l]","oxsatML/L: Oxygen Saturation, Weiss [ml/l]",flag:  0.000e+00,,,,,,,,"-3.889,    608.145","1493.80,    1541.82","8.4295,    28.6977","0.110477,   5.551599","0.5169,    35.4243","-0.6600,     1.3913","1.1608e+06, 4.6315e+07","4.46925,    6.54867","0.0000e+00, 0.0000e+00",,,,,,,,,,,,,,,,,F:\SK 307 CTD\4 deg south 201213\casst 1.hex,35094,3478,21.0,3.0,1.0,Dec 20 2013 13:33:02,,,9,25609,specified,seconds: 0.0416667,"Dec 20 2013 08:03:02 [System UTC, header]",-9.99e-29,"Dec 20 2013 14:09:51, 7.22.5 [datcnv_vars = 8]",F:\SK 307 CTD\4 deg south 201213\casst 1.hex C:\Program Files\Sea-Bird\CTD.con,0,yes,yes,ascii,1.0,9600.0,1.0,Norinco,Dec 20 2013 08:03:02,,,,,,,,,,,,,,,,,,,,,,,,,,,,,,,,,,,,,,,,,,,,,,,,,,,,,,,,,,,,,,,,,,,,,,,,,,,,,,,,,,,,,,,,,,,,,,
Rama Buoy 1.cnv,SK-307_DATA,SK-307_DATA\SK 307 CTD\french buoy 10.12.13\processed,Sea-Bird SBE 9 Data File,ORV Sagar Kanya,,,,,,,,,11-12-13 00:11:22,"prDM: Pressure, Digiquartz [db]","svCM: Sound Velocity [Chen-Millero, m/s]","t090C: Temperature [ITS-90, deg C]",c0S/m: Conductivity [S/m],"sal00: Salinity, Practical [PSU]","wetCDOM: Fluorescence, WET Labs CDOM [mg/m^3]","sbeox0ML/L: Oxygen, SBE 43 [ml/l]","oxsatML/L: Oxygen Saturation, Weiss [ml/l]",flag:  0.000e+00,,,,,,,,"-0.101,   2024.283","1491.19,    1543.48","2.5726,    29.1413","3.196410,   5.653897","34.2623,    35.4157","-0.1228,     2.0018","2.1573e+05, 4.2590e+07","4.42833,    7.53857","0.0000e+00, 0.0000e+00",,,,,,,,,,,,,,,,,F:\SK 307 CTD\french buoy\Rama Buoy 1.hex,35094,3478,21.0,3.0,1.0,Dec 11 2013 00:11:22,,,9,96381,specified,seconds: 0.0416667,"Dec 10 2013 18:41:22 [System UTC, header]",-9.99e-29,"Dec 11 2013 02:09:42, 7.22.5 [datcnv_vars = 8]",F:\SK 307 CTD\french buoy\Rama Buoy 1.hex C:\Program Files\Sea-Bird\CTD.con,0,yes,yes,ascii,1.0,9600.0,1.0,Norinco,Dec 10 2013 18:41:22,,,,,,,,,,,,,,,,,,,,,,,,,,,,,,,,,,,,,,,,,,,,,,,,,,,,,,,,,,,,,,,,,,,,,,,,,,,,,,,,,,,,,,,,,,,,,,
cast 1.cnv,SK-307_DATA,SK-307_DATA\SK 307 CTD\south 16(16.12.13)\processed,Sea-Bird SBE 9 Data File,ORV Sagar Kanya,,,,,,,,,16-12-13 19:41:04,"prDM: Pressure, Digiquartz [db]","svCM: Sound Velocity [Chen-Millero, m/s]","t090C: Temperature [ITS-90, deg C]",c0S/m: Conductivity [S/m],"sal00: Salinity, Practical [PSU]","wetCDOM: Fluorescence, WET Labs CDOM [mg/m^3]","sbeox0ML/L: Oxygen, SBE 43 [ml/l]","oxsatML/L: Oxygen Saturation, Weiss [ml/l]",flag:  0.000e+00,,,,,,,,"-1.158,    609.785","1492.70,    1540.65","8.1811,    27.6728","0.004880,   5.555475","0.0291,    35.6856","-0.1105,     4.5659","2.8563e+06, 4.4896e+07","4.53343,    6.59651","0.0000e+00, 0.0000e+00",,,,,,,,,,,,,,,,,F:\SK 307 CTD\south 16\cast 1.hex,35094,3478,21.0,3.0,1.0,Dec 16 2013 19:41:04,,,9,25892,specified,seconds: 0.0416667,"Dec 16 2013 14:11:04 [System UTC, header]",-9.99e-29,"Dec 16 2013 20:24:06, 7.22.5 [datcnv_vars = 8]",F:\SK 307 CTD\south 16\Raw\cast 1.hex C:\Program Files\Sea-Bird\CTD.con,0,yes,yes,ascii,1.0,9600.0,1.0,Norinco,Dec 16 2013 14:11:04,,,,,,,,,,,,,,,,,,,,,,,,,,,,,,,,,,,,,,,,,,,,,,,,,,,,,,,,,,,,,,,,,,,,,,,,,,,,,,,,,,,,,,,,,,,,,,
01.12.13.cnv,SK-307_DATA,SK-307_DATA\SK 307 TSG\processed,Sea-Bird SBE 21 Data File,orv sagar kanya,,,,,04 27.394 N,078 46.588 E,4.456567,78.776467,01-12-13 06:21:09,c0mS/cm: Conductivity [mS/cm],nbytes: Byte Count,latitude: Latitude [deg],"oxsolMg/L: Oxygen Saturation, Garcia & Gordon [mg/l]",longitude: Longitude [deg],"potemp090C: Potential Temperature [ITS-90, deg C]","sal00: Salinity, Practical [PSU]",scan: Scan Count,tsa: Thermosteric Anomaly [10^-8 * m^3/kg],flag:  0.000e+00,,,,,,,"-0.980611,  60.705677","28,      78204","1.56490,    4.45450","5.99028,    7.22522","78.77772,   80.65120","32.0281,    32.8720","0.0000,    34.7437","1,       2793","701.255,   3262.143","0.0000e+00, 0.0000e+00",,,,,,,,,,,,,,,,C:\TSG Datas\SK 307 TSG\01.12.13.hex,3332,3332,,,,Dec 01 2013 06:21:09,,,10,2793,specified,seconds: 10,"Dec 01 2013 02:19:55 [NMEA time, header]",-9.99e-29,"Dec 26 2013 13:23:31, 7.22.5 [datcnv_vars = 9]",C:\Users\user\Desktop\SK 307 TSG\01.12.13.hex C:\Users\user\Desktop\SK 307 TSG\01.12.13.CON,0,,,ascii,,,,,Dec 01 2013 00:51:09,Dec 01 2013 02:19:55,Append to Every Scan,10.0000 seconds,,,,,,,,,,,,,,,,,,,,,,,,,,,,,,,,,,,,,,,,,,,,,,,,,,,,,,,,,,,,,,,,,,,,,,,,,,,,,,,,,,,,,,,,,,,
02.12.13.cnv,SK-307_DATA,SK-307_DATA\SK 307 TSG\processed,Sea-Bird SBE 21 Data File,orv sagar kanya,,,,,01 33.890 N,080 39.070 E,1.564833,80.651167,02-12-13 05:38:10,c0mS/cm: Conductivity [mS/cm],nbytes: Byte Count,latitude: Latitude [deg],"oxsolMg/L: Oxygen Saturation, Garcia & Gordon [mg/l]",longitude: Longitude [deg],"potemp090C: Potential Temperature [ITS-90, deg C]","sal00: Salinity, Practical [PSU]",scan: Scan Count,tsa: Thermosteric Anomaly [10^-8 * m^3/kg],flag:  0.000e+00,,,,,,,"-0.987131,  60.709452","28,      17696","1.54534,    1.56474","5.99312,    7.30829","80.54804,   80.65328","31.9754,    32.7438","0.0000,    34.9551","1,        632","680.102,   3257.921","0.0000e+00, 0.0000e+00",,,,,,,,,,,,,,,,C:\TSG Datas\SK 307 TSG\02.12.13.hex,3332,3332,,,,Dec 02 2013 05:38:10,,,10,632,specified,seconds: 10,"Dec 02 2013 01:37:17 [NMEA time, header]",-9.99e-29,"Dec 26 2013 13:24:04, 7.22.5 [datcnv_vars = 9]",C:\Users\user\Desktop\SK 307 TSG\02.12.13.hex C:\Users\user\Desktop\SK 307 TSG\01.12.13.CON,0,,,ascii,,,,,Dec 02 2013 00:08:10,Dec 02 2013 01:37:17,Append to Every Scan,10.0000 seconds,,,,,,,,,,,,,,,,,,,,,,,,,,,,,,,,,,,,,,,,,,,,,,,,,,,,,,,,,,,,,,,,,,,,,,,,,,,,,,,,,,,,,,,,,,,
06.12.13.cnv,SK-307_DATA,SK-307_DATA\SK 307 TSG\processed,Sea-Bird SBE 21 Data File,,,,,,01 30.020 N,080 57.279 E,1.500333,80.95465,06-12-13 09:25:02,c0mS/cm: Conductivity [mS/cm],nbytes: Byte Count,latitude: Latitude [deg],"oxsolMg/L: Oxygen Saturation, Garcia & Gordon [mg/l]",longitude: Longitude [deg],"potemp090C: Potential Temperature [ITS-90, deg C]","sal00: Salinity, Practical [PSU]",scan: Scan Count,tsa: Thermosteric Anomaly [10^-8 * m^3/kg],flag:  0.000e+00,,,,,,,"58.902243,  60.383905","28,      71568","0.65132,    1.64094","6.10005,    6.23126","80.58322,   81.05440","29.8517,    31.2237","34.8659,    35.7623","1,       2556","550.753,    643.152","0.0000e+00, 0.0000e+00",,,,,,,,,,,,,,,,C:\TSG Datas\SK 307 TSG\06.12.13.hex,3332,3332,,,,Dec 06 2013 09:25:02,,,10,2556,specified,seconds: 10,"Dec 06 2013 05:23:49 [NMEA time, header]",-9.99e-29,"Dec 26 2013 13:24:25, 7.22.5 [datcnv_vars = 9]",C:\Users\user\Desktop\SK 307 TSG\06.12.13.hex C:\Users\user\Desktop\SK 307 TSG\01.12.13.CON,0,,,ascii,,,,,Dec 06 2013 03:55:02,Dec 06 2013 05:23:49,Append to Every Scan,10.0000 seconds,,,,,,,,,,,,,,,,,,,,,,,,,,,,,,,,,,,,,,,,,,,,,,,,,,,,,,,,,,,,,,,,,,,,,,,,,,,,,,,,,,,,,,,,,,,
07.12.13.cnv,SK-307_DATA,SK-307_DATA\SK 307 TSG\processed,Sea-Bird SBE 21 Data File,,,,,,00 38.976 N,080 40.515 E,0.6496,80.67525,07-12-13 06:44:03,c0mS/cm: Conductivity [mS/cm],nbytes: Byte Count,latitude: Latitude [deg],"oxsolMg/L: Oxygen Saturation, Garcia & Gordon [mg/l]",longitude: Longitude [deg],"potemp090C: Potential Temperature [ITS-90, deg C]","sal00: Salinity, Practical [PSU]",scan: Scan Count,tsa: Thermosteric Anomaly [10^-8 * m^3/kg],flag:  0.000e+00,,,,,,,"51.308934,  60.219659","28,     178668","-1.70070,    0.64794","6.10874,    6.97961","80.24746,   80.75976","23.0480,    31.1535","35.0197,    35.7789","1,       6381","342.703,    638.694","0.0000e+00, 0.0000e+00",,,,,,,,,,,,,,,,C:\TSG Datas\SK 307 TSG\07.12.13.hex,3332,3332,,,,Dec 07 2013 06:44:03,,,10,6381,specified,seconds: 10,"Dec 07 2013 02:42:56 [NMEA time, header]",-9.99e-29,"Dec 26 2013 13:24:25, 7.22.5 [datcnv_vars = 9]",C:\Users\user\Desktop\SK 307 TSG\07.12.13.hex C:\Users\user\Desktop\SK 307 TSG\01.12.13.CON,0,,,ascii,,,,,Dec 07 2013 01:14:03,Dec 07 2013 02:42:56,Append to Every Scan,10.0000 seconds,,,,,,,,,,,,,,,,,,,,,,,,,,,,,,,,,,,,,,,,,,,,,,,,,,,,,,,,,,,,,,,,,,,,,,,,,,,,,,,,,,,,,,,,,,,
09.12.13.cnv,SK-307_DATA,SK-307_DATA\SK 307 TSG\processed,Sea-Bird SBE 21 Data File,,,,,,01 34.577 S,080 24.365 E,-1.576283,80.406083,09-12-13 11:55:33,c0mS/cm: Conductivity [mS/cm],nbytes: Byte Count,latitude: Latitude [deg],"oxsolMg/L: Oxygen Saturation, Garcia & Gordon [mg/l]",longitude: Longitude [deg],"potemp090C: Potential Temperature [ITS-90, deg C]","sal00: Salinity, Practical [PSU]",scan: Scan Count,tsa: Thermosteric Anomaly [10^-8 * m^3/kg],flag:  0.000e+00,,,,,,,"51.478389,  52.374055","28,      63084","-3.39202,   -1.55120","6.86915,    6.98020","80.39782,   80.49968","23.1493,    24.1006","35.1568,    35.2902","1,       2253","380.124,    414.710","0.0000e+00, 0.0000e+00",,,,,,,,,,,,,,,,C:\TSG Datas\SK 307 TSG\09.12.13.hex,3332,3332,,,,Dec 09 2013 11:55:33,,,10,2253,specified,seconds: 10,"Dec 09 2013 07:54:23 [NMEA time, header]",-9.99e-29,"Dec 26 2013 13:24:26, 7.22.5 [datcnv_vars = 9]",C:\Users\user\Desktop\SK 307 TSG\09.12.13.hex C:\Users\user\Desktop\SK 307 TSG\01.12.13.CON,0,,,ascii,,,,,Dec 09 2013 06:25:33,Dec 09 2013 07:54:23,Append to Every Scan,10.0000 seconds,,,,,,,,,,,,,,,,,,,,,,,,,,,,,,,,,,,,,,,,,,,,,,,,,,,,,,,,,,,,,,,,,,,,,,,,,,,,,,,,,,,,,,,,,,,
10.12.13.cnv,SK-307_DATA,SK-307_DATA\SK 307 TSG\processed,Sea-Bird SBE 21 Data File,,,,,,03 23.617 S,080 29.011 E,-3.393617,80.483517,10-12-13 08:11:15,c0mS/cm: Conductivity [mS/cm],nbytes: Byte Count,latitude: Latitude [deg],"oxsolMg/L: Oxygen Saturation, Garcia & Gordon [mg/l]",longitude: Longitude [deg],"potemp090C: Potential Temperature [ITS-90, deg C]","sal00: Salinity, Practical [PSU]",scan: Scan Count,tsa: Thermosteric Anomaly [10^-8 * m^3/kg],flag:  0.000e+00,,,,,,,"-0.881509,  60.709341","28,      60312","-4.00464,   -3.39532","5.91024,    7.76625","80.48278,   80.53854","22.8789,    36.5967","0.0000,    35.4654","1,       2154","373.587,   3328.140","0.0000e+00, 0.0000e+00",,,,,,,,,,,,,,,,C:\TSG Datas\SK 307 TSG\10.12.13.hex,3332,3332,,,,Dec 10 2013 08:11:15,,,10,2154,specified,seconds: 10,"Dec 10 2013 02:41:53 [NMEA time, header]",-9.99e-29,"Dec 26 2013 13:24:26, 7.22.5 [datcnv_vars = 9]",C:\Users\user\Desktop\SK 307 TSG\10.12.13.hex C:\Users\user\Desktop\SK 307 TSG\01.12.13.CON,0,,,ascii,,,,,Dec 10 2013 02:41:15,Dec 10 2013 02:41:53,Append to Every Scan,10.0000 seconds,,,,,,,,,,,,,,,,,,,,,,,,,,,,,,,,,,,,,,,,,,,,,,,,,,,,,,,,,,,,,,,,,,,,,,,,,,,,,,,,,,,,,,,,,,,
12.12.13.cnv,SK-307_DATA,SK-307_DATA\SK 307 TSG\processed,Sea-Bird SBE 21 Data File,,,,,,03 59.165 S,080 31.540 E,-3.986083,80.525667,11-12-13 02:09:15,c0mS/cm: Conductivity [mS/cm],nbytes: Byte Count,latitude: Latitude [deg],"oxsolMg/L: Oxygen Saturation, Garcia & Gordon [mg/l]",longitude: Longitude [deg],"potemp090C: Potential Temperature [ITS-90, deg C]","sal00: Salinity, Practical [PSU]",scan: Scan Count,tsa: Thermosteric Anomaly [10^-8 * m^3/kg],flag:  0.000e+00,,,,,,,"55.739845,  59.642466","28,     351008","-13.67790,   -3.98268","6.08903,    6.27127","80.35288,   81.46560","29.6639,    31.6054","32.5933,    35.4862","1,      12536","571.202,    812.039","0.0000e+00, 0.0000e+00",,,,,,,,,,,,,,,,C:\TSG Datas\SK 307 TSG\12.12.13.hex,3332,3332,,,,Dec 11 2013 02:09:15,,,10,12536,specified,seconds: 10,"Dec 10 2013 20:39:59 [NMEA time, header]",-9.99e-29,"Dec 26 2013 13:24:27, 7.22.5 [datcnv_vars = 9]",C:\Users\user\Desktop\SK 307 TSG\12.12.13.hex C:\Users\user\Desktop\SK 307 TSG\01.12.13.CON,0,,,ascii,,,,,Dec 10 2013 20:39:15,Dec 10 2013 20:39:59,Append to Every Scan,10.0000 seconds,,,,,,,,,,,,,,,,,,,,,,,,,,,,,,,,,,,,,,,,,,,,,,,,,,,,,,,,,,,,,,,,,,,,,,,,,,,,,,,,,,,,,,,,,,,
15.12.13.cnv,SK-307_DATA,SK-307_DATA\SK 307 TSG\processed,Sea-Bird SBE 21 Data File,,,,,,13 40.764 S,081 27.966 E,-13.6794,81.4661,15-12-13 10:38:17,c0mS/cm: Conductivity [mS/cm],nbytes: Byte Count,latitude: Latitude [deg],"oxsolMg/L: Oxygen Saturation, Garcia & Gordon [mg/l]",longitude: Longitude [deg],"potemp090C: Potential Temperature [ITS-90, deg C]","sal00: Salinity, Practical [PSU]",scan: Scan Count,tsa: Thermosteric Anomaly [10^-8 * m^3/kg],flag:  0.000e+00,,,,,,,"58.198161,  59.892073","28,      75096","-16.09756,  -13.68082","6.08801,    6.23778","80.48696,   81.49536","29.9843,    31.5944","34.7300,    35.0283","1,       2682","608.065,    679.602","0.0000e+00, 0.0000e+00",,,,,,,,,,,,,,,,C:\TSG Datas\SK 307 TSG\15.12.13.hex,3332,3332,,,,Dec 15 2013 10:38:17,,,10,2682,specified,seconds: 10,"Dec 15 2013 05:08:56 [NMEA time, header]",-9.99e-29,"Dec 26 2013 13:24:28, 7.22.5 [datcnv_vars = 9]",C:\Users\user\Desktop\SK 307 TSG\15.12.13.hex C:\Users\user\Desktop\SK 307 TSG\01.12.13.CON,0,,,ascii,,,,,Dec 15 2013 05:08:17,Dec 15 2013 05:08:56,Append to Every Scan,10.0000 seconds,,,,,,,,,,,,,,,,,,,,,,,,,,,,,,,,,,,,,,,,,,,,,,,,,,,,,,,,,,,,,,,,,,,,,,,,,,,,,,,,,,,,,,,,,,,
16.12.13.cnv,SK-307_DATA,SK-307_DATA\SK 307 TSG\processed,Sea-Bird SBE 21 Data File,,,,,,16 05.323 S,080 29.207 E,-16.088717,80.486783,16-12-13 09:00:17,c0mS/cm: Conductivity [mS/cm],nbytes: Byte Count,latitude: Latitude [deg],"oxsolMg/L: Oxygen Saturation, Garcia & Gordon [mg/l]",longitude: Longitude [deg],"potemp090C: Potential Temperature [ITS-90, deg C]","sal00: Salinity, Practical [PSU]",scan: Scan Count,tsa: Thermosteric Anomaly [10^-8 * m^3/kg],flag:  0.000e+00,,,,,,,"58.328136,  59.977499","28,      91392","-16.08930,  -13.86166","6.07919,    6.23579","80.45818,   80.53298","29.8713,    31.6356","34.6239,    35.3713","1,       3264","576.715,    668.547","0.0000e+00, 0.0000e+00",,,,,,,,,,,,,,,,C:\TSG Datas\SK 307 TSG\16.12.13.hex,3332,3332,,,,Dec 16 2013 09:00:17,,,10,3264,specified,seconds: 10,"Dec 16 2013 03:30:50 [NMEA time, header]",-9.99e-29,"Dec 26 2013 13:24:28, 7.22.5 [datcnv_vars = 9]",C:\Users\user\Desktop\SK 307 TSG\16.12.13.hex C:\Users\user\Desktop\SK 307 TSG\01.12.13.CON,0,,,ascii,,,,,Dec 16 2013 03:30:17,Dec 16 2013 03:30:50,Append to Every Scan,10.0000 seconds,,,,,,,,,,,,,,,,,,,,,,,,,,,,,,,,,,,,,,,,,,,,,,,,,,,,,,,,,,,,,,,,,,,,,,,,,,,,,,,,,,,,,,,,,,,
17.12.13.cnv,SK-307_DATA,SK-307_DATA\SK 307 TSG\processed,Sea-Bird SBE 21 Data File,,,,,,13 51.655 S,080 28.236 E,-13.860917,80.4706,17-12-13 12:12:48,c0mS/cm: Conductivity [mS/cm],nbytes: Byte Count,latitude: Latitude [deg],"oxsolMg/L: Oxygen Saturation, Garcia & Gordon [mg/l]",longitude: Longitude [deg],"potemp090C: Potential Temperature [ITS-90, deg C]","sal00: Salinity, Practical [PSU]",scan: Scan Count,tsa: Thermosteric Anomaly [10^-8 * m^3/kg],flag:  0.000e+00,,,,,,,"57.584249,  60.444609","28,      72800","-13.85944,  -10.61466","6.03470,    6.15539","80.44856,   80.47138","31.2686,    32.1275","33.5636,    34.9351","1,       2600","666.738,    754.323","0.0000e+00, 0.0000e+00",,,,,,,,,,,,,,,,C:\TSG Datas\SK 307 TSG\17.12.13.hex,3332,3332,,,,Dec 17 2013 12:12:48,,,10,2600,specified,seconds: 10,"Dec 17 2013 06:43:31 [NMEA time, header]",-9.99e-29,"Dec 26 2013 13:24:29, 7.22.5 [datcnv_vars = 9]",C:\Users\user\Desktop\SK 307 TSG\17.12.13.hex C:\Users\user\Desktop\SK 307 TSG\01.12.13.CON,0,,,ascii,,,,,Dec 17 2013 06:42:48,Dec 17 2013 06:43:31,Append to Every Scan,10.0000 seconds,,,,,,,,,,,,,,,,,,,,,,,,,,,,,,,,,,,,,,,,,,,,,,,,,,,,,,,,,,,,,,,,,,,,,,,,,,,,,,,,,,,,,,,,,,,
19.12.13.cnv,SK-307_DATA,SK-307_DATA\SK 307 TSG\processed,Sea-Bird SBE 21 Data File,,,,,,10 36.780 S,080 26.979 E,-10.613,80.44965,18-12-13 09:53:48,c0mS/cm: Conductivity [mS/cm],nbytes: Byte Count,latitude: Latitude [deg],"oxsolMg/L: Oxygen Saturation, Garcia & Gordon [mg/l]",longitude: Longitude [deg],"potemp090C: Potential Temperature [ITS-90, deg C]","sal00: Salinity, Practical [PSU]",scan: Scan Count,tsa: Thermosteric Anomaly [10^-8 * m^3/kg],flag:  0.000e+00,,,,,,,"53.896466,  58.967541","28,      79856","-10.61158,   -7.76176","6.07487,    6.24368","80.42686,   80.45170","31.0862,    32.0009","31.2140,    34.1460","1,       2852","723.281,    920.257","0.0000e+00, 0.0000e+00",,,,,,,,,,,,,,,,C:\TSG Datas\SK 307 TSG\19.12.13.hex,3332,3332,,,,Dec 18 2013 09:53:48,,,10,2852,specified,seconds: 10,"Dec 18 2013 04:24:29 [NMEA time, header]",-9.99e-29,"Dec 26 2013 13:24:29, 7.22.5 [datcnv_vars = 9]",C:\Users\user\Desktop\SK 307 TSG\19.12.13.hex C:\Users\user\Desktop\SK 307 TSG\01.12.13.CON,0,,,ascii,,,,,Dec 18 2013 04:23:48,Dec 18 2013 04:24:29,Append to Every Scan,10.0000 seconds,,,,,,,,,,,,,,,,,,,,,,,,,,,,,,,,,,,,,,,,,,,,,,,,,,,,,,,,,,,,,,,,,,,,,,,,,,,,,,,,,,,,,,,,,,,
20.12.13.cnv,SK-307_DATA,SK-307_DATA\SK 307 TSG\processed,Sea-Bird SBE 21 Data File,,,,,,07 45.592 S,080 26.001 E,-7.759867,80.43335,19-12-13 09:40:48,c0mS/cm: Conductivity [mS/cm],nbytes: Byte Count,latitude: Latitude [deg],"oxsolMg/L: Oxygen Saturation, Garcia & Gordon [mg/l]",longitude: Longitude [deg],"potemp090C: Potential Temperature [ITS-90, deg C]","sal00: Salinity, Practical [PSU]",scan: Scan Count,tsa: Thermosteric Anomaly [10^-8 * m^3/kg],flag:  0.000e+00,,,,,,,"-0.995538,  60.707628","28,     172564","-7.75796,   -1.49494","6.02314,    7.28150","80.43342,   80.55562","29.8808,    32.3241","0.0000,    35.0043","1,       6163","630.828,   3244.197","0.0000e+00, 0.0000e+00",,,,,,,,,,,,,,,,C:\TSG Datas\SK 307 TSG\20.12.13.hex,3332,3332,,,,Dec 19 2013 09:40:48,,,10,6163,specified,seconds: 10,"Dec 19 2013 04:11:25 [NMEA time, header]",-9.99e-29,"Dec 26 2013 13:24:30, 7.22.5 [datcnv_vars = 9]",C:\Users\user\Desktop\SK 307 TSG\20.12.13.hex C:\Users\user\Desktop\SK 307 TSG\01.12.13.CON,0,,,ascii,,,,,Dec 19 2013 04:10:48,Dec 19 2013 04:11:25,Append to Every Scan,10.0000 seconds,,,,,,,,,,,,,,,,,,,,,,,,,,,,,,,,,,,,,,,,,,,,,,,,,,,,,,,,,,,,,,,,,,,,,,,,,,,,,,,,,,,,,,,,,,,
21.12.13.cnv,SK-307_DATA,SK-307_DATA\SK 307 TSG\processed,Sea-Bird SBE 21 Data File,,,,,,01 26.955 S,080 31.542 E,-1.44925,80.5257,21-12-13 15:49:11,c0mS/cm: Conductivity [mS/cm],nbytes: Byte Count,latitude: Latitude [deg],"oxsolMg/L: Oxygen Saturation, Garcia & Gordon [mg/l]",longitude: Longitude [deg],"potemp090C: Potential Temperature [ITS-90, deg C]","sal00: Salinity, Practical [PSU]",scan: Scan Count,tsa: Thermosteric Anomaly [10^-8 * m^3/kg],flag:  0.000e+00,,,,,,,"-0.874716,  60.327908","28,      62356","-1.44720,    1.05312","6.12627,    7.37097","80.52476,   80.56962","29.7981,    32.0766","0.0000,    35.6885","1,       2227","573.081,   3236.179","0.0000e+00, 0.0000e+00",,,,,,,,,,,,,,,,C:\TSG Datas\SK 307 TSG\21.12.13.hex,3332,3332,,,,Dec 21 2013 15:49:11,,,10,2227,specified,seconds: 10,"Dec 21 2013 10:19:39 [NMEA time, header]",-9.99e-29,"Dec 26 2013 13:24:30, 7.22.5 [datcnv_vars = 9]",C:\Users\user\Desktop\SK 307 TSG\21.12.13.hex C:\Users\user\Desktop\SK 307 TSG\01.12.13.CON,0,,,ascii,,,,,Dec 21 2013 10:19:11,Dec 21 2013 10:19:39,Append to Every Scan,10.0000 seconds,,,,,,,,,,,,,,,,,,,,,,,,,,,,,,,,,,,,,,,,,,,,,,,,,,,,,,,,,,,,,,,,,,,,,,,,,,,,,,,,,,,,,,,,,,,
22.12.13.cnv,SK-307_DATA,SK-307_DATA\SK 307 TSG\processed,Sea-Bird SBE 21 Data File,,,,,,01 03.295 N,080 34.184 E,1.054917,80.569733,22-12-13 10:23:41,c0mS/cm: Conductivity [mS/cm],nbytes: Byte Count,latitude: Latitude [deg],"oxsolMg/L: Oxygen Saturation, Garcia & Gordon [mg/l]",longitude: Longitude [deg],"potemp090C: Potential Temperature [ITS-90, deg C]","sal00: Salinity, Practical [PSU]",scan: Scan Count,tsa: Thermosteric Anomaly [10^-8 * m^3/kg],flag:  0.000e+00,,,,,,,"55.428383,  59.559919","28,      80136","1.05664,    1.90566","6.15398,    6.58138","80.56984,   80.81240","26.4962,    30.7340","35.2046,    35.7669","1,       2862","449.463,    611.984","0.0000e+00, 0.0000e+00",,,,,,,,,,,,,,,,C:\TSG Datas\SK 307 TSG\22.12.13.hex,3332,3332,,,,Dec 22 2013 10:23:41,,,10,2862,specified,seconds: 10,"Dec 22 2013 04:54:16 [NMEA time, header]",-9.99e-29,"Dec 26 2013 13:24:31, 7.22.5 [datcnv_vars = 9]",C:\Users\user\Desktop\SK 307 TSG\22.12.13.hex C:\Users\user\Desktop\SK 307 TSG\01.12.13.CON,0,,,ascii,,,,,Dec 22 2013 04:53:41,Dec 22 2013 04:54:16,Append to Every Scan,10.0000 seconds,,,,,,,,,,,,,,,,,,,,,,,,,,,,,,,,,,,,,,,,,,,,,,,,,,,,,,,,,,,,,,,,,,,,,,,,,,,,,,,,,,,,,,,,,,,
23.12.13.cnv,SK-307_DATA,SK-307_DATA\SK 307 TSG\processed,Sea-Bird SBE 21 Data File,,,,,,01 58.169 N,080 50.729 E,1.969483,80.845483,23-12-13 10:45:42,c0mS/cm: Conductivity [mS/cm],nbytes: Byte Count,latitude: Latitude [deg],"oxsolMg/L: Oxygen Saturation, Garcia & Gordon [mg/l]",longitude: Longitude [deg],"potemp090C: Potential Temperature [ITS-90, deg C]","sal00: Salinity, Practical [PSU]",scan: Scan Count,tsa: Thermosteric Anomaly [10^-8 * m^3/kg],flag:  0.000e+00,,,,,,,"58.865115,  60.574758","28,     102844","1.97074,    5.67834","6.04207,    6.13128","80.84616,   82.25208","30.9772,    32.0801","34.3309,    35.4442","1,       3673","617.997,    704.130","0.0000e+00, 0.0000e+00",,,,,,,,,,,,,,,,C:\TSG Datas\SK 307 TSG\23.12.13.hex,3332,3332,,,,Dec 23 2013 10:45:42,,,10,3673,specified,seconds: 10,"Dec 23 2013 05:16:23 [NMEA time, header]",-9.99e-29,"Dec 26 2013 13:24:31, 7.22.5 [datcnv_vars = 9]",C:\Users\user\Desktop\SK 307 TSG\23.12.13.hex C:\Users\user\Desktop\SK 307 TSG\01.12.13.CON,0,,,ascii,,,,,Dec 23 2013 05:15:42,Dec 23 2013 05:16:23,Append to Every Scan,10.0000 seconds,,,,,,,,,,,,,,,,,,,,,,,,,,,,,,,,,,,,,,,,,,,,,,,,,,,,,,,,,,,,,,,,,,,,,,,,,,,,,,,,,,,,,,,,,,,
24.12.13.cnv,SK-307_DATA,SK-307_DATA\SK 307 TSG\processed,Sea-Bird SBE 21 Data File,,,,,,05 40.774 N,082 15.153 E,5.679567,82.25255,24-12-13 17:23:12,c0mS/cm: Conductivity [mS/cm],nbytes: Byte Count,latitude: Latitude [deg],"oxsolMg/L: Oxygen Saturation, Garcia & Gordon [mg/l]",longitude: Longitude [deg],"potemp090C: Potential Temperature [ITS-90, deg C]","sal00: Salinity, Practical [PSU]",scan: Scan Count,tsa: Thermosteric Anomaly [10^-8 * m^3/kg],flag:  0.000e+00,,,,,,,"52.548877,  60.062004","28,      83748","5.68128,    8.50150","6.05833,    6.58032","82.25318,   82.79960","27.3141,    31.9002","32.1017,    34.7952","1,       2991","618.055,    796.219","0.0000e+00, 0.0000e+00",,,,,,,,,,,,,,,,C:\TSG Datas\SK 307 TSG\24.12.13.hex,3332,3332,,,,Dec 24 2013 17:23:12,,,10,2991,specified,seconds: 10,"Dec 24 2013 11:53:38 [NMEA time, header]",-9.99e-29,"Dec 26 2013 13:24:32, 7.22.5 [datcnv_vars = 9]",C:\Users\user\Desktop\SK 307 TSG\24.12.13.hex C:\Users\user\Desktop\SK 307 TSG\01.12.13.CON,0,,,ascii,,,,,Dec 24 2013 11:53:12,Dec 24 2013 11:53:38,Append to Every Scan,10.0000 seconds,,,,,,,,,,,,,,,,,,,,,,,,,,,,,,,,,,,,,,,,,,,,,,,,,,,,,,,,,,,,,,,,,,,,,,,,,,,,,,,,,,,,,,,,,,,
25.12.13.cnv,SK-307_DATA,SK-307_DATA\SK 307 TSG\processed,Sea-Bird SBE 21 Data File,,,,,,08 30.172 N,082 23.293 E,8.502867,82.388217,25-12-13 18:19:43,c0mS/cm: Conductivity [mS/cm],nbytes: Byte Count,latitude: Latitude [deg],"oxsolMg/L: Oxygen Saturation, Garcia & Gordon [mg/l]",longitude: Longitude [deg],"potemp090C: Potential Temperature [ITS-90, deg C]","sal00: Salinity, Practical [PSU]",scan: Scan Count,tsa: Thermosteric Anomaly [10^-8 * m^3/kg],flag:  0.000e+00,,,,,,,"54.879260,  55.529494","28,      63616","8.50470,   10.90970","6.28663,    6.31477","81.31614,   82.38744","29.9326,    30.2530","32.6004,    33.0701","1,       2272","747.388,    786.257","0.0000e+00, 0.0000e+00",,,,,,,,,,,,,,,,C:\TSG Datas\SK 307 TSG\25.12.13.hex,3332,3332,,,,Dec 25 2013 18:19:43,,,10,2272,specified,seconds: 10,"Dec 25 2013 12:50:08 [NMEA time, header]",-9.99e-29,"Dec 26 2013 13:24:32, 7.22.5 [datcnv_vars = 9]",C:\Users\user\Desktop\SK 307 TSG\25.12.13.hex C:\Users\user\Desktop\SK 307 TSG\01.12.13.CON,0,,,ascii,,,,,Dec 25 2013 12:49:43,Dec 25 2013 12:50:08,Append to Every Scan,10.0000 seconds,,,,,,,,,,,,,,,,,,,,,,,,,,,,,,,,,,,,,,,,,,,,,,,,,,,,,,,,,,,,,,,,,,,,,,,,,,,,,,,,,,,,,,,,,,,
28.11.13.cnv,SK-307_DATA,SK-307_DATA\SK 307 TSG\processed,Sea-Bird SBE 21 Data File,,,,,,13 30.595 N,074 03.524 E,13.509917,74.058733,28-11-13 04:14:18,c0mS/cm: Conductivity [mS/cm],nbytes: Byte Count,latitude: Latitude [deg],"oxsolMg/L: Oxygen Saturation, Garcia & Gordon [mg/l]",longitude: Longitude [deg],"potemp090C: Potential Temperature [ITS-90, deg C]","sal00: Salinity, Practical [PSU]",scan: Scan Count,tsa: Thermosteric Anomaly [10^-8 * m^3/kg],flag:  0.000e+00,,,,,,,"58.119450,  60.690569","28,       9240","13.10558,   13.50816","6.06644,    6.28508","74.05960,   74.23782","29.4121,    31.6002","34.8928,    35.4581","1,        330","568.457,    635.489","0.0000e+00, 0.0000e+00",,,,,,,,,,,,,,,,C:\TSG Datas\SK 307 TSG\28.11.13.hex,3332,3332,,,,Nov 28 2013 04:14:18,,,10,330,specified,seconds: 10,"Nov 28 2013 04:13:18 [NMEA time, header]",-9.99e-29,"Dec 26 2013 13:24:33, 7.22.5 [datcnv_vars = 9]",C:\Users\user\Desktop\SK 307 TSG\28.11.13.hex C:\Users\user\Desktop\SK 307 TSG\01.12.13.CON,0,,,ascii,,,,,Nov 27 2013 22:44:18,Nov 28 2013 04:13:18,Append to Every Scan,10.0000 seconds,,,,,,,,,,,,,,,,,,,,,,,,,,,,,,,,,,,,,,,,,,,,,,,,,,,,,,,,,,,,,,,,,,,,,,,,,,,,,,,,,,,,,,,,,,,
29.11.13.cnv,SK-307_DATA,SK-307_DATA\SK 307 TSG\processed,Sea-Bird SBE 21 Data File,orv sagar kanya,,,,,10 00.668 N,075 36.700 E,10.011133,75.611667,29-11-13 04:22:11,c0mS/cm: Conductivity [mS/cm],nbytes: Byte Count,latitude: Latitude [deg],"oxsolMg/L: Oxygen Saturation, Garcia & Gordon [mg/l]",longitude: Longitude [deg],"potemp090C: Potential Temperature [ITS-90, deg C]","sal00: Salinity, Practical [PSU]",scan: Scan Count,tsa: Thermosteric Anomaly [10^-8 * m^3/kg],flag:  0.000e+00,,,,,,,"-0.996465,  60.708577","28,      75040","7.36158,   10.00964","6.03045,    7.30294","75.61260,   77.08566","31.5025,    32.1222","0.0000,    35.3822","1,       2680","631.149,   3235.917","0.0000e+00, 0.0000e+00",,,,,,,,,,,,,,,,C:\TSG Datas\SK 307 TSG\29.11.13.hex,3332,3332,,,,Nov 29 2013 04:22:11,,,10,2680,specified,seconds: 10,"Nov 29 2013 04:21:13 [NMEA time, header]",-9.99e-29,"Dec 26 2013 13:24:33, 7.22.5 [datcnv_vars = 9]",C:\Users\user\Desktop\SK 307 TSG\29.11.13.hex C:\Users\user\Desktop\SK 307 TSG\01.12.13.CON,0,,,ascii,,,,,Nov 28 2013 22:52:11,Nov 29 2013 04:21:13,Append to Every Scan,10.0000 seconds,,,,,,,,,,,,,,,,,,,,,,,,,,,,,,,,,,,,,,,,,,,,,,,,,,,,,,,,,,,,,,,,,,,,,,,,,,,,,,,,,,,,,,,,,,,
30.11.13.cnv,SK-307_DATA,SK-307_DATA\SK 307 TSG\processed,Sea-Bird SBE 21 Data File,orv sagar kanya,,,,,07 21.557 N,077 05.249 E,7.359283,77.087483,30-11-13 02:43:42,c0mS/cm: Conductivity [mS/cm],nbytes: Byte Count,latitude: Latitude [deg],"oxsolMg/L: Oxygen Saturation, Garcia & Gordon [mg/l]",longitude: Longitude [deg],"potemp090C: Potential Temperature [ITS-90, deg C]","sal00: Salinity, Practical [PSU]",scan: Scan Count,tsa: Thermosteric Anomaly [10^-8 * m^3/kg],flag:  0.000e+00,,,,,,,"53.217167,  57.164967","28,      50820","5.54942,    7.35772","6.12408,    6.23785","77.08872,   78.15018","31.3095,    32.4046","30.2232,    32.9374","1,       1815","816.970,   1023.198","0.0000e+00, 0.0000e+00",,,,,,,,,,,,,,,,C:\TSG Datas\SK 307 TSG\30.11.13.hex,3332,3332,,,,Nov 30 2013 02:43:42,,,10,1815,specified,seconds: 10,"Nov 30 2013 02:42:32 [NMEA time, header]",-9.99e-29,"Dec 26 2013 13:24:34, 7.22.5 [datcnv_vars = 9]",C:\Users\user\Desktop\SK 307 TSG\30.11.13.hex C:\Users\user\Desktop\SK 307 TSG\01.12.13.CON,0,,,ascii,,,,,Nov 29 2013 21:13:42,Nov 30 2013 02:42:32,Append to Every Scan,10.0000 seconds,,,,,,,,,,,,,,,,,,,,,,,,,,,,,,,,,,,,,,,,,,,,,,,,,,,,,,,,,,,,,,,,,,,,,,,,,,,,,,,,,,,,,,,,,,,
4.12.13.cnv,SK-307_DATA,SK-307_DATA\SK 307 TSG\processed,Sea-Bird SBE 21 Data File,,,,,,00 04.089 N,080 34.075 E,0.06815,80.567917,04-12-13 10:23:32,c0mS/cm: Conductivity [mS/cm],nbytes: Byte Count,latitude: Latitude [deg],"oxsolMg/L: Oxygen Saturation, Garcia & Gordon [mg/l]",longitude: Longitude [deg],"potemp090C: Potential Temperature [ITS-90, deg C]","sal00: Salinity, Practical [PSU]",scan: Scan Count,tsa: Thermosteric Anomaly [10^-8 * m^3/kg],flag:  0.000e+00,,,,,,,"58.651680,  59.176486","28,      75068","0.06370,    0.19120","6.16993,    6.20083","80.49062,   81.18664","30.3755,    30.6340","34.9137,    35.1419","1,       2681","612.458,    629.094","0.0000e+00, 0.0000e+00",,,,,,,,,,,,,,,,C:\TSG Datas\SK 307 TSG\4.12.13.hex,3332,3332,,,,Dec 04 2013 10:23:32,,,10,2681,specified,seconds: 10,"Dec 04 2013 06:22:24 [NMEA time, header]",-9.99e-29,"Dec 26 2013 13:24:34, 7.22.5 [datcnv_vars = 9]",C:\Users\user\Desktop\SK 307 TSG\4.12.13.hex C:\Users\user\Desktop\SK 307 TSG\01.12.13.CON,0,,,ascii,,,,,Dec 04 2013 04:53:32,Dec 04 2013 06:22:24,Append to Every Scan,10.0000 seconds,,,,,,,,,,,,,,,,,,,,,,,,,,,,,,,,,,,,,,,,,,,,,,,,,,,,,,,,,,,,,,,,,,,,,,,,,,,,,,,,,,,,,,,,,,,
5.12.13.cnv,SK-307_DATA,SK-307_DATA\SK 307 TSG\processed,Sea-Bird SBE 21 Data File,,,,,,00 11.139 N,081 08.141 E,0.18565,81.135683,05-12-13 08:45:02,c0mS/cm: Conductivity [mS/cm],nbytes: Byte Count,latitude: Latitude [deg],"oxsolMg/L: Oxygen Saturation, Garcia & Gordon [mg/l]",longitude: Longitude [deg],"potemp090C: Potential Temperature [ITS-90, deg C]","sal00: Salinity, Practical [PSU]",scan: Scan Count,tsa: Thermosteric Anomaly [10^-8 * m^3/kg],flag:  0.000e+00,,,,,,,"58.729487,  60.106715","28,      82796","-0.02926,    1.49794","6.13690,    6.19208","80.48780,   81.13544","30.2761,    30.8487","34.8675,    35.6001","1,       2957","579.111,    634.657","0.0000e+00, 0.0000e+00",,,,,,,,,,,,,,,,C:\TSG Datas\SK 307 TSG\5.12.13.hex,3332,3332,,,,Dec 05 2013 08:45:02,,,10,2957,specified,seconds: 10,"Dec 05 2013 04:43:53 [NMEA time, header]",-9.99e-29,"Dec 26 2013 13:24:35, 7.22.5 [datcnv_vars = 9]",C:\Users\user\Desktop\SK 307 TSG\5.12.13.hex C:\Users\user\Desktop\SK 307 TSG\01.12.13.CON,0,,,ascii,,,,,Dec 05 2013 03:15:02,Dec 05 2013 04:43:53,Append to Every Scan,10.0000 seconds,,,,,,,,,,,,,,,,,,,,,,,,,,,,,,,,,,,,,,,,,,,,,,,,,,,,,,,,,,,,,,,,,,,,,,,,,,,,,,,,,,,,,,,,,,,
phase 2 02.12.13.cnv,SK-307_DATA,SK-307_DATA\SK 307 TSG\processed,Sea-Bird SBE 21 Data File,,,,,,01 32.484 N,080 33.806 E,1.5414,80.563433,02-12-13 11:48:01,c0mS/cm: Conductivity [mS/cm],nbytes: Byte Count,latitude: Latitude [deg],"oxsolMg/L: Oxygen Saturation, Garcia & Gordon [mg/l]",longitude: Longitude [deg],"potemp090C: Potential Temperature [ITS-90, deg C]","sal00: Salinity, Practical [PSU]",scan: Scan Count,tsa: Thermosteric Anomaly [10^-8 * m^3/kg],flag:  0.000e+00,,,,,,,"52.417358,  59.649189","28,     156492","0.06834,    1.58174","6.16453,    6.66707","80.53028,   80.73710","26.4407,    30.6092","33.4433,    35.5642","1,       5589","503.941,    624.650","0.0000e+00, 0.0000e+00",,,,,,,,,,,,,,,,C:\TSG Datas\SK 307 TSG\phase 2 02.12.13.hex,3332,3332,,,,Dec 02 2013 11:48:01,,,10,5589,specified,seconds: 10,"Dec 02 2013 07:47:05 [NMEA time, header]",-9.99e-29,"Dec 26 2013 13:24:35, 7.22.5 [datcnv_vars = 9]",C:\Users\user\Desktop\SK 307 TSG\phase 2 02.12.13.hex C:\Users\user\Desktop\SK 307 TSG\01.12.13.CON,0,,,ascii,,,,,Dec 02 2013 06:18:01,Dec 02 2013 07:47:05,Append to Every Scan,10.0000 seconds,,,,,,,,,,,,,,,,,,,,,,,,,,,,,,,,,,,,,,,,,,,,,,,,,,,,,,,,,,,,,,,,,,,,,,,,,,,,,,,,,,,,,,,,,,,
phase 2 28.11.13.cnv,SK-307_DATA,SK-307_DATA\SK 307 TSG\processed,Sea-Bird SBE 21 Data File,orv sagar kanya,,,,,12 24.445 N,074 33.304 E,12.407417,74.555067,28-11-13 11:56:11,c0mS/cm: Conductivity [mS/cm],nbytes: Byte Count,latitude: Latitude [deg],"oxsolMg/L: Oxygen Saturation, Garcia & Gordon [mg/l]",longitude: Longitude [deg],"potemp090C: Potential Temperature [ITS-90, deg C]","sal00: Salinity, Practical [PSU]",scan: Scan Count,tsa: Thermosteric Anomaly [10^-8 * m^3/kg],flag:  0.000e+00,,,,,,,"-0.995479,  60.704806","28,      55160","10.01304,   12.40508","6.06675,    7.35839","74.55604,   75.61044","30.4724,    31.6177","0.0000,    35.5672","1,       1970","600.934,   3221.186","0.0000e+00, 0.0000e+00",,,,,,,,,,,,,,,,C:\TSG Datas\SK 307 TSG\phase 2 28.11.13.hex,3332,3332,,,,Nov 28 2013 11:56:11,,,10,1970,specified,seconds: 10,"Nov 28 2013 11:54:50 [NMEA time, header]",-9.99e-29,"Dec 26 2013 13:24:36, 7.22.5 [datcnv_vars = 9]",C:\Users\user\Desktop\SK 307 TSG\phase 2 28.11.13.hex C:\Users\user\Desktop\SK 307 TSG\01.12.13.CON,0,,,ascii,,,,,Nov 28 2013 06:26:11,Nov 28 2013 11:54:50,Append to Every Scan,10.0000 seconds,,,,,,,,,,,,,,,,,,,,,,,,,,,,,,,,,,,,,,,,,,,,,,,,,,,,,,,,,,,,,,,,,,,,,,,,,,,,,,,,,,,,,,,,,,,
ctd-01.cnv,sk228_ctd_final,sk228_ctd_final,Sea-Bird SBE 9 Data File,ORV Sagar Kanya     ORV SK,SK227 SK 228,CTD-01,,,0159.88N,08030.2E,1.998,80.503333,01-09-06 17:32:52,"prDM: Pressure, Digiquartz [db]","t090C: Temperature [ITS-90, deg C]",c0S/m: Conductivity [S/m],"flC: Fluorescence, Chelsea Aqua 3 Chl Con [ug/l]",scan: Scan Count,"timeS: Time, Elapsed [seconds]","depSM: Depth [salt water, m], lat = 0",sal00: Salinity [PSU],"potemp090C: Potential Temperature [ITS-90, deg C]","sigma-00: Density [sigma-theta, Kg/m^3]",gpa: Geopotential Anomaly [J/Kg],flag: flag,,,,,"0.011,   1677.901","3.5520,    29.0468","3.272597,   5.657587","-0.0114,    -0.0040","5528,      76987","230.297,   3207.734","0.000,   1662.000","34.4427,    35.3826","3.4229,    29.0429","21.6360,    27.6985","0.000,     21.013","0.0000e+00, 0.0000e+00",,,,,"Frequency  0  temperature, 2117, 07.OCT.2005","Frequency  1  conductivity, 2642, 01.Nov.2005, cpcor = -9.5700e-08","Frequency  2  pressure, 86538, 27Oct.2005","Extrnl Volt  0  fluorometer, chelsea, 88/2360/115, 14.11.1994",,,,,,C:\Documents and Settings\POD\Desktop\sk228\ctd-01.dat,2117,2642,15.0,1.0,1.0,Sep 01 2006 17:32:52,,,12,832,specified,meters: 2,Sep 01 2006 17:32:52,-9.99e-29,"Oct 19 2006 10:00:00, 5.25b",D:\CHKSK228\rawctd\ctd-01.dat D:\CHKSK228\NEWsk228.con,5450,,,ascii,,,,,,,,,"Oct 19 2006 11:32:36, 5.25b",D:\CHKSK228\ctd-01.cnv,2.0,20.0,0.0,100.0,prDM t090C c0S/m flC,yes,"Oct 19 2006 11:33:30, 5.25b",D:\CHKSK228\ctd-01.cnv,0.03,0.15,c0S/m,prDM,"Oct 19 2006 11:35:12, 5.25b",D:\CHKSK228\ctd-01.cnv,"0.0300, 0.0000","7.0000, 0.0000","primary,","Oct 19 2006 11:36:07, 5.25b",D:\CHKSK228\ctd-01.cnv,"0.250, ws = 100, percent = 10.00",yes,"Oct 19 2006 15:40:18, 5.25b",D:\CHKSK228\bin2\ctd-01.cnv D:\CHKSK228\NEWsk228.con,"Oct 19 2006 11:38:34, 5.25b",D:\CHKSK228\ctd-01.cnv,meters,2.0,yes,0.0,"no, min = 0.000, max = 0.000, value = 0.000",,,,,,,,,,,,,,,,,,,,,,,,,,,,,,,,,,,,,,,,,,,,,,,,,,,,,,,,,,,
ctd-01A.cnv,sk228_ctd_final,sk228_ctd_final,Sea-Bird SBE 9 Data File,ORV Sagar Kanya,SK227 SK228,ctd01A,,,01 59.8n,80 32.6E,1.996667,80.543333,01-09-06 20:23:04,"prDM: Pressure, Digiquartz [db]","t090C: Temperature [ITS-90, deg C]",c0S/m: Conductivity [S/m],"flC: Fluorescence, Chelsea Aqua 3 Chl Con [ug/l]",scan: Scan Count,"timeS: Time, Elapsed [seconds]","depSM: Depth [salt water, m], lat = 0",sal00: Salinity [PSU],"potemp090C: Potential Temperature [ITS-90, deg C]","sigma-00: Density [sigma-theta, Kg/m^3]",gpa: Geopotential Anomaly [J/Kg],flag: flag,,,,,"0.011,    126.735","16.7168,    29.0269","4.479999,   5.659315","-0.0082,    -0.0040","462,       5915","19.202,    246.422","0.000,    126.000","34.4571,    35.3689","16.6963,    29.0188","21.6505,    25.6726","0.000,      6.195","0.0000e+00, 0.0000e+00",,,,,"Frequency  0  temperature, 2117, 07.OCT.2005","Frequency  1  conductivity, 2642, 01.Nov.2005, cpcor = -9.5700e-08","Frequency  2  pressure, 86538, 27Oct.2005","Extrnl Volt  0  fluorometer, chelsea, 88/2360/115, 14.11.1994",,,,,,C:\Documents and Settings\POD\Desktop\sk228\ctd-01A.dat,2117,2642,15.0,1.0,1.0,Sep 01 2006 20:23:04,,,12,64,specified,meters: 2,Sep 01 2006 20:23:04,-9.99e-29,"Oct 19 2006 10:06:46, 5.25b",D:\CHKSK228\rawctd\ctd-01A.dat D:\CHKSK228\NEWsk228.con,250,,,ascii,,,,,,,,,"Oct 19 2006 11:32:39, 5.25b",D:\CHKSK228\ctd-01a.cnv,2.0,20.0,0.0,100.0,prDM t090C c0S/m flC,yes,"Oct 19 2006 11:33:35, 5.25b",D:\CHKSK228\ctd-01a.cnv,0.03,0.15,c0S/m,prDM,"Oct 19 2006 11:35:15, 5.25b",D:\CHKSK228\ctd-01a.cnv,"0.0300, 0.0000","7.0000, 0.0000","primary,","Oct 19 2006 11:36:11, 5.25b",D:\CHKSK228\ctd-01a.cnv,"0.250, ws = 100, percent = 10.00",yes,"Oct 19 2006 15:42:30, 5.25b",D:\CHKSK228\bin2\ctd-01a.cnv D:\CHKSK228\NEWsk228.con,"Oct 19 2006 11:38:37, 5.25b",D:\CHKSK228\ctd-01a.cnv,meters,2.0,yes,0.0,"no, min = 0.000, max = 0.000, value = 0.000",,,,,,,,,,,,,,,,,,,,,,,,,,,,,,,,,,,,,,,,,,,,,,,,,,,,,,,,,,,
ctd-02.cnv,sk228_ctd_final,sk228_ctd_final,Sea-Bird SBE 9 Data File,ORV Sagar Kanya,SK228 SK228,CTD 02,,,01 31.74N,080 33.42E,1.529,80.557,02-09-06 00:43:03,"prDM: Pressure, Digiquartz [db]","t090C: Temperature [ITS-90, deg C]",c0S/m: Conductivity [S/m],"flC: Fluorescence, Chelsea Aqua 3 Chl Con [ug/l]",scan: Scan Count,"timeS: Time, Elapsed [seconds]","depSM: Depth [salt water, m], lat = 0",sal00: Salinity [PSU],"potemp090C: Potential Temperature [ITS-90, deg C]","sigma-00: Density [sigma-theta, Kg/m^3]",gpa: Geopotential Anomaly [J/Kg],flag: flag,,,,,"0.011,   1675.873","3.5484,    29.0820","3.271873,   5.657145","-0.0111,    -0.0037","452,      65927","18.793,   2746.898","0.000,   1660.000","34.4279,    35.3990","3.4195,    29.0721","21.6126,    27.6958","0.000,     21.387","0.0000e+00, 0.0000e+00",,,,,"Frequency  0  temperature, 2117, 07.OCT.2005","Frequency  1  conductivity, 2642, 01.Nov.2005, cpcor = -9.5700e-08","Frequency  2  pressure, 86538, 27Oct.2005","Extrnl Volt  0  fluorometer, chelsea, 88/2360/115, 14.11.1994",,,,,,C:\sk228\ctd-02.dat,2117,2642,15.0,1.0,1.0,Sep 02 2006 00:43:03,,,12,831,specified,meters: 2,Sep 02 2006 00:43:03,-9.99e-29,"Oct 19 2006 10:07:17, 5.25b",D:\CHKSK228\rawctd\ctd-02.dat D:\CHKSK228\NEWsk228.con,220,,,ascii,,,,,,,,,"Oct 19 2006 11:32:39, 5.25b",D:\CHKSK228\ctd-02.cnv,2.0,20.0,0.0,100.0,prDM t090C c0S/m flC,yes,"Oct 19 2006 11:33:35, 5.25b",D:\CHKSK228\ctd-02.cnv,0.03,0.15,c0S/m,prDM,"Oct 19 2006 11:35:15, 5.25b",D:\CHKSK228\ctd-02.cnv,"0.0300, 0.0000","7.0000, 0.0000","primary,","Oct 19 2006 11:36:11, 5.25b",D:\CHKSK228\ctd-02.cnv,"0.250, ws = 100, percent = 10.00",yes,"Oct 19 2006 15:42:30, 5.25b",D:\CHKSK228\bin2\ctd-02.cnv D:\CHKSK228\NEWsk228.con,"Oct 19 2006 11:38:37, 5.25b",D:\CHKSK228\ctd-02.cnv,meters,2.0,yes,0.0,"no, min = 0.000, max = 0.000, value = 0.000",,,,,,,,,,,,,,,,,,,,,,,,,,,,,,,,,,,,,,,,,,,,,,,,,,,,,,,,,,,
ctd-02A.cnv,sk228_ctd_final,sk228_ctd_final,Sea-Bird SBE 9 Data File,ORV Sagar Kanya,SK228 SK228,ctd02A,,,0130.9E,08035.17E,1.515,80.586167,02-09-06 03:19:07,"prDM: Pressure, Digiquartz [db]","t090C: Temperature [ITS-90, deg C]",c0S/m: Conductivity [S/m],"flC: Fluorescence, Chelsea Aqua 3 Chl Con [ug/l]",scan: Scan Count,"timeS: Time, Elapsed [seconds]","depSM: Depth [salt water, m], lat = 0",sal00: Salinity [PSU],"potemp090C: Potential Temperature [ITS-90, deg C]","sigma-00: Density [sigma-theta, Kg/m^3]",gpa: Geopotential Anomaly [J/Kg],flag: flag,,,,,"0.011,    116.674","17.2001,    29.0460","4.528115,   5.653469","-0.0075,    -0.0038","958,       6425","39.879,    267.652","0.000,    116.000","34.4288,    35.4013","17.1808,    29.0367","21.6243,    25.5593","0.000,      5.828","0.0000e+00, 0.0000e+00",,,,,"Frequency  0  temperature, 2117, 07.OCT.2005","Frequency  1  conductivity, 2642, 01.Nov.2005, cpcor = -9.5700e-08","Frequency  2  pressure, 86538, 27Oct.2005","Extrnl Volt  0  fluorometer, chelsea, 88/2360/115, 14.11.1994",,,,,,C:\sk228\ctd-02A.dat,2117,2642,15.0,1.0,1.0,Sep 02 2006 03:19:07,,,12,59,specified,meters: 2,Sep 02 2006 03:19:07,-9.99e-29,"Oct 19 2006 10:07:43, 5.25b",D:\CHKSK228\rawctd\ctd-02A.dat D:\CHKSK228\NEWsk228.con,850,,,ascii,,,,,,,,,"Oct 19 2006 11:32:42, 5.25b",D:\CHKSK228\ctd-02a.cnv,2.0,20.0,0.0,100.0,prDM t090C c0S/m flC,yes,"Oct 19 2006 11:33:40, 5.25b",D:\CHKSK228\ctd-02a.cnv,0.03,0.15,c0S/m,prDM,"Oct 19 2006 11:35:17, 5.25b",D:\CHKSK228\ctd-02a.cnv,"0.0300, 0.0000","7.0000, 0.0000","primary,","Oct 19 2006 11:36:15, 5.25b",D:\CHKSK228\ctd-02a.cnv,"0.250, ws = 100, percent = 10.00",yes,"Oct 19 2006 15:42:30, 5.25b",D:\CHKSK228\bin2\ctd-02a.cnv D:\CHKSK228\NEWsk228.con,"Oct 19 2006 11:38:40, 5.25b",D:\CHKSK228\ctd-02a.cnv,meters,2.0,yes,0.0,"no, min = 0.000, max = 0.000, value = 0.000",,,,,,,,,,,,,,,,,,,,,,,,,,,,,,,,,,,,,,,,,,,,,,,,,,,,,,,,,,,
ctd-03.cnv,sk228_ctd_final,sk228_ctd_final,Sea-Bird SBE 9 Data File,ORV Sagar Kanya     sagarkanya,SK228 sk228,ctd03,,28.8,00 59.9N,080 30.0E,0.998333,80.5,02-09-06 07:16:57,"prDM: Pressure, Digiquartz [db]","t090C: Temperature [ITS-90, deg C]",c0S/m: Conductivity [S/m],"flC: Fluorescence, Chelsea Aqua 3 Chl Con [ug/l]",scan: Scan Count,"timeS: Time, Elapsed [seconds]","depSM: Depth [salt water, m], lat = 0",sal00: Salinity [PSU],"potemp090C: Potential Temperature [ITS-90, deg C]","sigma-00: Density [sigma-theta, Kg/m^3]",gpa: Geopotential Anomaly [J/Kg],flag: flag,,,,,"0.011,   1659.657","3.6785,    29.1364","3.283358,   5.656433","-0.0111,    -0.0043","331,      71489","13.752,   2978.677","0.000,   1644.000","34.3747,    35.3760","3.5494,    29.1286","21.5589,    27.6886","0.000,     20.563","0.0000e+00, 0.0000e+00",,,,,"Frequency  0  temperature, 2117, 07.OCT.2005","Frequency  1  conductivity, 2642, 01.Nov.2005, cpcor = -9.5700e-08","Frequency  2  pressure, 86538, 27Oct.2005","Extrnl Volt  0  fluorometer, chelsea, 88/2360/115, 14.11.1994",,,,,,C:\sk228\ctd-03.dat,2117,2642,15.0,1.0,1.0,Sep 02 2006 07:16:57,,,12,823,specified,meters: 2,Sep 02 2006 07:16:57,-9.99e-29,"Oct 19 2006 10:08:15, 5.25b",D:\CHKSK228\rawctd\ctd-03.dat D:\CHKSK228\NEWsk228.con,190,,,ascii,,,,,,,,,"Oct 19 2006 11:32:42, 5.25b",D:\CHKSK228\ctd-03.cnv,2.0,20.0,0.0,100.0,prDM t090C c0S/m flC,yes,"Oct 19 2006 11:33:41, 5.25b",D:\CHKSK228\ctd-03.cnv,0.03,0.15,c0S/m,prDM,"Oct 19 2006 11:35:18, 5.25b",D:\CHKSK228\ctd-03.cnv,"0.0300, 0.0000","7.0000, 0.0000","primary,","Oct 19 2006 11:36:15, 5.25b",D:\CHKSK228\ctd-03.cnv,"0.250, ws = 100, percent = 10.00",yes,"Oct 19 2006 15:42:30, 5.25b",D:\CHKSK228\bin2\ctd-03.cnv D:\CHKSK228\NEWsk228.con,"Oct 19 2006 11:38:40, 5.25b",D:\CHKSK228\ctd-03.cnv,meters,2.0,yes,0.0,"no, min = 0.000, max = 0.000, value = 0.000",,,,,,,,,,,,,,,,,,,,,,,,,,,,,,,,,,,,,,,,,,,,,,,,,,,,,,,,,,,
ctd-03A.cnv,sk228_ctd_final,sk228_ctd_final,Sea-Bird SBE 9 Data File,ORV Sagar Kanya     sagarkanya,SK228 sk228,ctd03A,,,01 00.17N,080 30.07E,1.002833,80.501167,02-09-06 13:19:11,"prDM: Pressure, Digiquartz [db]","t090C: Temperature [ITS-90, deg C]",c0S/m: Conductivity [S/m],"flC: Fluorescence, Chelsea Aqua 3 Chl Con [ug/l]",scan: Scan Count,"timeS: Time, Elapsed [seconds]","depSM: Depth [salt water, m], lat = 0",sal00: Salinity [PSU],"potemp090C: Potential Temperature [ITS-90, deg C]","sigma-00: Density [sigma-theta, Kg/m^3]",gpa: Geopotential Anomaly [J/Kg],flag: flag,,,,,"0.011,    118.686","17.9925,    29.0819","4.618365,   5.648961","-0.0079,    -0.0043","379,       6092","15.762,    253.785","0.000,    118.000","34.2971,    35.3890","17.9722,    29.0722","21.5378,    25.4366","0.000,      5.782","0.0000e+00, 0.0000e+00",,,,,"Frequency  0  temperature, 2117, 07.OCT.2005","Frequency  1  conductivity, 2642, 01.Nov.2005, cpcor = -9.5700e-08","Frequency  2  pressure, 86538, 27Oct.2005","Extrnl Volt  0  fluorometer, chelsea, 88/2360/115, 14.11.1994",,,,,,C:\sk228\ctd-03A.dat,2117,2642,15.0,1.0,1.0,Sep 02 2006 13:19:11,,,12,60,specified,meters: 2,Sep 02 2006 13:19:11,-9.99e-29,"Oct 19 2006 10:08:34, 5.25b",D:\CHKSK228\rawctd\ctd-03A.dat D:\CHKSK228\NEWsk228.con,190,,,ascii,,,,,,,,,"Oct 19 2006 11:32:45, 5.25b",D:\CHKSK228\ctd-03a.cnv,2.0,20.0,0.0,100.0,prDM t090C c0S/m flC,yes,"Oct 19 2006 11:33:46, 5.25b",D:\CHKSK228\ctd-03a.cnv,0.03,0.15,c0S/m,prDM,"Oct 19 2006 11:35:21, 5.25b",D:\CHKSK228\ctd-03a.cnv,"0.0300, 0.0000","7.0000, 0.0000","primary,","Oct 19 2006 11:36:19, 5.25b",D:\CHKSK228\ctd-03a.cnv,"0.250, ws = 100, percent = 10.00",yes,"Oct 19 2006 15:42:30, 5.25b",D:\CHKSK228\bin2\ctd-03a.cnv D:\CHKSK228\NEWsk228.con,"Oct 19 2006 11:38:43, 5.25b",D:\CHKSK228\ctd-03a.cnv,meters,2.0,yes,0.0,"no, min = 0.000, max = 0.000, value = 0.000",,,,,,,,,,,,,,,,,,,,,,,,,,,,,,,,,,,,,,,,,,,,,,,,,,,,,,,,,,,
ctd-04.cnv,sk228_ctd_final,sk228_ctd_final,Sea-Bird SBE 9 Data File,ORV Sagar Kanya,SK228,ctd04,,,0029.49N,08030.184E,0.4915,80.503067,02-09-06 17:12:58,"prDM: Pressure, Digiquartz [db]","t090C: Temperature [ITS-90, deg C]",c0S/m: Conductivity [S/m],"flC: Fluorescence, Chelsea Aqua 3 Chl Con [ug/l]",scan: Scan Count,"timeS: Time, Elapsed [seconds]","depSM: Depth [salt water, m], lat = 0",sal00: Salinity [PSU],"potemp090C: Potential Temperature [ITS-90, deg C]","sigma-00: Density [sigma-theta, Kg/m^3]",gpa: Geopotential Anomaly [J/Kg],flag: flag,,,,,"0.011,   1675.873","3.6638,    29.0423","3.282481,   5.646963","-0.0114,    -0.0031","1657,      45392","68.988,   1891.274","0.000,   1660.000","34.3890,    35.3478","3.5334,    29.0322","21.5948,    27.6880","0.000,     20.840","0.0000e+00, 0.0000e+00",,,,,"Frequency  0  temperature, 2117, 07.OCT.2005","Frequency  1  conductivity, 2642, 01.Nov.2005, cpcor = -9.5700e-08","Frequency  2  pressure, 86538, 27Oct.2005","Extrnl Volt  0  fluorometer, chelsea, 88/2360/115, 14.11.1994",,,,,,C:\sk228\ctd-04.dat,2117,2642,15.0,1.0,1.0,Sep 02 2006 17:12:58,,,12,831,specified,meters: 2,Sep 02 2006 17:12:58,-9.99e-29,"Oct 19 2006 10:09:02, 5.25b",D:\CHKSK228\rawctd\ctd-04.dat D:\CHKSK228\NEWsk228.con,1510,,,ascii,,,,,,,,,"Oct 19 2006 11:32:45, 5.25b",D:\CHKSK228\ctd-04.cnv,2.0,20.0,0.0,100.0,prDM t090C c0S/m flC,yes,"Oct 19 2006 11:33:47, 5.25b",D:\CHKSK228\ctd-04.cnv,0.03,0.15,c0S/m,prDM,"Oct 19 2006 11:35:21, 5.25b",D:\CHKSK228\ctd-04.cnv,"0.0300, 0.0000","7.0000, 0.0000","primary,","Oct 19 2006 11:36:20, 5.25b",D:\CHKSK228\ctd-04.cnv,"0.250, ws = 100, percent = 10.00",yes,"Oct 19 2006 15:42:30, 5.25b",D:\CHKSK228\bin2\ctd-04.cnv D:\CHKSK228\NEWsk228.con,"Oct 19 2006 11:38:44, 5.25b",D:\CHKSK228\ctd-04.cnv,meters,2.0,yes,0.0,"no, min = 0.000, max = 0.000, value = 0.000",,,,,,,,,,,,,,,,,,,,,,,,,,,,,,,,,,,,,,,,,,,,,,,,,,,,,,,,,,,
ctd-04a.cnv,sk228_ctd_final,sk228_ctd_final,Sea-Bird SBE 9 Data File,ORV Sagar Kanya,SK228,CTD 04A,,,00 29.5N,80 30.2E,0.491667,80.503333,02-09-06 19:03:18,"prDM: Pressure, Digiquartz [db]","t090C: Temperature [ITS-90, deg C]",c0S/m: Conductivity [S/m],"flC: Fluorescence, Chelsea Aqua 3 Chl Con [ug/l]",scan: Scan Count,"timeS: Time, Elapsed [seconds]","depSM: Depth [salt water, m], lat = 0",sal00: Salinity [PSU],"potemp090C: Potential Temperature [ITS-90, deg C]","sigma-00: Density [sigma-theta, Kg/m^3]",gpa: Geopotential Anomaly [J/Kg],flag: flag,,,,,"0.011,    116.674","18.8964,    29.0156","4.715362,   5.642745","-0.0078,    -0.0033","280,       4227","11.614,    176.080","0.000,    116.000","34.3759,    35.3501","18.8758,    29.0085","21.5931,    25.2466","0.000,      5.578","0.0000e+00, 0.0000e+00",,,,,"Frequency  0  temperature, 2117, 07.OCT.2005","Frequency  1  conductivity, 2642, 01.Nov.2005, cpcor = -9.5700e-08","Frequency  2  pressure, 86538, 27Oct.2005","Extrnl Volt  0  fluorometer, chelsea, 88/2360/115, 14.11.1994",,,,,,C:\sk228\ctd-04a.dat,2117,2642,15.0,1.0,1.0,Sep 02 2006 19:03:18,,,12,59,specified,meters: 2,Sep 02 2006 19:03:18,-9.99e-29,"Oct 19 2006 10:09:45, 5.25b",D:\CHKSK228\rawctd\ctd-04a.dat D:\CHKSK228\NEWsk228.con,190,,,ascii,,,,,,,,,"Oct 19 2006 11:32:47, 5.25b",D:\CHKSK228\ctd-04a.cnv,2.0,20.0,0.0,100.0,prDM t090C c0S/m flC,yes,"Oct 19 2006 11:33:50, 5.25b",D:\CHKSK228\ctd-04a.cnv,0.03,0.15,c0S/m,prDM,"Oct 19 2006 11:35:23, 5.25b",D:\CHKSK228\ctd-04a.cnv,"0.0300, 0.0000","7.0000, 0.0000","primary,","Oct 19 2006 11:36:22, 5.25b",D:\CHKSK228\ctd-04a.cnv,"0.250, ws = 100, percent = 10.00",yes,"Oct 19 2006 15:42:30, 5.25b",D:\CHKSK228\bin2\ctd-04a.cnv D:\CHKSK228\NEWsk228.con,"Oct 19 2006 11:38:46, 5.25b",D:\CHKSK228\ctd-04a.cnv,meters,2.0,yes,0.0,"no, min = 0.000, max = 0.000, value = 0.000",,,,,,,,,,,,,,,,,,,,,,,,,,,,,,,,,,,,,,,,,,,,,,,,,,,,,,,,,,,
ctd-05A.cnv,sk228_ctd_final,sk228_ctd_final,Sea-Bird SBE 9 Data File,sagarkanya,sk228,ctd05A,,,00 01.07N,080 30.8E,0.017833,80.513333,04-09-06 04:51:27,"prDM: Pressure, Digiquartz [db]","t090C: Temperature [ITS-90, deg C]",c0S/m: Conductivity [S/m],"flC: Fluorescence, Chelsea Aqua 3 Chl Con [ug/l]",scan: Scan Count,"timeS: Time, Elapsed [seconds]","depSM: Depth [salt water, m], lat = 0",sal00: Salinity [PSU],"potemp090C: Potential Temperature [ITS-90, deg C]","sigma-00: Density [sigma-theta, Kg/m^3]",gpa: Geopotential Anomaly [J/Kg],flag: flag,,,,,"0.011,    116.674","18.3543,    28.9353","4.660651,   5.632477","-0.0081,    -0.0041","434,       3551","18.044,    147.937","0.000,    116.000","34.3540,    35.3695","18.3341,    28.9299","21.6025,    25.3847","0.000,      5.479","0.0000e+00, 0.0000e+00",,,,,"Frequency  0  temperature, 2117, 07.OCT.2005","Frequency  1  conductivity, 2642, 01.Nov.2005, cpcor = -9.5700e-08","Frequency  2  pressure, 86538, 27Oct.2005","Extrnl Volt  0  fluorometer, chelsea, 88/2360/115, 14.11.1994",,,,,,C:\sk228\ctd-05A.dat,2117,2642,15.0,1.0,1.0,Sep 04 2006 04:51:27,,,12,59,specified,meters: 2,Sep 04 2006 04:51:27,-9.99e-29,"Oct 19 2006 10:10:27, 5.25b",D:\CHKSK228\rawctd\ctd-05A.dat D:\CHKSK228\NEWsk228.con,250,,,ascii,,,,,,,,,"Oct 19 2006 11:32:47, 5.25b",D:\CHKSK228\ctd-05a.cnv,2.0,20.0,0.0,100.0,prDM t090C c0S/m flC,yes,"Oct 19 2006 11:33:50, 5.25b",D:\CHKSK228\ctd-05a.cnv,0.03,0.15,c0S/m,prDM,"Oct 19 2006 11:35:23, 5.25b",D:\CHKSK228\ctd-05a.cnv,"0.0300, 0.0000","7.0000, 0.0000","primary,","Oct 19 2006 11:36:22, 5.25b",D:\CHKSK228\ctd-05a.cnv,"0.250, ws = 100, percent = 10.00",yes,"Oct 19 2006 15:42:31, 5.25b",D:\CHKSK228\bin2\ctd-05a.cnv D:\CHKSK228\NEWsk228.con,"Oct 19 2006 11:38:46, 5.25b",D:\CHKSK228\ctd-05a.cnv,meters,2.0,yes,0.0,"no, min = 0.000, max = 0.000, value = 0.000",,,,,,,,,,,,,,,,,,,,,,,,,,,,,,,,,,,,,,,,,,,,,,,,,,,,,,,,,,,
ctd-05upFN.cnv,sk228_ctd_final,sk228_ctd_final,Sea-Bird SBE 9 Data File,223566785,4654574,65,,,66754,43675,667.9,437.25,04-09-06 03:36:53,"prDM: Pressure, Digiquartz [db]","t090C: Temperature [ITS-90, deg C]",c0S/m: Conductivity [S/m],"flC: Fluorescence, Chelsea Aqua 3 Chl Con [ug/l]",scan: Scan Count,"timeS: Time, Elapsed [seconds]","depSM: Depth [salt water, m], lat = 0",sal00: Salinity [PSU],"potemp090C: Potential Temperature [ITS-90, deg C]","sigma-00: Density [sigma-theta, Kg/m^3]",gpa: Geopotential Anomaly [J/Kg],flag: flag,,,,,"0.011,   1688.037","3.6229,    28.9331","3.279091,   5.628181","-0.0116,    -0.0057","234,      67662","9.727,   2819.227","0.000,   1672.000","34.1973,    35.3753","3.4920,    28.9331","21.6008,    27.6907","0.000,     20.519","0.0000e+00, 0.0000e+00",,,,,"Frequency  0  temperature, 2117, 07.OCT.2005","Frequency  1  conductivity, 2642, 01.Nov.2005, cpcor = -9.5700e-08","Frequency  2  pressure, 86538, 27Oct.2005","Extrnl Volt  0  fluorometer, chelsea, 88/2360/115, 14.11.1994",,,,,,C:\sk228\ctd-05up.dat,2117,2642,15.0,1.0,1.0,Sep 04 2006 03:36:53,,,12,837,specified,meters: 2,Sep 04 2006 03:36:53,-9.99e-29,"Oct 19 2006 10:11:49, 5.25b",D:\CHKSK228\rawctd\ctd-05up.dat D:\CHKSK228\NEWsk228.con,0,,,ascii,,,,,,,,,"Oct 23 2006 15:27:22, 5.25b",D:\CHKSK228\upfiles\ctd-05up.cnv,2.0,20.0,0.0,100.0,prDM t090C c0S/m flC,yes,"Oct 23 2006 15:29:08, 5.25b",D:\CHKSK228\upfiles\ctd-05up.cnv,0.03,0.15,c0S/m,prDM,"Oct 23 2006 15:30:15, 5.25b",D:\CHKSK228\upfiles\ctd-05up.cnv,"0.0300, 0.0000","7.0000, 0.0000","primary,","Oct 23 2006 15:31:10, 5.25b",D:\CHKSK228\upfiles\ctd-05up.cnv,"0.250, ws = 100, percent = 10.00",yes,"Oct 23 2006 16:20:26, 5.25b",D:\CHKSK228\upfiles\CHK05DN.CNV D:\CHKSK228\NEWsk228.con,"Oct 23 2006 15:34:42, 5.25b",D:\CHKSK228\upfiles\ctd-05up.cnv,meters,2.0,yes,0.0,"no, min = 0.000, max = 0.000, value = 0.000",,,,,,,,,,,,,,,,,,,,,,,,,,,,,,,,,,,,,,,,,,,,,,,,,,,,,,,,,,,
ctd-06.cnv,sk228_ctd_final,sk228_ctd_final,Sea-Bird SBE 9 Data File,orv sagar kanya,sk228,ctd06,,,00 30.035 S,00 80 30.026E,-0.500583,1.333333,04-09-06 08:55:41,"prDM: Pressure, Digiquartz [db]","t090C: Temperature [ITS-90, deg C]",c0S/m: Conductivity [S/m],"flC: Fluorescence, Chelsea Aqua 3 Chl Con [ug/l]",scan: Scan Count,"timeS: Time, Elapsed [seconds]","depSM: Depth [salt water, m], lat = 0",sal00: Salinity [PSU],"potemp090C: Potential Temperature [ITS-90, deg C]","sigma-00: Density [sigma-theta, Kg/m^3]",gpa: Geopotential Anomaly [J/Kg],flag: flag,,,,,"0.011,   1686.009","3.6672,    28.9587","3.283086,   5.626454","-0.0114,    -0.0044","296,      47269","12.277,   1969.514","0.000,   1670.000","34.2938,    35.6930","3.5359,    28.9573","21.5490,    27.6867","0.000,     20.946","0.0000e+00, 0.0000e+00",,,,,"Frequency  0  temperature, 2117, 07.OCT.2005","Frequency  1  conductivity, 2642, 01.Nov.2005, cpcor = -9.5700e-08","Frequency  2  pressure, 86538, 27Oct.2005","Extrnl Volt  0  fluorometer, chelsea, 88/2360/115, 14.11.1994",,,,,,C:\sk228\ctd-06.dat,2117,2642,15.0,1.0,1.0,Sep 04 2006 08:55:41,,,12,836,specified,meters: 2,Sep 04 2006 08:55:41,-9.99e-29,"Oct 19 2006 10:18:35, 5.25b",D:\CHKSK228\rawctd\ctd-06.dat D:\CHKSK228\NEWsk228.con,140,,,ascii,,,,,,,,,"Oct 19 2006 11:32:47, 5.25b",D:\CHKSK228\ctd-06.cnv,2.0,20.0,0.0,100.0,prDM t090C c0S/m flC,yes,"Oct 19 2006 11:33:51, 5.25b",D:\CHKSK228\ctd-06.cnv,0.03,0.15,c0S/m,prDM,"Oct 19 2006 11:35:23, 5.25b",D:\CHKSK228\ctd-06.cnv,"0.0300, 0.0000","7.0000, 0.0000","primary,","Oct 19 2006 11:36:23, 5.25b",D:\CHKSK228\ctd-06.cnv,"0.250, ws = 100, percent = 10.00",yes,"Oct 19 2006 15:42:31, 5.25b",D:\CHKSK228\bin2\ctd-06.cnv D:\CHKSK228\NEWsk228.con,"Oct 19 2006 11:38:46, 5.25b",D:\CHKSK228\ctd-06.cnv,meters,2.0,yes,0.0,"no, min = 0.000, max = 0.000, value = 0.000",,,,,,,,,,,,,,,,,,,,,,,,,,,,,,,,,,,,,,,,,,,,,,,,,,,,,,,,,,,
ctd-06A.cnv,sk228_ctd_final,sk228_ctd_final,Sea-Bird SBE 9 Data File,orv Sagar Kanya,SK 228,CTD 06A,,,00 30.1 S,080 30.2E,-0.501667,80.503333,04-09-06 10:39:10,"prDM: Pressure, Digiquartz [db]","t090C: Temperature [ITS-90, deg C]",c0S/m: Conductivity [S/m],"flC: Fluorescence, Chelsea Aqua 3 Chl Con [ug/l]",scan: Scan Count,"timeS: Time, Elapsed [seconds]","depSM: Depth [salt water, m], lat = 0",sal00: Salinity [PSU],"potemp090C: Potential Temperature [ITS-90, deg C]","sigma-00: Density [sigma-theta, Kg/m^3]",gpa: Geopotential Anomaly [J/Kg],flag: flag,,,,,"0.011,    114.662","18.2244,    28.9534","4.644305,   5.626749","-0.0082,    -0.0041","230,       4603","9.545,    191.737","0.000,    114.000","34.2915,    35.3854","18.2047,    28.9534","21.5480,    25.3967","0.000,      5.514","0.0000e+00, 0.0000e+00",,,,,"Frequency  0  temperature, 2117, 07.OCT.2005","Frequency  1  conductivity, 2642, 01.Nov.2005, cpcor = -9.5700e-08","Frequency  2  pressure, 86538, 27Oct.2005","Extrnl Volt  0  fluorometer, chelsea, 88/2360/115, 14.11.1994",,,,,,C:\sk228\ctd-06A.dat,2117,2642,15.0,1.0,1.0,Sep 04 2006 10:39:10,,,12,58,specified,meters: 2,Sep 04 2006 10:39:10,-9.99e-29,"Oct 19 2006 10:19:18, 5.25b",D:\CHKSK228\rawctd\ctd-06A.dat D:\CHKSK228\NEWsk228.con,180,,,ascii,,,,,,,,,"Oct 19 2006 11:32:49, 5.25b",D:\CHKSK228\ctd-06a.cnv,2.0,20.0,0.0,100.0,prDM t090C c0S/m flC,yes,"Oct 19 2006 11:33:54, 5.25b",D:\CHKSK228\ctd-06a.cnv,0.03,0.15,c0S/m,prDM,"Oct 19 2006 11:35:25, 5.25b",D:\CHKSK228\ctd-06a.cnv,"0.0300, 0.0000","7.0000, 0.0000","primary,","Oct 19 2006 11:36:25, 5.25b",D:\CHKSK228\ctd-06a.cnv,"0.250, ws = 100, percent = 10.00",yes,"Oct 19 2006 15:42:31, 5.25b",D:\CHKSK228\bin2\ctd-06a.cnv D:\CHKSK228\NEWsk228.con,"Oct 19 2006 11:38:48, 5.25b",D:\CHKSK228\ctd-06a.cnv,meters,2.0,yes,0.0,"no, min = 0.000, max = 0.000, value = 0.000",,,,,,,,,,,,,,,,,,,,,,,,,,,,,,,,,,,,,,,,,,,,,,,,,,,,,,,,,,,
ctd-07.cnv,sk228_ctd_final,sk228_ctd_final,Sea-Bird SBE 9 Data File,ORV Sagar Kanya,SK228,ctd -07,,,01 00.1S,80 30.2E,-1.001667,80.503333,04-09-06 15:05:56,"prDM: Pressure, Digiquartz [db]","t090C: Temperature [ITS-90, deg C]",c0S/m: Conductivity [S/m],"flC: Fluorescence, Chelsea Aqua 3 Chl Con [ug/l]",scan: Scan Count,"timeS: Time, Elapsed [seconds]","depSM: Depth [salt water, m], lat = 0",sal00: Salinity [PSU],"potemp090C: Potential Temperature [ITS-90, deg C]","sigma-00: Density [sigma-theta, Kg/m^3]",gpa: Geopotential Anomaly [J/Kg],flag: flag,,,,,"1.011,   1675.873","3.6129,    28.9829","3.277111,   5.648480","-0.0114,    -0.0040","1390,      59523","57.866,   2480.085","1.000,   1660.000","34.3425,    35.3610","3.4832,    28.9781","21.5787,    27.6850","0.000,     20.884","0.0000e+00, 0.0000e+00",,,,,"Frequency  0  temperature, 2117, 07.OCT.2005","Frequency  1  conductivity, 2642, 01.Nov.2005, cpcor = -9.5700e-08","Frequency  2  pressure, 86538, 27Oct.2005","Extrnl Volt  0  fluorometer, chelsea, 88/2360/115, 14.11.1994",,,,,,C:\sk228\ctd-07.dat,2117,2642,15.0,1.0,1.0,Sep 04 2006 15:05:56,,,12,831,specified,meters: 2,Sep 04 2006 15:05:56,-9.99e-29,"Oct 19 2006 10:19:51, 5.25b",D:\CHKSK228\rawctd\ctd-07.dat D:\CHKSK228\NEWsk228.con,1400,,,ascii,,,,,,,,,"Oct 19 2006 11:32:49, 5.25b",D:\CHKSK228\ctd-07.cnv,2.0,20.0,0.0,100.0,prDM t090C c0S/m flC,yes,"Oct 19 2006 11:33:54, 5.25b",D:\CHKSK228\ctd-07.cnv,0.03,0.15,c0S/m,prDM,"Oct 19 2006 11:35:25, 5.25b",D:\CHKSK228\ctd-07.cnv,"0.0300, 0.0000","7.0000, 0.0000","primary,","Oct 19 2006 11:36:25, 5.25b",D:\CHKSK228\ctd-07.cnv,"0.250, ws = 100, percent = 10.00",yes,"Oct 19 2006 15:42:31, 5.25b",D:\CHKSK228\bin2\ctd-07.cnv D:\CHKSK228\NEWsk228.con,"Oct 19 2006 11:38:48, 5.25b",D:\CHKSK228\ctd-07.cnv,meters,2.0,yes,0.0,"no, min = 0.000, max = 0.000, value = 0.000",,,,,,,,,,,,,,,,,,,,,,,,,,,,,,,,,,,,,,,,,,,,,,,,,,,,,,,,,,,
ctd-07A.cnv,sk228_ctd_final,sk228_ctd_final,Sea-Bird SBE 9 Data File,orv sagar Kanya,sk228,ctd07a,,,00 58.8 s,0 80 31.7E,-0.98,1.333333,04-09-06 17:13:01,"prDM: Pressure, Digiquartz [db]","t090C: Temperature [ITS-90, deg C]",c0S/m: Conductivity [S/m],"flC: Fluorescence, Chelsea Aqua 3 Chl Con [ug/l]",scan: Scan Count,"timeS: Time, Elapsed [seconds]","depSM: Depth [salt water, m], lat = 0",sal00: Salinity [PSU],"potemp090C: Potential Temperature [ITS-90, deg C]","sigma-00: Density [sigma-theta, Kg/m^3]",gpa: Geopotential Anomaly [J/Kg],flag: flag,,,,,"1.011,    146.859","16.3720,    28.9789","4.455268,   5.646340","-0.0089,    -0.0041","416,       5839","17.304,    243.239","1.000,    146.000","34.3221,    35.3687","16.3485,    28.9680","21.5662,    25.8134","0.000,      6.319","0.0000e+00, 0.0000e+00",,,,,"Frequency  0  temperature, 2117, 07.OCT.2005","Frequency  1  conductivity, 2642, 01.Nov.2005, cpcor = -9.5700e-08","Frequency  2  pressure, 86538, 27Oct.2005","Extrnl Volt  0  fluorometer, chelsea, 88/2360/115, 14.11.1994",,,,,,C:\sk228\ctd-07A.dat,2117,2642,15.0,1.0,1.0,Sep 04 2006 17:13:01,,,12,74,specified,meters: 2,Sep 04 2006 17:13:01,-9.99e-29,"Oct 19 2006 10:20:42, 5.25b",D:\CHKSK228\rawctd\ctd-07A.dat D:\CHKSK228\NEWsk228.con,450,,,ascii,,,,,,,,,"Oct 19 2006 11:32:51, 5.25b",D:\CHKSK228\ctd-07a.cnv,2.0,20.0,0.0,100.0,prDM t090C c0S/m flC,yes,"Oct 19 2006 11:33:59, 5.25b",D:\CHKSK228\ctd-07a.cnv,0.03,0.15,c0S/m,prDM,"Oct 19 2006 11:35:27, 5.25b",D:\CHKSK228\ctd-07a.cnv,"0.0300, 0.0000","7.0000, 0.0000","primary,","Oct 19 2006 11:36:28, 5.25b",D:\CHKSK228\ctd-07a.cnv,"0.250, ws = 100, percent = 10.00",yes,"Oct 19 2006 15:42:31, 5.25b",D:\CHKSK228\bin2\ctd-07a.cnv D:\CHKSK228\NEWsk228.con,"Oct 19 2006 11:38:51, 5.25b",D:\CHKSK228\ctd-07a.cnv,meters,2.0,yes,0.0,"no, min = 0.000, max = 0.000, value = 0.000",,,,,,,,,,,,,,,,,,,,,,,,,,,,,,,,,,,,,,,,,,,,,,,,,,,,,,,,,,,
ctd-08A.cnv,sk228_ctd_final,sk228_ctd_final,Sea-Bird SBE 9 Data File,ORV Sagar Kanya,SK 228,08A,,,01 29.3S,080 31.2E,-1.488333,80.52,06-09-06 07:28:44,"prDM: Pressure, Digiquartz [db]","t090C: Temperature [ITS-90, deg C]",c0S/m: Conductivity [S/m],"flC: Fluorescence, Chelsea Aqua 3 Chl Con [ug/l]",scan: Scan Count,"timeS: Time, Elapsed [seconds]","depSM: Depth [salt water, m], lat = 0",sal00: Salinity [PSU],"potemp090C: Potential Temperature [ITS-90, deg C]","sigma-00: Density [sigma-theta, Kg/m^3]",gpa: Geopotential Anomaly [J/Kg],flag: flag,,,,,"0.067,    910.988","6.7292,    28.8324","3.537401,   5.649058","-0.0103,    -0.0045","1524,      59554","63.452,   2481.361","0.000,    904.000","34.5478,    35.3681","6.6425,    28.8270","21.7833,    27.4167","0.000,     15.892","0.0000e+00, 0.0000e+00",,,,,"Frequency  0  temperature, 2117, 07.OCT.2005","Frequency  1  conductivity, 2642, 01.Nov.2005, cpcor = -9.5700e-08","Frequency  2  pressure, 86538, 27Oct.2005","Extrnl Volt  0  fluorometer, chelsea, 88/2360/115, 14.11.1994",,,,,,C:\sk228\ctd-08A.dat,2117,2642,15.0,1.0,1.0,Sep 06 2006 07:28:44,,,12,453,specified,meters: 2,Sep 06 2006 07:28:44,-9.99e-29,"Oct 19 2006 10:22:29, 5.25b",D:\CHKSK228\rawctd\ctd-08A.dat D:\CHKSK228\NEWsk228.con,1500,,,ascii,,,,,,,,,"Oct 19 2006 11:32:52, 5.25b",D:\CHKSK228\ctd-08a.cnv,2.0,20.0,0.0,100.0,prDM t090C c0S/m flC,yes,"Oct 19 2006 11:33:59, 5.25b",D:\CHKSK228\ctd-08a.cnv,0.03,0.15,c0S/m,prDM,"Oct 19 2006 11:35:28, 5.25b",D:\CHKSK228\ctd-08a.cnv,"0.0300, 0.0000","7.0000, 0.0000","primary,","Oct 19 2006 11:36:29, 5.25b",D:\CHKSK228\ctd-08a.cnv,"0.250, ws = 100, percent = 10.00",yes,"Oct 19 2006 15:42:31, 5.25b",D:\CHKSK228\bin2\ctd-08a.cnv D:\CHKSK228\NEWsk228.con,"Oct 19 2006 11:38:51, 5.25b",D:\CHKSK228\ctd-08a.cnv,meters,2.0,yes,0.0,"no, min = 0.000, max = 0.000, value = 0.000",,,,,,,,,,,,,,,,,,,,,,,,,,,,,,,,,,,,,,,,,,,,,,,,,,,,,,,,,,,
ctd-08B.cnv,sk228_ctd_final,sk228_ctd_final,Sea-Bird SBE 9 Data File,ORV Sagar Kanya,SK 228,CTD -08B,,,01 28.4 S,080 31.9 E,-1.473333,80.531667,06-09-06 16:20:25,"prDM: Pressure, Digiquartz [db]","t090C: Temperature [ITS-90, deg C]",c0S/m: Conductivity [S/m],"flC: Fluorescence, Chelsea Aqua 3 Chl Con [ug/l]",scan: Scan Count,"timeS: Time, Elapsed [seconds]","depSM: Depth [salt water, m], lat = 0",sal00: Salinity [PSU],"potemp090C: Potential Temperature [ITS-90, deg C]","sigma-00: Density [sigma-theta, Kg/m^3]",gpa: Geopotential Anomaly [J/Kg],flag: flag,,,,,"0.033,    479.184","9.8141,    28.7827","3.805695,   5.646900","-0.0097,    -0.0037","890,      26646","37.035,   1110.211","0.000,    476.000","34.5670,    35.3669","9.7588,    28.7754","21.8147,    26.9370","0.000,     11.501","0.0000e+00, 0.0000e+00",,,,,"Frequency  0  temperature, 2117, 07.OCT.2005","Frequency  1  conductivity, 2642, 01.Nov.2005, cpcor = -9.5700e-08","Frequency  2  pressure, 86538, 27Oct.2005","Extrnl Volt  0  fluorometer, chelsea, 88/2360/115, 14.11.1994",,,,,,C:\sk228\ctd-08B.dat,2117,2642,15.0,1.0,1.0,Sep 06 2006 16:20:25,,,12,239,specified,meters: 2,Sep 06 2006 16:20:25,-9.99e-29,"Oct 19 2006 10:23:08, 5.25b",D:\CHKSK228\rawctd\ctd-08B.dat D:\CHKSK228\NEWsk228.con,900,,,ascii,,,,,,,,,"Oct 19 2006 11:32:56, 5.25b",D:\CHKSK228\ctd-08b.cnv,2.0,20.0,0.0,100.0,prDM t090C c0S/m flC,yes,"Oct 19 2006 11:34:07, 5.25b",D:\CHKSK228\ctd-08b.cnv,0.03,0.15,c0S/m,prDM,"Oct 19 2006 11:35:32, 5.25b",D:\CHKSK228\ctd-08b.cnv,"0.0300, 0.0000","7.0000, 0.0000","primary,","Oct 19 2006 11:36:35, 5.25b",D:\CHKSK228\ctd-08b.cnv,"0.250, ws = 100, percent = 10.00",yes,"Oct 19 2006 15:42:31, 5.25b",D:\CHKSK228\bin2\ctd-08b.cnv D:\CHKSK228\NEWsk228.con,"Oct 19 2006 11:38:54, 5.25b",D:\CHKSK228\ctd-08b.cnv,meters,2.0,yes,0.0,"no, min = 0.000, max = 0.000, value = 0.000",,,,,,,,,,,,,,,,,,,,,,,,,,,,,,,,,,,,,,,,,,,,,,,,,,,,,,,,,,,
ctd-09.cnv,sk228_ctd_final,sk228_ctd_final,Sea-Bird SBE 9 Data File,sagarkanya,sk228,CTD09,,28.8,02 00.09S,080 30.04E,-2.0015,80.500667,06-09-06 21:20:00,"prDM: Pressure, Digiquartz [db]","t090C: Temperature [ITS-90, deg C]",c0S/m: Conductivity [S/m],"flC: Fluorescence, Chelsea Aqua 3 Chl Con [ug/l]",scan: Scan Count,"timeS: Time, Elapsed [seconds]","depSM: Depth [salt water, m], lat = 0",sal00: Salinity [PSU],"potemp090C: Potential Temperature [ITS-90, deg C]","sigma-00: Density [sigma-theta, Kg/m^3]",gpa: Geopotential Anomaly [J/Kg],flag: flag,,,,,"0.033,   1675.873","3.5836,    28.8380","3.273765,   5.657628","-0.0116,    -0.0040","378,     117927","15.713,   4913.585","0.000,   1660.000","34.5409,    35.3344","3.4543,    28.8245","21.7814,    27.6808","0.000,     20.655","0.0000e+00, 0.0000e+00",,,,,"Frequency  0  temperature, 2117, 07.OCT.2005","Frequency  1  conductivity, 2642, 01.Nov.2005, cpcor = -9.5700e-08","Frequency  2  pressure, 86538, 27Oct.2005","Extrnl Volt  0  fluorometer, chelsea, 88/2360/115, 14.11.1994",,,,,,C:\sk228\ctd-09.dat,2117,2642,15.0,1.0,1.0,Sep 06 2006 21:20:00,,,12,831,specified,meters: 2,Sep 06 2006 21:20:00,-9.99e-29,"Oct 19 2006 10:23:31, 5.25b",D:\CHKSK228\rawctd\ctd-09.dat D:\CHKSK228\NEWsk228.con,400,,,ascii,,,,,,,,,"Oct 19 2006 11:32:57, 5.25b",D:\CHKSK228\ctd-09.cnv,2.0,20.0,0.0,100.0,prDM t090C c0S/m flC,yes,"Oct 19 2006 11:34:09, 5.25b",D:\CHKSK228\ctd-09.cnv,0.03,0.15,c0S/m,prDM,"Oct 19 2006 11:35:33, 5.25b",D:\CHKSK228\ctd-09.cnv,"0.0300, 0.0000","7.0000, 0.0000","primary,","Oct 19 2006 11:36:36, 5.25b",D:\CHKSK228\ctd-09.cnv,"0.250, ws = 100, percent = 10.00",yes,"Oct 19 2006 15:42:31, 5.25b",D:\CHKSK228\bin2\ctd-09.cnv D:\CHKSK228\NEWsk228.con,"Oct 19 2006 11:38:56, 5.25b",D:\CHKSK228\ctd-09.cnv,meters,2.0,yes,0.0,"no, min = 0.000, max = 0.000, value = 0.000",,,,,,,,,,,,,,,,,,,,,,,,,,,,,,,,,,,,,,,,,,,,,,,,,,,,,,,,,,,
ctd-09A.cnv,sk228_ctd_final,sk228_ctd_final,Sea-Bird SBE 9 Data File,sagarkanya,sk228,ctd09A,,,01 56.87S,080 35.37E,-1.947833,80.5895,07-09-06 00:22:16,"prDM: Pressure, Digiquartz [db]","t090C: Temperature [ITS-90, deg C]",c0S/m: Conductivity [S/m],"flC: Fluorescence, Chelsea Aqua 3 Chl Con [ug/l]",scan: Scan Count,"timeS: Time, Elapsed [seconds]","depSM: Depth [salt water, m], lat = 0",sal00: Salinity [PSU],"potemp090C: Potential Temperature [ITS-90, deg C]","sigma-00: Density [sigma-theta, Kg/m^3]",gpa: Geopotential Anomaly [J/Kg],flag: flag,,,,,"0.022,    114.662","19.2237,    28.8385","4.753097,   5.655173","-0.0096,    -0.0045","486,       4228","20.202,    176.111","0.000,    114.000","34.5506,    35.3171","19.2032,    28.8265","21.7903,    25.1918","0.000,      5.678","0.0000e+00, 0.0000e+00",,,,,"Frequency  0  temperature, 2117, 07.OCT.2005","Frequency  1  conductivity, 2642, 01.Nov.2005, cpcor = -9.5700e-08","Frequency  2  pressure, 86538, 27Oct.2005","Extrnl Volt  0  fluorometer, chelsea, 88/2360/115, 14.11.1994",,,,,,C:\sk228\ctd-09A.dat,2117,2642,15.0,1.0,1.0,Sep 07 2006 00:22:16,,,12,58,specified,meters: 2,Sep 07 2006 00:22:16,-9.99e-29,"Oct 19 2006 10:23:55, 5.25b",D:\CHKSK228\rawctd\ctd-09A.dat D:\CHKSK228\NEWsk228.con,500,,,ascii,,,,,,,,,"Oct 19 2006 11:33:01, 5.25b",D:\CHKSK228\ctd-09a.cnv,2.0,20.0,0.0,100.0,prDM t090C c0S/m flC,yes,"Oct 19 2006 11:34:18, 5.25b",D:\CHKSK228\ctd-09a.cnv,0.03,0.15,c0S/m,prDM,"Oct 19 2006 11:35:37, 5.25b",D:\CHKSK228\ctd-09a.cnv,"0.0300, 0.0000","7.0000, 0.0000","primary,","Oct 19 2006 11:36:43, 5.25b",D:\CHKSK228\ctd-09a.cnv,"0.250, ws = 100, percent = 10.00",yes,"Oct 19 2006 15:42:31, 5.25b",D:\CHKSK228\bin2\ctd-09a.cnv D:\CHKSK228\NEWsk228.con,"Oct 19 2006 11:39:00, 5.25b",D:\CHKSK228\ctd-09a.cnv,meters,2.0,yes,0.0,"no, min = 0.000, max = 0.000, value = 0.000",,,,,,,,,,,,,,,,,,,,,,,,,,,,,,,,,,,,,,,,,,,,,,,,,,,,,,,,,,,
ctd-10.cnv,sk228_ctd_final,sk228_ctd_final,Sea-Bird SBE 9 Data File,ORV SAGAR KANYA,SK228,CTD10,,,00 00.39N,090 0.57E,0.0065,90.0095,11-09-06 19:20:58,"prDM: Pressure, Digiquartz [db]","t090C: Temperature [ITS-90, deg C]",c0S/m: Conductivity [S/m],"flC: Fluorescence, Chelsea Aqua 3 Chl Con [ug/l]",scan: Scan Count,"timeS: Time, Elapsed [seconds]","depSM: Depth [salt water, m], lat = 0",sal00: Salinity [PSU],"potemp090C: Potential Temperature [ITS-90, deg C]","sigma-00: Density [sigma-theta, Kg/m^3]",gpa: Geopotential Anomaly [J/Kg],flag: flag,,,,,"0.033,   2024.823","2.8629,    28.8529","3.222968,   5.625237","-0.0116,    -0.0042","685,      81509","28.487,   3396.160","0.000,   2004.000","33.4148,    35.3786","2.7125,    28.8446","21.1136,    27.7406","0.000,     23.132","0.0000e+00, 0.0000e+00",,,,,"Frequency  0  temperature, 2117, 07.OCT.2005","Frequency  1  conductivity, 2642, 01.Nov.2005, cpcor = -9.5700e-08","Frequency  2  pressure, 86538, 27Oct.2005","Extrnl Volt  0  fluorometer, chelsea, 88/2360/115, 14.11.1994",,,,,,C:\sk228\ctd-10.dat,2117,2642,15.0,1.0,1.0,Sep 11 2006 19:20:58,,,12,1003,specified,meters: 2,Sep 11 2006 19:20:58,-9.99e-29,"Oct 19 2006 10:24:15, 5.25b",D:\CHKSK228\rawctd\ctd-10.dat D:\CHKSK228\NEWsk228.con,700,,,ascii,,,,,,,,,"Oct 19 2006 11:33:01, 5.25b",D:\CHKSK228\ctd-10.cnv,2.0,20.0,0.0,100.0,prDM t090C c0S/m flC,yes,"Oct 19 2006 11:34:18, 5.25b",D:\CHKSK228\ctd-10.cnv,0.03,0.15,c0S/m,prDM,"Oct 19 2006 11:35:38, 5.25b",D:\CHKSK228\ctd-10.cnv,"0.0300, 0.0000","7.0000, 0.0000","primary,","Oct 19 2006 11:36:43, 5.25b",D:\CHKSK228\ctd-10.cnv,"0.250, ws = 100, percent = 10.00",yes,"Oct 19 2006 15:42:31, 5.25b",D:\CHKSK228\bin2\ctd-10.cnv D:\CHKSK228\NEWsk228.con,"Oct 19 2006 11:39:00, 5.25b",D:\CHKSK228\ctd-10.cnv,meters,2.0,yes,0.0,"no, min = 0.000, max = 0.000, value = 0.000",,,,,,,,,,,,,,,,,,,,,,,,,,,,,,,,,,,,,,,,,,,,,,,,,,,,,,,,,,,
ctd-11.cnv,sk228_ctd_final,sk228_ctd_final,Sea-Bird SBE 9 Data File,orv sagarkanya,sk228,ctd-11,,,00 02.088s,093 01.368e,-0.0348,93.0228,12-09-06 18:23:41,"prDM: Pressure, Digiquartz [db]","t090C: Temperature [ITS-90, deg C]",c0S/m: Conductivity [S/m],"flC: Fluorescence, Chelsea Aqua 3 Chl Con [ug/l]",scan: Scan Count,"timeS: Time, Elapsed [seconds]","depSM: Depth [salt water, m], lat = 0",sal00: Salinity [PSU],"potemp090C: Potential Temperature [ITS-90, deg C]","sigma-00: Density [sigma-theta, Kg/m^3]",gpa: Geopotential Anomaly [J/Kg],flag: flag,,,,,"0.011,    477.168","9.9202,    29.0684","3.823425,   5.579555","-0.0095,    -0.0042","277,      13429","11.505,    559.490","0.000,    474.000","33.3595,    35.3721","9.8647,    29.0612","20.8958,    26.9814","0.000,     11.398","0.0000e+00, 0.0000e+00",,,,,"Frequency  0  temperature, 2117, 07.OCT.2005","Frequency  1  conductivity, 2642, 01.Nov.2005, cpcor = -9.5700e-08","Frequency  2  pressure, 86538, 27Oct.2005","Extrnl Volt  0  fluorometer, chelsea, 88/2360/115, 14.11.1994",,,,,,C:\sk228\ctd-11.dat,2117,2642,15.0,1.0,1.0,Sep 12 2006 18:23:41,,,12,238,specified,meters: 2,Sep 12 2006 18:23:41,-9.99e-29,"Oct 19 2006 10:24:47, 5.25b",D:\CHKSK228\rawctd\ctd-11.dat D:\CHKSK228\NEWsk228.con,300,,,ascii,,,,,,,,,"Oct 19 2006 11:33:04, 5.25b",D:\CHKSK228\ctd-11.cnv,2.0,20.0,0.0,100.0,prDM t090C c0S/m flC,yes,"Oct 19 2006 11:34:24, 5.25b",D:\CHKSK228\ctd-11.cnv,0.03,0.15,c0S/m,prDM,"Oct 19 2006 11:35:41, 5.25b",D:\CHKSK228\ctd-11.cnv,"0.0300, 0.0000","7.0000, 0.0000","primary,","Oct 19 2006 11:36:47, 5.25b",D:\CHKSK228\ctd-11.cnv,"0.250, ws = 100, percent = 10.00",yes,"Oct 19 2006 15:42:31, 5.25b",D:\CHKSK228\bin2\ctd-11.cnv D:\CHKSK228\NEWsk228.con,"Oct 19 2006 11:39:04, 5.25b",D:\CHKSK228\ctd-11.cnv,meters,2.0,yes,0.0,"no, min = 0.000, max = 0.000, value = 0.000",,,,,,,,,,,,,,,,,,,,,,,,,,,,,,,,,,,,,,,,,,,,,,,,,,,,,,,,,,,
ctd-11A.cnv,sk228_ctd_final,sk228_ctd_final,Sea-Bird SBE 9 Data File,sagarkanya,sk228,ctd11A,,,00 00.24'S,093 03.4'E,-0.004,93.056667,14-09-06 09:23:24,"prDM: Pressure, Digiquartz [db]","t090C: Temperature [ITS-90, deg C]",c0S/m: Conductivity [S/m],"flC: Fluorescence, Chelsea Aqua 3 Chl Con [ug/l]",scan: Scan Count,"timeS: Time, Elapsed [seconds]","depSM: Depth [salt water, m], lat = 0",sal00: Salinity [PSU],"potemp090C: Potential Temperature [ITS-90, deg C]","sigma-00: Density [sigma-theta, Kg/m^3]",gpa: Geopotential Anomaly [J/Kg],flag: flag,,,,,"0.033,   2987.330","1.7720,    29.0742","3.158253,   5.593031","-0.0116,    -0.0045","485,      92622","20.181,   3859.201","0.000,   2950.000","33.2436,    35.3949","1.5537,    29.0660","20.8826,    27.8038","0.000,     27.255","0.0000e+00, 0.0000e+00",,,,,"Frequency  0  temperature, 2117, 07.OCT.2005","Frequency  1  conductivity, 2642, 01.Nov.2005, cpcor = -9.5700e-08","Frequency  2  pressure, 86538, 27Oct.2005","Extrnl Volt  0  fluorometer, chelsea, 88/2360/115, 14.11.1994",,,,,,C:\sk228\ctd-11A.dat,2117,2642,15.0,1.0,1.0,Sep 14 2006 09:23:24,,,12,1476,specified,meters: 2,Sep 14 2006 09:23:24,-9.99e-29,"Oct 19 2006 10:25:19, 5.25b",D:\CHKSK228\rawctd\ctd-11A.dat D:\CHKSK228\NEWsk228.con,500,,,ascii,,,,,,,,,"Oct 19 2006 11:33:05, 5.25b",D:\CHKSK228\ctd-11a.cnv,2.0,20.0,0.0,100.0,prDM t090C c0S/m flC,yes,"Oct 19 2006 11:34:25, 5.25b",D:\CHKSK228\ctd-11a.cnv,0.03,0.15,c0S/m,prDM,"Oct 19 2006 11:35:41, 5.25b",D:\CHKSK228\ctd-11a.cnv,"0.0300, 0.0000","7.0000, 0.0000","primary,","Oct 19 2006 11:36:48, 5.25b",D:\CHKSK228\ctd-11a.cnv,"0.250, ws = 100, percent = 10.00",yes,"Oct 19 2006 15:42:31, 5.25b",D:\CHKSK228\bin2\ctd-11a.cnv D:\CHKSK228\NEWsk228.con,"Oct 19 2006 11:39:04, 5.25b",D:\CHKSK228\ctd-11a.cnv,meters,2.0,yes,0.0,"no, min = 0.000, max = 0.000, value = 0.000",,,,,,,,,,,,,,,,,,,,,,,,,,,,,,,,,,,,,,,,,,,,,,,,,,,,,,,,,,,
ctd-11B.cnv,sk228_ctd_final,sk228_ctd_final,Sea-Bird SBE 9 Data File,sagarkanya,sk228,ctd11B,,,00 01.23'N,092 59.83'E,0.0205,92.997167,14-09-06 13:30:25,"prDM: Pressure, Digiquartz [db]","t090C: Temperature [ITS-90, deg C]",c0S/m: Conductivity [S/m],"flC: Fluorescence, Chelsea Aqua 3 Chl Con [ug/l]",scan: Scan Count,"timeS: Time, Elapsed [seconds]","depSM: Depth [salt water, m], lat = 0",sal00: Salinity [PSU],"potemp090C: Potential Temperature [ITS-90, deg C]","sigma-00: Density [sigma-theta, Kg/m^3]",gpa: Geopotential Anomaly [J/Kg],flag: flag,,,,,"2.011,    195.164","14.3724,    29.0676","4.250178,   5.592857","-0.0090,    -0.0043","518,       8483","21.542,    353.425","2.000,    194.000","33.2468,    35.3965","14.3438,    29.0594","20.8444,    26.1954","0.000,      8.002","0.0000e+00, 0.0000e+00",,,,,"Frequency  0  temperature, 2117, 07.OCT.2005","Frequency  1  conductivity, 2642, 01.Nov.2005, cpcor = -9.5700e-08","Frequency  2  pressure, 86538, 27Oct.2005","Extrnl Volt  0  fluorometer, chelsea, 88/2360/115, 14.11.1994",,,,,,C:\sk228\ctd-11B.dat,2117,2642,15.0,1.0,1.0,Sep 14 2006 13:30:25,,,12,97,specified,meters: 2,Sep 14 2006 13:30:25,-9.99e-29,"Oct 19 2006 10:25:48, 5.25b",D:\CHKSK228\rawctd\ctd-11B.dat D:\CHKSK228\NEWsk228.con,550,,,ascii,,,,,,,,,"Oct 19 2006 11:33:14, 5.25b",D:\CHKSK228\ctd-11b.cnv,2.0,20.0,0.0,100.0,prDM t090C c0S/m flC,yes,"Oct 19 2006 11:34:41, 5.25b",D:\CHKSK228\ctd-11b.cnv,0.03,0.15,c0S/m,prDM,"Oct 19 2006 11:35:50, 5.25b",D:\CHKSK228\ctd-11b.cnv,"0.0300, 0.0000","7.0000, 0.0000","primary,","Oct 19 2006 11:37:00, 5.25b",D:\CHKSK228\ctd-11b.cnv,"0.250, ws = 100, percent = 10.00",yes,"Oct 19 2006 15:42:31, 5.25b",D:\CHKSK228\bin2\ctd-11b.cnv D:\CHKSK228\NEWsk228.con,"Oct 19 2006 11:39:10, 5.25b",D:\CHKSK228\ctd-11b.cnv,meters,2.0,yes,0.0,"no, min = 0.000, max = 0.000, value = 0.000",,,,,,,,,,,,,,,,,,,,,,,,,,,,,,,,,,,,,,,,,,,,,,,,,,,,,,,,,,,
ctd-12.cnv,sk228_ctd_final,sk228_ctd_final,Sea-Bird SBE 9 Data File,ORV Sagar Kanya,SK228,CTD-10,,,01 32.9N,89 58.1E,1.548333,89.968333,16-09-06 21:48:54,"prDM: Pressure, Digiquartz [db]","t090C: Temperature [ITS-90, deg C]",c0S/m: Conductivity [S/m],"flC: Fluorescence, Chelsea Aqua 3 Chl Con [ug/l]",scan: Scan Count,"timeS: Time, Elapsed [seconds]","depSM: Depth [salt water, m], lat = 0",sal00: Salinity [PSU],"potemp090C: Potential Temperature [ITS-90, deg C]","sigma-00: Density [sigma-theta, Kg/m^3]",gpa: Geopotential Anomaly [J/Kg],flag: flag,,,,,"0.044,   1718.447","3.6507,    28.2022","3.283294,   5.501248","-0.0114,    -0.0032","1348,      44418","56.141,   1850.710","0.000,   1702.000","33.7839,    35.1818","3.5167,    28.1885","21.4478,    27.6927","0.000,     21.192","0.0000e+00, 0.0000e+00",,,,,"Frequency  0  temperature, 2117, 07.OCT.2005","Frequency  1  conductivity, 2642, 01.Nov.2005, cpcor = -9.5700e-08","Frequency  2  pressure, 86538, 27Oct.2005","Extrnl Volt  0  fluorometer, chelsea, 88/2360/115, 14.11.1994",,,,,,C:\sk228\ctd-12.dat,2117,2642,15.0,1.0,1.0,Sep 16 2006 21:48:54,,,12,852,specified,meters: 2,Sep 16 2006 21:48:54,-9.99e-29,"Oct 19 2006 10:26:20, 5.25b",D:\CHKSK228\rawctd\ctd-12.dat D:\CHKSK228\NEWsk228.con,1300,,,ascii,,,,,,,,,"Oct 19 2006 11:33:14, 5.25b",D:\CHKSK228\ctd-12.cnv,2.0,20.0,0.0,100.0,prDM t090C c0S/m flC,yes,"Oct 19 2006 11:34:41, 5.25b",D:\CHKSK228\ctd-12.cnv,0.03,0.15,c0S/m,prDM,"Oct 19 2006 11:35:50, 5.25b",D:\CHKSK228\ctd-12.cnv,"0.0300, 0.0000","7.0000, 0.0000","primary,","Oct 19 2006 11:37:01, 5.25b",D:\CHKSK228\ctd-12.cnv,"0.250, ws = 100, percent = 10.00",yes,"Oct 19 2006 15:42:31, 5.25b",D:\CHKSK228\bin2\ctd-12.cnv D:\CHKSK228\NEWsk228.con,"Oct 19 2006 11:39:11, 5.25b",D:\CHKSK228\ctd-12.cnv,meters,2.0,yes,0.0,"no, min = 0.000, max = 0.000, value = 0.000",,,,,,,,,,,,,,,,,,,,,,,,,,,,,,,,,,,,,,,,,,,,,,,,,,,,,,,,,,,
ctd-13.cnv,sk228_ctd_final,sk228_ctd_final,Sea-Bird SBE 9 Data File,ORV Sagar Kanya,SK228,CTD-13,,28.4 C,00 11.26S,085 02.18E,-0.187667,85.036333,18-09-06 12:33:47,"prDM: Pressure, Digiquartz [db]","t090C: Temperature [ITS-90, deg C]",c0S/m: Conductivity [S/m],"flC: Fluorescence, Chelsea Aqua 3 Chl Con [ug/l]",scan: Scan Count,"timeS: Time, Elapsed [seconds]","depSM: Depth [salt water, m], lat = 0",sal00: Salinity [PSU],"potemp090C: Potential Temperature [ITS-90, deg C]","sigma-00: Density [sigma-theta, Kg/m^3]",gpa: Geopotential Anomaly [J/Kg],flag: flag,,,,,"0.011,   2065.435","2.7816,    28.5738","3.217280,   5.623389","-0.0116,    -0.0045","349,      54320","14.496,   2263.306","0.000,   2044.000","34.5782,    35.3427","2.6289,    28.5736","21.8913,    27.7457","0.000,     23.147","0.0000e+00, 0.0000e+00",,,,,"Frequency  0  temperature, 2117, 07.OCT.2005","Frequency  1  conductivity, 2642, 01.Nov.2005, cpcor = -9.5700e-08","Frequency  2  pressure, 86538, 27Oct.2005","Extrnl Volt  0  fluorometer, chelsea, 88/2360/115, 14.11.1994",,,,,,C:\sk228\ctd-13.dat,2117,2642,15.0,1.0,1.0,Sep 18 2006 12:33:47,,,12,1023,specified,meters: 2,Sep 18 2006 12:33:47,-9.99e-29,"Oct 19 2006 10:26:44, 5.25b",D:\CHKSK228\rawctd\ctd-13.dat D:\CHKSK228\NEWsk228.con,350,,,ascii,,,,,,,,,"Oct 19 2006 11:33:16, 5.25b",D:\CHKSK228\ctd-13.cnv,2.0,20.0,0.0,100.0,prDM t090C c0S/m flC,yes,"Oct 19 2006 11:34:45, 5.25b",D:\CHKSK228\ctd-13.cnv,0.03,0.15,c0S/m,prDM,"Oct 19 2006 11:35:52, 5.25b",D:\CHKSK228\ctd-13.cnv,"0.0300, 0.0000","7.0000, 0.0000","primary,","Oct 19 2006 11:37:03, 5.25b",D:\CHKSK228\ctd-13.cnv,"0.250, ws = 100, percent = 10.00",yes,"Oct 19 2006 15:42:31, 5.25b",D:\CHKSK228\bin2\ctd-13.cnv D:\CHKSK228\NEWsk228.con,"Oct 19 2006 11:39:13, 5.25b",D:\CHKSK228\ctd-13.cnv,meters,2.0,yes,0.0,"no, min = 0.000, max = 0.000, value = 0.000",33.0,,,,,,,,,,,,,,,,,,,,,,,,,,,,,,,,,,,,,,,,,,,,,,,,,,,,,,,,,,
ctd-14A.cnv,sk228_ctd_final,sk228_ctd_final,Sea-Bird SBE 9 Data File,sagarkanya,sk228,ctd14A,,,00 06.47'N,083 01.24'S,0.107833,-83.020667,19-09-06 20:42:43,"prDM: Pressure, Digiquartz [db]","t090C: Temperature [ITS-90, deg C]",c0S/m: Conductivity [S/m],"flC: Fluorescence, Chelsea Aqua 3 Chl Con [ug/l]",scan: Scan Count,"timeS: Time, Elapsed [seconds]","depSM: Depth [salt water, m], lat = 0",sal00: Salinity [PSU],"potemp090C: Potential Temperature [ITS-90, deg C]","sigma-00: Density [sigma-theta, Kg/m^3]",gpa: Geopotential Anomaly [J/Kg],flag: flag,,,,,"0.022,    501.358","9.4609,    28.7866","3.780222,   5.648252","-0.0095,    -0.0038","388,      15239","16.138,    634.926","0.000,    498.000","34.5939,    35.3702","9.4042,    28.7846","21.8313,    27.0526","0.000,     12.117","0.0000e+00, 0.0000e+00",,,,,"Frequency  0  temperature, 2117, 07.OCT.2005","Frequency  1  conductivity, 2642, 01.Nov.2005, cpcor = -9.5700e-08","Frequency  2  pressure, 86538, 27Oct.2005","Extrnl Volt  0  fluorometer, chelsea, 88/2360/115, 14.11.1994",,,,,,C:\sk228\ctd-14A.dat,2117,2642,15.0,1.0,1.0,Sep 19 2006 20:42:43,,,12,250,specified,meters: 2,Sep 19 2006 20:42:43,-9.99e-29,"Oct 19 2006 10:27:03, 5.25b",D:\CHKSK228\rawctd\ctd-14A.dat D:\CHKSK228\NEWsk228.con,350,,,ascii,,,,,,,,,"Oct 19 2006 11:33:18, 5.25b",D:\CHKSK228\ctd-14a.cnv,2.0,20.0,0.0,100.0,prDM t090C c0S/m flC,yes,"Oct 19 2006 11:34:48, 5.25b",D:\CHKSK228\ctd-14a.cnv,0.03,0.15,c0S/m,prDM,"Oct 19 2006 11:35:54, 5.25b",D:\CHKSK228\ctd-14a.cnv,"0.0300, 0.0000","7.0000, 0.0000","primary,","Oct 19 2006 11:37:06, 5.25b",D:\CHKSK228\ctd-14a.cnv,"0.250, ws = 100, percent = 10.00",yes,"Oct 19 2006 15:42:31, 5.25b",D:\CHKSK228\bin2\ctd-14a.cnv D:\CHKSK228\NEWsk228.con,"Oct 19 2006 11:39:15, 5.25b",D:\CHKSK228\ctd-14a.cnv,meters,2.0,yes,0.0,"no, min = 0.000, max = 0.000, value = 0.000",,,,,,,,,,,,,,,,,,,,,,,,,,,,,,,,,,,,,,,,,,,,,,,,,,,,,,,,,,,
ctd-14B.cnv,sk228_ctd_final,sk228_ctd_final,Sea-Bird SBE 9 Data File,sagarkanya,sk228,ctd14B,,,00 18.74'N,082 59.61'E,0.312333,82.9935,20-09-06 12:10:18,"prDM: Pressure, Digiquartz [db]","t090C: Temperature [ITS-90, deg C]",c0S/m: Conductivity [S/m],"flC: Fluorescence, Chelsea Aqua 3 Chl Con [ug/l]",scan: Scan Count,"timeS: Time, Elapsed [seconds]","depSM: Depth [salt water, m], lat = 0",sal00: Salinity [PSU],"potemp090C: Potential Temperature [ITS-90, deg C]","sigma-00: Density [sigma-theta, Kg/m^3]",gpa: Geopotential Anomaly [J/Kg],flag: flag,,,,,"2.011,   1538.073","4.3640,    28.9307","3.341529,   5.667642","-0.0112,    -0.0030","385,      41553","15.995,   1731.336","2.000,   1524.000","34.6215,    35.3557","4.2378,    28.9302","21.8036,    27.6360","0.000,     20.337","0.0000e+00, 0.0000e+00",,,,,"Frequency  0  temperature, 2117, 07.OCT.2005","Frequency  1  conductivity, 2642, 01.Nov.2005, cpcor = -9.5700e-08","Frequency  2  pressure, 86538, 27Oct.2005","Extrnl Volt  0  fluorometer, chelsea, 88/2360/115, 14.11.1994",,,,,,C:\sk228\ctd-14B.dat,2117,2642,15.0,1.0,1.0,Sep 20 2006 12:10:18,,,12,762,specified,meters: 2,Sep 20 2006 12:10:18,-9.99e-29,"Oct 19 2006 10:27:25, 5.25b",D:\CHKSK228\rawctd\ctd-14B.dat D:\CHKSK228\NEWsk228.con,350,,,ascii,,,,,,,,,"Oct 19 2006 11:33:18, 5.25b",D:\CHKSK228\ctd-14b.cnv,2.0,20.0,0.0,100.0,prDM t090C c0S/m flC,yes,"Oct 19 2006 11:34:50, 5.25b",D:\CHKSK228\ctd-14b.cnv,0.03,0.15,c0S/m,prDM,"Oct 19 2006 11:35:55, 5.25b",D:\CHKSK228\ctd-14b.cnv,"0.0300, 0.0000","7.0000, 0.0000","primary,","Oct 19 2006 11:37:07, 5.25b",D:\CHKSK228\ctd-14b.cnv,"0.250, ws = 100, percent = 10.00",yes,"Oct 19 2006 15:42:31, 5.25b",D:\CHKSK228\bin2\ctd-14b.cnv D:\CHKSK228\NEWsk228.con,"Oct 19 2006 11:39:15, 5.25b",D:\CHKSK228\ctd-14b.cnv,meters,2.0,yes,0.0,"no, min = 0.000, max = 0.000, value = 0.000",,,,,,,,,,,,,,,,,,,,,,,,,,,,,,,,,,,,,,,,,,,,,,,,,,,,,,,,,,,
ctd-15.cnv,sk228_ctd_final,sk228_ctd_final,Sea-Bird SBE 9 Data File,sagarkanya,sk228,ctd15,,28.9,01 29.8'S,080 28.5'E,-1.496667,80.475,23-09-06 13:22:06,"prDM: Pressure, Digiquartz [db]","t090C: Temperature [ITS-90, deg C]",c0S/m: Conductivity [S/m],"flC: Fluorescence, Chelsea Aqua 3 Chl Con [ug/l]",scan: Scan Count,"timeS: Time, Elapsed [seconds]","depSM: Depth [salt water, m], lat = 0",sal00: Salinity [PSU],"potemp090C: Potential Temperature [ITS-90, deg C]","sigma-00: Density [sigma-theta, Kg/m^3]",gpa: Geopotential Anomaly [J/Kg],flag: flag,,,,,"0.022,    995.840","6.6771,    29.0470","3.536842,   5.683972","-0.0107,    -0.0031","1665,      42530","69.324,   1772.051","0.000,    988.000","34.6470,    35.4052","6.5818,    29.0470","21.7896,    27.4260","0.000,     16.433","0.0000e+00, 0.0000e+00",,,,,"Frequency  0  temperature, 2117, 07.OCT.2005","Frequency  1  conductivity, 2642, 01.Nov.2005, cpcor = -9.5700e-08","Frequency  2  pressure, 86538, 27Oct.2005","Extrnl Volt  0  fluorometer, chelsea, 88/2360/115, 14.11.1994",,,,,,C:\sk228\ctd-15.dat,2117,2642,15.0,1.0,1.0,Sep 23 2006 13:22:06,,,12,495,specified,meters: 2,Sep 23 2006 13:22:06,-9.99e-29,"Oct 19 2006 10:28:23, 5.25b",D:\CHKSK228\rawctd\ctd-15.dat D:\CHKSK228\NEWsk228.con,1600,,,ascii,,,,,,,,,"Oct 19 2006 11:33:20, 5.25b",D:\CHKSK228\ctd-15.cnv,2.0,20.0,0.0,100.0,prDM t090C c0S/m flC,yes,"Oct 19 2006 11:34:53, 5.25b",D:\CHKSK228\ctd-15.cnv,0.03,0.15,c0S/m,prDM,"Oct 19 2006 11:35:56, 5.25b",D:\CHKSK228\ctd-15.cnv,"0.0300, 0.0000","7.0000, 0.0000","primary,","Oct 19 2006 11:37:09, 5.25b",D:\CHKSK228\ctd-15.cnv,"0.250, ws = 100, percent = 10.00",yes,"Oct 19 2006 15:42:31, 5.25b",D:\CHKSK228\bin2\ctd-15.cnv D:\CHKSK228\NEWsk228.con,"Oct 19 2006 11:39:17, 5.25b",D:\CHKSK228\ctd-15.cnv,meters,2.0,yes,0.0,"no, min = 0.000, max = 0.000, value = 0.000",,,,,,,,,,,,,,,,,,,,,,,,,,,,,,,,,,,,,,,,,,,,,,,,,,,,,,,,,,,
ctd-16.cnv,sk228_ctd_final,sk228_ctd_final,Sea-Bird SBE 9 Data File,ORV SAGAR KANYA,SK228,CTD-16,,29.2 C,00 01.44S,077 03.78E,-0.024,77.063,24-09-06 15:22:12,"prDM: Pressure, Digiquartz [db]","t090C: Temperature [ITS-90, deg C]",c0S/m: Conductivity [S/m],"flC: Fluorescence, Chelsea Aqua 3 Chl Con [ug/l]",scan: Scan Count,"timeS: Time, Elapsed [seconds]","depSM: Depth [salt water, m], lat = 0",sal00: Salinity [PSU],"potemp090C: Potential Temperature [ITS-90, deg C]","sigma-00: Density [sigma-theta, Kg/m^3]",gpa: Geopotential Anomaly [J/Kg],flag: flag,,,,,"0.011,   1509.713","4.1312,    29.2315","3.318777,   5.715841","-0.0114,    -0.0025","1720,      55574","71.605,   2315.525","0.000,   1496.000","34.7308,    35.3631","4.0102,    29.2315","21.7917,    27.6530","0.000,     19.648","0.0000e+00, 0.0000e+00",,,,,"Frequency  0  temperature, 2117, 07.OCT.2005","Frequency  1  conductivity, 2642, 01.Nov.2005, cpcor = -9.5700e-08","Frequency  2  pressure, 86538, 27Oct.2005","Extrnl Volt  0  fluorometer, chelsea, 88/2360/115, 14.11.1994",,,,,,C:\sk228\ctd-16.dat,2117,2642,15.0,1.0,1.0,Sep 24 2006 15:22:12,,,12,749,specified,meters: 2,Sep 24 2006 15:22:12,-9.99e-29,"Oct 19 2006 10:28:38, 5.25b",D:\CHKSK228\rawctd\ctd-16.dat D:\CHKSK228\NEWsk228.con,1600,,,ascii,,,,,,,,,"Oct 19 2006 11:33:23, 5.25b",D:\CHKSK228\ctd-16.cnv,2.0,20.0,0.0,100.0,prDM t090C c0S/m flC,yes,"Oct 19 2006 11:34:59, 5.25b",D:\CHKSK228\ctd-16.cnv,0.03,0.15,c0S/m,prDM,"Oct 19 2006 11:36:00, 5.25b",D:\CHKSK228\ctd-16.cnv,"0.0300, 0.0000","7.0000, 0.0000","primary,","Oct 19 2006 11:37:14, 5.25b",D:\CHKSK228\ctd-16.cnv,"0.250, ws = 100, percent = 10.00",yes,"Oct 19 2006 15:42:31, 5.25b",D:\CHKSK228\bin2\ctd-16.cnv D:\CHKSK228\NEWsk228.con,"Oct 19 2006 11:39:20, 5.25b",D:\CHKSK228\ctd-16.cnv,meters,2.0,yes,0.0,"no, min = 0.000, max = 0.000, value = 0.000",,25 IST,,,,,,,,,,,,,,,,,,,,,,,,,,,,,,,,,,,,,,,,,,,,,,,,,,,,,,,,,
ctd-16upfn.cnv,sk228_ctd_final,sk228_ctd_final,Sea-Bird SBE 9 Data File,,,,,,,,,,24-09-06 16:04:25,"prDM: Pressure, Digiquartz [db]","t090C: Temperature [ITS-90, deg C]",c0S/m: Conductivity [S/m],"flC: Fluorescence, Chelsea Aqua 3 Chl Con [ug/l]",scan: Scan Count,"timeS: Time, Elapsed [seconds]","depSM: Depth [salt water, m], lat = 0",sal00: Salinity [PSU],"potemp090C: Potential Temperature [ITS-90, deg C]","sigma-00: Density [sigma-theta, Kg/m^3]",gpa: Geopotential Anomaly [J/Kg],flag: flag,,,,,"0.011,   1499.585","4.1512,    29.1891","3.320193,   5.711321","-0.0116,    -0.0055","831,      54866","34.569,   2286.027","0.000,   1486.000","34.7292,    35.3954","4.0309,    29.1891","21.8055,    27.6512","0.000,     19.497","0.0000e+00, 0.0000e+00",,,,,"Frequency  0  temperature, 2117, 07.OCT.2005","Frequency  1  conductivity, 2642, 01.Nov.2005, cpcor = -9.5700e-08","Frequency  2  pressure, 86538, 27Oct.2005","Extrnl Volt  0  fluorometer, chelsea, 88/2360/115, 14.11.1994",,,,,,C:\sk228\ctd-16up.dat,2117,2642,15.0,1.0,1.0,Sep 24 2006 16:04:25,,,12,744,specified,meters: 2,Sep 24 2006 16:04:25,-9.99e-29,"Oct 19 2006 10:29:13, 5.25b",D:\CHKSK228\rawctd\ctd-16up.dat D:\CHKSK228\NEWsk228.con,0,,,ascii,,,,,,,,,"Oct 23 2006 15:27:35, 5.25b",D:\CHKSK228\upfiles\ctd-16up.cnv,2.0,20.0,0.0,100.0,prDM t090C c0S/m flC,yes,"Oct 23 2006 15:29:19, 5.25b",D:\CHKSK228\upfiles\ctd-16up.cnv,0.03,0.15,c0S/m,prDM,"Oct 23 2006 15:30:28, 5.25b",D:\CHKSK228\upfiles\ctd-16up.cnv,"0.0300, 0.0000","7.0000, 0.0000","primary,","Oct 23 2006 15:31:22, 5.25b",D:\CHKSK228\upfiles\ctd-16up.cnv,"0.250, ws = 100, percent = 10.00",yes,"Oct 23 2006 16:50:17, 5.25b",D:\CHKSK228\upfiles\CHK16DN.CNV D:\CHKSK228\NEWsk228.con,"Oct 23 2006 15:35:03, 5.25b",D:\CHKSK228\upfiles\ctd-16up.cnv,meters,2.0,yes,0.0,"no, min = 0.000, max = 0.000, value = 0.000",,,,,,,,,,,,,,,,,,,,,,,,,,,,,,,,,,,,,,,,,,,,,,,,,,,,,,,,,,,
ctd-17.cnv,sk228_ctd_final,sk228_ctd_final,Sea-Bird SBE 9 Data File,sagarkanya,sk228,ctd17,,29.1,00 02.20'N,076 56.55'E,0.036667,76.9425,26-09-06 17:27:06,"prDM: Pressure, Digiquartz [db]","t090C: Temperature [ITS-90, deg C]",c0S/m: Conductivity [S/m],"flC: Fluorescence, Chelsea Aqua 3 Chl Con [ug/l]",scan: Scan Count,"timeS: Time, Elapsed [seconds]","depSM: Depth [salt water, m], lat = 0",sal00: Salinity [PSU],"potemp090C: Potential Temperature [ITS-90, deg C]","sigma-00: Density [sigma-theta, Kg/m^3]",gpa: Geopotential Anomaly [J/Kg],flag: flag,,,,,"0.022,   4062.612","1.3753,    29.1922","3.154553,   5.711902","-0.0116,    -0.0024","2767,     129496","115.259,   5395.631","0.000,   4002.000","34.7148,    35.3532","1.0692,    29.1922","21.8058,    27.8323","0.000,     30.748","0.0000e+00, 0.0000e+00",,,,,"Frequency  0  temperature, 2117, 07.OCT.2005","Frequency  1  conductivity, 2642, 01.Nov.2005, cpcor = -9.5700e-08","Frequency  2  pressure, 86538, 27Oct.2005","Extrnl Volt  0  fluorometer, chelsea, 88/2360/115, 14.11.1994",,,,,,C:\sk228\ctd-17.dat,2117,2642,15.0,1.0,1.0,Sep 26 2006 17:27:06,,,12,2002,specified,meters: 2,Sep 26 2006 17:27:06,-9.99e-29,"Oct 19 2006 10:30:06, 5.25b",D:\CHKSK228\rawctd\ctd-17.dat D:\CHKSK228\NEWsk228.con,2750,,,ascii,,,,,,,,,"Oct 19 2006 11:33:25, 5.25b",D:\CHKSK228\ctd-17.cnv,2.0,20.0,0.0,100.0,prDM t090C c0S/m flC,yes,"Oct 19 2006 11:35:03, 5.25b",D:\CHKSK228\ctd-17.cnv,0.03,0.15,c0S/m,prDM,"Oct 19 2006 11:36:02, 5.25b",D:\CHKSK228\ctd-17.cnv,"0.0300, 0.0000","7.0000, 0.0000","primary,","Oct 19 2006 11:37:17, 5.25b",D:\CHKSK228\ctd-17.cnv,"0.250, ws = 100, percent = 10.00",yes,"Oct 19 2006 15:42:30, 5.25b",D:\CHKSK228\bin2\ctd-17.cnv D:\CHKSK228\NEWsk228.con,"Oct 19 2006 11:39:22, 5.25b",D:\CHKSK228\ctd-17.cnv,meters,2.0,yes,0.0,"no, min = 0.000, max = 0.000, value = 0.000",,,,,,,,,,,,,,,,,,,,,,,,,,,,,,,,,,,,,,,,,,,,,,,,,,,,,,,,,,,
Ctd-17upfn.cnv,sk228_ctd_final,sk228_ctd_final,Sea-Bird SBE 9 Data File,ORV Sagar Kanya,SK228,CTD-17up,,,00 02.5N,76 54.363 E,0.041667,76.90605,26-09-06 21:17:18,"prDM: Pressure, Digiquartz [db]","t090C: Temperature [ITS-90, deg C]",c0S/m: Conductivity [S/m],"flC: Fluorescence, Chelsea Aqua 3 Chl Con [ug/l]",scan: Scan Count,"timeS: Time, Elapsed [seconds]","depSM: Depth [salt water, m], lat = 0",sal00: Salinity [PSU],"potemp090C: Potential Temperature [ITS-90, deg C]","sigma-00: Density [sigma-theta, Kg/m^3]",gpa: Geopotential Anomaly [J/Kg],flag: flag,,,,,"0.011,   3649.062","1.4624,    28.9786","3.154651,   5.686140","-0.0116,     0.0000","199,     184782","8.236,   7699.224","0.000,   3598.000","34.7182,    35.3527","1.1868,    28.9786","21.8612,    27.8243","0.000,     29.029","0.0000e+00, 0.0000e+00",,,,,"Frequency  0  temperature, 2117, 07.OCT.2005","Frequency  1  conductivity, 2642, 01.Nov.2005, cpcor = -9.5700e-08","Frequency  2  pressure, 86538, 27Oct.2005","Extrnl Volt  0  fluorometer, chelsea, 88/2360/115, 14.11.1994",,,,,,C:\sk228\ctd-17up.dat,2117,2642,15.0,1.0,1.0,Sep 26 2006 21:17:18,,,12,1801,specified,meters: 2,Sep 26 2006 21:17:18,-9.99e-29,"Oct 19 2006 10:29:35, 5.25b",D:\CHKSK228\rawctd\ctd-17up.dat D:\CHKSK228\NEWsk228.con,0,,,ascii,,,,,,,,,"Oct 23 2006 15:27:44, 5.25b",D:\CHKSK228\upfiles\ctd-17up.cnv,2.0,20.0,0.0,100.0,prDM t090C c0S/m flC,yes,"Oct 23 2006 15:29:31, 5.25b",D:\CHKSK228\upfiles\ctd-17up.cnv,0.03,0.15,c0S/m,prDM,"Oct 23 2006 15:30:37, 5.25b",D:\CHKSK228\upfiles\ctd-17up.cnv,"0.0300, 0.0000","7.0000, 0.0000","primary,","Oct 23 2006 15:31:32, 5.25b",D:\CHKSK228\upfiles\ctd-17up.cnv,"0.250, ws = 100, percent = 10.00",yes,"Oct 23 2006 16:50:27, 5.25b",D:\CHKSK228\upfiles\CHK17DN.CNV D:\CHKSK228\NEWsk228.con,"Oct 23 2006 15:35:16, 5.25b",D:\CHKSK228\upfiles\ctd-17up.cnv,meters,2.0,yes,0.0,"no, min = 0.000, max = 0.000, value = 0.000",,,,,,,,,,,,,,,,,,,,,,,,,,,,,,,,,,,,,,,,,,,,,,,,,,,,,,,,,,,
ctd90_01.cnv,sk228_ctd_final,sk228_ctd_final,Sea-Bird SBE 9 Data File,sagarkanya,sk228,ctd90_01,,27.8,00 00.16S,089 59.96E,-0.002667,89.999333,10-09-06 05:32:29,"prDM: Pressure, Digiquartz [db]","t090C: Temperature [ITS-90, deg C]",c0S/m: Conductivity [S/m],"flC: Fluorescence, Chelsea Aqua 3 Chl Con [ug/l]",scan: Scan Count,"timeS: Time, Elapsed [seconds]","depSM: Depth [salt water, m], lat = 0",sal00: Salinity [PSU],flag: flag,,,,,,,,"2.198,    478.015","9.8210,    28.8027","3.813376,   5.624141","-0.0099,    -0.0051","601,      44682","25.000,   1861.708","2.186,    474.840","33.3756,    35.4148","0.0000e+00, 0.0000e+00",,,,,,,,"Frequency  0  temperature, 2117, 07.OCT.2005","Frequency  1  conductivity, 2642, 01.Nov.2005, cpcor = -9.5700e-08","Frequency  2  pressure, 86538, 27Oct.2005","Extrnl Volt  0  fluorometer, chelsea, 88/2360/115, 14.11.1994",,,,,,C:\sk228\ctd90_01.dat,2117,2642,15.0,1.0,1.0,Sep 10 2006 05:32:29,,,9,44082,specified,seconds: 0.0416667,Sep 10 2006 05:32:29,-9.99e-29,"Oct 20 2006 15:56:52, 5.25b",D:\CHKSK228\rawctd\raw90\ctd90_01.dat D:\CHKSK228\NEWsk228.con,600,,,ascii,,,,,,,,,,,,,,,,,,,,,,,,,,,,,,,,"Oct 20 2006 17:03:38, 5.25b",D:\CHKSK228\rawctd\raw90\ctd90_01.cnv D:\CHKSK228\NEWsk228.con,,,,,,,,,,,,,,,,,,,,,,,,,,,,,,,,,,,,,,,,,,,,,,,,,,,,,,,,,,,,,,,,,,
ctd90_02.cnv,sk228_ctd_final,sk228_ctd_final,Sea-Bird SBE 9 Data File,sagarkanya,sk228,ctd90_02,,27.6,00 00.9S,089 59.7E,-0.015,89.995,10-09-06 06:30:08,"prDM: Pressure, Digiquartz [db]","t090C: Temperature [ITS-90, deg C]",c0S/m: Conductivity [S/m],"flC: Fluorescence, Chelsea Aqua 3 Chl Con [ug/l]",scan: Scan Count,"timeS: Time, Elapsed [seconds]","depSM: Depth [salt water, m], lat = 0",sal00: Salinity [PSU],flag: flag,,,,,,,,"5.010,    483.230","9.9246,    28.7885","3.822744,   5.622356","-0.0102,    -0.0050","401,      15064","16.667,    627.625","4.982,    480.015","33.3236,    35.4267","0.0000e+00, 0.0000e+00",,,,,,,,"Frequency  0  temperature, 2117, 07.OCT.2005","Frequency  1  conductivity, 2642, 01.Nov.2005, cpcor = -9.5700e-08","Frequency  2  pressure, 86538, 27Oct.2005","Extrnl Volt  0  fluorometer, chelsea, 88/2360/115, 14.11.1994",,,,,,C:\sk228\ctd90_02.dat,2117,2642,15.0,1.0,1.0,Sep 10 2006 06:30:08,,,9,14664,specified,seconds: 0.0416667,Sep 10 2006 06:30:08,-9.99e-29,"Oct 20 2006 15:57:49, 5.25b",D:\CHKSK228\rawctd\raw90\ctd90_02.dat D:\CHKSK228\NEWsk228.con,400,,,ascii,,,,,,,,,,,,,,,,,,,,,,,,,,,,,,,,"Oct 20 2006 17:03:18, 5.25b",D:\CHKSK228\rawctd\raw90\ctd90_02.cnv D:\CHKSK228\NEWsk228.con,,,,,,,,,,,,,,,,,,,,,,,,,,,,,,,,,,,,,,,,,,,,,,,,,,,,,,,,,,,,,,,,,,
ctd90_03.cnv,sk228_ctd_final,sk228_ctd_final,Sea-Bird SBE 9 Data File,orv sagar kanya,sk228,ctd90-03,,,00 00.79s,090 0.04e,-0.013167,90.000667,10-09-06 07:38:42,"prDM: Pressure, Digiquartz [db]","t090C: Temperature [ITS-90, deg C]",c0S/m: Conductivity [S/m],"flC: Fluorescence, Chelsea Aqua 3 Chl Con [ug/l]",scan: Scan Count,"timeS: Time, Elapsed [seconds]","depSM: Depth [salt water, m], lat = 0",sal00: Salinity [PSU],flag: flag,,,,,,,,"2.799,    482.072","9.9035,    28.7912","3.821770,   5.624590","-0.0103,    -0.0053","4251,      29309","177.083,   1221.167","2.784,    478.866","33.3357,    35.4192","0.0000e+00, 0.0000e+00",,,,,,,,"Frequency  0  temperature, 2117, 07.OCT.2005","Frequency  1  conductivity, 2642, 01.Nov.2005, cpcor = -9.5700e-08","Frequency  2  pressure, 86538, 27Oct.2005","Extrnl Volt  0  fluorometer, chelsea, 88/2360/115, 14.11.1994",,,,,,C:\sk228\ctd90_03.dat,2117,2642,15.0,1.0,1.0,Sep 10 2006 07:38:42,,,9,25059,specified,seconds: 0.0416667,Sep 10 2006 07:38:42,-9.99e-29,"Oct 20 2006 15:58:16, 5.25b",D:\CHKSK228\rawctd\raw90\ctd90_03.dat D:\CHKSK228\NEWsk228.con,4250,,,ascii,,,,,,,,,,,,,,,,,,,,,,,,,,,,,,,,"Oct 20 2006 17:03:18, 5.25b",D:\CHKSK228\rawctd\raw90\ctd90_03.cnv D:\CHKSK228\NEWsk228.con,,,,,,,,,,,,,,,,,,,,,,,,,,,,,,,,,,,,,,,,,,,,,,,,,,,,,,,,,,,,,,,,,,
ctd90_04.cnv,sk228_ctd_final,sk228_ctd_final,Sea-Bird SBE 9 Data File,orv sagar kanya,sk228,ctd90-04,,,00 1.43s,089 59.9e,-0.023833,89.998333,10-09-06 08:28:15,"prDM: Pressure, Digiquartz [db]","t090C: Temperature [ITS-90, deg C]",c0S/m: Conductivity [S/m],"flC: Fluorescence, Chelsea Aqua 3 Chl Con [ug/l]",scan: Scan Count,"timeS: Time, Elapsed [seconds]","depSM: Depth [salt water, m], lat = 0",sal00: Salinity [PSU],flag: flag,,,,,,,,"12.202,    479.519","9.9244,    28.7929","3.822097,   5.625373","-0.0101,    -0.0052","1501,      22513","62.500,    938.000","12.135,    476.333","33.3781,    35.4162","0.0000e+00, 0.0000e+00",,,,,,,,"Frequency  0  temperature, 2117, 07.OCT.2005","Frequency  1  conductivity, 2642, 01.Nov.2005, cpcor = -9.5700e-08","Frequency  2  pressure, 86538, 27Oct.2005","Extrnl Volt  0  fluorometer, chelsea, 88/2360/115, 14.11.1994",,,,,,C:\sk228\ctd90_04.dat,2117,2642,15.0,1.0,1.0,Sep 10 2006 08:28:15,,,9,21013,specified,seconds: 0.0416667,Sep 10 2006 08:28:15,-9.99e-29,"Oct 20 2006 15:58:50, 5.25b",D:\CHKSK228\rawctd\raw90\ctd90_04.dat D:\CHKSK228\NEWsk228.con,1500,,,ascii,,,,,,,,,,,,,,,,,,,,,,,,,,,,,,,,"Oct 20 2006 17:03:20, 5.25b",D:\CHKSK228\rawctd\raw90\ctd90_04.cnv D:\CHKSK228\NEWsk228.con,,,,,,,,,,,,,,,,,,,,,,,,,,,,,,,,,,,,,,,,,,,,,,,,,,,,,,,,,,,,,,,,,,
ctd90_05.cnv,sk228_ctd_final,sk228_ctd_final,Sea-Bird SBE 9 Data File,orv sagar kanya,sk228,ctd90-05,,,00  02.226s,089 59.717E,-0.0371,89.995283,10-09-06 09:27:22,"prDM: Pressure, Digiquartz [db]","t090C: Temperature [ITS-90, deg C]",c0S/m: Conductivity [S/m],"flC: Fluorescence, Chelsea Aqua 3 Chl Con [ug/l]",scan: Scan Count,"timeS: Time, Elapsed [seconds]","depSM: Depth [salt water, m], lat = 0",sal00: Salinity [PSU],flag: flag,,,,,,,,"1.685,    560.845","9.7782,    28.7790","0.332001,   5.611255","-0.0101,    -0.0052","1251,      23670","52.083,    986.208","1.676,    557.009","1.6252,    35.4576","0.0000e+00, 0.0000e+00",,,,,,,,"Frequency  0  temperature, 2117, 07.OCT.2005","Frequency  1  conductivity, 2642, 01.Nov.2005, cpcor = -9.5700e-08","Frequency  2  pressure, 86538, 27Oct.2005","Extrnl Volt  0  fluorometer, chelsea, 88/2360/115, 14.11.1994",,,,,,C:\sk228\ctd90_05.dat,2117,2642,15.0,1.0,1.0,Sep 10 2006 09:27:22,,,9,22420,specified,seconds: 0.0416667,Sep 10 2006 09:27:22,-9.99e-29,"Oct 20 2006 15:59:36, 5.25b",D:\CHKSK228\rawctd\raw90\ctd90_05.dat D:\CHKSK228\NEWsk228.con,1250,,,ascii,,,,,,,,,,,,,,,,,,,,,,,,,,,,,,,,"Oct 20 2006 17:03:21, 5.25b",D:\CHKSK228\rawctd\raw90\ctd90_05.cnv D:\CHKSK228\NEWsk228.con,,,,,,,,,,,,,,,,,,,,,,,,,,,,,,,,,,,,,,,,,,,,,,,,,,,,,,,,,,,,,,,,,,
ctd90_06.cnv,sk228_ctd_final,sk228_ctd_final,Sea-Bird SBE 9 Data File,ORV Sagar Kanya,SK228,CTD90_06,,,00 04.1S,089 58.9 E,-0.068333,89.981667,10-09-06 11:39:06,"prDM: Pressure, Digiquartz [db]","t090C: Temperature [ITS-90, deg C]",c0S/m: Conductivity [S/m],"flC: Fluorescence, Chelsea Aqua 3 Chl Con [ug/l]",scan: Scan Count,"timeS: Time, Elapsed [seconds]","depSM: Depth [salt water, m], lat = 0",sal00: Salinity [PSU],flag: flag,,,,,,,,"7.470,    535.959","9.5573,    28.7907","3.790570,   5.621658","-0.0104,    -0.0050","2101,      28963","87.500,   1206.750","7.429,    532.325","33.3473,    35.4249","0.0000e+00, 0.0000e+00",,,,,,,,"Frequency  0  temperature, 2117, 07.OCT.2005","Frequency  1  conductivity, 2642, 01.Nov.2005, cpcor = -9.5700e-08","Frequency  2  pressure, 86538, 27Oct.2005","Extrnl Volt  0  fluorometer, chelsea, 88/2360/115, 14.11.1994",,,,,,C:\sk228\ctd90_06.dat,2117,2642,15.0,1.0,1.0,Sep 10 2006 11:39:06,,,9,26863,specified,seconds: 0.0416667,Sep 10 2006 11:39:06,-9.99e-29,"Oct 20 2006 16:00:23, 5.25b",D:\CHKSK228\rawctd\raw90\ctd90_06.dat D:\CHKSK228\NEWsk228.con,2100,,,ascii,,,,,,,,,,,,,,,,,,,,,,,,,,,,,,,,"Oct 20 2006 17:03:22, 5.25b",D:\CHKSK228\rawctd\raw90\ctd90_06.cnv D:\CHKSK228\NEWsk228.con,,,,,,,,,,,,,,,,,,,,,,,,,,,,,,,,,,,,,,,,,,,,,,,,,,,,,,,,,,,,,,,,,,
ctd90_07a.cnv,sk228_ctd_final,sk228_ctd_final,Sea-Bird SBE 9 Data File,ORV Sagar Kanya,SK228,CTD90_07a,,,00 05.1S,089 58.6 E,-0.085,89.976667,10-09-06 12:33:14,"prDM: Pressure, Digiquartz [db]","t090C: Temperature [ITS-90, deg C]",c0S/m: Conductivity [S/m],"flC: Fluorescence, Chelsea Aqua 3 Chl Con [ug/l]",scan: Scan Count,"timeS: Time, Elapsed [seconds]","depSM: Depth [salt water, m], lat = 0",sal00: Salinity [PSU],flag: flag,,,,,,,,"-15844.043,    579.428","9.7492,    28.7796","3.801202,  99.000000","-0.0101,    -0.0051","901,      12827","37.500,    534.417","-16468.365,    575.439","33.3132,    99.0000","0.0000e+00, 0.0000e+00",,,,,,,,"Frequency  0  temperature, 2117, 07.OCT.2005","Frequency  1  conductivity, 2642, 01.Nov.2005, cpcor = -9.5700e-08","Frequency  2  pressure, 86538, 27Oct.2005","Extrnl Volt  0  fluorometer, chelsea, 88/2360/115, 14.11.1994",,,,,,C:\sk228\ctd90_07a.dat,2117,2642,15.0,1.0,1.0,Sep 10 2006 12:33:14,,,9,11927,specified,seconds: 0.0416667,Sep 10 2006 12:33:14,-9.99e-29,"Oct 20 2006 16:00:57, 5.25b",D:\CHKSK228\rawctd\raw90\ctd90_07a.dat D:\CHKSK228\NEWsk228.con,900,,,ascii,,,,,,,,,,,,,,,,,,,,,,,,,,,,,,,,"Oct 20 2006 17:03:23, 5.25b",D:\CHKSK228\rawctd\raw90\ctd90_07a.cnv D:\CHKSK228\NEWsk228.con,,,,,,,,,,,,,,,,,,,,,,,,,,,,,,,,,,,,,,,,,,,,,,,,,,,,,,,,,,,,,,,,,,
ctd90_08.cnv,sk228_ctd_final,sk228_ctd_final,Sea-Bird SBE 9 Data File,orvsagar kanya,sk228,ctd90-08,,,00 04.405 s,089 58.841e,-0.073417,89.980683,10-09-06 13:46:24,"prDM: Pressure, Digiquartz [db]","t090C: Temperature [ITS-90, deg C]",c0S/m: Conductivity [S/m],"flC: Fluorescence, Chelsea Aqua 3 Chl Con [ug/l]",scan: Scan Count,"timeS: Time, Elapsed [seconds]","depSM: Depth [salt water, m], lat = 0",sal00: Salinity [PSU],flag: flag,,,,,,,,"5.928,    480.271","9.7812,    28.8042","3.809553,   5.619409","-0.0098,    -0.0050","501,      14206","20.833,    591.875","5.895,    477.079","33.3551,    35.4941","0.0000e+00, 0.0000e+00",,,,,,,,"Frequency  0  temperature, 2117, 07.OCT.2005","Frequency  1  conductivity, 2642, 01.Nov.2005, cpcor = -9.5700e-08","Frequency  2  pressure, 86538, 27Oct.2005","Extrnl Volt  0  fluorometer, chelsea, 88/2360/115, 14.11.1994",,,,,,C:\sk228\ctd90_08.dat,2117,2642,15.0,1.0,1.0,Sep 10 2006 13:46:24,,,9,13706,specified,seconds: 0.0416667,Sep 10 2006 13:46:24,-9.99e-29,"Oct 20 2006 16:01:09, 5.25b",D:\CHKSK228\rawctd\raw90\ctd90_08.dat D:\CHKSK228\NEWsk228.con,500,,,ascii,,,,,,,,,,,,,,,,,,,,,,,,,,,,,,,,"Oct 20 2006 17:03:23, 5.25b",D:\CHKSK228\rawctd\raw90\ctd90_08.cnv D:\CHKSK228\NEWsk228.con,,,,,,,,,,,,,,,,,,,,,,,,,,,,,,,,,,,,,,,,,,,,,,,,,,,,,,,,,,,,,,,,,,
ctd90_09.cnv,sk228_ctd_final,sk228_ctd_final,Sea-Bird SBE 9 Data File,orv sagar kanya,sk228,ctd90-09,,,00 04.941s,089 58.640E,-0.08235,89.977333,10-09-06 14:27:48,"prDM: Pressure, Digiquartz [db]","t090C: Temperature [ITS-90, deg C]",c0S/m: Conductivity [S/m],"flC: Fluorescence, Chelsea Aqua 3 Chl Con [ug/l]",scan: Scan Count,"timeS: Time, Elapsed [seconds]","depSM: Depth [salt water, m], lat = 0",sal00: Salinity [PSU],flag: flag,,,,,,,,"4.021,    482.632","9.7725,    28.7799","3.808885,   5.617813","-0.0099,    -0.0049","351,      15640","14.583,    651.625","3.999,    479.421","33.3693,    35.4366","0.0000e+00, 0.0000e+00",,,,,,,,"Frequency  0  temperature, 2117, 07.OCT.2005","Frequency  1  conductivity, 2642, 01.Nov.2005, cpcor = -9.5700e-08","Frequency  2  pressure, 86538, 27Oct.2005","Extrnl Volt  0  fluorometer, chelsea, 88/2360/115, 14.11.1994",,,,,,C:\sk228\ctd90_09.dat,2117,2642,15.0,1.0,1.0,Sep 10 2006 14:27:48,,,9,15290,specified,seconds: 0.0416667,Sep 10 2006 14:27:48,-9.99e-29,"Oct 20 2006 16:01:26, 5.25b",D:\CHKSK228\rawctd\raw90\ctd90_09.dat D:\CHKSK228\NEWsk228.con,350,,,ascii,,,,,,,,,,,,,,,,,,,,,,,,,,,,,,,,"Oct 20 2006 17:03:24, 5.25b",D:\CHKSK228\rawctd\raw90\ctd90_09.cnv D:\CHKSK228\NEWsk228.con,,,,,,,,,,,,,,,,,,,,,,,,,,,,,,,,,,,,,,,,,,,,,,,,,,,,,,,,,,,,,,,,,,
ctd90_11.cnv,sk228_ctd_final,sk228_ctd_final,Sea-Bird SBE 9 Data File,orvsagarkanya,sk228,ctd90-11,,,00 04.687s,089 59.415e,-0.078117,89.99025,10-09-06 16:28:26,"prDM: Pressure, Digiquartz [db]","t090C: Temperature [ITS-90, deg C]",c0S/m: Conductivity [S/m],"flC: Fluorescence, Chelsea Aqua 3 Chl Con [ug/l]",scan: Scan Count,"timeS: Time, Elapsed [seconds]","depSM: Depth [salt water, m], lat = 0",sal00: Salinity [PSU],flag: flag,,,,,,,,"4.880,    482.765","9.7918,    28.7653","3.810747,  99.000000","-0.0105,    -0.0052","401,      24362","16.667,   1015.042","4.853,    479.553","33.4083,    99.0000","0.0000e+00, 0.0000e+00",,,,,,,,"Frequency  0  temperature, 2117, 07.OCT.2005","Frequency  1  conductivity, 2642, 01.Nov.2005, cpcor = -9.5700e-08","Frequency  2  pressure, 86538, 27Oct.2005","Extrnl Volt  0  fluorometer, chelsea, 88/2360/115, 14.11.1994",,,,,,C:\sk228\ctd90_11.dat,2117,2642,15.0,1.0,1.0,Sep 10 2006 16:28:26,,,9,23962,specified,seconds: 0.0416667,Sep 10 2006 16:28:26,-9.99e-29,"Oct 20 2006 16:01:48, 5.25b",D:\CHKSK228\rawctd\raw90\ctd90_11.dat D:\CHKSK228\NEWsk228.con,400,,,ascii,,,,,,,,,,,,,,,,,,,,,,,,,,,,,,,,"Oct 20 2006 17:03:25, 5.25b",D:\CHKSK228\rawctd\raw90\ctd90_11.cnv D:\CHKSK228\NEWsk228.con,,,,,,,,,,,,,,,,,,,,,,,,,,,,,,,,,,,,,,,,,,,,,,,,,,,,,,,,,,,,,,,,,,
ctd90_12.cnv,sk228_ctd_final,sk228_ctd_final,Sea-Bird SBE 9 Data File,orvsagarkanya,sk228,ctd90-12,,,00 04.93s,089 59.92e,-0.082167,89.998667,10-09-06 17:46:45,"prDM: Pressure, Digiquartz [db]","t090C: Temperature [ITS-90, deg C]",c0S/m: Conductivity [S/m],"flC: Fluorescence, Chelsea Aqua 3 Chl Con [ug/l]",scan: Scan Count,"timeS: Time, Elapsed [seconds]","depSM: Depth [salt water, m], lat = 0",sal00: Salinity [PSU],flag: flag,,,,,,,,"5.144,    483.396","9.7889,    28.7700","3.810374,   5.617503","-0.0101,    -0.0054","1251,      17702","52.083,    737.542","5.116,    480.179","33.3723,    35.4489","0.0000e+00, 0.0000e+00",,,,,,,,"Frequency  0  temperature, 2117, 07.OCT.2005","Frequency  1  conductivity, 2642, 01.Nov.2005, cpcor = -9.5700e-08","Frequency  2  pressure, 86538, 27Oct.2005","Extrnl Volt  0  fluorometer, chelsea, 88/2360/115, 14.11.1994",,,,,,C:\sk228\ctd90_12.dat,2117,2642,15.0,1.0,1.0,Sep 10 2006 17:46:45,,,9,16452,specified,seconds: 0.0416667,Sep 10 2006 17:46:45,-9.99e-29,"Oct 20 2006 16:02:06, 5.25b",D:\CHKSK228\rawctd\raw90\ctd90_12.dat D:\CHKSK228\NEWsk228.con,1250,,,ascii,,,,,,,,,,,,,,,,,,,,,,,,,,,,,,,,"Oct 20 2006 17:03:26, 5.25b",D:\CHKSK228\rawctd\raw90\ctd90_12.cnv D:\CHKSK228\NEWsk228.con,,,,,,,,,,,,,,,,,,,,,,,,,,,,,,,,,,,,,,,,,,,,,,,,,,,,,,,,,,,,,,,,,,
ctd90_13.cnv,sk228_ctd_final,sk228_ctd_final,Sea-Bird SBE 9 Data File,ORV Sagar kanya,SK 228,ctd90_13,,,00 05.83 S,089 59.81 E,-0.097167,89.996833,10-09-06 18:27:54,"prDM: Pressure, Digiquartz [db]","t090C: Temperature [ITS-90, deg C]",c0S/m: Conductivity [S/m],"flC: Fluorescence, Chelsea Aqua 3 Chl Con [ug/l]",scan: Scan Count,"timeS: Time, Elapsed [seconds]","depSM: Depth [salt water, m], lat = 0",sal00: Salinity [PSU],flag: flag,,,,,,,,"1.865,    481.594","9.8298,    28.7678","3.814518,   5.618356","-0.0100,    -0.0053","401,      16450","16.667,    685.375","1.855,    478.391","33.4057,    35.4537","0.0000e+00, 0.0000e+00",,,,,,,,"Frequency  0  temperature, 2117, 07.OCT.2005","Frequency  1  conductivity, 2642, 01.Nov.2005, cpcor = -9.5700e-08","Frequency  2  pressure, 86538, 27Oct.2005","Extrnl Volt  0  fluorometer, chelsea, 88/2360/115, 14.11.1994",,,,,,C:\sk228\ctd90_13.dat,2117,2642,15.0,1.0,1.0,Sep 10 2006 18:27:54,,,9,16050,specified,seconds: 0.0416667,Sep 10 2006 18:27:54,-9.99e-29,"Oct 20 2006 16:02:22, 5.25b",D:\CHKSK228\rawctd\raw90\ctd90_13.dat D:\CHKSK228\NEWsk228.con,400,,,ascii,,,,,,,,,,,,,,,,,,,,,,,,,,,,,,,,"Oct 20 2006 17:03:27, 5.25b",D:\CHKSK228\rawctd\raw90\ctd90_13.cnv D:\CHKSK228\NEWsk228.con,,,,,,,,,,30 IST,,,,,,,,,,,,,,,,,,,,,,,,,,,,,,,,,,,,,,,,,,,,,,,,,,,,,,,,
ctd90_14.cnv,sk228_ctd_final,sk228_ctd_final,Sea-Bird SBE 9 Data File,sagar kanya,sk228,ctd90-14,,,00 04.70s,090 0.2 e,-0.078333,90.003333,10-09-06 19:38:38,"prDM: Pressure, Digiquartz [db]","t090C: Temperature [ITS-90, deg C]",c0S/m: Conductivity [S/m],"flC: Fluorescence, Chelsea Aqua 3 Chl Con [ug/l]",scan: Scan Count,"timeS: Time, Elapsed [seconds]","depSM: Depth [salt water, m], lat = 0",sal00: Salinity [PSU],flag: flag,,,,,,,,"6.497,    483.955","9.7890,    28.7700","3.810538,   5.617920","-0.0102,    -0.0053","251,      14932","10.417,    622.125","6.461,    480.734","33.4011,    35.4497","0.0000e+00, 0.0000e+00",,,,,,,,"Frequency  0  temperature, 2117, 07.OCT.2005","Frequency  1  conductivity, 2642, 01.Nov.2005, cpcor = -9.5700e-08","Frequency  2  pressure, 86538, 27Oct.2005","Extrnl Volt  0  fluorometer, chelsea, 88/2360/115, 14.11.1994",,,,,,C:\sk228\ctd90_14.dat,2117,2642,15.0,1.0,1.0,Sep 10 2006 19:38:38,,,9,14682,specified,seconds: 0.0416667,Sep 10 2006 19:38:38,-9.99e-29,"Oct 20 2006 16:02:36, 5.25b",D:\CHKSK228\rawctd\raw90\ctd90_14.dat D:\CHKSK228\NEWsk228.con,250,,,ascii,,,,,,,,,,,,,,,,,,,,,,,,,,,,,,,,"Oct 20 2006 17:03:27, 5.25b",D:\CHKSK228\rawctd\raw90\ctd90_14.cnv D:\CHKSK228\NEWsk228.con,,,,,,,,,,,,,,,,,,,,,,,,,,,,,,,,,,,,,,,,,,,,,,,,,,,,,,,,,,,,,,,,,,
ctd90_15.cnv,sk228_ctd_final,sk228_ctd_final,Sea-Bird SBE 9 Data File,sagarkanya,sk228,ctd90_15,,28.2,00 05.61S,090 00.16E,-0.0935,90.002667,10-09-06 20:28:48,"prDM: Pressure, Digiquartz [db]","t090C: Temperature [ITS-90, deg C]",c0S/m: Conductivity [S/m],"flC: Fluorescence, Chelsea Aqua 3 Chl Con [ug/l]",scan: Scan Count,"timeS: Time, Elapsed [seconds]","depSM: Depth [salt water, m], lat = 0",sal00: Salinity [PSU],flag: flag,,,,,,,,"15.765,    484.527","9.8510,    28.7731","3.816776,   5.619783","-0.0100,    -0.0053","5201,      26218","216.667,   1092.375","15.678,    481.301","33.3983,    35.4418","0.0000e+00, 0.0000e+00",,,,,,,,"Frequency  0  temperature, 2117, 07.OCT.2005","Frequency  1  conductivity, 2642, 01.Nov.2005, cpcor = -9.5700e-08","Frequency  2  pressure, 86538, 27Oct.2005","Extrnl Volt  0  fluorometer, chelsea, 88/2360/115, 14.11.1994",,,,,,C:\sk228\ctd90_15.dat,2117,2642,15.0,1.0,1.0,Sep 10 2006 20:28:48,,,9,21018,specified,seconds: 0.0416667,Sep 10 2006 20:28:48,-9.99e-29,"Oct 20 2006 16:02:58, 5.25b",D:\CHKSK228\rawctd\raw90\ctd90_15.dat D:\CHKSK228\NEWsk228.con,5200,,,ascii,,,,,,,,,,,,,,,,,,,,,,,,,,,,,,,,"Oct 20 2006 17:03:28, 5.25b",D:\CHKSK228\rawctd\raw90\ctd90_15.cnv D:\CHKSK228\NEWsk228.con,,,,,,,,,,,,,,,,,,,,,,,,,,,,,,,,,,,,,,,,,,,,,,,,,,,,,,,,,,,,,,,,,,
ctd90_16.cnv,sk228_ctd_final,sk228_ctd_final,Sea-Bird SBE 9 Data File,sagarkanya,sk228,ctd90_16,,28.0,00 07.43S,090 00.17E,-0.123833,90.002833,10-09-06 21:41:08,"prDM: Pressure, Digiquartz [db]","t090C: Temperature [ITS-90, deg C]",c0S/m: Conductivity [S/m],"flC: Fluorescence, Chelsea Aqua 3 Chl Con [ug/l]",scan: Scan Count,"timeS: Time, Elapsed [seconds]","depSM: Depth [salt water, m], lat = 0",sal00: Salinity [PSU],flag: flag,,,,,,,,"3.347,    482.050","9.7763,    28.7739","3.807613,   5.620597","-0.0108,    -0.0053","501,      32723","20.833,   1363.417","3.329,    478.844","33.4167,    35.4227","0.0000e+00, 0.0000e+00",,,,,,,,"Frequency  0  temperature, 2117, 07.OCT.2005","Frequency  1  conductivity, 2642, 01.Nov.2005, cpcor = -9.5700e-08","Frequency  2  pressure, 86538, 27Oct.2005","Extrnl Volt  0  fluorometer, chelsea, 88/2360/115, 14.11.1994",,,,,,C:\sk228\ctd90_16.dat,2117,2642,15.0,1.0,1.0,Sep 10 2006 21:41:08,,,9,32223,specified,seconds: 0.0416667,Sep 10 2006 21:41:08,-9.99e-29,"Oct 20 2006 16:03:12, 5.25b",D:\CHKSK228\rawctd\raw90\ctd90_16.dat D:\CHKSK228\NEWsk228.con,500,,,ascii,,,,,,,,,,,,,,,,,,,,,,,,,,,,,,,,"Oct 20 2006 17:03:29, 5.25b",D:\CHKSK228\rawctd\raw90\ctd90_16.cnv D:\CHKSK228\NEWsk228.con,,,,,,,,,,,,,,,,,,,,,,,,,,,,,,,,,,,,,,,,,,,,,,,,,,,,,,,,,,,,,,,,,,
ctd90_17.cnv,sk228_ctd_final,sk228_ctd_final,Sea-Bird SBE 9 Data File,sagarkanya,sk228,ctd90_17,,28.2,00 08.57S,090 00.20E,-0.142833,90.003333,10-09-06 22:26:29,"prDM: Pressure, Digiquartz [db]","t090C: Temperature [ITS-90, deg C]",c0S/m: Conductivity [S/m],"flC: Fluorescence, Chelsea Aqua 3 Chl Con [ug/l]",scan: Scan Count,"timeS: Time, Elapsed [seconds]","depSM: Depth [salt water, m], lat = 0",sal00: Salinity [PSU],flag: flag,,,,,,,,"2.282,    482.458","9.7711,    28.7722","3.768742,   5.622237","-0.0105,    -0.0055","1101,      24693","45.833,   1028.833","2.269,    479.249","33.3993,    35.4458","0.0000e+00, 0.0000e+00",,,,,,,,"Frequency  0  temperature, 2117, 07.OCT.2005","Frequency  1  conductivity, 2642, 01.Nov.2005, cpcor = -9.5700e-08","Frequency  2  pressure, 86538, 27Oct.2005","Extrnl Volt  0  fluorometer, chelsea, 88/2360/115, 14.11.1994",,,,,,C:\sk228\ctd90_17.dat,2117,2642,15.0,1.0,1.0,Sep 10 2006 22:26:29,,,9,23593,specified,seconds: 0.0416667,Sep 10 2006 22:26:29,-9.99e-29,"Oct 20 2006 16:03:25, 5.25b",D:\CHKSK228\rawctd\raw90\ctd90_17.dat D:\CHKSK228\NEWsk228.con,1100,,,ascii,,,,,,,,,,,,,,,,,,,,,,,,,,,,,,,,"Oct 20 2006 17:03:31, 5.25b",D:\CHKSK228\rawctd\raw90\ctd90_17.cnv D:\CHKSK228\NEWsk228.con,,,,,,,,,,,,,,,,,,,,,,,,,,,,,,,,,,,,,,,,,,,,,,,,,,,,,,,,,,,,,,,,,,
ctd90_18.cnv,sk228_ctd_final,sk228_ctd_final,Sea-Bird SBE 9 Data File,sagarkanya,sk228,ctd90_18,,28.0,00 06.75S,090 0.72E,-0.1125,90.012,11-09-06 00:47:21,"prDM: Pressure, Digiquartz [db]","t090C: Temperature [ITS-90, deg C]",c0S/m: Conductivity [S/m],"flC: Fluorescence, Chelsea Aqua 3 Chl Con [ug/l]",scan: Scan Count,"timeS: Time, Elapsed [seconds]","depSM: Depth [salt water, m], lat = 0",sal00: Salinity [PSU],flag: flag,,,,,,,,"4.976,    483.974","9.8003,    28.7959","3.811810,   5.626864","-0.0100,    -0.0051","351,      17584","14.583,    732.625","4.949,    480.753","33.3765,    35.4211","0.0000e+00, 0.0000e+00",,,,,,,,"Frequency  0  temperature, 2117, 07.OCT.2005","Frequency  1  conductivity, 2642, 01.Nov.2005, cpcor = -9.5700e-08","Frequency  2  pressure, 86538, 27Oct.2005","Extrnl Volt  0  fluorometer, chelsea, 88/2360/115, 14.11.1994",,,,,,C:\sk228\ctd90_18.dat,2117,2642,15.0,1.0,1.0,Sep 11 2006 00:47:21,,,9,17234,specified,seconds: 0.0416667,Sep 11 2006 00:47:21,-9.99e-29,"Oct 20 2006 16:05:47, 5.25b",D:\CHKSK228\rawctd\raw90\ctd90_18.dat D:\CHKSK228\NEWsk228.con,350,,,ascii,,,,,,,,,,,,,,,,,,,,,,,,,,,,,,,,"Oct 20 2006 17:03:32, 5.25b",D:\CHKSK228\rawctd\raw90\ctd90_18.cnv D:\CHKSK228\NEWsk228.con,,,,,,,,,,,,,,,,,,,,,,,,,,,,,,,,,,,,,,,,,,,,,,,,,,,,,,,,,,,,,,,,,,
ctd90_19.cnv,sk228_ctd_final,sk228_ctd_final,Sea-Bird SBE 9 Data File,sagarkanya,sk228,ctd90_19,,28.0,00 07.52S,090 00.85E,-0.125333,90.014167,11-09-06 01:26:30,"prDM: Pressure, Digiquartz [db]","t090C: Temperature [ITS-90, deg C]",c0S/m: Conductivity [S/m],"flC: Fluorescence, Chelsea Aqua 3 Chl Con [ug/l]",scan: Scan Count,"timeS: Time, Elapsed [seconds]","depSM: Depth [salt water, m], lat = 0",sal00: Salinity [PSU],flag: flag,,,,,,,,"2.012,    483.865","9.8371,    28.7968","3.815201,   5.628872","-0.0102,    -0.0052","201,      41298","8.333,   1720.708","2.001,    480.645","33.1065,    35.4545","0.0000e+00, 0.0000e+00",,,,,,,,"Frequency  0  temperature, 2117, 07.OCT.2005","Frequency  1  conductivity, 2642, 01.Nov.2005, cpcor = -9.5700e-08","Frequency  2  pressure, 86538, 27Oct.2005","Extrnl Volt  0  fluorometer, chelsea, 88/2360/115, 14.11.1994",,,,,,C:\sk228\ctd90_19.dat,2117,2642,15.0,1.0,1.0,Sep 11 2006 01:26:30,,,9,41098,specified,seconds: 0.0416667,Sep 11 2006 01:26:30,-9.99e-29,"Oct 20 2006 16:06:09, 5.25b",D:\CHKSK228\rawctd\raw90\ctd90_19.dat D:\CHKSK228\NEWsk228.con,200,,,ascii,,,,,,,,,,,,,,,,,,,,,,,,,,,,,,,,"Oct 20 2006 17:03:32, 5.25b",D:\CHKSK228\rawctd\raw90\ctd90_19.cnv D:\CHKSK228\NEWsk228.con,,,,,,,,,,,,,,,,,,,,,,,,,,,,,,,,,,,,,,,,,,,,,,,,,,,,,,,,,,,,,,,,,,
ctd90_20.cnv,sk228_ctd_final,sk228_ctd_final,Sea-Bird SBE 9 Data File,sagarkanya,sk228,ctd90_20,,27.7,00 08.3S,090 01.07E,-0.138333,90.017833,11-09-06 02:26:14,"prDM: Pressure, Digiquartz [db]","t090C: Temperature [ITS-90, deg C]",c0S/m: Conductivity [S/m],"flC: Fluorescence, Chelsea Aqua 3 Chl Con [ug/l]",scan: Scan Count,"timeS: Time, Elapsed [seconds]","depSM: Depth [salt water, m], lat = 0",sal00: Salinity [PSU],flag: flag,,,,,,,,"2.779,    482.554","9.8119,    28.7986","3.812721,   5.631506","-0.0103,    -0.0051","201,      25140","8.333,   1047.458","2.764,    479.344","33.1456,    35.4131","0.0000e+00, 0.0000e+00",,,,,,,,"Frequency  0  temperature, 2117, 07.OCT.2005","Frequency  1  conductivity, 2642, 01.Nov.2005, cpcor = -9.5700e-08","Frequency  2  pressure, 86538, 27Oct.2005","Extrnl Volt  0  fluorometer, chelsea, 88/2360/115, 14.11.1994",,,,,,C:\sk228\ctd90_20.dat,2117,2642,15.0,1.0,1.0,Sep 11 2006 02:26:14,,,9,24940,specified,seconds: 0.0416667,Sep 11 2006 02:26:14,-9.99e-29,"Oct 20 2006 16:06:25, 5.25b",D:\CHKSK228\rawctd\raw90\ctd90_20.dat D:\CHKSK228\NEWsk228.con,200,,,ascii,,,,,,,,,,,,,,,,,,,,,,,,,,,,,,,,"Oct 20 2006 17:03:34, 5.25b",D:\CHKSK228\rawctd\raw90\ctd90_20.cnv D:\CHKSK228\NEWsk228.con,,,,,,,,,,,,,,,,,,,,,,,,,,,,,,,,,,,,,,,,,,,,,,,,,,,,,,,,,,,,,,,,,,
ctd90_21.cnv,sk228_ctd_final,sk228_ctd_final,Sea-Bird SBE 9 Data File,sagarkanya,sk228,ctd90_21,,27.9,00 09.4S,090 0.16E,-0.156667,90.002667,11-09-06 03:25:11,"prDM: Pressure, Digiquartz [db]","t090C: Temperature [ITS-90, deg C]",c0S/m: Conductivity [S/m],"flC: Fluorescence, Chelsea Aqua 3 Chl Con [ug/l]",scan: Scan Count,"timeS: Time, Elapsed [seconds]","depSM: Depth [salt water, m], lat = 0",sal00: Salinity [PSU],flag: flag,,,,,,,,"3.765,    483.245","9.8971,    28.8112","3.821403,   5.631346","-0.0105,    -0.0052","301,      30927","12.500,   1288.583","3.744,    480.029","33.1531,    35.4253","0.0000e+00, 0.0000e+00",,,,,,,,"Frequency  0  temperature, 2117, 07.OCT.2005","Frequency  1  conductivity, 2642, 01.Nov.2005, cpcor = -9.5700e-08","Frequency  2  pressure, 86538, 27Oct.2005","Extrnl Volt  0  fluorometer, chelsea, 88/2360/115, 14.11.1994",,,,,,C:\sk228\ctd90_21.dat,2117,2642,15.0,1.0,1.0,Sep 11 2006 03:25:11,,,9,30627,specified,seconds: 0.0416667,Sep 11 2006 03:25:11,-9.99e-29,"Oct 20 2006 16:06:39, 5.25b",D:\CHKSK228\rawctd\raw90\ctd90_21.dat D:\CHKSK228\NEWsk228.con,300,,,ascii,,,,,,,,,,,,,,,,,,,,,,,,,,,,,,,,"Oct 20 2006 17:03:36, 5.25b",D:\CHKSK228\rawctd\raw90\ctd90_21.cnv D:\CHKSK228\NEWsk228.con,,,,,,,,,,,,,,,,,,,,,,,,,,,,,,,,,,,,,,,,,,,,,,,,,,,,,,,,,,,,,,,,,,
ctd90_22.cnv,sk228_ctd_final,sk228_ctd_final,Sea-Bird SBE 9 Data File,sagarkanya,sk228,ctd90_22,,27.9,00 10.4S,090 01.3E,-0.173333,90.021667,11-09-06 04:28:21,"prDM: Pressure, Digiquartz [db]","t090C: Temperature [ITS-90, deg C]",c0S/m: Conductivity [S/m],"flC: Fluorescence, Chelsea Aqua 3 Chl Con [ug/l]",scan: Scan Count,"timeS: Time, Elapsed [seconds]","depSM: Depth [salt water, m], lat = 0",sal00: Salinity [PSU],flag: flag,,,,,,,,"3.166,    485.523","9.9017,    28.8134","3.822021,   5.633682","-0.0097,    -0.0052","1401,      12527","58.333,    521.917","3.149,    482.290","33.2068,    35.4372","0.0000e+00, 0.0000e+00",,,,,,,,"Frequency  0  temperature, 2117, 07.OCT.2005","Frequency  1  conductivity, 2642, 01.Nov.2005, cpcor = -9.5700e-08","Frequency  2  pressure, 86538, 27Oct.2005","Extrnl Volt  0  fluorometer, chelsea, 88/2360/115, 14.11.1994",,,,,,C:\sk228\ctd90_22.dat,2117,2642,15.0,1.0,1.0,Sep 11 2006 04:28:21,,,9,11127,specified,seconds: 0.0416667,Sep 11 2006 04:28:21,-9.99e-29,"Oct 20 2006 16:06:56, 5.25b",D:\CHKSK228\rawctd\raw90\ctd90_22.dat D:\CHKSK228\NEWsk228.con,1400,,,ascii,,,,,,,,,,,,,,,,,,,,,,,,,,,,,,,,"Oct 20 2006 17:03:37, 5.25b",D:\CHKSK228\rawctd\raw90\ctd90_22.cnv D:\CHKSK228\NEWsk228.con,,,,,,,,,,,,,,,,,,,,,,,,,,,,,,,,,,,,,,,,,,,,,,,,,,,,,,,,,,,,,,,,,,
ctd90_23.cnv,sk228_ctd_final,sk228_ctd_final,Sea-Bird SBE 9 Data File,sagarkanya,sk228,ctd90_23,,28.0,00 11.3S,090 01.7E,-0.188333,90.028333,11-09-06 05:26:24,"prDM: Pressure, Digiquartz [db]","t090C: Temperature [ITS-90, deg C]",c0S/m: Conductivity [S/m],"flC: Fluorescence, Chelsea Aqua 3 Chl Con [ug/l]",scan: Scan Count,"timeS: Time, Elapsed [seconds]","depSM: Depth [salt water, m], lat = 0",sal00: Salinity [PSU],flag: flag,,,,,,,,"3.442,    484.084","9.9172,    28.8086","3.821700,   5.627664","-0.0101,    -0.0054","301,      17942","12.500,    747.542","3.423,    480.862","33.1716,    35.4357","0.0000e+00, 0.0000e+00",,,,,,,,"Frequency  0  temperature, 2117, 07.OCT.2005","Frequency  1  conductivity, 2642, 01.Nov.2005, cpcor = -9.5700e-08","Frequency  2  pressure, 86538, 27Oct.2005","Extrnl Volt  0  fluorometer, chelsea, 88/2360/115, 14.11.1994",,,,,,C:\sk228\ctd90_23.dat,2117,2642,15.0,1.0,1.0,Sep 11 2006 05:26:24,,,9,17642,specified,seconds: 0.0416667,Sep 11 2006 05:26:24,-9.99e-29,"Oct 20 2006 16:07:13, 5.25b",D:\CHKSK228\rawctd\raw90\ctd90_23.dat D:\CHKSK228\NEWsk228.con,300,,,ascii,,,,,,,,,,,,,,,,,,,,,,,,,,,,,,,,"Oct 20 2006 17:03:38, 5.25b",D:\CHKSK228\rawctd\raw90\ctd90_23.cnv D:\CHKSK228\NEWsk228.con,,,,,,,,,,,,,,,,,,,,,,,,,,,,,,,,,,,,,,,,,,,,,,,,,,,,,,,,,,,,,,,,,,
SK259_STN01Algn.cnv,SK259 (IO1-09-DK),SK259 (IO1-09-DK)\SK259_SBE19\Processed,Sea-Bird SBE 19plus Data File,,,,,,,,,,17-05-09 12:27:12,"prdE: Pressure, Strain Gauge [psi]","depSM: Depth [salt water, m]","tv268C: Temperature [ITS-68, deg C]",c0S/m: Conductivity [S/m],"avgsvCM: Average Sound Velocity [Chen-Millero, m/s]","sigma-00: Density [sigma-theta, Kg/m^3]",oxsatML/L: Oxygen Saturation [ml/l],"par: PAR/Irradiance, Biospherical/Licor","potemp068C: Potential Temperature [ITS-68, deg C]",sal00: Salinity [PSU],"svCM: Sound Velocity [Chen-Millero, m/s]",flag:  0.000e+00,,,,,"-5.177,   2926.198","-3.549,   1996.826","2.8126,    30.1256","-0.034683,   6.009849","-91.65,    1636.77","-4.4237,    27.7378","4.34396,    7.49259","1.0000e-12, 1.9474e+03","2.6618,    30.1255","-0.1661,    36.2502","1491.21,    1546.70","0.0000e+00, 0.0000e+00",,,,,"Frequency 0  temperature, 5090, 03-Dec-08","Frequency 1  conductivity, 5090, 03-Dec-08, cpcor = -9.5700e-08",Pressure Number,"Extrnl Volt  0  Oxygen, SBE, primary, 1126, 23-Dec-08p","Extrnl Volt  1  irradiance (PAR), primary, 70104, 03-Feb-09","Extrnl Volt  2  WET Labs, ECO_AFL","Extrnl Volt  3  transmissometer, primary, CST-1009DR, 03-Feb-09",,,D:\SK259_BVN\SK259_SBE19\SK259_STN01.hex,5090,5090,,,,May 17 2009 12:27:12,,,12,83740,specified,seconds: 0.25,May 16 2009 02:35:00,-9.99e-29,"May 17 2009 14:18:51, 7.18c",D:\SK259_BVN\SK259_SBE19\Processed\SK259_STN01.hex D:\SK259_BVN\SK259_SBE19\Processed\5090.CON,0,,,ascii,1.0,,,,,,,,,,,,,,,,"May 17 2009 14:19:34, 7.18c",D:\SK259_BVN\SK259_SBE19\Processed\SK259_STN01DC.cnv,0.03,0.15,prdE depSM tv268C c0S/m avgsvCM sigma-00 oxsatML/L potemp068C sal00 svCM,,,,,,,,,,,,,,,,,,,,,,,56:21,"11.2, vlith =  8.8, ioper =  61.2 ma, ipump =  77.3 ma,",9.5 ma,53.0 ma,not logging,"84215, free = 357290, casts = 2","profile, minimum cond freq = 3042, pump delay = 60 sec","no, ignore magnetic switch = no","alkaline, battery cutoff =  7.3 volts","strain gauge, range = 10000.0","no, Gas Tension Device = no","yes, Ext Volt 1 = yes, Ext Volt 2 = yes, Ext Volt 3 = yes",yes,raw HEX,03-dec-08,0.001236859,0.0002631482,1.038842e-07,1.467672e-07,0.0,03-dec-08,-0.9988105,0.1556594,-0.0005984988,6.963492e-05,2541.709,-9.57e-08,3.25e-06,1.0,"227028, range = 10000 psia:  25-nov-08",25.05791,0.1116848,-1.49583e-09,524618.8,9.981097,0.01064738,27.527,0.005,0.0,59.29488,-59.69145,14.28219,0.0,"-4.669579e-02, slope = 1.248175e+00","-4.648000e-02, slope = 1.248377e+00","-4.653263e-02, slope = 1.248044e+00","-4.661684e-02, slope = 1.248736e+00",1.000013,"1, stop = mag switch","May 17 2009 14:20:38, 7.18c",D:\SK259_BVN\SK259_SBE19\Processed\SK259_STN01fltr.cnv,"tv268C 0.500, oxsatML/L 5.000",,,,
SK259_STN01BA.cnv,SK259 (IO1-09-DK),SK259 (IO1-09-DK)\SK259_SBE19\Processed,Sea-Bird SBE 19plus Data File,,,,,,,,,,17-05-09 12:27:12,"prdE: Pressure, Strain Gauge [psi]","depSM: Depth [salt water, m]","tv268C: Temperature [ITS-68, deg C]",c0S/m: Conductivity [S/m],"avgsvCM: Average Sound Velocity [Chen-Millero, m/s]","sigma-00: Density [sigma-theta, Kg/m^3]",oxsatML/L: Oxygen Saturation [ml/l],"par: PAR/Irradiance, Biospherical/Licor","potemp068C: Potential Temperature [ITS-68, deg C]",sal00: Salinity [PSU],"svCM: Sound Velocity [Chen-Millero, m/s]",flag: flag,,,,,"1.458,   2926.454","1.000,   1997.000","2.8125,    29.8622","3.218256,   5.827342","-12.34,    1545.86","21.4802,    27.7375","4.36219,    7.49233","-2.007e-05, 1.7378e+02","2.6612,    29.8436","34.5096,    35.3835","1491.22,    1546.62","0.0000e+00, 0.0000e+00",,,,,"Frequency 0  temperature, 5090, 03-Dec-08","Frequency 1  conductivity, 5090, 03-Dec-08, cpcor = -9.5700e-08",Pressure Number,"Extrnl Volt  0  Oxygen, SBE, primary, 1126, 23-Dec-08p","Extrnl Volt  1  irradiance (PAR), primary, 70104, 03-Feb-09","Extrnl Volt  2  WET Labs, ECO_AFL","Extrnl Volt  3  transmissometer, primary, CST-1009DR, 03-Feb-09",,,D:\SK259_BVN\SK259_SBE19\SK259_STN01.hex,5090,5090,,,,May 17 2009 12:27:12,,,12,3991,specified,meters: 1,May 16 2009 02:35:00,-9.99e-29,"May 17 2009 14:18:51, 7.18c",D:\SK259_BVN\SK259_SBE19\Processed\SK259_STN01.hex D:\SK259_BVN\SK259_SBE19\Processed\5090.CON,0,,,ascii,1.0,,,,,,,,,,,,,,,,"May 17 2009 14:19:34, 7.18c",D:\SK259_BVN\SK259_SBE19\Processed\SK259_STN01DC.cnv,0.03,0.15,prdE depSM tv268C c0S/m avgsvCM sigma-00 oxsatML/L potemp068C sal00 svCM,,"May 17 2009 14:20:57, 7.18c",D:\SK259_BVN\SK259_SBE19\Processed\SK259_STN01Algn.cnv,"0.0400, 0.0000","8.0000, 0.0000","primary,","May 17 2009 14:22:03, 7.18c",D:\SK259_BVN\SK259_SBE19\Processed\SK259_STN01CTM.cnv,,yes,,,"May 17 2009 14:26:12, 7.18c",D:\SK259_BVN\SK259_SBE19\Processed\SK259_STN01LE.cnv,meters,1.0,yes,0.0,"no, min = 0.000, max = 0.000, value = 0.000",,,,56:21,"11.2, vlith =  8.8, ioper =  61.2 ma, ipump =  77.3 ma,",9.5 ma,53.0 ma,not logging,"84215, free = 357290, casts = 2","profile, minimum cond freq = 3042, pump delay = 60 sec","no, ignore magnetic switch = no","alkaline, battery cutoff =  7.3 volts","strain gauge, range = 10000.0","no, Gas Tension Device = no","yes, Ext Volt 1 = yes, Ext Volt 2 = yes, Ext Volt 3 = yes",yes,raw HEX,03-dec-08,0.001236859,0.0002631482,1.038842e-07,1.467672e-07,0.0,03-dec-08,-0.9988105,0.1556594,-0.0005984988,6.963492e-05,2541.709,-9.57e-08,3.25e-06,1.0,"227028, range = 10000 psia:  25-nov-08",25.05791,0.1116848,-1.49583e-09,524618.8,9.981097,0.01064738,27.527,0.005,0.0,59.29488,-59.69145,14.28219,0.0,"-4.669579e-02, slope = 1.248175e+00","-4.648000e-02, slope = 1.248377e+00","-4.653263e-02, slope = 1.248044e+00","-4.661684e-02, slope = 1.248736e+00",1.000013,"1, stop = mag switch","May 17 2009 14:20:38, 7.18c",D:\SK259_BVN\SK259_SBE19\Processed\SK259_STN01fltr.cnv,"tv268C 0.500, oxsatML/L 5.000",0.25,"5.0, maxDepth = 20, useDeckPress = 1",,
SK259_STN01CTM.cnv,SK259 (IO1-09-DK),SK259 (IO1-09-DK)\SK259_SBE19\Processed,Sea-Bird SBE 19plus Data File,,,,,,,,,,17-05-09 12:27:12,"prdE: Pressure, Strain Gauge [psi]","depSM: Depth [salt water, m]","tv268C: Temperature [ITS-68, deg C]",c0S/m: Conductivity [S/m],"avgsvCM: Average Sound Velocity [Chen-Millero, m/s]","sigma-00: Density [sigma-theta, Kg/m^3]",oxsatML/L: Oxygen Saturation [ml/l],"par: PAR/Irradiance, Biospherical/Licor","potemp068C: Potential Temperature [ITS-68, deg C]",sal00: Salinity [PSU],"svCM: Sound Velocity [Chen-Millero, m/s]",flag:  0.000e+00,,,,,"-5.177,   2926.198","-3.549,   1996.826","2.8126,    30.1256","-0.035701,   6.009807","-91.65,    1636.77","-4.4237,    27.7378","4.34396,    7.49259","1.0000e-12, 1.9474e+03","2.6618,    30.1255","-0.1661,    36.2502","1491.21,    1546.70","0.0000e+00, 0.0000e+00",,,,,"Frequency 0  temperature, 5090, 03-Dec-08","Frequency 1  conductivity, 5090, 03-Dec-08, cpcor = -9.5700e-08",Pressure Number,"Extrnl Volt  0  Oxygen, SBE, primary, 1126, 23-Dec-08p","Extrnl Volt  1  irradiance (PAR), primary, 70104, 03-Feb-09","Extrnl Volt  2  WET Labs, ECO_AFL","Extrnl Volt  3  transmissometer, primary, CST-1009DR, 03-Feb-09",,,D:\SK259_BVN\SK259_SBE19\SK259_STN01.hex,5090,5090,,,,May 17 2009 12:27:12,,,12,83740,specified,seconds: 0.25,May 16 2009 02:35:00,-9.99e-29,"May 17 2009 14:18:51, 7.18c",D:\SK259_BVN\SK259_SBE19\Processed\SK259_STN01.hex D:\SK259_BVN\SK259_SBE19\Processed\5090.CON,0,,,ascii,1.0,,,,,,,,,,,,,,,,"May 17 2009 14:19:34, 7.18c",D:\SK259_BVN\SK259_SBE19\Processed\SK259_STN01DC.cnv,0.03,0.15,prdE depSM tv268C c0S/m avgsvCM sigma-00 oxsatML/L potemp068C sal00 svCM,,"May 17 2009 14:20:57, 7.18c",D:\SK259_BVN\SK259_SBE19\Processed\SK259_STN01Algn.cnv,"0.0400, 0.0000","8.0000, 0.0000","primary,",,,,,,,,,,,,,,,,,56:21,"11.2, vlith =  8.8, ioper =  61.2 ma, ipump =  77.3 ma,",9.5 ma,53.0 ma,not logging,"84215, free = 357290, casts = 2","profile, minimum cond freq = 3042, pump delay = 60 sec","no, ignore magnetic switch = no","alkaline, battery cutoff =  7.3 volts","strain gauge, range = 10000.0","no, Gas Tension Device = no","yes, Ext Volt 1 = yes, Ext Volt 2 = yes, Ext Volt 3 = yes",yes,raw HEX,03-dec-08,0.001236859,0.0002631482,1.038842e-07,1.467672e-07,0.0,03-dec-08,-0.9988105,0.1556594,-0.0005984988,6.963492e-05,2541.709,-9.57e-08,3.25e-06,1.0,"227028, range = 10000 psia:  25-nov-08",25.05791,0.1116848,-1.49583e-09,524618.8,9.981097,0.01064738,27.527,0.005,0.0,59.29488,-59.69145,14.28219,0.0,"-4.669579e-02, slope = 1.248175e+00","-4.648000e-02, slope = 1.248377e+00","-4.653263e-02, slope = 1.248044e+00","-4.661684e-02, slope = 1.248736e+00",1.000013,"1, stop = mag switch","May 17 2009 14:20:38, 7.18c",D:\SK259_BVN\SK259_SBE19\Processed\SK259_STN01fltr.cnv,"tv268C 0.500, oxsatML/L 5.000",,,,
SK259_STN01DC.cnv,SK259 (IO1-09-DK),SK259 (IO1-09-DK)\SK259_SBE19\Processed,Sea-Bird SBE 19plus Data File,,,,,,,,,,17-05-09 12:27:12,"prdE: Pressure, Strain Gauge [psi]","depSM: Depth [salt water, m]","tv268C: Temperature [ITS-68, deg C]",c0S/m: Conductivity [S/m],"avgsvCM: Average Sound Velocity [Chen-Millero, m/s]","sigma-00: Density [sigma-theta, Kg/m^3]",oxsatML/L: Oxygen Saturation [ml/l],"par: PAR/Irradiance, Biospherical/Licor","potemp068C: Potential Temperature [ITS-68, deg C]",sal00: Salinity [PSU],"svCM: Sound Velocity [Chen-Millero, m/s]",flag:  0.000e+00,,,,,"-5.170,   2926.170","-3.545,   1996.807","2.8126,    30.1257","0.000569,   5.828540","0.00,    1545.86","-4.3761,    27.7379","4.36165,    7.49260","1.0000e-12, 1.9474e+03","2.6618,    30.1256","0.0142,    35.5388","1491.21,    1546.70","0.0000e+00, 0.0000e+00",,,,,"Frequency 0  temperature, 5090, 03-Dec-08","Frequency 1  conductivity, 5090, 03-Dec-08, cpcor = -9.5700e-08",Pressure Number,"Extrnl Volt  0  Oxygen, SBE, primary, 1126, 23-Dec-08p","Extrnl Volt  1  irradiance (PAR), primary, 70104, 03-Feb-09","Extrnl Volt  2  WET Labs, ECO_AFL","Extrnl Volt  3  transmissometer, primary, CST-1009DR, 03-Feb-09",,,D:\SK259_BVN\SK259_SBE19\SK259_STN01.hex,5090,5090,,,,May 17 2009 12:27:12,,,12,83740,specified,seconds: 0.25,May 16 2009 02:35:00,-9.99e-29,"May 17 2009 14:18:51, 7.18c",D:\SK259_BVN\SK259_SBE19\Processed\SK259_STN01.hex D:\SK259_BVN\SK259_SBE19\Processed\5090.CON,0,,,ascii,1.0,,,,,,,,,,,,,,,,,,,,,,,,,,,,,,,,,,,,,,,,,,,56:21,"11.2, vlith =  8.8, ioper =  61.2 ma, ipump =  77.3 ma,",9.5 ma,53.0 ma,not logging,"84215, free = 357290, casts = 2","profile, minimum cond freq = 3042, pump delay = 60 sec","no, ignore magnetic switch = no","alkaline, battery cutoff =  7.3 volts","strain gauge, range = 10000.0","no, Gas Tension Device = no","yes, Ext Volt 1 = yes, Ext Volt 2 = yes, Ext Volt 3 = yes",yes,raw HEX,03-dec-08,0.001236859,0.0002631482,1.038842e-07,1.467672e-07,0.0,03-dec-08,-0.9988105,0.1556594,-0.0005984988,6.963492e-05,2541.709,-9.57e-08,3.25e-06,1.0,"227028, range = 10000 psia:  25-nov-08",25.05791,0.1116848,-1.49583e-09,524618.8,9.981097,0.01064738,27.527,0.005,0.0,59.29488,-59.69145,14.28219,0.0,"-4.669579e-02, slope = 1.248175e+00","-4.648000e-02, slope = 1.248377e+00","-4.653263e-02, slope = 1.248044e+00","-4.661684e-02, slope = 1.248736e+00",1.000013,"1, stop = mag switch",,,,,,,
SK259_STN01fltr.cnv,SK259 (IO1-09-DK),SK259 (IO1-09-DK)\SK259_SBE19\Processed,Sea-Bird SBE 19plus Data File,,,,,,,,,,17-05-09 12:27:12,"prdE: Pressure, Strain Gauge [psi]","depSM: Depth [salt water, m]","tv268C: Temperature [ITS-68, deg C]",c0S/m: Conductivity [S/m],"avgsvCM: Average Sound Velocity [Chen-Millero, m/s]","sigma-00: Density [sigma-theta, Kg/m^3]",oxsatML/L: Oxygen Saturation [ml/l],"par: PAR/Irradiance, Biospherical/Licor","potemp068C: Potential Temperature [ITS-68, deg C]",sal00: Salinity [PSU],"svCM: Sound Velocity [Chen-Millero, m/s]",flag:  0.000e+00,,,,,"-5.177,   2926.198","-3.549,   1996.826","2.8126,    30.1256","-0.034683,   6.009849","-91.65,    1636.77","-4.4237,    27.7378","4.34396,    7.49259","1.0000e-12, 1.9474e+03","2.6618,    30.1255","-0.1661,    36.2502","1491.21,    1546.70","0.0000e+00, 0.0000e+00",,,,,"Frequency 0  temperature, 5090, 03-Dec-08","Frequency 1  conductivity, 5090, 03-Dec-08, cpcor = -9.5700e-08",Pressure Number,"Extrnl Volt  0  Oxygen, SBE, primary, 1126, 23-Dec-08p","Extrnl Volt  1  irradiance (PAR), primary, 70104, 03-Feb-09","Extrnl Volt  2  WET Labs, ECO_AFL","Extrnl Volt  3  transmissometer, primary, CST-1009DR, 03-Feb-09",,,D:\SK259_BVN\SK259_SBE19\SK259_STN01.hex,5090,5090,,,,May 17 2009 12:27:12,,,12,83740,specified,seconds: 0.25,May 16 2009 02:35:00,-9.99e-29,"May 17 2009 14:18:51, 7.18c",D:\SK259_BVN\SK259_SBE19\Processed\SK259_STN01.hex D:\SK259_BVN\SK259_SBE19\Processed\5090.CON,0,,,ascii,1.0,,,,,,,,,,,,,,,,"May 17 2009 14:19:34, 7.18c",D:\SK259_BVN\SK259_SBE19\Processed\SK259_STN01DC.cnv,0.03,0.15,prdE depSM tv268C c0S/m avgsvCM sigma-00 oxsatML/L potemp068C sal00 svCM,,,,,,,,,,,,,,,,,,,,,,,56:21,"11.2, vlith =  8.8, ioper =  61.2 ma, ipump =  77.3 ma,",9.5 ma,53.0 ma,not logging,"84215, free = 357290, casts = 2","profile, minimum cond freq = 3042, pump delay = 60 sec","no, ignore magnetic switch = no","alkaline, battery cutoff =  7.3 volts","strain gauge, range = 10000.0","no, Gas Tension Device = no","yes, Ext Volt 1 = yes, Ext Volt 2 = yes, Ext Volt 3 = yes",yes,raw HEX,03-dec-08,0.001236859,0.0002631482,1.038842e-07,1.467672e-07,0.0,03-dec-08,-0.9988105,0.1556594,-0.0005984988,6.963492e-05,2541.709,-9.57e-08,3.25e-06,1.0,"227028, range = 10000 psia:  25-nov-08",25.05791,0.1116848,-1.49583e-09,524618.8,9.981097,0.01064738,27.527,0.005,0.0,59.29488,-59.69145,14.28219,0.0,"-4.669579e-02, slope = 1.248175e+00","-4.648000e-02, slope = 1.248377e+00","-4.653263e-02, slope = 1.248044e+00","-4.661684e-02, slope = 1.248736e+00",1.000013,"1, stop = mag switch",,,,,,,
SK259_STN01LE.cnv,SK259 (IO1-09-DK),SK259 (IO1-09-DK)\SK259_SBE19\Processed,Sea-Bird SBE 19plus Data File,,,,,,,,,,17-05-09 12:27:12,"prdE: Pressure, Strain Gauge [psi]","depSM: Depth [salt water, m]","tv268C: Temperature [ITS-68, deg C]",c0S/m: Conductivity [S/m],"avgsvCM: Average Sound Velocity [Chen-Millero, m/s]","sigma-00: Density [sigma-theta, Kg/m^3]",oxsatML/L: Oxygen Saturation [ml/l],"par: PAR/Irradiance, Biospherical/Licor","potemp068C: Potential Temperature [ITS-68, deg C]",sal00: Salinity [PSU],"svCM: Sound Velocity [Chen-Millero, m/s]",flag:  0.000e+00,,,,,"-5.177,   2926.198","-3.549,   1996.826","2.8126,    30.1256","-0.035701,   6.009807","-91.65,    1636.77","-4.4237,    27.7378","4.34396,    7.49259","1.0000e-12, 1.9474e+03","2.6618,    30.1255","-0.1661,    36.2502","1491.21,    1546.70","0.0000e+00, 0.0000e+00",,,,,"Frequency 0  temperature, 5090, 03-Dec-08","Frequency 1  conductivity, 5090, 03-Dec-08, cpcor = -9.5700e-08",Pressure Number,"Extrnl Volt  0  Oxygen, SBE, primary, 1126, 23-Dec-08p","Extrnl Volt  1  irradiance (PAR), primary, 70104, 03-Feb-09","Extrnl Volt  2  WET Labs, ECO_AFL","Extrnl Volt  3  transmissometer, primary, CST-1009DR, 03-Feb-09",,,D:\SK259_BVN\SK259_SBE19\SK259_STN01.hex,5090,5090,,,,May 17 2009 12:27:12,,,12,83740,specified,seconds: 0.25,May 16 2009 02:35:00,-9.99e-29,"May 17 2009 14:18:51, 7.18c",D:\SK259_BVN\SK259_SBE19\Processed\SK259_STN01.hex D:\SK259_BVN\SK259_SBE19\Processed\5090.CON,0,,,ascii,1.0,,,,,,,,,,,,,,,,"May 17 2009 14:19:34, 7.18c",D:\SK259_BVN\SK259_SBE19\Processed\SK259_STN01DC.cnv,0.03,0.15,prdE depSM tv268C c0S/m avgsvCM sigma-00 oxsatML/L potemp068C sal00 svCM,,"May 17 2009 14:20:57, 7.18c",D:\SK259_BVN\SK259_SBE19\Processed\SK259_STN01Algn.cnv,"0.0400, 0.0000","8.0000, 0.0000","primary,","May 17 2009 14:22:03, 7.18c",D:\SK259_BVN\SK259_SBE19\Processed\SK259_STN01CTM.cnv,,yes,,,,,,,,,,,,,56:21,"11.2, vlith =  8.8, ioper =  61.2 ma, ipump =  77.3 ma,",9.5 ma,53.0 ma,not logging,"84215, free = 357290, casts = 2","profile, minimum cond freq = 3042, pump delay = 60 sec","no, ignore magnetic switch = no","alkaline, battery cutoff =  7.3 volts","strain gauge, range = 10000.0","no, Gas Tension Device = no","yes, Ext Volt 1 = yes, Ext Volt 2 = yes, Ext Volt 3 = yes",yes,raw HEX,03-dec-08,0.001236859,0.0002631482,1.038842e-07,1.467672e-07,0.0,03-dec-08,-0.9988105,0.1556594,-0.0005984988,6.963492e-05,2541.709,-9.57e-08,3.25e-06,1.0,"227028, range = 10000 psia:  25-nov-08",25.05791,0.1116848,-1.49583e-09,524618.8,9.981097,0.01064738,27.527,0.005,0.0,59.29488,-59.69145,14.28219,0.0,"-4.669579e-02, slope = 1.248175e+00","-4.648000e-02, slope = 1.248377e+00","-4.653263e-02, slope = 1.248044e+00","-4.661684e-02, slope = 1.248736e+00",1.000013,"1, stop = mag switch","May 17 2009 14:20:38, 7.18c",D:\SK259_BVN\SK259_SBE19\Processed\SK259_STN01fltr.cnv,"tv268C 0.500, oxsatML/L 5.000",0.25,"5.0, maxDepth = 20, useDeckPress = 1",,
CTD01.cnv,SK272 (IO2-10-SK),SK272 (IO2-10-SK)\SK 272 CTD,Sea-Bird SBE 9 Data File,,,,,,,,,,09-05-10 21:34:47,"depSM: Depth [salt water, m]","prDM: Pressure, Digiquartz [db]",c0S/m: Conductivity [S/m],"t090C: Temperature [ITS-90, deg C]",sal00: Salinity [PSU],"svCM: Sound Velocity [Chen-Millero, m/s]","flECO-AFL: Fluorescence, Wetlab ECO-AFL/FL [mg/m^3]","sbeox0ML/L: Oxygen, SBE 43 [ml/l]","par: PAR/Irradiance, Biospherical/Licor",scan: Scan Count,sal00: Salinity [PSU],"svCM: Sound Velocity [Chen-Millero, m/s]",nbin: number of scans per bin,flag: flag,,,"1.000,   1002.000","1.006,   1009.985","3.565294,   5.831926","6.9511,    30.2457","34.7117,    35.5264","1494.84,    1546.63","0.0121,     1.0066","0.82452,    4.23902","1.6409e-04, 1.6652e+00","636,      62089","34.7115,    35.5142","1494.84,    1546.63","6,        290","0.0000e+00, 0.0000e+00",,,"Frequency  0  temperature, 5092, 26-Mar-09","Frequency  1  conductivity, 3478, 01-Apr-09 , cpcor = -9.5700e-08","Frequency  2  pressure, 0934, 07-Apr-09","Extrnl Volt  0  Oxygen, SBE, primary, 1606, 08-Apr-09p","Extrnl Volt  2  WET Labs, ECO_AFL","Extrnl Volt  3  userpoly 0, FLNTURTD-1095, 10-Apr-09","Extrnl Volt  4  irradiance (PAR), primary, 70220, 10-Apr-09",Extrnl Volt  6  altimeter,"Extrnl Volt  9  surface irradiance (SPAR), degrees = 0.0",C:\Documents and Settings\NORINCO\My Documents\SK272_CTD_SBE\CTD01.hex,5092,3478,27.0,5.0,1.0,May 09 2010 21:34:47,,,14,1973,specified,meters: 1,May 09 2010 21:34:47,-9.99e-29,"May 27 2010 11:12:21, 7.18c",C:\Documents and Settings\NORINCO\My Documents\SK272_CTD_SBE\CTD01.hex C:\Documents and Settings\NORINCO\My Documents\SK272_CTD_SBE\CTD01.CON,0,yes,yes,ascii,,,,,,,,,,,,,,,,,,,,,,,"May 27 2010 11:13:15, 7.18c",C:\Documents and Settings\NORINCO\My Documents\SK272_CTD_SBE\Processed\CTD01.cnv,"0.0300, 0.0000","7.0000, 0.0000","primary,","May 27 2010 11:14:38, 7.18c",C:\Documents and Settings\NORINCO\My Documents\SK272_CTD_SBE\Processed\CTD01.cnv,,yes,"May 27 2010 11:16:14, 7.18c",C:\Documents and Settings\NORINCO\My Documents\SK272_CTD_SBE\Processed\CTD01.cnv C:\Documents and Settings\NORINCO\My Documents\SK272_CTD_SBE\CTD01.CON,"May 27 2010 11:17:06, 7.18c",C:\Documents and Settings\NORINCO\My Documents\SK272_CTD_SBE\Processed\CTD01.cnv,meters,1.0,no,0.0,"no, min = 0.000, max = 0.000, value = 0.000",,,,,,,,,,,,,,,,,,,,,,,,,,,,,,,,,,,,,,,,,,,,,,,,,,,,,"May 27 2010 11:12:56, 7.18c",C:\Documents and Settings\NORINCO\My Documents\SK272_CTD_SBE\Processed\CTD01.cnv,"c0S/m -0.073, sbeox0ML/L 3.000",0.25,"5.0, maxDepth = 20, useDeckPress = 1",,
ctd02.cnv,SK272 (IO2-10-SK),SK272 (IO2-10-SK)\SK 272 CTD,Sea-Bird SBE 9 Data File,ORV. Sagar Kanya,SK272,,5300 M,,07 58.71S,080 28.80 E,-7.9785,80.48,15-05-10 03:23:00,"depSM: Depth [salt water, m]","prDM: Pressure, Digiquartz [db]",c0S/m: Conductivity [S/m],"t090C: Temperature [ITS-90, deg C]",sal00: Salinity [PSU],"svCM: Sound Velocity [Chen-Millero, m/s]","flECO-AFL: Fluorescence, Wetlab ECO-AFL/FL [mg/m^3]","sbeox0ML/L: Oxygen, SBE 43 [ml/l]","par: PAR/Irradiance, Biospherical/Licor",scan: Scan Count,sal00: Salinity [PSU],"svCM: Sound Velocity [Chen-Millero, m/s]",nbin: number of scans per bin,flag: flag,,,"25.000,  77834.327","25.140,  95247.795","-27.800916, 100.459966","-79.7894,    98.9762","0.0000,  3347.0127","-9999.00,   13493.16","-0.7366,     1.2780","1.29272,   14.46973","-3.714e-03, 1.2729e-01","534,      20171","-691.7829,  1999.0000","-9999.00,    8577.67","0,         21","0.0000e+00, 0.0000e+00",,,"Frequency  0  temperature, 5092, 26-Mar-09","Frequency  1  conductivity, 3478, 01-Apr-09 , cpcor = -9.5700e-08","Frequency  2  pressure, 0934, 07-Apr-09","Extrnl Volt  0  Oxygen, SBE, primary, 1606, 08-Apr-09p","Extrnl Volt  2  WET Labs, ECO_AFL","Extrnl Volt  3  userpoly 0, FLNTURTD-1095, 10-Apr-09","Extrnl Volt  4  irradiance (PAR), primary, 70220, 10-Apr-09",Extrnl Volt  6  altimeter,"Extrnl Volt  9  surface irradiance (SPAR), degrees = 0.0",C:\Documents and Settings\NORINCO\My Documents\SK272_CTD_SBE\ctd02.hex,5092,3478,27.0,5.0,1.0,May 15 2010 03:23:00,15-06-10,,14,140102,specified,meters: 1,May 15 2010 03:23:00,-9.99e-29,"May 27 2010 11:20:24, 7.18c",C:\Documents and Settings\NORINCO\My Documents\SK272_CTD_SBE\ctd02.hex C:\Documents and Settings\NORINCO\My Documents\SK272_CTD_SBE\ctd02.CON,0,yes,yes,ascii,,,,,,,,,,,,,,,,,,,,,,,"May 27 2010 11:23:17, 7.18c",C:\Documents and Settings\NORINCO\My Documents\SK272_CTD_SBE\Processed\ctd02.cnv,"0.0300, 0.0000","7.0000, 0.0000","primary,","May 27 2010 11:23:31, 7.18c",C:\Documents and Settings\NORINCO\My Documents\SK272_CTD_SBE\Processed\ctd02.cnv,,yes,"May 27 2010 11:23:50, 7.18c",C:\Documents and Settings\NORINCO\My Documents\SK272_CTD_SBE\Processed\ctd02.cnv C:\Documents and Settings\NORINCO\My Documents\SK272_CTD_SBE\CTD01.CON,"May 27 2010 11:24:39, 7.18c",C:\Documents and Settings\NORINCO\My Documents\SK272_CTD_SBE\Processed\ctd02.cnv,meters,1.0,yes,0.0,"yes, min = 0.000, max = 0.000, value = 0.000",,,,,,,,,,,,,,,,,,,,,,,,,,,,,,,,,,,,,,,,,,,,,,,,,,,,,"May 27 2010 11:20:49, 7.18c",C:\Documents and Settings\NORINCO\My Documents\SK272_CTD_SBE\Processed\ctd02.cnv,"c0S/m -0.073, sbeox0ML/L 3.000",0.25,"5.0, maxDepth = 20, useDeckPress = 1",,
ctd02_A.cnv,SK272 (IO2-10-SK),SK272 (IO2-10-SK)\SK 272 CTD,Sea-Bird SBE 9 Data File,ORV. Sagar Kanya,SK272,,5300 M,,07 58.71S,080 28.80 E,-7.9785,80.48,15-05-10 03:40:08,"depSM: Depth [salt water, m]","prDM: Pressure, Digiquartz [db]",c0S/m: Conductivity [S/m],"t090C: Temperature [ITS-90, deg C]",sal00: Salinity [PSU],"svCM: Sound Velocity [Chen-Millero, m/s]","flECO-AFL: Fluorescence, Wetlab ECO-AFL/FL [mg/m^3]","sbeox0ML/L: Oxygen, SBE 43 [ml/l]","par: PAR/Irradiance, Biospherical/Licor",scan: Scan Count,sal00: Salinity [PSU],"svCM: Sound Velocity [Chen-Millero, m/s]",flag: flag,,,,"1.000,   2009.000","1.005,   2029.899","3.209791,   5.494552","2.7321,    28.1480","33.9819,    34.9433","1490.20,    1541.00","0.0066,     1.1687","1.30237,    4.23965","6.9550e-04, 1.7104e+00","376,     119208","33.9819,    34.9433","1490.20,    1541.00","0.0000e+00, 0.0000e+00",,,,"Frequency  0  temperature, 5092, 26-Mar-09","Frequency  1  conductivity, 3478, 01-Apr-09 , cpcor = -9.5700e-08","Frequency  2  pressure, 0934, 07-Apr-09","Extrnl Volt  0  Oxygen, SBE, primary, 1606, 08-Apr-09p","Extrnl Volt  2  WET Labs, ECO_AFL","Extrnl Volt  3  userpoly 0, FLNTURTD-1095, 10-Apr-09","Extrnl Volt  4  irradiance (PAR), primary, 70220, 10-Apr-09",Extrnl Volt  6  altimeter,"Extrnl Volt  9  surface irradiance (SPAR), degrees = 0.0",C:\Documents and Settings\NORINCO\My Documents\SK272_CTD_SBE\ctd02_A.hex,5092,3478,27.0,5.0,1.0,May 15 2010 03:40:08,15-06-10,,13,3536,specified,meters: 1,May 15 2010 03:40:08,-9.99e-29,"May 27 2010 12:16:14, 7.18c",C:\Documents and Settings\NORINCO\My Documents\SK272_CTD_SBE\ctd02_A.hex C:\Documents and Settings\NORINCO\My Documents\SK272_CTD_SBE\ctd02_A.CON,0,yes,yes,ascii,,,,,,,,,,,,,,,,,,,,,,,,,,,,,,,,"May 27 2010 12:16:50, 7.18c",C:\Documents and Settings\NORINCO\My Documents\SK272_CTD_SBE\Processed\ctd02_A.cnv C:\Documents and Settings\NORINCO\My Documents\SK272_CTD_SBE\CTD01.CON,"May 27 2010 12:17:27, 7.18c",C:\Documents and Settings\NORINCO\My Documents\SK272_CTD_SBE\Processed\ctd02_A.cnv,meters,1.0,no,0.0,"yes, min = 0.000, max = 0.000, value = 0.000",,,,,,,,,,,,,,,,,,,,,,,,,,,,,,,,,,,,,,,,,,,,,,,,,,,,,,,,,,,
CTD03.cnv,SK272 (IO2-10-SK),SK272 (IO2-10-SK)\SK 272 CTD,Sea-Bird SBE 9 Data File,ORV. Sagar Kanya,SK272,,4969,,12 00.09 S,080 31.88N,-12.0015,80.531333,17-05-10 01:15:19,"depSM: Depth [salt water, m]","prDM: Pressure, Digiquartz [db]",c0S/m: Conductivity [S/m],"t090C: Temperature [ITS-90, deg C]",sal00: Salinity [PSU],"svCM: Sound Velocity [Chen-Millero, m/s]","flECO-AFL: Fluorescence, Wetlab ECO-AFL/FL [mg/m^3]","sbeox0ML/L: Oxygen, SBE 43 [ml/l]","par: PAR/Irradiance, Biospherical/Licor",scan: Scan Count,sal00: Salinity [PSU],"svCM: Sound Velocity [Chen-Millero, m/s]",flag: flag,,,,"3.000,   2001.000","3.017,   2021.777","3.180983,   5.520764","2.4264,    27.9530","33.6917,    34.9627","1487.63,    1541.40","-0.0063,     0.9668","1.59685,    4.54687","1.9567e-03, 7.0188e-01","798,     125904","33.6916,    34.9627","1487.63,    1541.40","0.0000e+00, 0.0000e+00",,,,"Frequency  0  temperature, 5092, 26-Mar-09","Frequency  1  conductivity, 3478, 01-Apr-09 , cpcor = -9.5700e-08","Frequency  2  pressure, 0934, 07-Apr-09","Extrnl Volt  0  Oxygen, SBE, primary, 1606, 08-Apr-09p","Extrnl Volt  2  WET Labs, ECO_AFL","Extrnl Volt  3  userpoly 0, FLNTURTD-1095, 10-Apr-09","Extrnl Volt  4  irradiance (PAR), primary, 70220, 10-Apr-09",Extrnl Volt  6  altimeter,"Extrnl Volt  9  surface irradiance (SPAR), degrees = 0.0",C:\Documents and Settings\NORINCO\My Documents\SK272_CTD_SBE\CTD03.hex,5092,3478,27.0,5.0,1.0,May 17 2010 01:15:19,17-05-10,01:13,13,3983,specified,meters: 1,May 17 2010 01:15:19,-9.99e-29,"May 27 2010 12:18:09, 7.18c",C:\Documents and Settings\NORINCO\My Documents\SK272_CTD_SBE\CTD03.hex C:\Documents and Settings\NORINCO\My Documents\SK272_CTD_SBE\CTD03.CON,0,yes,yes,ascii,,,,,,,,,,,,,,,,,,,,,,,,,,,,,,,,"May 27 2010 12:18:30, 7.18c",C:\Documents and Settings\NORINCO\My Documents\SK272_CTD_SBE\Processed\CTD03.cnv C:\Documents and Settings\NORINCO\My Documents\SK272_CTD_SBE\CTD01.CON,"May 27 2010 12:18:57, 7.18c",C:\Documents and Settings\NORINCO\My Documents\SK272_CTD_SBE\Processed\CTD03.cnv,meters,1.0,no,0.0,"yes, min = 0.000, max = 0.000, value = 0.000",,,,,,,,,,,,,,,,,,,,,,,,,,,,,,,,,,,,,,,,,,,,,,,,,,,,,,,,,,,
CTD04.cnv,SK272 (IO2-10-SK),SK272 (IO2-10-SK)\SK 272 CTD,Sea-Bird SBE 9 Data File,ORV. Sagar Kanya,SK272,,5200 M,,07 58.924 S,080 25.532 E,-7.982067,80.425533,19-05-10 03:18:08,"depSM: Depth [salt water, m]","prDM: Pressure, Digiquartz [db]",c0S/m: Conductivity [S/m],"t090C: Temperature [ITS-90, deg C]",sal00: Salinity [PSU],"svCM: Sound Velocity [Chen-Millero, m/s]","flECO-AFL: Fluorescence, Wetlab ECO-AFL/FL [mg/m^3]","sbeox0ML/L: Oxygen, SBE 43 [ml/l]","par: PAR/Irradiance, Biospherical/Licor",scan: Scan Count,sal00: Salinity [PSU],"svCM: Sound Velocity [Chen-Millero, m/s]",flag: flag,,,,"2.000,   2005.000","2.011,   2025.838","3.213199,   5.487358","2.7722,    27.9833","34.0187,    35.9776","1490.62,    1540.76","0.0031,     1.3351","-0.67500,    4.36213","-6.911e-02, 1.9519e+00","620,     119808","34.0187,    35.9776","1490.62,    1540.76","0.0000e+00, 0.0000e+00",,,,"Frequency  0  temperature, 5092, 26-Mar-09","Frequency  1  conductivity, 3478, 01-Apr-09 , cpcor = -9.5700e-08","Frequency  2  pressure, 0934, 07-Apr-09","Extrnl Volt  0  Oxygen, SBE, primary, 1606, 08-Apr-09p","Extrnl Volt  2  WET Labs, ECO_AFL","Extrnl Volt  3  userpoly 0, FLNTURTD-1095, 10-Apr-09","Extrnl Volt  4  irradiance (PAR), primary, 70220, 10-Apr-09",Extrnl Volt  6  altimeter,"Extrnl Volt  9  surface irradiance (SPAR), degrees = 0.0",C:\Documents and Settings\NORINCO\My Documents\SK272_CTD_SBE\CTD04.hex,5092,3478,27.0,5.0,1.0,May 19 2010 03:18:08,19-05-2010,03:30,13,3995,specified,meters: 1,May 19 2010 03:18:08,-9.99e-29,"May 27 2010 12:20:08, 7.18c",C:\Documents and Settings\NORINCO\My Documents\SK272_CTD_SBE\CTD04.hex C:\Documents and Settings\NORINCO\My Documents\SK272_CTD_SBE\CTD04.CON,0,yes,yes,ascii,,,,,,,,,,,,,,,,,,,,,,,,,,,,,,,,"May 27 2010 12:20:27, 7.18c",C:\Documents and Settings\NORINCO\My Documents\SK272_CTD_SBE\Processed\CTD04.cnv C:\Documents and Settings\NORINCO\My Documents\SK272_CTD_SBE\CTD01.CON,"May 27 2010 12:20:44, 7.18c",C:\Documents and Settings\NORINCO\My Documents\SK272_CTD_SBE\Processed\CTD04.cnv,meters,1.0,no,0.0,"yes, min = 0.000, max = 0.000, value = 0.000",,,,,,,,,,,,,,,,,,,,,,,,,,,,,,,,,,,,,,,,,,,,,,,,,,,,,,,,,,,
CTD05.cnv,SK272 (IO2-10-SK),SK272 (IO2-10-SK)\SK 272 CTD,Sea-Bird SBE 9 Data File,ORV. Sagar Kanya,SK272,,4990,,40.545 S,8029.687E,-0.67575,80.494783,20-05-10 11:58:26,"depSM: Depth [salt water, m]","prDM: Pressure, Digiquartz [db]",c0S/m: Conductivity [S/m],"t090C: Temperature [ITS-90, deg C]",sal00: Salinity [PSU],"svCM: Sound Velocity [Chen-Millero, m/s]","flECO-AFL: Fluorescence, Wetlab ECO-AFL/FL [mg/m^3]","sbeox0ML/L: Oxygen, SBE 43 [ml/l]","par: PAR/Irradiance, Biospherical/Licor",scan: Scan Count,sal00: Salinity [PSU],"svCM: Sound Velocity [Chen-Millero, m/s]",flag: flag,,,,"11.000,  74705.299","11.061,  89693.228","4.924934,  99.000000","-48.2245,    98.9762","-1999.0000,   525.7658","-9999.00,    1581.69","-0.5310,     1.3986","-349.95607, 5.3166e+09","1.0000e-12, 8.4285e+01","464,      14936","-1999.0000,   525.7662","-9999.00,    1581.69","0.0000e+00, 0.0000e+00",,,,"Frequency  0  temperature, 5092, 26-Mar-09","Frequency  1  conductivity, 3478, 01-Apr-09 , cpcor = -9.5700e-08","Frequency  2  pressure, 0934, 07-Apr-09","Extrnl Volt  0  Oxygen, SBE, primary, 1606, 08-Apr-09p","Extrnl Volt  2  WET Labs, ECO_AFL","Extrnl Volt  3  userpoly 0, FLNTURTD-1095, 10-Apr-09","Extrnl Volt  4  irradiance (PAR), primary, 70220, 10-Apr-09",Extrnl Volt  6  altimeter,"Extrnl Volt  9  surface irradiance (SPAR), degrees = 0.0",C:\Documents and Settings\NORINCO\My Documents\SK272_CTD_SBE\CTD05.hex,5092,3478,27.0,5.0,1.0,May 20 2010 11:58:26,20-05-2010,11.56,13,179551,specified,meters: 1,May 20 2010 11:58:26,-9.99e-29,"May 27 2010 12:21:04, 7.18c",C:\Documents and Settings\NORINCO\My Documents\SK272_CTD_SBE\CTD05.hex C:\Documents and Settings\NORINCO\My Documents\SK272_CTD_SBE\CTD05.CON,0,yes,yes,ascii,,,,,,,,,,,,,,,,,,,,,,,,,,,,,,,,"May 27 2010 12:21:17, 7.18c",C:\Documents and Settings\NORINCO\My Documents\SK272_CTD_SBE\Processed\CTD05.cnv C:\Documents and Settings\NORINCO\My Documents\SK272_CTD_SBE\CTD01.CON,"May 27 2010 12:21:34, 7.18c",C:\Documents and Settings\NORINCO\My Documents\SK272_CTD_SBE\Processed\CTD05.cnv,meters,1.0,no,0.0,"yes, min = 0.000, max = 0.000, value = 0.000",,,,,,,,,,,,,,,,,,,,,,,,,,,,,,,,,,,,,,,,,,,,,,,,,,,,,,,,,,,
CTD06.cnv,SK272 (IO2-10-SK),SK272 (IO2-10-SK)\SK 272 CTD,Sea-Bird SBE 9 Data File,ORV. Sagar Kanya,SK272,,4018,,01 29.90 S,080 31.027 E,-1.498333,80.517117,21-05-10 23:00:58,"depSM: Depth [salt water, m]","prDM: Pressure, Digiquartz [db]",c0S/m: Conductivity [S/m],"t090C: Temperature [ITS-90, deg C]",sal00: Salinity [PSU],"svCM: Sound Velocity [Chen-Millero, m/s]","flECO-AFL: Fluorescence, Wetlab ECO-AFL/FL [mg/m^3]","sbeox0ML/L: Oxygen, SBE 43 [ml/l]","par: PAR/Irradiance, Biospherical/Licor",scan: Scan Count,sal00: Salinity [PSU],"svCM: Sound Velocity [Chen-Millero, m/s]",flag: flag,,,,"2.000,   1001.000","2.012,   1008.975","3.536175,   5.837085","6.6609,    29.5969","34.9252,    35.4652","1493.51,    1545.93","0.0069,     1.3598","1.05361,    4.18759","1.0000e-12, 1.0000e-12","-517,      58054","34.9252,    35.4652","1493.51,    1545.93","0.0000e+00, 0.0000e+00",,,,"Frequency  0  temperature, 5092, 26-Mar-09","Frequency  1  conductivity, 3478, 01-Apr-09 , cpcor = -9.5700e-08","Frequency  2  pressure, 0934, 07-Apr-09","Extrnl Volt  0  Oxygen, SBE, primary, 1606, 08-Apr-09p","Extrnl Volt  2  WET Labs, ECO_AFL","Extrnl Volt  3  userpoly 0, FLNTURTD-1095, 10-Apr-09","Extrnl Volt  4  irradiance (PAR), primary, 70220, 10-Apr-09",Extrnl Volt  6  altimeter,"Extrnl Volt  9  surface irradiance (SPAR), degrees = 0.0",C:\Documents and Settings\NORINCO\My Documents\SK272_CTD_SBE\CTD06.hex,5092,3478,27.0,5.0,1.0,May 21 2010 23:00:58,21.05.2010,22:59,13,1982,specified,meters: 1,May 21 2010 23:00:58,-9.99e-29,"May 27 2010 12:22:46, 7.18c",C:\Documents and Settings\NORINCO\My Documents\SK272_CTD_SBE\CTD06.hex C:\Documents and Settings\NORINCO\My Documents\SK272_CTD_SBE\CTD06.CON,0,yes,yes,ascii,,,,,,,,,,,,,,,,,,,,,,,,,,,,,,,,"May 27 2010 12:23:11, 7.18c",C:\Documents and Settings\NORINCO\My Documents\SK272_CTD_SBE\Processed\CTD06.cnv C:\Documents and Settings\NORINCO\My Documents\SK272_CTD_SBE\CTD01.CON,"May 27 2010 12:23:36, 7.18c",C:\Documents and Settings\NORINCO\My Documents\SK272_CTD_SBE\Processed\CTD06.cnv,meters,1.0,no,0.0,"yes, min = 0.000, max = 0.000, value = 0.000",,,,,,,,,,,,,,,,,,,,,,,,,,,,,,,,,,,,,,,,,,,,,,,,,,,,,,,,,,,
CTD07.cnv,SK272 (IO2-10-SK),SK272 (IO2-10-SK)\SK 272 CTD,Sea-Bird SBE 9 Data File,ORV. Sagar Kanya,SK272,,4621,,004.283N,8035.516E,0.071383,80.591933,23-05-10 00:44:17,"depSM: Depth [salt water, m]","prDM: Pressure, Digiquartz [db]",c0S/m: Conductivity [S/m],"t090C: Temperature [ITS-90, deg C]",sal00: Salinity [PSU],"svCM: Sound Velocity [Chen-Millero, m/s]","flECO-AFL: Fluorescence, Wetlab ECO-AFL/FL [mg/m^3]","sbeox0ML/L: Oxygen, SBE 43 [ml/l]","par: PAR/Irradiance, Biospherical/Licor",scan: Scan Count,sal00: Salinity [PSU],"svCM: Sound Velocity [Chen-Millero, m/s]",flag: flag,,,,"2.000,   2016.000","2.011,   2037.006","3.211361,   5.802946","2.7303,    29.4308","34.7722,    35.4166","1491.66,    1545.42","0.0138,     1.1242","0.93024,    4.24676","1.0000e-12, 1.0000e-12","-657,     122575","34.7723,    35.4166","1491.66,    1545.42","0.0000e+00, 0.0000e+00",,,,"Frequency  0  temperature, 5092, 26-Mar-09","Frequency  1  conductivity, 3478, 01-Apr-09 , cpcor = -9.5700e-08","Frequency  2  pressure, 0934, 07-Apr-09","Extrnl Volt  0  Oxygen, SBE, primary, 1606, 08-Apr-09p","Extrnl Volt  2  WET Labs, ECO_AFL","Extrnl Volt  3  userpoly 0, FLNTURTD-1095, 10-Apr-09","Extrnl Volt  4  irradiance (PAR), primary, 70220, 10-Apr-09",Extrnl Volt  6  altimeter,"Extrnl Volt  9  surface irradiance (SPAR), degrees = 0.0",C:\Documents and Settings\NORINCO\My Documents\SK272_CTD_SBE\CTD07.hex,5092,3478,27.0,5.0,1.0,May 23 2010 00:44:17,22-05-10,00:40 hrs,13,4004,specified,meters: 1,May 23 2010 00:44:17,-9.99e-29,"May 27 2010 12:24:05, 7.18c",C:\Documents and Settings\NORINCO\My Documents\SK272_CTD_SBE\CTD07.hex C:\Documents and Settings\NORINCO\My Documents\SK272_CTD_SBE\CTD07.CON,0,yes,yes,ascii,,,,,,,,,,,,,,,,,,,,,,,,,,,,,,,,"May 27 2010 12:24:23, 7.18c",C:\Documents and Settings\NORINCO\My Documents\SK272_CTD_SBE\Processed\CTD07.cnv C:\Documents and Settings\NORINCO\My Documents\SK272_CTD_SBE\CTD01.CON,"May 27 2010 12:24:46, 7.18c",C:\Documents and Settings\NORINCO\My Documents\SK272_CTD_SBE\Processed\CTD07.cnv,meters,1.0,no,0.0,"yes, min = 0.000, max = 0.000, value = 0.000",,,,,,,,,,,,,,,,,,,,,,,,,,,,,,,,,,,,,,,,,,,,,,,,,,,,,,,,,,,
CTD08.cnv,SK272 (IO2-10-SK),SK272 (IO2-10-SK)\SK 272 CTD,Sea-Bird SBE 9 Data File,ORV. Sagar Kanya,SK272,,4650,,042.012 N,8029.419 E,0.7002,80.490317,23-05-10 20:17:05,"depSM: Depth [salt water, m]","prDM: Pressure, Digiquartz [db]",c0S/m: Conductivity [S/m],"t090C: Temperature [ITS-90, deg C]",sal00: Salinity [PSU],"svCM: Sound Velocity [Chen-Millero, m/s]","flECO-AFL: Fluorescence, Wetlab ECO-AFL/FL [mg/m^3]","sbeox0ML/L: Oxygen, SBE 43 [ml/l]","par: PAR/Irradiance, Biospherical/Licor",scan: Scan Count,sal00: Salinity [PSU],"svCM: Sound Velocity [Chen-Millero, m/s]",flag: flag,,,,"2.000,   2001.000","2.011,   2021.778","3.201999,   5.787702","2.6298,    29.5987","34.7707,    35.4350","1491.86,    1545.34","0.0145,     1.0822","0.85217,    4.20001","1.0000e-12, 1.0000e-12","2056,     120381","34.7707,    35.4350","1491.86,    1545.34","0.0000e+00, 0.0000e+00",,,,"Frequency  0  temperature, 5092, 26-Mar-09","Frequency  1  conductivity, 3478, 01-Apr-09 , cpcor = -9.5700e-08","Frequency  2  pressure, 0934, 07-Apr-09","Extrnl Volt  0  Oxygen, SBE, primary, 1606, 08-Apr-09p","Extrnl Volt  2  WET Labs, ECO_AFL","Extrnl Volt  3  userpoly 0, FLNTURTD-1095, 10-Apr-09","Extrnl Volt  4  irradiance (PAR), primary, 70220, 10-Apr-09",Extrnl Volt  6  altimeter,"Extrnl Volt  9  surface irradiance (SPAR), degrees = 0.0",C:\Documents and Settings\NORINCO\My Documents\SK272_CTD_SBE\CTD08.hex,5092,3478,27.0,5.0,1.0,May 23 2010 20:17:05,23-05-10,20:15 hrs,13,3991,specified,meters: 1,May 23 2010 20:17:05,-9.99e-29,"May 27 2010 12:25:05, 7.18c",C:\Documents and Settings\NORINCO\My Documents\SK272_CTD_SBE\CTD08.hex C:\Documents and Settings\NORINCO\My Documents\SK272_CTD_SBE\CTD08.CON,0,yes,yes,ascii,,,,,,,,,,,,,,,,,,,,,,,,,,,,,,,,"May 27 2010 12:25:22, 7.18c",C:\Documents and Settings\NORINCO\My Documents\SK272_CTD_SBE\Processed\CTD08.cnv C:\Documents and Settings\NORINCO\My Documents\SK272_CTD_SBE\CTD01.CON,"May 27 2010 12:25:44, 7.18c",C:\Documents and Settings\NORINCO\My Documents\SK272_CTD_SBE\Processed\CTD08.cnv,meters,1.0,no,0.0,"yes, min = 0.000, max = 0.000, value = 0.000",,,,,,,,,,,,,,,,,,,,,,,,,,,,,,,,,,,,,,,,,,,,,,,,,,,,,,,,,,,
SK287_01082011_CTD05.cnv,SK287 (IO4-11-SK),SK287 (IO4-11-SK)\CTD\Processed,Sea-Bird SBE 9 Data File,,,,,,02 26.71 S,080 28.68 E,-2.445167,80.478,01-08-11 11:34:32,"depSM: Depth [salt water, m]","prDM: Pressure, Digiquartz [db]",c0S/m: Conductivity [S/m],"t090C: Temperature [ITS-90, deg C]",sal00: Salinity [PSU],"svCM: Sound Velocity [Chen-Millero, m/s]","flECO-AFL: Fluorescence, Wetlab ECO-AFL/FL [mg/m^3]",flag:  0.000e+00,,,,,,,,,"-0.130,   1007.902","-0.131,   1015.959","0.787909,   5.731454","6.4766,    98.9762","4.0083,    35.3979","1493.15,    1554.86","-0.0145,     4.1723","0.0000e+00, 0.0000e+00",,,,,,,,,"Frequency  0  temperature, 5094, 03-Mar-09","Frequency  1  conductivity, 3478, 01-Apr-09, cpcor = -9.5700e-08","Frequency  2  pressure, 0934, 07-Apr-09","Extrnl Volt  0  Oxygen, SBE, primary, 1606, 08-APR-09","Extrnl Volt  2  WET Labs, ECO_AFL","Extrnl Volt  3  userpoly 0, FLNTURTD-1095, 10-Apr-09",Extrnl Volt  6  altimeter,"Extrnl Volt  9  surface irradiance (SPAR), degrees = 0.0",,E:\SK 287\SK287_01082011_CTD05.hdr,5094,3478,34.0,5.0,1.0,Aug 01 2011 11:34:32,,,8,55645,specified,seconds: 0.0416667,Aug 01 2011 11:34:32,-9.99e-29,"Aug 02 2011 04:16:47, 7.18c",E:\SK 287\SK287_01082011_CTD05.hex E:\SK 287\SK287_01082011_CTD05.CON,25,,,ascii,,,,,,Aug 01 2011  11:34:53,Append to Every Scan,,,,,,,,,,,,,,,,,,,,,,,,,,,,,,,,,,,,,,,,,,,,,,,,,,,,,,,,,,,,,,,,,,,,,,,,,,,,,,,,,,,,,,,,,,,,
SK287_02082011_CTD06.cnv,SK287 (IO4-11-SK),SK287 (IO4-11-SK)\CTD\Processed,Sea-Bird SBE 9 Data File,,,,,,03 58.87 S,080 28.80 E,-3.981167,80.48,02-08-11 12:26:50,"depSM: Depth [salt water, m]","prDM: Pressure, Digiquartz [db]",c0S/m: Conductivity [S/m],"t090C: Temperature [ITS-90, deg C]",sal00: Salinity [PSU],"svCM: Sound Velocity [Chen-Millero, m/s]","flECO-AFL: Fluorescence, Wetlab ECO-AFL/FL [mg/m^3]",flag:  0.000e+00,,,,,,,,,"-0.112,   1008.550","-0.113,   1016.630","1.368284,   5.702330","6.4521,    28.7804","7.3025,    35.3332","1492.96,    1543.10","-0.0035,     8.5020","0.0000e+00, 0.0000e+00",,,,,,,,,"Frequency  0  temperature, 5094, 03-Mar-09","Frequency  1  conductivity, 3478, 01-Apr-09, cpcor = -9.5700e-08","Frequency  2  pressure, 0934, 07-Apr-09","Extrnl Volt  0  Oxygen, SBE, primary, 1606, 08-APR-09","Extrnl Volt  2  WET Labs, ECO_AFL","Extrnl Volt  3  userpoly 0, FLNTURTD-1095, 10-Apr-09",Extrnl Volt  6  altimeter,"Extrnl Volt  9  surface irradiance (SPAR), degrees = 0.0",,E:\SK 287\SK287_02082011_CTD06.hdr,5094,3478,34.0,5.0,1.0,Aug 02 2011 12:26:50,,,8,48785,specified,seconds: 0.0416667,Aug 02 2011 12:26:50,-9.99e-29,"Aug 17 2011 10:05:13, 7.18c",E:\SK 287\SK287_02082011_CTD06.hex E:\SK 287\SK287_02082011_CTD06.CON,25,,,ascii,,,,,,Aug 02 2011  12:27:14,Append to Every Scan,,,,,,,,,,,,,,,,,,,,,,,,,,,,,,,,,,,,,,,,,,,,,,,,,,,,,,,,,,,,,,,,,,,,,,,,,,,,,,,,,,,,,,,,,,,,
SK287_13082011_CTD07.cnv,SK287 (IO4-11-SK),SK287 (IO4-11-SK)\CTD\Processed,Sea-Bird SBE 9 Data File,,,,,,00 01.35 N,078 01.20 E,0.0225,78.02,13-08-11 07:57:57,"depSM: Depth [salt water, m]","prDM: Pressure, Digiquartz [db]",c0S/m: Conductivity [S/m],"t090C: Temperature [ITS-90, deg C]",sal00: Salinity [PSU],"svCM: Sound Velocity [Chen-Millero, m/s]","flECO-AFL: Fluorescence, Wetlab ECO-AFL/FL [mg/m^3]",flag:  0.000e+00,,,,,,,,,"0.880,   1007.049","0.885,   1015.087","3.514899,   5.682495","6.4380,    28.8603","34.1796,    35.4152","1493.05,    1543.32","-0.0035,     1.3921","0.0000e+00, 0.0000e+00",,,,,,,,,"Frequency  0  temperature, 5094, 03-Mar-09","Frequency  1  conductivity, 3478, 01-Apr-09, cpcor = -9.5700e-08","Frequency  2  pressure, 0934, 07-Apr-09","Extrnl Volt  0  Oxygen, SBE, primary, 1606, 08-APR-09","Extrnl Volt  2  WET Labs, ECO_AFL","Extrnl Volt  3  userpoly 0, FLNTURTD-1095, 10-Apr-09",Extrnl Volt  6  altimeter,"Extrnl Volt  9  surface irradiance (SPAR), degrees = 0.0",,E:\SK 287\SK287_13082011_CTD07.hdr,5094,3478,34.0,5.0,1.0,Aug 13 2011 07:57:57,,,8,45872,specified,seconds: 0.0416667,Aug 13 2011 07:57:57,-9.99e-29,"Aug 17 2011 10:05:45, 7.18c",E:\SK 287\SK287_13082011_CTD07.hex E:\SK 287\SK287_13082011_CTD07.CON,25,,,ascii,,,,,,Aug 13 2011  07:59:05,Append to Every Scan,,,,,,,,,,,,,,,,,,,,,,,,,,,,,,,,,,,,,,,,,,,,,,,,,,,,,,,,,,,,,,,,,,,,,,,,,,,,,,,,,,,,,,,,,,,,
SK287_14082011_CTD08.cnv,SK287 (IO4-11-SK),SK287 (IO4-11-SK)\CTD\Processed,Sea-Bird SBE 9 Data File,,,,,,01 34.82 N,080 28.21 E,1.580333,80.470167,14-08-11 13:27:46,"depSM: Depth [salt water, m]","prDM: Pressure, Digiquartz [db]",c0S/m: Conductivity [S/m],"t090C: Temperature [ITS-90, deg C]",sal00: Salinity [PSU],"svCM: Sound Velocity [Chen-Millero, m/s]","flECO-AFL: Fluorescence, Wetlab ECO-AFL/FL [mg/m^3]",flag:  0.000e+00,,,,,,,,,"1.716,   1004.434","1.725,   1012.449","3.561310, 749.660480","6.8997,    28.8553","33.3953,  1999.0000","1493.99,    8785.55","-0.0035,     0.9525","0.0000e+00, 0.0000e+00",,,,,,,,,"Frequency  0  temperature, 5094, 03-Mar-09","Frequency  1  conductivity, 3478, 01-Apr-09, cpcor = -9.5700e-08","Frequency  2  pressure, 0934, 07-Apr-09","Extrnl Volt  0  Oxygen, SBE, primary, 1606, 08-APR-09","Extrnl Volt  2  WET Labs, ECO_AFL","Extrnl Volt  3  userpoly 0, FLNTURTD-1095, 10-Apr-09",Extrnl Volt  6  altimeter,"Extrnl Volt  9  surface irradiance (SPAR), degrees = 0.0",,E:\SK 287\SK287_14082011_CTD08.hdr,5094,3478,34.0,5.0,1.0,Aug 14 2011 13:27:46,,,8,48085,specified,seconds: 0.0416667,Aug 14 2011 13:27:46,-9.99e-29,"Aug 17 2011 10:06:03, 7.18c",E:\SK 287\SK287_14082011_CTD08.hex E:\SK 287\SK287_14082011_CTD08.CON,25,,,ascii,,,,,,Aug 14 2011  13:28:59,Append to Every Scan,,,,,,,,,,,,,,,,,,,,,,,,,,,,,,,,,,,,,,,,,,,,,,,,,,,,,,,,,,,,,,,,,,,,,,,,,,,,,,,,,,,,,,,,,,,,
SK287_15082011_CTD09.cnv,SK287 (IO4-11-SK),SK287 (IO4-11-SK)\CTD\Processed,Sea-Bird SBE 9 Data File,,,,,,02 29.64 N,080 28.36 E,2.494,80.472667,15-08-11 11:05:13,"depSM: Depth [salt water, m]","prDM: Pressure, Digiquartz [db]",c0S/m: Conductivity [S/m],"t090C: Temperature [ITS-90, deg C]",sal00: Salinity [PSU],"svCM: Sound Velocity [Chen-Millero, m/s]","flECO-AFL: Fluorescence, Wetlab ECO-AFL/FL [mg/m^3]",flag:  0.000e+00,,,,,,,,,"1.117,   1049.651","1.124,   1058.148","3.518657,   5.666589","6.4400,   106.1540","12.3076,    35.3409","1493.67,    1543.83","-0.0035,     0.8536","0.0000e+00, 0.0000e+00",,,,,,,,,"Frequency  0  temperature, 5094, 03-Mar-09","Frequency  1  conductivity, 3478, 01-Apr-09, cpcor = -9.5700e-08","Frequency  2  pressure, 0934, 07-Apr-09","Extrnl Volt  0  Oxygen, SBE, primary, 1606, 08-APR-09","Extrnl Volt  2  WET Labs, ECO_AFL","Extrnl Volt  3  userpoly 0, FLNTURTD-1095, 10-Apr-09",Extrnl Volt  6  altimeter,"Extrnl Volt  9  surface irradiance (SPAR), degrees = 0.0",,E:\SK 287\SK287_15082011_CTD09.hdr,5094,3478,34.0,5.0,1.0,Aug 15 2011 11:05:13,,,8,43648,specified,seconds: 0.0416667,Aug 15 2011 11:05:13,-9.99e-29,"Aug 17 2011 10:06:17, 7.18c",E:\SK 287\SK287_15082011_CTD09.hex E:\SK 287\SK287_15082011_CTD09.CON,25,,,ascii,,,,,,Aug 15 2011  11:06:28,Append to Every Scan,,,,,,,,,,,,,,,,,,,,,,,,,,,,,,,,,,,,,,,,,,,,,,,,,,,,,,,,,,,,,,,,,,,,,,,,,,,,,,,,,,,,,,,,,,,,
SK287_26072011_CTD01.cnv,SK287 (IO4-11-SK),SK287 (IO4-11-SK)\CTD\Processed,Sea-Bird SBE 9 Data File,,,,,,00 01.17 S,082 56.73 E,-0.0195,82.9455,26-07-11 12:34:33,"depSM: Depth [salt water, m]","prDM: Pressure, Digiquartz [db]",c0S/m: Conductivity [S/m],"t090C: Temperature [ITS-90, deg C]",sal00: Salinity [PSU],"svCM: Sound Velocity [Chen-Millero, m/s]","flECO-AFL: Fluorescence, Wetlab ECO-AFL/FL [mg/m^3]","sbeox0ML/L: Oxygen, SBE 43 [ml/l]",oxsatML/L: Oxygen Saturation [ml/l],flag:  0.000e+00,,,,,,,"0.455,   1001.153","0.458,   1009.130","3.553455,   5.684689","6.7091,    28.9160","34.1594,    35.3820","1494.26,    1543.73","-0.0035,     1.0624","0.93700,    4.47863","4.43565,    6.80334","0.0000e+00, 0.0000e+00",,,,,,,"Frequency  0  temperature, 5094, 03-Mar-09","Frequency  1  conductivity, 3478, 01-Apr-09, cpcor = -9.5700e-08","Frequency  2  pressure, 0934, 07-Apr-09","Extrnl Volt  0  Oxygen, SBE, primary, 1606, 08-APR-09","Extrnl Volt  2  WET Labs, ECO_AFL","Extrnl Volt  3  userpoly 0, FLNTURTD-1095, 10-Apr-09",Extrnl Volt  6  altimeter,"Extrnl Volt  9  surface irradiance (SPAR), degrees = 0.0",,E:\SK 287\SK287_26072011_CTD01.hdr,5094,3478,34.0,5.0,1.0,Jul 26 2011 12:34:33,,,10,68313,specified,seconds: 0.0416667,Jul 26 2011 12:34:33,-9.99e-29,"Jul 27 2011 02:14:10, 7.18c",E:\SK 287\SK287_26072011_CTD01.hex E:\SK 287\SK287_26072011_CTD01.CON,25,yes,yes,ascii,,,,,,Jul 26 2011  12:34:56,Append to Every Scan,,,,,,,,,,,,,,,,,,,,,,,,,,,,,,,,,,,,,,,,,,,,,,,,,,,,,,,,,,,,,,,,,,,,,,,,,,,,,,,,,,,,,,,,,,,,
SK287_27072011_CTD02.cnv,SK287 (IO4-11-SK),SK287 (IO4-11-SK)\CTD\Processed,Sea-Bird SBE 9 Data File,,,,,,00 01.40 N,080 42.43 E,0.023333,80.707167,27-07-11 15:28:19,"depSM: Depth [salt water, m]","prDM: Pressure, Digiquartz [db]",c0S/m: Conductivity [S/m],"t090C: Temperature [ITS-90, deg C]",sal00: Salinity [PSU],"svCM: Sound Velocity [Chen-Millero, m/s]","flECO-AFL: Fluorescence, Wetlab ECO-AFL/FL [mg/m^3]","sbeox0ML/L: Oxygen, SBE 43 [ml/l]",oxsatML/L: Oxygen Saturation [ml/l],flag:  0.000e+00,,,,,,,"-31006.729,   1008.762","-28527.280,   1016.818","3.520732,   5.693681","6.4890,    28.9793","31.7402,    65.8685","1042.48,    1543.81","-0.0145,     0.9305","-3.04764,    4.46697","3.73816,    6.84527","0.0000e+00, 0.0000e+00",,,,,,,"Frequency  0  temperature, 5094, 03-Mar-09","Frequency  1  conductivity, 3478, 01-Apr-09, cpcor = -9.5700e-08","Frequency  2  pressure, 0934, 07-Apr-09","Extrnl Volt  0  Oxygen, SBE, primary, 1606, 08-APR-09","Extrnl Volt  2  WET Labs, ECO_AFL","Extrnl Volt  3  userpoly 0, FLNTURTD-1095, 10-Apr-09",Extrnl Volt  6  altimeter,"Extrnl Volt  9  surface irradiance (SPAR), degrees = 0.0",,E:\SK 287\SK287_27072011_CTD02.hdr,5094,3478,34.0,5.0,1.0,Jul 27 2011 15:28:19,,,10,45962,specified,seconds: 0.0416667,Jul 27 2011 15:28:19,-9.99e-29,"Jul 28 2011 18:05:51, 7.18c",E:\SK 287\SK287_27072011_CTD02.hex E:\SK 287\SK287_27072011_CTD02.CON,25,yes,yes,ascii,,,,,,Jul 27 2011  15:28:44,Append to Every Scan,,,,,,,,,,,,,,,,,,,,,,,,,,,,,,,,,,,,,,,,,,,,,,,,,,,,,,,,,,,,,,,,,,,,,,,,,,,,,,,,,,,,,,,,,,,,
SK287_28072011_CTD03.cnv,SK287 (IO4-11-SK),SK287 (IO4-11-SK)\CTD\Processed,Sea-Bird SBE 9 Data File,,,,,,00 06.60 N,080 34.89 E,0.11,80.5815,28-07-11 18:56:20,"depSM: Depth [salt water, m]","prDM: Pressure, Digiquartz [db]",c0S/m: Conductivity [S/m],"t090C: Temperature [ITS-90, deg C]",sal00: Salinity [PSU],"svCM: Sound Velocity [Chen-Millero, m/s]","flECO-AFL: Fluorescence, Wetlab ECO-AFL/FL [mg/m^3]",flag:  0.000e+00,,,,,,,,,"-0.149,   1010.818","-0.149,   1018.896","0.688597,   5.691956","6.5083,    28.9697","3.4894,    35.3851","1493.08,    1543.97","-0.0145,     1.0185","0.0000e+00, 0.0000e+00",,,,,,,,,"Frequency  0  temperature, 5094, 03-Mar-09","Frequency  1  conductivity, 3478, 01-Apr-09, cpcor = -9.5700e-08","Frequency  2  pressure, 0934, 07-Apr-09","Extrnl Volt  0  Oxygen, SBE, primary, 1606, 08-APR-09","Extrnl Volt  2  WET Labs, ECO_AFL","Extrnl Volt  3  userpoly 0, FLNTURTD-1095, 10-Apr-09",Extrnl Volt  6  altimeter,"Extrnl Volt  9  surface irradiance (SPAR), degrees = 0.0",,E:\SK 287\SK287_28072011_CTD03.hdr,5094,3478,34.0,5.0,1.0,Jul 28 2011 18:56:20,,,8,54313,specified,seconds: 0.0416667,Jul 28 2011 18:56:20,-9.99e-29,"Jul 29 2011 03:41:37, 7.18c",E:\SK 287\SK287_28072011_CTD03.hex E:\SK 287\SK287_28072011_CTD03.CON,25,,,ascii,,,,,,Jul 28 2011  18:56:49,Append to Every Scan,,,,,,,,,,,,,,,,,,,,,,,,,,,,,,,,,,,,,,,,,,,,,,,,,,,,,,,,,,,,,,,,,,,,,,,,,,,,,,,,,,,,,,,,,,,,
SK287_30072011_CTD04.cnv,SK287 (IO4-11-SK),SK287 (IO4-11-SK)\CTD\Processed,Sea-Bird SBE 9 Data File,,,,,,01 28.69 S,080 28.79 E,-1.478167,80.479833,30-07-11 15:43:17,"depSM: Depth [salt water, m]","prDM: Pressure, Digiquartz [db]",c0S/m: Conductivity [S/m],"t090C: Temperature [ITS-90, deg C]",sal00: Salinity [PSU],"svCM: Sound Velocity [Chen-Millero, m/s]","flECO-AFL: Fluorescence, Wetlab ECO-AFL/FL [mg/m^3]",flag:  0.000e+00,,,,,,,,,"-29683.354,  58400.516","-27425.901,  66067.022","3.510990,  14.738254","6.4961,    29.0458","33.3042,   160.4669","802.25,    2493.12","-0.0145,     1.1503","0.0000e+00, 0.0000e+00",,,,,,,,,"Frequency  0  temperature, 5094, 03-Mar-09","Frequency  1  conductivity, 3478, 01-Apr-09, cpcor = -9.5700e-08","Frequency  2  pressure, 0934, 07-Apr-09","Extrnl Volt  0  Oxygen, SBE, primary, 1606, 08-APR-09","Extrnl Volt  2  WET Labs, ECO_AFL","Extrnl Volt  3  userpoly 0, FLNTURTD-1095, 10-Apr-09",Extrnl Volt  6  altimeter,"Extrnl Volt  9  surface irradiance (SPAR), degrees = 0.0",,E:\SK 287\SK287_30072011_CTD04.hdr,5094,3478,34.0,5.0,1.0,Jul 30 2011 15:43:17,,,8,71109,specified,seconds: 0.0416667,Jul 30 2011 15:43:17,-9.99e-29,"Jul 31 2011 14:01:26, 7.18c",E:\SK 287\SK287_30072011_CTD04.hex E:\SK 287\SK287_30072011_CTD04.CON,25,,,ascii,,,,,,Jul 30 2011  15:43:33,Append to Every Scan,,,,,,,,,,,,,,,,,,,,,,,,,,,,,,,,,,,,,,,,,,,,,,,,,,,,,,,,,,,,,,,,,,,,,,,,,,,,,,,,,,,,,,,,,,,,
SK288_02092011_St4_0045.cnv,SK288 (IO6-11-SK),SK288 (IO6-11-SK)\CTD\SK288 SBE processed,Sea-Bird SBE 9 Data File,,,,,,11 59.31 N,089 55.64 E,11.9885,89.927333,02-09-11 00:47:45,latitude: Latitude [deg],longitude: Longitude [deg],"depSM: Depth [salt water, m]","t090C: Temperature [ITS-90, deg C]",c0S/m: Conductivity [S/m],sal00: Salinity [PSU],"svCM: Sound Velocity [Chen-Millero, m/s]","flECO-AFL: Fluorescence, Wetlab ECO-AFL/FL [mg/m^3]","sbeox0Mg/L: Oxygen, SBE 43 [mg/l]",oxsatMg/L: Oxygen Saturation [mg/l],flag:  0.000e+00,,,,,,"11.98856,   11.99988","89.92732,   89.93286","-25127.480,   6468.344","-60.1844,   222.4262","-0.064264, 878.571933","0.0000,  1999.0000","1079.76,    7859.42","-0.0035,    22.6009","-38.53104,  121.27931","3.4182e-07,   10.88966","0.0000e+00, 0.0000e+00",,,,,,"Frequency  0  temperature, 5094, 03-Mar-09","Frequency  1  conductivity, 3478, 01-Apr-09, cpcor = -9.5700e-08","Frequency  2  pressure, 0934, 07-Apr-09","Extrnl Volt  0  Oxygen, SBE, primary, 1606, 08-APR-09","Extrnl Volt  2  WET Labs, ECO_AFL","Extrnl Volt  3  userpoly 0, FLNTURTD-1095, 10-Apr-09",Extrnl Volt  6  altimeter,"Extrnl Volt  9  surface irradiance (SPAR), degrees = 0.0",,E:\SK 288\SK288_02092011_St4_0045.hdr,5094,3478,34.0,5.0,1.0,Sep 02 2011 00:47:45,,,11,45053,specified,seconds: 0.0416667,Sep 02 2011 00:47:45,-9.99e-29,"Sep 13 2011 07:47:49, 7.18c",E:\SK 288\SK288_02092011_St4_0045.hex E:\SK 288\SK288_02092011_St4_0045.CON,0,yes,yes,ascii,,,,,,Sep 02 2011  00:49:47,Append to Every Scan,,,,,,,,,,,,,,,,,,,,,,,,,,,,,,,,,,,,,,,,,,,,,,,,,,,,,,,,,,,,,,,,,,,,,,,,,,,,,,,,,,,,,,,,,,,,
SK288_04092011_St5_0507.cnv,SK288 (IO6-11-SK),SK288 (IO6-11-SK)\CTD\SK288 SBE processed,Sea-Bird SBE 9 Data File,,,,,,14 57.99 N,089 53.49 E,14.9665,89.8915,04-09-11 05:07:59,latitude: Latitude [deg],longitude: Longitude [deg],"depSM: Depth [salt water, m]","t090C: Temperature [ITS-90, deg C]",c0S/m: Conductivity [S/m],sal00: Salinity [PSU],"svCM: Sound Velocity [Chen-Millero, m/s]","flECO-AFL: Fluorescence, Wetlab ECO-AFL/FL [mg/m^3]","sbeox0Mg/L: Oxygen, SBE 43 [mg/l]",oxsatMg/L: Oxygen Saturation [mg/l],flag:  0.000e+00,,,,,,"14.96656,   14.98606","89.89154,   89.91966","1.240,   1008.329","6.5372,    29.0969","3.525162,   5.517808","31.7343,    35.0424","1493.45,    1542.92","0.0185,     0.7877","0.04395,    6.14140","6.36594,    9.77152","0.0000e+00, 0.0000e+00",,,,,,"Frequency  0  temperature, 5094, 03-Mar-09","Frequency  1  conductivity, 3478, 01-Apr-09, cpcor = -9.5700e-08","Frequency  2  pressure, 0934, 07-Apr-09","Extrnl Volt  0  Oxygen, SBE, primary, 1606, 08-APR-09","Extrnl Volt  2  WET Labs, ECO_AFL","Extrnl Volt  3  userpoly 0, FLNTURTD-1095, 10-Apr-09",Extrnl Volt  6  altimeter,"Extrnl Volt  9  surface irradiance (SPAR), degrees = 0.0",,E:\SK 288\SK288_04092011_St5_0507.hdr,5094,3478,34.0,5.0,1.0,Sep 04 2011 05:07:59,,,11,94443,specified,seconds: 0.0416667,Sep 04 2011 05:07:59,-9.99e-29,"Sep 13 2011 07:48:05, 7.18c",E:\SK 288\SK288_04092011_St5_0507.hex E:\SK 288\SK288_04092011_St5_0507.CON,0,yes,yes,ascii,,,,,,Sep 04 2011  05:09:56,Append to Every Scan,,,,,,,,,,,,,,,,,,,,,,,,,,,,,,,,,,,,,,,,,,,,,,,,,,,,,,,,,,,,,,,,,,,,,,,,,,,,,,,,,,,,,,,,,,,,
SK288_05092011_St6_0811.cnv,SK288 (IO6-11-SK),SK288 (IO6-11-SK)\CTD\SK288 SBE processed,Sea-Bird SBE 9 Data File,,,,,,16 26.96 N,088 11.64 E,16.449333,88.194,05-09-11 08:12:28,latitude: Latitude [deg],longitude: Longitude [deg],"depSM: Depth [salt water, m]","t090C: Temperature [ITS-90, deg C]",c0S/m: Conductivity [S/m],sal00: Salinity [PSU],"svCM: Sound Velocity [Chen-Millero, m/s]","flECO-AFL: Fluorescence, Wetlab ECO-AFL/FL [mg/m^3]","sbeox0Mg/L: Oxygen, SBE 43 [mg/l]",oxsatMg/L: Oxygen Saturation [mg/l],flag:  0.000e+00,,,,,,"16.44930,   16.45866","88.19394,   88.21476","-0.330,    507.940","9.6892,    28.8823","-0.554750,   5.493666","0.0000,    35.0435","1497.09,    1541.80","0.0185,     0.7657","0.03276,    7.16512","6.39938,    9.08969","0.0000e+00, 0.0000e+00",,,,,,"Frequency  0  temperature, 5094, 03-Mar-09","Frequency  1  conductivity, 3478, 01-Apr-09, cpcor = -9.5700e-08","Frequency  2  pressure, 0934, 07-Apr-09","Extrnl Volt  0  Oxygen, SBE, primary, 1606, 08-APR-09","Extrnl Volt  2  WET Labs, ECO_AFL","Extrnl Volt  3  userpoly 0, FLNTURTD-1095, 10-Apr-09",Extrnl Volt  6  altimeter,"Extrnl Volt  9  surface irradiance (SPAR), degrees = 0.0",,E:\SK 288\SK288_05092011_St6_0811.hdr,5094,3478,34.0,5.0,1.0,Sep 05 2011 08:12:28,,,11,47207,specified,seconds: 0.0416667,Sep 05 2011 08:12:28,-9.99e-29,"Sep 13 2011 07:48:24, 7.18c",E:\SK 288\SK288_05092011_St6_0811.hex E:\SK 288\SK288_05092011_St6_0811.CON,0,yes,yes,ascii,,,,,,Sep 05 2011  08:14:29,Append to Every Scan,,,,,,,,,,,,,,,,,,,,,,,,,,,,,,,,,,,,,,,,,,,,,,,,,,,,,,,,,,,,,,,,,,,,,,,,,,,,,,,,,,,,,,,,,,,,
SK288_05092011_St6_1030.cnv,SK288 (IO6-11-SK),SK288 (IO6-11-SK)\CTD\SK288 SBE processed,Sea-Bird SBE 9 Data File,,,,,,16 29.04 N,088 16.37 E,16.484,88.272833,05-09-11 10:30:26,latitude: Latitude [deg],longitude: Longitude [deg],"depSM: Depth [salt water, m]","t090C: Temperature [ITS-90, deg C]",c0S/m: Conductivity [S/m],sal00: Salinity [PSU],"svCM: Sound Velocity [Chen-Millero, m/s]","flECO-AFL: Fluorescence, Wetlab ECO-AFL/FL [mg/m^3]","sbeox0Mg/L: Oxygen, SBE 43 [mg/l]",oxsatMg/L: Oxygen Saturation [mg/l],flag:  0.000e+00,,,,,,"16.48400,   16.51054","88.27284,   88.31732","1.312,    210.858","13.2907,    32.6781","4.135009,   5.576843","24.5848,    35.0786","1504.67,    1543.14","0.0185,     0.8866","0.02913,    7.61016","6.31006,    8.41655","0.0000e+00, 0.0000e+00",,,,,,"Frequency  0  temperature, 5094, 03-Mar-09","Frequency  1  conductivity, 3478, 01-Apr-09, cpcor = -9.5700e-08","Frequency  2  pressure, 0934, 07-Apr-09","Extrnl Volt  0  Oxygen, SBE, primary, 1606, 08-APR-09","Extrnl Volt  2  WET Labs, ECO_AFL","Extrnl Volt  3  userpoly 0, FLNTURTD-1095, 10-Apr-09",Extrnl Volt  6  altimeter,"Extrnl Volt  9  surface irradiance (SPAR), degrees = 0.0",,E:\SK 288\SK288_05092011_St6_1030.hdr,5094,3478,34.0,5.0,1.0,Sep 05 2011 10:30:26,,,11,192964,specified,seconds: 0.0416667,Sep 05 2011 10:30:26,-9.99e-29,"Sep 13 2011 07:48:44, 7.18c",E:\SK 288\SK288_05092011_St6_1030.hex E:\SK 288\SK288_05092011_St6_1030.CON,0,yes,yes,ascii,,,,,,Sep 05 2011  10:32:26,Append to Every Scan,,,,,,,,,,,,,,,,,,,,,,,,,,,,,,,,,,,,,,,,,,,,,,,,,,,,,,,,,,,,,,,,,,,,,,,,,,,,,,,,,,,,,,,,,,,,
SK288_06092011_St7_1643.cnv,SK288 (IO6-11-SK),SK288 (IO6-11-SK)\CTD\SK288 SBE processed,Sea-Bird SBE 9 Data File,,,,,,18 03.81 N,088 57.05 E,18.0635,88.950833,06-09-11 16:43:04,latitude: Latitude [deg],longitude: Longitude [deg],"depSM: Depth [salt water, m]","t090C: Temperature [ITS-90, deg C]",c0S/m: Conductivity [S/m],sal00: Salinity [PSU],"svCM: Sound Velocity [Chen-Millero, m/s]","flECO-AFL: Fluorescence, Wetlab ECO-AFL/FL [mg/m^3]","sbeox0Mg/L: Oxygen, SBE 43 [mg/l]",oxsatMg/L: Oxygen Saturation [mg/l],flag:  0.000e+00,,,,,,"18.06352,   18.11016","88.95086,   89.03132","-30762.913,  28026.950","-90.1097,   220.5873","-0.513564, 870.031576","0.0000,  1999.0000","-295.18,    5261.22","-0.4541,    33.8206","-166.77922,  563.81504","0.00002, 6376.30855","0.0000e+00, 0.0000e+00",,,,,,"Frequency  0  temperature, 5094, 03-Mar-09","Frequency  1  conductivity, 3478, 01-Apr-09, cpcor = -9.5700e-08","Frequency  2  pressure, 0934, 07-Apr-09","Extrnl Volt  0  Oxygen, SBE, primary, 1606, 08-APR-09","Extrnl Volt  2  WET Labs, ECO_AFL","Extrnl Volt  3  userpoly 0, FLNTURTD-1095, 10-Apr-09",Extrnl Volt  6  altimeter,"Extrnl Volt  9  surface irradiance (SPAR), degrees = 0.0",,E:\SK 288\SK288_06092011_St7_1643.hdr,5094,3478,34.0,5.0,1.0,Sep 06 2011 16:43:04,,,11,223756,specified,seconds: 0.0416667,Sep 06 2011 16:43:04,-9.99e-29,"Sep 13 2011 07:49:07, 7.18c",E:\SK 288\SK288_06092011_St7_1643.hex E:\SK 288\SK288_06092011_St7_1643.CON,0,yes,yes,ascii,,,,,,Sep 06 2011  16:45:08,Append to Every Scan,,,,,,,,,,,,,,,,,,,,,,,,,,,,,,,,,,,,,,,,,,,,,,,,,,,,,,,,,,,,,,,,,,,,,,,,,,,,,,,,,,,,,,,,,,,,
SK288_06092011_St7_2022_Shallow.cnv,SK288 (IO6-11-SK),SK288 (IO6-11-SK)\CTD\SK288 SBE processed,Sea-Bird SBE 9 Data File,,,,,,18 07.75 N,089 04.02 E,18.129167,89.067,06-09-11 20:23:23,latitude: Latitude [deg],longitude: Longitude [deg],"depSM: Depth [salt water, m]","t090C: Temperature [ITS-90, deg C]",c0S/m: Conductivity [S/m],sal00: Salinity [PSU],"svCM: Sound Velocity [Chen-Millero, m/s]","flECO-AFL: Fluorescence, Wetlab ECO-AFL/FL [mg/m^3]","sbeox0Mg/L: Oxygen, SBE 43 [mg/l]",oxsatMg/L: Oxygen Saturation [mg/l],flag:  0.000e+00,,,,,,"18.12916,   18.13066","89.06706,   89.07024","2.654,     20.642","28.8258,    28.8636","5.186486,   5.218322","31.4070,    31.6017","1539.44,    1539.97","0.1613,     0.2602","5.92116,    6.01657","6.45554,    6.46564","0.0000e+00, 0.0000e+00",,,,,,"Frequency  0  temperature, 5094, 03-Mar-09","Frequency  1  conductivity, 3478, 01-Apr-09, cpcor = -9.5700e-08","Frequency  2  pressure, 0934, 07-Apr-09","Extrnl Volt  0  Oxygen, SBE, primary, 1606, 08-APR-09","Extrnl Volt  2  WET Labs, ECO_AFL","Extrnl Volt  3  userpoly 0, FLNTURTD-1095, 10-Apr-09",Extrnl Volt  6  altimeter,"Extrnl Volt  9  surface irradiance (SPAR), degrees = 0.0",,E:\SK 288\SK288_06092011_St7_2022_Shallow.hdr,5094,3478,34.0,5.0,1.0,Sep 06 2011 20:23:23,,,11,8013,specified,seconds: 0.0416667,Sep 06 2011 20:23:23,-9.99e-29,"Sep 13 2011 07:49:31, 7.18c",E:\SK 288\SK288_06092011_St7_2022_Shallow.hex E:\SK 288\SK288_06092011_St7_2022_Shallow.CON,0,yes,yes,ascii,,,,,,Sep 06 2011  20:25:26,Append to Every Scan,,,,,,,,,,,,,,,,,,,,,,,,,,,,,,,,,,,,,,,,,,,,,,,,,,,,,,,,,,,,,,,,,,,,,,,,,,,,,,,,,,,,,,,,,,,,
SK288_07092011_St8_1136.cnv,SK288 (IO6-11-SK),SK288 (IO6-11-SK)\CTD\SK288 SBE processed,Sea-Bird SBE 9 Data File,,,,,,17 58.14 N,089 31.45 E,17.969,89.524167,07-09-11 11:36:09,latitude: Latitude [deg],longitude: Longitude [deg],"depSM: Depth [salt water, m]","t090C: Temperature [ITS-90, deg C]",c0S/m: Conductivity [S/m],sal00: Salinity [PSU],"svCM: Sound Velocity [Chen-Millero, m/s]","flECO-AFL: Fluorescence, Wetlab ECO-AFL/FL [mg/m^3]","sbeox0Mg/L: Oxygen, SBE 43 [mg/l]",oxsatMg/L: Oxygen Saturation [mg/l],flag:  0.000e+00,,,,,,"17.96896,   17.98144","89.52416,   89.54986","1.559,   1501.549","4.5729,    97.9813","-0.382539, 885.919747","0.0000,  1999.0000","1452.35,    8474.15","0.0294,     0.8646","-0.78203,    6.18324","0.00004,   11.71992","0.0000e+00, 0.0000e+00",,,,,,"Frequency  0  temperature, 5094, 03-Mar-09","Frequency  1  conductivity, 3478, 01-Apr-09, cpcor = -9.5700e-08","Frequency  2  pressure, 0934, 07-Apr-09","Extrnl Volt  0  Oxygen, SBE, primary, 1606, 08-APR-09","Extrnl Volt  2  WET Labs, ECO_AFL","Extrnl Volt  3  userpoly 0, FLNTURTD-1095, 10-Apr-09",Extrnl Volt  6  altimeter,"Extrnl Volt  9  surface irradiance (SPAR), degrees = 0.0",,E:\SK 288\SK288_07092011_St8_1136.hdr,5094,3478,34.0,5.0,1.0,Sep 07 2011 11:36:09,,,11,77772,specified,seconds: 0.0416667,Sep 07 2011 11:36:09,-9.99e-29,"Sep 13 2011 07:49:45, 7.18c",E:\SK 288\SK288_07092011_St8_1136.hex E:\SK 288\SK288_07092011_St8_1136.CON,0,yes,yes,ascii,,,,,,Sep 07 2011  11:38:14,Append to Every Scan,,,,,,,,,,,,,,,,,,,,,,,,,,,,,,,,,,,,,,,,,,,,,,,,,,,,,,,,,,,,,,,,,,,,,,,,,,,,,,,,,,,,,,,,,,,,
SK288_27082011_St1_0348.cnv,SK288 (IO6-11-SK),SK288 (IO6-11-SK)\CTD\SK288 SBE processed,Sea-Bird SBE 9 Data File,,,,,,13 00.05 N,083 03.02 E,13.000833,83.050333,27-08-11 03:48:39,latitude: Latitude [deg],longitude: Longitude [deg],"depSM: Depth [salt water, m]","t090C: Temperature [ITS-90, deg C]",c0S/m: Conductivity [S/m],sal00: Salinity [PSU],"svCM: Sound Velocity [Chen-Millero, m/s]","flECO-AFL: Fluorescence, Wetlab ECO-AFL/FL [mg/m^3]","sbeox0Mg/L: Oxygen, SBE 43 [mg/l]",oxsatMg/L: Oxygen Saturation [mg/l],flag:  0.000e+00,,,,,,"13.00032,   13.00086","83.05030,   83.07326","2.016,    809.193","7.8095,    29.0376","3.638154,   5.567869","33.7180,    35.0498","1495.12,    1542.92","0.0075,     0.8976","0.04014,    6.20154","6.35671,    9.48495","0.0000e+00, 0.0000e+00",,,,,,"Frequency  0  temperature, 5094, 03-Mar-09","Frequency  1  conductivity, 3478, 01-Apr-09, cpcor = -9.5700e-08","Frequency  2  pressure, 0934, 07-Apr-09","Extrnl Volt  0  Oxygen, SBE, primary, 1606, 08-APR-09","Extrnl Volt  2  WET Labs, ECO_AFL","Extrnl Volt  3  userpoly 0, FLNTURTD-1095, 10-Apr-09",Extrnl Volt  6  altimeter,"Extrnl Volt  9  surface irradiance (SPAR), degrees = 0.0",,E:\SK 288\SK288_27082011_St1_0348.hdr,5094,3478,34.0,5.0,1.0,Aug 27 2011 03:48:39,,,11,61977,specified,seconds: 0.0416667,Aug 27 2011 03:48:39,-9.99e-29,"Sep 13 2011 07:50:06, 7.18c",E:\SK 288\SK288_27082011_St1_0348.hex E:\SK 288\SK288_27082011_St1_0348.CON,0,yes,yes,ascii,,,,,,Aug 27 2011  03:50:25,Append to Every Scan,,,,,,,,,,,,,,,,,,,,,,,,,,,,,,,,,,,,,,,,,,,,,,,,,,,,,,,,,,,,,,,,,,,,,,,,,,,,,,,,,,,,,,,,,,,,
SK288_27082011_St2_1145.cnv,SK288 (IO6-11-SK),SK288 (IO6-11-SK)\CTD\SK288 SBE processed,Sea-Bird SBE 9 Data File,,,,,,13 24.79 N,083 51.59 E,13.413167,83.859833,27-08-11 11:46:24,latitude: Latitude [deg],longitude: Longitude [deg],"depSM: Depth [salt water, m]","t090C: Temperature [ITS-90, deg C]",c0S/m: Conductivity [S/m],sal00: Salinity [PSU],"svCM: Sound Velocity [Chen-Millero, m/s]","flECO-AFL: Fluorescence, Wetlab ECO-AFL/FL [mg/m^3]","sbeox0Mg/L: Oxygen, SBE 43 [mg/l]",oxsatMg/L: Oxygen Saturation [mg/l],flag:  0.000e+00,,,,,,"13.41318,   13.43446","83.85990,   83.88658","1.196,   2042.375","2.6006,   221.3115","3.201743,   5.588041","4.3958,    35.0523","1030.37,    1576.76","0.0185,     1.5679","-11.25417,  294.61758","0.21687,   10.76469","0.0000e+00, 0.0000e+00",,,,,,"Frequency  0  temperature, 5094, 03-Mar-09","Frequency  1  conductivity, 3478, 01-Apr-09, cpcor = -9.5700e-08","Frequency  2  pressure, 0934, 07-Apr-09","Extrnl Volt  0  Oxygen, SBE, primary, 1606, 08-APR-09","Extrnl Volt  2  WET Labs, ECO_AFL","Extrnl Volt  3  userpoly 0, FLNTURTD-1095, 10-Apr-09",Extrnl Volt  6  altimeter,"Extrnl Volt  9  surface irradiance (SPAR), degrees = 0.0",,E:\SK 288\SK288_27082011_St2_1145.hdr,5094,3478,34.0,5.0,1.0,Aug 27 2011 11:46:24,,,11,96198,specified,seconds: 0.0416667,Aug 27 2011 11:46:24,-9.99e-29,"Sep 13 2011 07:50:27, 7.18c",E:\SK 288\SK288_27082011_St2_1145.hex E:\SK 288\SK288_27082011_St2_1145.CON,0,yes,yes,ascii,,,,,,Aug 27 2011  11:48:11,Append to Every Scan,,,,,,,,,,,,,,,,,,,,,,,,,,,,,,,,,,,,,,,,,,,,,,,,,,,,,,,,,,,,,,,,,,,,,,,,,,,,,,,,,,,,,,,,,,,,
SK288_30082011_St3_0607.cnv,SK288 (IO6-11-SK),SK288 (IO6-11-SK)\CTD\SK288 SBE processed,Sea-Bird SBE 9 Data File,,,,,,11 09.17 N,086 24.73 E,11.152833,86.412167,30-08-11 06:08:08,latitude: Latitude [deg],longitude: Longitude [deg],"depSM: Depth [salt water, m]","t090C: Temperature [ITS-90, deg C]",c0S/m: Conductivity [S/m],sal00: Salinity [PSU],"svCM: Sound Velocity [Chen-Millero, m/s]","flECO-AFL: Fluorescence, Wetlab ECO-AFL/FL [mg/m^3]","sbeox0Mg/L: Oxygen, SBE 43 [mg/l]",oxsatMg/L: Oxygen Saturation [mg/l],flag:  0.000e+00,,,,,,"11.15286,   11.19276","86.41220,   86.45812","0.752,   2013.213","2.7890,    65.0615","3.217844,   5.598219","12.9335,    35.0496","1493.48,    1568.56","0.0185,     1.2163","-2.60960,    6.34257","4.28620,   10.71297","0.0000e+00, 0.0000e+00",,,,,,"Frequency  0  temperature, 5094, 03-Mar-09","Frequency  1  conductivity, 3478, 01-Apr-09, cpcor = -9.5700e-08","Frequency  2  pressure, 0934, 07-Apr-09","Extrnl Volt  0  Oxygen, SBE, primary, 1606, 08-APR-09","Extrnl Volt  2  WET Labs, ECO_AFL","Extrnl Volt  3  userpoly 0, FLNTURTD-1095, 10-Apr-09",Extrnl Volt  6  altimeter,"Extrnl Volt  9  surface irradiance (SPAR), degrees = 0.0",,E:\SK 288\SK288_30082011_St3_0607.hdr,5094,3478,34.0,5.0,1.0,Aug 30 2011 06:08:08,,,11,185453,specified,seconds: 0.0416667,Aug 30 2011 06:08:08,-9.99e-29,"Sep 13 2011 07:50:45, 7.18c",E:\SK 288\SK288_30082011_St3_0607.hex E:\SK 288\SK288_30082011_St3_0607.CON,0,yes,yes,ascii,,,,,,Aug 30 2011  06:10:01,Append to Every Scan,,,,,,,,,,,,,,,,,,,,,,,,,,,,,,,,,,,,,,,,,,,,,,,,,,,,,,,,,,,,,,,,,,,,,,,,,,,,,,,,,,,,,,,,,,,,
02.09.cnv,SK297 (IO5-12-SK),SK297 (IO5-12-SK)\CTD\SK 297 Processing CTD,Sea-Bird SBE 9 Data File,,,,,,12 03.44 N,088 50.31 E,12.057333,88.8385,02-09-12 12:50:21,altM: Altimeter [m],c0mS/cm: Conductivity [mS/cm],"depSM: Depth [salt water, m]","flECO-AFL: Fluorescence, WET Labs ECO-AFL/FL [mg/m^3]",n2satML/L: Nitrogen Saturation [ml/l],n2satMg/L: Nitrogen Saturation [mg/l],"sal00: Salinity, Practical [PSU]",scan: Scan Count,"svCM: Sound Velocity [Chen-Millero, m/s]","t090C: Temperature [ITS-90, deg C]","timeS: Time, Elapsed [seconds]",flag:  0.000e+00,,,,,"7.47,     100.00","4.826738,  55.658205","0.751,    603.650","-0.2803,     0.6476","8.38417,   11.55632","10.48382,   14.45037","2.4170,    35.3272","1201,      33651","1497.36,    1542.06","9.3089,    28.4496","50.000,   1402.083","0.0000e+00, 0.0000e+00",,,,,,,,,,,,,,E:\SK 297\02.09.2012.hex,5216,3690,31.0,4.0,1.0,Sep 02 2012 12:50:21,,,12,32451,specified,seconds: 0.0416667,"Sep 02 2012 07:21:23 [NMEA time, header]",-9.99e-29,"Sep 04 2012 19:16:06, 7.21f [datcnv_vars = 11]",E:\SK 297\02.09.2012.hex E:\SK 297\02.09.2012.CON,1200,,,ascii,1.0,9600.0,1.0,,Sep 02 2012 07:20:21,Sep 02 2012  07:21:23,Append to Every Scan,,,,,,,,,,,,,,,,,,,,,,,,,,,,,,,,,,,,,,,,,,,,,,,,,,,,,,,,,,,,,,,,,,,,,,,,,,,,,,,,,,,,,,,,,,,4800.0,
16.08.cnv,SK297 (IO5-12-SK),SK297 (IO5-12-SK)\CTD\SK 297 Processing CTD,Sea-Bird SBE 9 Data File,,,,,,01 33.25 N,080 35.27 E,1.554167,80.587833,17-08-12 02:09:04,altM: Altimeter [m],c0mS/cm: Conductivity [mS/cm],"depSM: Depth [salt water, m]","flECO-AFL: Fluorescence, WET Labs ECO-AFL/FL [mg/m^3]",n2satML/L: Nitrogen Saturation [ml/l],n2satMg/L: Nitrogen Saturation [mg/l],"sal00: Salinity, Practical [PSU]",scan: Scan Count,"svCM: Sound Velocity [Chen-Millero, m/s]","t090C: Temperature [ITS-90, deg C]","timeS: Time, Elapsed [seconds]",flag:  0.000e+00,,,,,"98.75,      98.80","5.761097,  57.161810","0.631,   1005.732","-0.0483,     0.3912","8.25582,   12.24381","10.32332,   15.31003","2.8931,    35.3915","1201,      35270","1493.40,    1544.49","6.5354,    29.3561","50.000,   1469.542","0.0000e+00, 0.0000e+00",,,,,,,,,,,,,,E:\SK 297\16.08.2012.hex,5216,3690,31.0,4.0,1.0,Aug 17 2012 02:09:04,,,12,34070,specified,seconds: 0.0416667,"Aug 16 2012 20:38:46 [NMEA time, header]",-9.99e-29,"Sep 04 2012 19:09:21, 7.21f [datcnv_vars = 11]",E:\SK 297\16.08.2012.hex E:\SK 297\16.08.2012.CON,1200,,,ascii,1.0,9600.0,1.0,,Aug 16 2012 20:39:04,Aug 16 2012  20:38:46,Append to Every Scan,,,,,,,,,,,,,,,,,,,,,,,,,,,,,,,,,,,,,,,,,,,,,,,,,,,,,,,,,,,,,,,,,,,,,,,,,,,,,,,,,,,,,,,,,,,4800.0,
17.08.cnv,SK297 (IO5-12-SK),SK297 (IO5-12-SK)\CTD\SK 297 Processing CTD,Sea-Bird SBE 9 Data File,,,,,,00 04.39 N,080 31.36 E,0.073167,80.522667,18-08-12 00:19:38,altM: Altimeter [m],c0mS/cm: Conductivity [mS/cm],"depSM: Depth [salt water, m]","flECO-AFL: Fluorescence, WET Labs ECO-AFL/FL [mg/m^3]",n2satML/L: Nitrogen Saturation [ml/l],n2satMg/L: Nitrogen Saturation [mg/l],"sal00: Salinity, Practical [PSU]",scan: Scan Count,"svCM: Sound Velocity [Chen-Millero, m/s]","t090C: Temperature [ITS-90, deg C]","timeS: Time, Elapsed [seconds]",flag:  0.000e+00,,,,,"98.73,      98.80","32.156156,  57.043985","0.951,   2006.496","-0.0605,     0.4401","8.26580,   13.31550","10.33580,   16.65010","31.7927,    35.3897","1201,      86277","1492.25,    1544.21","2.7829,    29.2805","50.000,   3594.833","0.0000e+00, 0.0000e+00",,,,,,,,,,,,,,E:\SK 297\17.08.2012.hex,5216,3690,31.0,4.0,1.0,Aug 18 2012 00:19:38,,,12,85077,specified,seconds: 0.0416667,"Aug 17 2012 18:49:09 [NMEA time, header]",-9.99e-29,"Sep 04 2012 19:09:42, 7.21f [datcnv_vars = 11]",E:\SK 297\17.08.2012.hex E:\SK 297\17.08.2012.CON,1200,,,ascii,1.0,9600.0,1.0,,Aug 17 2012 18:49:38,Aug 17 2012  18:49:09,Append to Every Scan,,,,,,,,,,,,,,,,,,,,,,,,,,,,,,,,,,,,,,,,,,,,,,,,,,,,,,,,,,,,,,,,,,,,,,,,,,,,,,,,,,,,,,,,,,,4800.0,
21.08.2012.cnv,SK297 (IO5-12-SK),SK297 (IO5-12-SK)\CTD\SK 297 Processing CTD,Sea-Bird SBE 9 Data File,,,,,,01 27.77 S,080 29.86 E,-1.462833,80.497667,21-08-12 19:44:42,altM: Altimeter [m],c0mS/cm: Conductivity [mS/cm],"depSM: Depth [salt water, m]","flECO-AFL: Fluorescence, WET Labs ECO-AFL/FL [mg/m^3]",n2satML/L: Nitrogen Saturation [ml/l],n2satMg/L: Nitrogen Saturation [mg/l],"sal00: Salinity, Practical [PSU]",scan: Scan Count,"svCM: Sound Velocity [Chen-Millero, m/s]","t090C: Temperature [ITS-90, deg C]","timeS: Time, Elapsed [seconds]",flag:  0.000e+00,,,,,"4.00,     100.00","5.434156,  57.126390","0.771,   2001.879","-0.0728,     0.3668","8.25879,   13.33421","10.32703,   16.67349","2.7102,    35.3555","1201,     135040","1491.41,    1544.15","2.7236,    29.3346","50.000,   5626.625","0.0000e+00, 0.0000e+00",,,,,,,,,,,,,,E:\SK 297\21.08.2012.hex,5216,3690,31.0,4.0,1.0,Aug 21 2012 19:44:42,,,12,133840,specified,seconds: 0.0416667,"Aug 21 2012 14:14:33 [NMEA time, header]",-9.99e-29,"Sep 04 2012 19:10:50, 7.21f [datcnv_vars = 11]",E:\SK 297\21.08.2012.hex E:\SK 297\21.08.2012.CON,1200,,,ascii,1.0,9600.0,1.0,,Aug 21 2012 14:14:42,Aug 21 2012  14:14:33,Append to Every Scan,,,,,,,,,,,,,,,,,,,,,,,,,,,,,,,,,,,,,,,,,,,,,,,,,,,,,,,,,,,,,,,,,,,,,,,,,,,,,,,,,,,,,,,,,,,4800.0,
23.08.cnv,SK297 (IO5-12-SK),SK297 (IO5-12-SK)\CTD\SK 297 Processing CTD,Sea-Bird SBE 9 Data File,,,,,,04 00.10 S,080 30.36 E,-4.001667,80.506,23-08-12 21:29:08,altM: Altimeter [m],c0mS/cm: Conductivity [mS/cm],"depSM: Depth [salt water, m]","flECO-AFL: Fluorescence, WET Labs ECO-AFL/FL [mg/m^3]",n2satML/L: Nitrogen Saturation [ml/l],n2satMg/L: Nitrogen Saturation [mg/l],"sal00: Salinity, Practical [PSU]",scan: Scan Count,"svCM: Sound Velocity [Chen-Millero, m/s]","t090C: Temperature [ITS-90, deg C]","timeS: Time, Elapsed [seconds]",flag:  0.000e+00,,,,,"80.51,      98.80","4.437507,  57.395605","0.509,   2008.124","-0.0605,     0.6476","8.23258,   13.33089","10.29426,   16.66935","2.2031,    35.2867","1201,     114975","1491.36,    1544.90","2.7358,    29.5413","50.000,   4790.583","0.0000e+00, 0.0000e+00",,,,,,,,,,,,,,E:\SK 297\23.08.2012.hex,5216,3690,31.0,4.0,1.0,Aug 23 2012 21:29:08,,,12,113775,specified,seconds: 0.0416667,"Aug 23 2012 15:59:50 [NMEA time, header]",-9.99e-29,"Sep 04 2012 19:12:46, 7.21f [datcnv_vars = 11]",E:\SK 297\23.08.2012.hex E:\SK 297\23.08.2012.CON,1200,,,ascii,1.0,9600.0,1.0,,Aug 23 2012 15:59:08,Aug 23 2012  15:59:50,Append to Every Scan,,,,,,,,,,,,,,,,,,,,,,,,,,,,,,,,,,,,,,,,,,,,,,,,,,,,,,,,,,,,,,,,,,,,,,,,,,,,,,,,,,,,,,,,,,,4800.0,
25.08.cnv,SK297 (IO5-12-SK),SK297 (IO5-12-SK)\CTD\SK 297 Processing CTD,Sea-Bird SBE 9 Data File,,,,,,01 30.21 S,081 59.71 E,-1.5035,81.995167,25-08-12 20:54:33,altM: Altimeter [m],c0mS/cm: Conductivity [mS/cm],"depSM: Depth [salt water, m]","flECO-AFL: Fluorescence, WET Labs ECO-AFL/FL [mg/m^3]",n2satML/L: Nitrogen Saturation [ml/l],n2satMg/L: Nitrogen Saturation [mg/l],"sal00: Salinity, Practical [PSU]",scan: Scan Count,"svCM: Sound Velocity [Chen-Millero, m/s]","t090C: Temperature [ITS-90, deg C]","timeS: Time, Elapsed [seconds]",flag:  0.000e+00,,,,,"98.71,      98.80","5.971997,  56.711726","0.944,   2013.389","-0.0605,     0.4401","8.29683,   13.29155","10.37461,   16.62015","3.0355,    35.2709","1201,     132645","1491.43,    1543.98","2.8609,    29.0480","50.000,   5526.833","0.0000e+00, 0.0000e+00",,,,,,,,,,,,,,E:\SK 297\25.08.2012.hex,5216,3690,31.0,4.0,1.0,Aug 25 2012 20:54:33,,,12,131445,specified,seconds: 0.0416667,"Aug 25 2012 15:24:54 [NMEA time, header]",-9.99e-29,"Sep 04 2012 19:13:12, 7.21f [datcnv_vars = 11]",E:\SK 297\25.08.2012.hex E:\SK 297\25.08.2012.CON,1200,,,ascii,1.0,9600.0,1.0,,Aug 25 2012 15:24:33,Aug 25 2012  15:24:54,Append to Every Scan,,,,,,,,,,,,,,,,,,,,,,,,,,,,,,,,,,,,,,,,,,,,,,,,,,,,,,,,,,,,,,,,,,,,,,,,,,,,,,,,,,,,,,,,,,,4800.0,
26.08.cnv,SK297 (IO5-12-SK),SK297 (IO5-12-SK)\CTD\SK 297 Processing CTD,Sea-Bird SBE 9 Data File,,,,,,00 02.40 N,082 54.68 E,0.04,82.911333,26-08-12 23:46:08,altM: Altimeter [m],c0mS/cm: Conductivity [mS/cm],"depSM: Depth [salt water, m]","flECO-AFL: Fluorescence, WET Labs ECO-AFL/FL [mg/m^3]",n2satML/L: Nitrogen Saturation [ml/l],n2satMg/L: Nitrogen Saturation [mg/l],"sal00: Salinity, Practical [PSU]",scan: Scan Count,"svCM: Sound Velocity [Chen-Millero, m/s]","t090C: Temperature [ITS-90, deg C]","timeS: Time, Elapsed [seconds]",flag:  0.000e+00,,,,,"17.73,     100.00","32.199203,  56.579683","1.345,   2003.980","-0.0483,     0.4279","8.30495,   13.30047","10.38476,   16.63130","34.4845,    35.4834","1201,      74531","1491.83,    1544.10","2.8317,    29.0013","50.000,   3105.417","0.0000e+00, 0.0000e+00",,,,,,,,,,,,,,E:\SK 297\26.08.2012.hex,5216,3690,31.0,4.0,1.0,Aug 26 2012 23:46:08,,,12,73331,specified,seconds: 0.0416667,"Aug 26 2012 18:16:26 [NMEA time, header]",-9.99e-29,"Sep 04 2012 19:13:37, 7.21f [datcnv_vars = 11]",E:\SK 297\26.08.2012.hex E:\SK 297\26.08.2012.CON,1200,,,ascii,1.0,9600.0,1.0,,Aug 26 2012 18:16:08,Aug 26 2012  18:16:26,Append to Every Scan,,,,,,,,,,,,,,,,,,,,,,,,,,,,,,,,,,,,,,,,,,,,,,,,,,,,,,,,,,,,,,,,,,,,,,,,,,,,,,,,,,,,,,,,,,,4800.0,
27.08.cnv,SK297 (IO5-12-SK),SK297 (IO5-12-SK)\CTD\SK 297 Processing CTD,Sea-Bird SBE 9 Data File,,,,,,01 42.21 N,084 07.78 E,1.7035,84.129667,27-08-12 17:16:30,altM: Altimeter [m],c0mS/cm: Conductivity [mS/cm],"depSM: Depth [salt water, m]","flECO-AFL: Fluorescence, WET Labs ECO-AFL/FL [mg/m^3]",n2satML/L: Nitrogen Saturation [ml/l],n2satMg/L: Nitrogen Saturation [mg/l],"sal00: Salinity, Practical [PSU]",scan: Scan Count,"svCM: Sound Velocity [Chen-Millero, m/s]","t090C: Temperature [ITS-90, deg C]","timeS: Time, Elapsed [seconds]",flag:  0.000e+00,,,,,"62.44,     100.00","32.136750,  56.730322","2.196,   2003.268","-0.0483,     0.2691","8.30314,   13.32199","10.38249,   16.65822","34.5676,    35.3589","1201,     110997","1492.36,    1544.03","2.7610,    28.9646","50.000,   4624.833","0.0000e+00, 0.0000e+00",,,,,,,,,,,,,,E:\SK 297\27.08.2012.hex,5216,3690,31.0,4.0,1.0,Aug 27 2012 17:16:30,,,12,109797,specified,seconds: 0.0416667,"Aug 27 2012 11:46:50 [NMEA time, header]",-9.99e-29,"Sep 04 2012 19:13:55, 7.21f [datcnv_vars = 11]",E:\SK 297\27.08.2012.hex E:\SK 297\27.08.2012.CON,1200,,,ascii,1.0,9600.0,1.0,,Aug 27 2012 11:46:30,Aug 27 2012  11:46:50,Append to Every Scan,,,,,,,,,,,,,,,,,,,,,,,,,,,,,,,,,,,,,,,,,,,,,,,,,,,,,,,,,,,,,,,,,,,,,,,,,,,,,,,,,,,,,,,,,,,4800.0,
28.08.cnv,SK297 (IO5-12-SK),SK297 (IO5-12-SK)\CTD\SK 297 Processing CTD,Sea-Bird SBE 9 Data File,,,,,,03 20.09 N,085 05.21 E,3.334833,85.086833,28-08-12 08:13:08,altM: Altimeter [m],c0mS/cm: Conductivity [mS/cm],"depSM: Depth [salt water, m]","flECO-AFL: Fluorescence, WET Labs ECO-AFL/FL [mg/m^3]",n2satML/L: Nitrogen Saturation [ml/l],n2satMg/L: Nitrogen Saturation [mg/l],"sal00: Salinity, Practical [PSU]",scan: Scan Count,"svCM: Sound Velocity [Chen-Millero, m/s]","t090C: Temperature [ITS-90, deg C]","timeS: Time, Elapsed [seconds]",flag:  0.000e+00,,,,,"98.68,      98.80","2.060727,  56.331337","0.601,   2003.783","-0.6100,    49.3900","8.33411,   13.31042","10.42122,   16.64375","1.0037,    35.1302","1201,     159552","1492.46,    1543.79","2.7986,    28.7716","50.000,   6647.958","0.0000e+00, 0.0000e+00",,,,,,,,,,,,,,E:\SK 297\28.08.2012.hex,5216,3690,31.0,4.0,1.0,Aug 28 2012 08:13:08,,,12,158352,specified,seconds: 0.0416667,"Aug 28 2012 02:43:28 [NMEA time, header]",-9.99e-29,"Sep 04 2012 19:14:17, 7.21f [datcnv_vars = 11]",E:\SK 297\28.08.2012.hex E:\SK 297\28.08.2012.CON,1200,,,ascii,1.0,9600.0,1.0,,Aug 28 2012 02:43:08,Aug 28 2012  02:43:28,Append to Every Scan,,,,,,,,,,,,,,,,,,,,,,,,,,,,,,,,,,,,,,,,,,,,,,,,,,,,,,,,,,,,,,,,,,,,,,,,,,,,,,,,,,,,,,,,,,,4800.0,
29.08.12.cnv,SK297 (IO5-12-SK),SK297 (IO5-12-SK)\CTD\SK 297 Processing CTD,Sea-Bird SBE 9 Data File,,,,,,06 35.45 N,087 11.76 E,6.590833,87.196,29-08-12 20:05:15,altM: Altimeter [m],c0mS/cm: Conductivity [mS/cm],"depSM: Depth [salt water, m]","flECO-AFL: Fluorescence, WET Labs ECO-AFL/FL [mg/m^3]",n2satML/L: Nitrogen Saturation [ml/l],n2satMg/L: Nitrogen Saturation [mg/l],"sal00: Salinity, Practical [PSU]",scan: Scan Count,"svCM: Sound Velocity [Chen-Millero, m/s]","t090C: Temperature [ITS-90, deg C]","timeS: Time, Elapsed [seconds]",flag:  0.000e+00,,,,,"98.71,      98.80","32.022296,  56.002579","3.051,   2009.125","-0.0483,     0.2569","8.35777,   13.36175","10.45080,   16.70793","34.2290,    35.0638","1201,      98799","1491.80,    1543.24","2.6326,    28.6176","50.000,   4116.583","0.0000e+00, 0.0000e+00",,,,,,,,,,,,,,E:\SK 297\29.08.12.Lat 6Degree.hex,5216,3690,31.0,4.0,1.0,Aug 29 2012 20:05:15,,,12,97599,specified,seconds: 0.0416667,"Aug 29 2012 14:36:11 [NMEA time, header]",-9.99e-29,"Sep 04 2012 19:14:45, 7.21f [datcnv_vars = 11]",E:\SK 297\29.08.12.Lat 6Degree.hex E:\SK 297\29.08.12.LAT 6DEGREE.CON,1200,,,ascii,1.0,9600.0,1.0,,Aug 29 2012 14:35:15,Aug 29 2012  14:36:11,Append to Every Scan,,,,,,,,,,,,,,,,,,,,,,,,,,,,,,,,,,,,,,,,,,,,,,,,,,,,,,,,,,,,,,,,,,,,,,,,,,,,,,,,,,,,,,,,,,,4800.0,
29.08.cnv,SK297 (IO5-12-SK),SK297 (IO5-12-SK)\CTD\SK 297 Processing CTD,Sea-Bird SBE 9 Data File,,,,,,05 05.93 N,086 14.86 E,5.098833,86.247667,29-08-12 05:21:06,altM: Altimeter [m],c0mS/cm: Conductivity [mS/cm],"depSM: Depth [salt water, m]","flECO-AFL: Fluorescence, WET Labs ECO-AFL/FL [mg/m^3]",n2satML/L: Nitrogen Saturation [ml/l],n2satMg/L: Nitrogen Saturation [mg/l],"sal00: Salinity, Practical [PSU]",scan: Scan Count,"svCM: Sound Velocity [Chen-Millero, m/s]","t090C: Temperature [ITS-90, deg C]","timeS: Time, Elapsed [seconds]",flag:  0.000e+00,,,,,"98.71,      98.80","2.479323,  56.434151","0.914,   2008.036","-0.1460,     0.9163","8.34296,   13.35883","10.43229,   16.70428","1.2085,    35.0785","1201,     129645","1491.66,    1543.65","2.6420,    28.6600","50.000,   5401.833","0.0000e+00, 0.0000e+00",,,,,,,,,,,,,,E:\SK 297\29.08.2012.hex,5216,3690,31.0,4.0,1.0,Aug 29 2012 05:21:06,,,12,128445,specified,seconds: 0.0416667,"Aug 28 2012 23:52:01 [NMEA time, header]",-9.99e-29,"Sep 04 2012 19:15:06, 7.21f [datcnv_vars = 11]",E:\SK 297\29.08.2012.hex E:\SK 297\29.08.2012.CON,1200,,,ascii,1.0,9600.0,1.0,,Aug 28 2012 23:51:06,Aug 28 2012  23:52:01,Append to Every Scan,,,,,,,,,,,,,,,,,,,,,,,,,,,,,,,,,,,,,,,,,,,,,,,,,,,,,,,,,,,,,,,,,,,,,,,,,,,,,,,,,,,,,,,,,,,4800.0,
30.08.cnv,SK297 (IO5-12-SK),SK297 (IO5-12-SK)\CTD\SK 297 Processing CTD,Sea-Bird SBE 9 Data File,,,,,,08 16.72 N,088 16.59 E,8.278667,88.2765,30-08-12 12:14:35,altM: Altimeter [m],c0mS/cm: Conductivity [mS/cm],"depSM: Depth [salt water, m]","flECO-AFL: Fluorescence, WET Labs ECO-AFL/FL [mg/m^3]",n2satML/L: Nitrogen Saturation [ml/l],n2satMg/L: Nitrogen Saturation [mg/l],"sal00: Salinity, Practical [PSU]",scan: Scan Count,"svCM: Sound Velocity [Chen-Millero, m/s]","t090C: Temperature [ITS-90, deg C]","timeS: Time, Elapsed [seconds]",flag:  0.000e+00,,,,,"97.61,      98.80","4.746603,  56.337914","-0.360,   2012.934","-0.2681,     0.9163","8.35401,   13.36033","10.44611,   16.70616","2.4336,    35.1960","1201,      71298","1491.99,    1543.36","2.6371,    28.5547","50.000,   2970.708","0.0000e+00, 0.0000e+00",,,,,,,,,,,,,,E:\SK 297\30.08.2012.hex,5216,3690,31.0,4.0,1.0,Aug 30 2012 12:14:35,,,12,70098,specified,seconds: 0.0416667,"Aug 30 2012 06:45:33 [NMEA time, header]",-9.99e-29,"Sep 04 2012 19:15:33, 7.21f [datcnv_vars = 11]",E:\SK 297\30.08.2012.hex E:\SK 297\30.08.2012.CON,1200,,,ascii,1.0,9600.0,1.0,,Aug 30 2012 06:44:35,Aug 30 2012  06:45:33,Append to Every Scan,,,,,,,,,,,,,,,,,,,,,,,,,,,,,,,,,,,,,,,,,,,,,,,,,,,,,,,,,,,,,,,,,,,,,,,,,,,,,,,,,,,,,,,,,,,4800.0,
31.08.cnv,SK297 (IO5-12-SK),SK297 (IO5-12-SK)\CTD\SK 297 Processing CTD,Sea-Bird SBE 9 Data File,,,,,,11 56.78 N,089 55.61 E,11.946333,89.926833,31-08-12 21:47:16,altM: Altimeter [m],c0mS/cm: Conductivity [mS/cm],"depSM: Depth [salt water, m]","flECO-AFL: Fluorescence, WET Labs ECO-AFL/FL [mg/m^3]",n2satML/L: Nitrogen Saturation [ml/l],n2satMg/L: Nitrogen Saturation [mg/l],"sal00: Salinity, Practical [PSU]",scan: Scan Count,"svCM: Sound Velocity [Chen-Millero, m/s]","t090C: Temperature [ITS-90, deg C]","timeS: Time, Elapsed [seconds]",flag:  0.000e+00,,,,,"98.75,      98.80","37.589223,  55.978654","1.559,    605.641","-0.0483,     0.2813","8.35091,   11.58743","10.44223,   14.48927","33.2768,    35.0327","1201,      45169","1496.89,    1543.30","9.1756,    28.7535","50.000,   1882.000","0.0000e+00, 0.0000e+00",,,,,,,,,,,,,,E:\SK 297\31.08.2012.hex,5216,3690,31.0,4.0,1.0,Aug 31 2012 21:47:16,,,12,43969,specified,seconds: 0.0416667,"Aug 31 2012 16:18:14 [NMEA time, header]",-9.99e-29,"Sep 04 2012 19:15:51, 7.21f [datcnv_vars = 11]",E:\SK 297\31.08.2012.hex E:\SK 297\31.08.2012.CON,1200,,,ascii,1.0,9600.0,1.0,,Aug 31 2012 16:17:16,Aug 31 2012  16:18:14,Append to Every Scan,,,,,,,,,,,,,,,,,,,,,,,,,,,,,,,,,,,,,,,,,,,,,,,,,,,,,,,,,,,,,,,,,,,,,,,,,,,,,,,,,,,,,,,,,,,4800.0,
Rama Buoy 1.cnv,SK307,SK307\CTD\02.12.13 Rama buoy\processed,Sea-Bird SBE 9 Data File,ORV Sagar Kanya,,,,,,,,,02-12-13 19:37:01,"prDM: Pressure, Digiquartz [db]","svCM: Sound Velocity [Chen-Millero, m/s]","t090C: Temperature [ITS-90, deg C]",c0S/m: Conductivity [S/m],"sal00: Salinity, Practical [PSU]","wetCDOM: Fluorescence, WET Labs CDOM [mg/m^3]","sbeox0ML/L: Oxygen, SBE 43 [ml/l]","oxsatML/L: Oxygen Saturation, Weiss [ml/l]",flag:  0.000e+00,,,,,,,,"1.868,    608.831","1497.69,    1544.76","9.3999,    29.0672","3.781167,   5.817133","30.9023,    35.6030","-0.0739,    10.6221","1.0520e+06, 7.4229e+07","4.40462,    6.40178","0.0000e+00, 0.0000e+00",,,,,,,,,,,,,,,,,F:\SK 307 CTD\Location 1 Rama buoy\Rama Buoy 1.hex,35094,3478,21.0,3.0,1.0,Dec 02 2013 19:37:01,,,9,29575,specified,seconds: 0.0416667,"Dec 02 2013 14:07:01 [System UTC, header]",-9.99e-29,"Dec 02 2013 20:18:58, 7.22.5 [datcnv_vars = 8]",F:\SK 307 CTD\Location 1 Rama buoy\Rama Buoy 1.hex C:\Program Files\Sea-Bird\CTD.con,0,yes,yes,ascii,1.0,9600.0,1.0,Norinco,Dec 02 2013 14:07:01,,,,,,,,,,,,,,,,,,,,,,,,,,,,,,,,,,,,,,,,,,,,,,,,,,,,,,,,,,,,,,,,,,,,,,,,,,,,,,,,,,,,,,,,,,,,,,
cast 1.cnv,SK307,SK307\CTD\211213 1deg South\processed,Sea-Bird SBE 9 Data File,ORV Sagar Kanya,,,,,,,,,21-12-13 13:10:51,"prDM: Pressure, Digiquartz [db]","svCM: Sound Velocity [Chen-Millero, m/s]","t090C: Temperature [ITS-90, deg C]",c0S/m: Conductivity [S/m],"sal00: Salinity, Practical [PSU]","wetCDOM: Fluorescence, WET Labs CDOM [mg/m^3]","sbeox0ML/L: Oxygen, SBE 43 [ml/l]","oxsatML/L: Oxygen Saturation, Weiss [ml/l]",flag:  0.000e+00,,,,,,,,"1.464,    608.160","1495.14,    1542.97","8.7239,    28.8455","3.711986,   5.720591","26.3470,    35.3971","-0.0739,     0.5854","9.9678e+05, 4.1281e+07","4.44545,    6.50178","0.0000e+00, 0.0000e+00",,,,,,,,,,,,,,,,,F:\SK 307 CTD\211213 1deg north\cast 1.hex,35094,3478,21.0,3.0,1.0,Dec 21 2013 13:10:51,,,9,29540,specified,seconds: 0.0416667,"Dec 21 2013 07:40:51 [System UTC, header]",-9.99e-29,"Dec 21 2013 13:52:22, 7.22.5 [datcnv_vars = 8]",F:\SK 307 CTD\211213 1deg north\cast 1.hex C:\Program Files\Sea-Bird\CTD.con,0,yes,yes,ascii,1.0,9600.0,1.0,Norinco,Dec 21 2013 07:40:51,,,,,,,,,,,,,,,,,,,,,,,,,,,,,,,,,,,,,,,,,,,,,,,,,,,,,,,,,,,,,,,,,,,,,,,,,,,,,,,,,,,,,,,,,,,,,,
casst 1.cnv,SK307,SK307\CTD\4 deg south 201213\processed,Sea-Bird SBE 9 Data File,ORV Sagar Kanya,,,,,,,,,20-12-13 13:33:02,"prDM: Pressure, Digiquartz [db]","svCM: Sound Velocity [Chen-Millero, m/s]","t090C: Temperature [ITS-90, deg C]",c0S/m: Conductivity [S/m],"sal00: Salinity, Practical [PSU]","wetCDOM: Fluorescence, WET Labs CDOM [mg/m^3]","sbeox0ML/L: Oxygen, SBE 43 [ml/l]","oxsatML/L: Oxygen Saturation, Weiss [ml/l]",flag:  0.000e+00,,,,,,,,"-3.889,    608.145","1493.80,    1541.82","8.4295,    28.6977","0.110477,   5.551599","0.5169,    35.4243","-0.6600,     1.3913","1.1608e+06, 4.6315e+07","4.46925,    6.54867","0.0000e+00, 0.0000e+00",,,,,,,,,,,,,,,,,F:\SK 307 CTD\4 deg south 201213\casst 1.hex,35094,3478,21.0,3.0,1.0,Dec 20 2013 13:33:02,,,9,25609,specified,seconds: 0.0416667,"Dec 20 2013 08:03:02 [System UTC, header]",-9.99e-29,"Dec 20 2013 14:09:51, 7.22.5 [datcnv_vars = 8]",F:\SK 307 CTD\4 deg south 201213\casst 1.hex C:\Program Files\Sea-Bird\CTD.con,0,yes,yes,ascii,1.0,9600.0,1.0,Norinco,Dec 20 2013 08:03:02,,,,,,,,,,,,,,,,,,,,,,,,,,,,,,,,,,,,,,,,,,,,,,,,,,,,,,,,,,,,,,,,,,,,,,,,,,,,,,,,,,,,,,,,,,,,,,
Rama Buoy 1.cnv,SK307,SK307\CTD\french buoy 10.12.13\processed,Sea-Bird SBE 9 Data File,ORV Sagar Kanya,,,,,,,,,11-12-13 00:11:22,"prDM: Pressure, Digiquartz [db]","svCM: Sound Velocity [Chen-Millero, m/s]","t090C: Temperature [ITS-90, deg C]",c0S/m: Conductivity [S/m],"sal00: Salinity, Practical [PSU]","wetCDOM: Fluorescence, WET Labs CDOM [mg/m^3]","sbeox0ML/L: Oxygen, SBE 43 [ml/l]","oxsatML/L: Oxygen Saturation, Weiss [ml/l]",flag:  0.000e+00,,,,,,,,"-0.101,   2024.283","1491.19,    1543.48","2.5726,    29.1413","3.196410,   5.653897","34.2623,    35.4157","-0.1228,     2.0018","2.1573e+05, 4.2590e+07","4.42833,    7.53857","0.0000e+00, 0.0000e+00",,,,,,,,,,,,,,,,,F:\SK 307 CTD\french buoy\Rama Buoy 1.hex,35094,3478,21.0,3.0,1.0,Dec 11 2013 00:11:22,,,9,96381,specified,seconds: 0.0416667,"Dec 10 2013 18:41:22 [System UTC, header]",-9.99e-29,"Dec 11 2013 02:09:42, 7.22.5 [datcnv_vars = 8]",F:\SK 307 CTD\french buoy\Rama Buoy 1.hex C:\Program Files\Sea-Bird\CTD.con,0,yes,yes,ascii,1.0,9600.0,1.0,Norinco,Dec 10 2013 18:41:22,,,,,,,,,,,,,,,,,,,,,,,,,,,,,,,,,,,,,,,,,,,,,,,,,,,,,,,,,,,,,,,,,,,,,,,,,,,,,,,,,,,,,,,,,,,,,,
cast 1.cnv,SK307,SK307\CTD\south 16(16.12.13)\processed,Sea-Bird SBE 9 Data File,ORV Sagar Kanya,,,,,,,,,16-12-13 19:41:04,"prDM: Pressure, Digiquartz [db]","svCM: Sound Velocity [Chen-Millero, m/s]","t090C: Temperature [ITS-90, deg C]",c0S/m: Conductivity [S/m],"sal00: Salinity, Practical [PSU]","wetCDOM: Fluorescence, WET Labs CDOM [mg/m^3]","sbeox0ML/L: Oxygen, SBE 43 [ml/l]","oxsatML/L: Oxygen Saturation, Weiss [ml/l]",flag:  0.000e+00,,,,,,,,"-1.158,    609.785","1492.70,    1540.65","8.1811,    27.6728","0.004880,   5.555475","0.0291,    35.6856","-0.1105,     4.5659","2.8563e+06, 4.4896e+07","4.53343,    6.59651","0.0000e+00, 0.0000e+00",,,,,,,,,,,,,,,,,F:\SK 307 CTD\south 16\cast 1.hex,35094,3478,21.0,3.0,1.0,Dec 16 2013 19:41:04,,,9,25892,specified,seconds: 0.0416667,"Dec 16 2013 14:11:04 [System UTC, header]",-9.99e-29,"Dec 16 2013 20:24:06, 7.22.5 [datcnv_vars = 8]",F:\SK 307 CTD\south 16\Raw\cast 1.hex C:\Program Files\Sea-Bird\CTD.con,0,yes,yes,ascii,1.0,9600.0,1.0,Norinco,Dec 16 2013 14:11:04,,,,,,,,,,,,,,,,,,,,,,,,,,,,,,,,,,,,,,,,,,,,,,,,,,,,,,,,,,,,,,,,,,,,,,,,,,,,,,,,,,,,,,,,,,,,,,
sk315001.cnv,SK315,SK315\CTD\processed,Sea-Bird SBE 9 Data File,Sagarkanya,,,,,00 25.35 N,067 00.14 E,0.4225,67.002333,06-08-14 06:20:55,"depSM: Depth [salt water, m]",latitude: Latitude [deg],longitude: Longitude [deg],"t090C: Temperature [ITS-90, deg C]",c0S/m: Conductivity [S/m],"sal00: Salinity, Practical [PSU]",flag:  0.000e+00,,,,,,,,,,"1.749,   2001.318","0.42246,    0.42256","67.00216,   67.00228","2.6701,    29.3071","3.205887,   5.769309","34.7781,    35.6015","0.0000e+00, 0.0000e+00",,,,,,,,,,,,,,,,,,,D:\SK315 CTD\sk315001.hex,35094,3478,31.0,4.0,1.0,Aug 06 2014 06:20:55,,,7,208745,specified,seconds: 0.0416667,"Aug 06 2014 00:52:07 [NMEA time, header]",-9.99e-29,"Aug 06 2014 09:32:19, 7.22.5 [datcnv_vars = 6]",D:\SK315 CTD\sk315001.hex D:\SK315 CTD\sk315001.XMLCON,0,,,ascii,1.0,9600.0,1.0,SK315 001,Aug 06 2014 00:50:55,Aug 06 2014  00:52:07,Append to Every Scan,,,,,,,,,,,,,,,,,,,,,,,,,,,,,,,,,,,,,,,,,,,,,,,,,,,,,,,,,,,,,,,,,,,,,,,,,,,,,,,,,,,,,,,,,,,,
sk315002a.cnv,SK315,SK315\CTD\processed,Sea-Bird SBE 9 Data File,Sagarkanya,,,,,01 37.94 S,066 48.74 E,-1.632333,66.812333,07-08-14 22:00:41,"depSM: Depth [salt water, m]",latitude: Latitude [deg],longitude: Longitude [deg],"t090C: Temperature [ITS-90, deg C]",c0S/m: Conductivity [S/m],"sal00: Salinity, Practical [PSU]","svCM: Sound Velocity [Chen-Millero, m/s]",flag:  0.000e+00,,,,,,,,,"0.964,    703.386","-1.63246,   -1.63234","66.81234,   66.81246","8.3067,    28.7945","3.676782,   5.735144","34.9213,    35.4596","1495.19,    1543.71","0.0000e+00, 0.0000e+00",,,,,,,,,,,,,,,,,,D:\SK315 CTD\sk315002a.hex,35094,3478,31.0,4.0,1.0,Aug 07 2014 22:00:41,,,8,117532,specified,seconds: 0.0416667,"Aug 07 2014 16:31:56 [NMEA time, header]",-9.99e-29,"Aug 08 2014 13:52:11, 7.22.5 [datcnv_vars = 7]",D:\SK315 CTD\sk315002a.hex D:\SK315 CTD\sk315002a.XMLCON,0,,,ascii,1.0,9600.0,1.0,SK315,Aug 07 2014 16:30:41,Aug 07 2014  16:31:56,Append to Every Scan,,,,,,,,,,,,,,,,,,,,,,,,,,,,,,,,,,,,,,,,,,,,,,,,,,,,,,,,,,,,,,,,,,,,,,,,,,,,,,,,,,,,,,,,,,,,
sk315003.cnv,SK315,SK315\CTD\processed,Sea-Bird SBE 9 Data File,Sagarkanya,,,,,04 02.43 S,067 11.70 E,-4.0405,67.195,08-08-14 22:58:35,"depSM: Depth [salt water, m]",latitude: Latitude [deg],longitude: Longitude [deg],"t090C: Temperature [ITS-90, deg C]",c0S/m: Conductivity [S/m],"sal00: Salinity, Practical [PSU]","svCM: Sound Velocity [Chen-Millero, m/s]",flag:  0.000e+00,,,,,,,,,"0.321,   2003.779","-4.04072,   -4.04038","67.19492,   67.19504","2.7650,    27.5999","3.213678,   5.616043","34.2004,    35.3320","1490.01,    1541.69","0.0000e+00, 0.0000e+00",,,,,,,,,,,,,,,,,,D:\SK315 CTD\sk315003.hex,35094,3478,31.0,4.0,1.0,Aug 08 2014 22:58:35,,,8,217002,specified,seconds: 0.0416667,"Aug 08 2014 17:29:51 [NMEA time, header]",-9.99e-29,"Aug 09 2014 14:45:04, 7.22.5 [datcnv_vars = 7]",D:\SK315 CTD\sk315003.hex D:\SK315 CTD\sk315003.XMLCON,0,,,ascii,1.0,9600.0,1.0,SK315,Aug 08 2014 17:28:35,Aug 08 2014  17:29:51,Append to Every Scan,,,,,,,,,,,,,,,,,,,,,,,,,,,,,,,,,,,,,,,,,,,,,,,,,,,,,,,,,,,,,,,,,,,,,,,,,,,,,,,,,,,,,,,,,,,,
sk315004.cnv,SK315,SK315\CTD\processed,Sea-Bird SBE 9 Data File,Sagarkanya,,,,,03 53.36 S,080 26.98 E,-3.889333,80.449667,13-08-14 21:55:35,"depSM: Depth [salt water, m]",latitude: Latitude [deg],longitude: Longitude [deg],"t090C: Temperature [ITS-90, deg C]",c0S/m: Conductivity [S/m],"sal00: Salinity, Practical [PSU]","svCM: Sound Velocity [Chen-Millero, m/s]",flag:  0.000e+00,,,,,,,,,"0.390,   2002.702","-3.88930,   -3.88920","80.44960,   80.44978","2.6063,    29.0250","3.199311,   5.749373","34.7629,    35.5337","1490.20,    1544.45","0.0000e+00, 0.0000e+00",,,,,,,,,,,,,,,,,,D:\SK315 CTD\sk315004.hex,35094,3478,31.0,4.0,1.0,Aug 13 2014 21:55:35,,,8,283877,specified,seconds: 0.0416667,"Aug 13 2014 16:26:56 [NMEA time, header]",-9.99e-29,"Aug 18 2014 07:22:25, 7.22.5 [datcnv_vars = 7]",D:\SK315 CTD\sk315004.hex D:\SK315 CTD\sk315004.XMLCON,0,,,ascii,1.0,9600.0,1.0,SK315,Aug 13 2014 16:25:35,Aug 13 2014  16:26:56,Append to Every Scan,,,,,,,,,,,,,,,,,,,,,,,,,,,,,,,,,,,,,,,,,,,,,,,,,,,,,,,,,,,,,,,,,,,,,,,,,,,,,,,,,,,,,,,,,,,,
sk315005.cnv,SK315,SK315\CTD\processed,Sea-Bird SBE 9 Data File,Sagarkanya,,,,,01 29.36 S,080 31.11 E,-1.489333,80.5185,15-08-14 21:46:17,"depSM: Depth [salt water, m]",latitude: Latitude [deg],longitude: Longitude [deg],"t090C: Temperature [ITS-90, deg C]",c0S/m: Conductivity [S/m],"sal00: Salinity, Practical [PSU]","svCM: Sound Velocity [Chen-Millero, m/s]",flag:  0.000e+00,,,,,,,,,"0.091,   2002.562","-1.48946,   -1.48936","80.51836,   80.51846","2.7141,    29.4015","3.209636,   5.795713","34.7722,    35.3889","1492.01,    1545.54","0.0000e+00, 0.0000e+00",,,,,,,,,,,,,,,,,,D:\SK315 CTD\sk315005.hex,35094,3478,31.0,4.0,1.0,Aug 15 2014 21:46:17,,,8,215757,specified,seconds: 0.0416667,"Aug 15 2014 16:17:40 [NMEA time, header]",-9.99e-29,"Aug 18 2014 07:27:25, 7.22.5 [datcnv_vars = 7]",D:\SK315 CTD\sk315005.hex D:\SK315 CTD\sk315005.XMLCON,0,,,ascii,1.0,9600.0,1.0,SK315,Aug 15 2014 16:16:17,Aug 15 2014  16:17:40,Append to Every Scan,,,,,,,,,,,,,,,,,,,,,,,,,,,,,,,,,,,,,,,,,,,,,,,,,,,,,,,,,,,,,,,,,,,,,,,,,,,,,,,,,,,,,,,,,,,,21:43
sk315006.cnv,SK315,SK315\CTD\processed,Sea-Bird SBE 9 Data File,Sagarkanya,,,,,00 44.42 S,080 29.93 E,-0.740333,80.498833,17-08-14 04:26:11,"depSM: Depth [salt water, m]",latitude: Latitude [deg],longitude: Longitude [deg],"t090C: Temperature [ITS-90, deg C]",c0S/m: Conductivity [S/m],"sal00: Salinity, Practical [PSU]","svCM: Sound Velocity [Chen-Millero, m/s]",flag:  0.000e+00,,,,,,,,,"-1.362,    704.121","-0.74034,   -0.74026","80.49876,   80.49882","8.3579,    29.1498","0.718807,   5.711491","3.6627,    35.4984","1494.99,    1545.01","0.0000e+00, 0.0000e+00",,,,,,,,,,,,,,,,,,D:\SK315 CTD\sk315006.hex,35094,3478,31.0,4.0,1.0,Aug 17 2014 04:26:11,,,8,45595,specified,seconds: 0.0416667,"Aug 16 2014 22:57:35 [NMEA time, header]",-9.99e-29,"Aug 18 2014 07:29:24, 7.22.5 [datcnv_vars = 7]",D:\SK315 CTD\sk315006.hex D:\SK315 CTD\sk315006.XMLCON,0,,,ascii,1.0,9600.0,1.0,SK315,Aug 16 2014 22:56:11,Aug 16 2014  22:57:35,Append to Every Scan,,,,,,,,,,,,,,,,,,,,,,,,,,,,,,,,,,,,,,,,,,,,,,,,,,,,,,,,,,,,,,,,,,,,,,,,,,,,,,,,,,,,,,,,,,,,
sk315007.cnv,SK315,SK315\CTD\processed,Sea-Bird SBE 9 Data File,Sagarkanya,,,,,00 04.13 N,080 47.61 E,0.068833,80.7935,18-08-14 03:02:45,"depSM: Depth [salt water, m]",latitude: Latitude [deg],longitude: Longitude [deg],"t090C: Temperature [ITS-90, deg C]",c0S/m: Conductivity [S/m],"sal00: Salinity, Practical [PSU]","svCM: Sound Velocity [Chen-Millero, m/s]",flag:  0.000e+00,,,,,,,,,"-1.116,   2000.808","0.06862,    0.06876","80.79342,   80.79352","2.6769,    29.2246","3.206558,   5.713546","32.8387,    35.3609","1492.38,    1545.00","0.0000e+00, 0.0000e+00",,,,,,,,,,,,,,,,,,D:\SK315 CTD\sk315007.hex,35094,3478,31.0,4.0,1.0,Aug 18 2014 03:02:45,,,8,141543,specified,seconds: 0.0416667,"Aug 17 2014 21:34:08 [NMEA time, header]",-9.99e-29,"Aug 18 2014 07:30:12, 7.22.5 [datcnv_vars = 7]",D:\SK315 CTD\sk315007.hex D:\SK315 CTD\sk315007.XMLCON,0,,,ascii,1.0,9600.0,1.0,SK315,Aug 17 2014 21:32:45,Aug 17 2014  21:34:08,Append to Every Scan,,,,,,,,,,,,,,,,,,,,,,,,,,,,,,,,,,,,,,,,,,,,,,,,,,,,,,,,,,,,,,,,,,,,,,,,,,,,,,,,,,,,,,,,,,,,
sk315008.cnv,SK315,SK315\CTD\processed,Sea-Bird SBE 9 Data File,Sagarkanya,,,,,01 31.62 N,080 37.85 E,1.527,80.630833,22-08-14 03:02:21,"depSM: Depth [salt water, m]",latitude: Latitude [deg],longitude: Longitude [deg],"t090C: Temperature [ITS-90, deg C]",c0S/m: Conductivity [S/m],"sal00: Salinity, Practical [PSU]","svCM: Sound Velocity [Chen-Millero, m/s]",flag:  0.000e+00,,,,,,,,,"-0.272,   1696.477","1.52704,    1.53350","80.63068,   80.63702","3.5959,    28.7173","3.278799,   5.649064","34.1902,    35.2355","1492.73,    1544.13","0.0000e+00, 0.0000e+00",,,,,,,,,,,,,,,,,,D:\SK315 CTD\sk315008.hex,35094,3478,31.0,4.0,1.0,Aug 22 2014 03:02:21,,,8,172837,specified,seconds: 0.0416667,"Aug 21 2014 21:33:52 [NMEA time, header]",-9.99e-29,"Aug 23 2014 09:39:43, 7.22.5 [datcnv_vars = 7]",D:\SK315 CTD\sk315008.hex D:\SK315 CTD\sk315008.XMLCON,0,,,ascii,1.0,9600.0,1.0,SK315,Aug 21 2014 21:32:21,Aug 21 2014  21:33:52,Append to Every Scan,,,,,,,,,,,,,,,,,,,,,,,,,,,,,,,,,,,,,,,,,,,,,,,,,,,,,,,,,,,,,,,,,,,,,,,,,,,,,,,,,,,,,,,,,,,,
sk315001.cnv,SK315,SK315\CTD\processed\bin average,Sea-Bird SBE 9 Data File,Sagarkanya,,,,,00 25.35 N,067 00.14 E,0.4225,67.002333,06-08-14 06:20:55,"depSM: Depth [salt water, m]",latitude: Latitude [deg],longitude: Longitude [deg],"t090C: Temperature [ITS-90, deg C]",c0S/m: Conductivity [S/m],"sal00: Salinity, Practical [PSU]","svCM: Sound Velocity [Chen-Millero, m/s]",flag: flag,,,,,,,,,"2.000,   2001.000","0.42246,    0.42256","67.00215,   67.00228","2.6708,    29.3065","3.206122,   5.769171","34.7801,    35.5381","1491.91,    1545.14","0.0000e+00, 0.0000e+00",,,,,,,,,,,,,,,,,,D:\SK315 CTD\sk315001.hex,35094,3478,31.0,4.0,1.0,Aug 06 2014 06:20:55,,,8,2000,specified,meters: 1,"Aug 06 2014 00:52:07 [NMEA time, header]",-9.99e-29,"Aug 06 2014 09:38:00, 7.22.5 [datcnv_vars = 7]",D:\SK315 CTD\sk315001.hex D:\SK315 CTD\sk315001.XMLCON,0,,,ascii,1.0,9600.0,1.0,SK315 001,Aug 06 2014 00:50:55,Aug 06 2014  00:52:07,Append to Every Scan,,,,,,,,,,,,,,,,,,,,,,,,,,,"Aug 06 2014 09:41:23, 7.22.5",D:\SK315 CTD\sk315001.cnv,meters,1.0,no,0.0,"no, min = 0.000, max = 0.000, value = 0.000",,,,,,,,,,,,,,,,,,,,,,,,,,,,,,,,,,,,,,,,,,,,,,,,,,,,,,,,,,,
sk315002a.cnv,SK315,SK315\CTD\processed\bin average,Sea-Bird SBE 9 Data File,Sagarkanya,,,,,01 37.94 S,066 48.74 E,-1.632333,66.812333,07-08-14 22:00:41,"depSM: Depth [salt water, m]",latitude: Latitude [deg],longitude: Longitude [deg],"t090C: Temperature [ITS-90, deg C]",c0S/m: Conductivity [S/m],"sal00: Salinity, Practical [PSU]","svCM: Sound Velocity [Chen-Millero, m/s]",flag: flag,,,,,,,,,"4.000,    703.000","-1.63246,   -1.63236","66.81234,   66.81242","8.3103,    28.7875","3.677176,   5.735053","34.9239,    35.4032","1495.22,    1543.70","0.0000e+00, 0.0000e+00",,,,,,,,,,,,,,,,,,D:\SK315 CTD\sk315002a.hex,35094,3478,31.0,4.0,1.0,Aug 07 2014 22:00:41,,,8,700,specified,meters: 1,"Aug 07 2014 16:31:56 [NMEA time, header]",-9.99e-29,"Aug 08 2014 13:52:11, 7.22.5 [datcnv_vars = 7]",D:\SK315 CTD\sk315002a.hex D:\SK315 CTD\sk315002a.XMLCON,0,,,ascii,1.0,9600.0,1.0,SK315,Aug 07 2014 16:30:41,Aug 07 2014  16:31:56,Append to Every Scan,,,,,,,,,,,,,,,,,,,,,,,,,,,"Aug 08 2014 13:53:21, 7.22.5",D:\SK315 CTD\processed\sk315002a.cnv,meters,1.0,no,0.0,"no, min = 0.000, max = 0.000, value = 0.000",,,,,,,,,,,,,,,,,,,,,,,,,,,,,,,,,,,,,,,,,,,,,,,,,,,,,,,,,,,
sk315003.cnv,SK315,SK315\CTD\processed\bin average,Sea-Bird SBE 9 Data File,Sagarkanya,,,,,04 02.43 S,067 11.70 E,-4.0405,67.195,08-08-14 22:58:35,"depSM: Depth [salt water, m]",latitude: Latitude [deg],longitude: Longitude [deg],"t090C: Temperature [ITS-90, deg C]",c0S/m: Conductivity [S/m],"sal00: Salinity, Practical [PSU]","svCM: Sound Velocity [Chen-Millero, m/s]",flag: flag,,,,,,,,,"3.000,   2004.000","-4.04074,   -4.04038","67.19492,   67.19504","2.7654,    27.5995","3.213796,   5.615917","33.9606,    35.2890","1490.06,    1541.69","0.0000e+00, 0.0000e+00",,,,,,,,,,,,,,,,,,D:\SK315 CTD\sk315003.hex,35094,3478,31.0,4.0,1.0,Aug 08 2014 22:58:35,,,8,2002,specified,meters: 1,"Aug 08 2014 17:29:51 [NMEA time, header]",-9.99e-29,"Aug 09 2014 14:45:04, 7.22.5 [datcnv_vars = 7]",D:\SK315 CTD\sk315003.hex D:\SK315 CTD\sk315003.XMLCON,0,,,ascii,1.0,9600.0,1.0,SK315,Aug 08 2014 17:28:35,Aug 08 2014  17:29:51,Append to Every Scan,,,,,,,,,,,,,,,,,,,,,,,,,,,"Aug 09 2014 14:46:11, 7.22.5",D:\SK315 CTD\sk315003.cnv,meters,1.0,no,0.0,"no, min = 0.000, max = 0.000, value = 0.000",,,,,,,,,,,,,,,,,,,,,,,,,,,,,,,,,,,,,,,,,,,,,,,,,,,,,,,,,,,
sk315004.cnv,SK315,SK315\CTD\processed\bin average,Sea-Bird SBE 9 Data File,Sagarkanya,,,,,03 53.36 S,080 26.98 E,-3.889333,80.449667,13-08-14 21:55:35,"depSM: Depth [salt water, m]",latitude: Latitude [deg],longitude: Longitude [deg],"t090C: Temperature [ITS-90, deg C]",c0S/m: Conductivity [S/m],"sal00: Salinity, Practical [PSU]","svCM: Sound Velocity [Chen-Millero, m/s]",flag: flag,,,,,,,,,"6.000,   2003.000","-3.88929,   -3.88920","80.44960,   80.44970","2.6052,    29.0237","3.199393,   5.749201","34.7645,    35.5034","1490.71,    1544.43","0.0000e+00, 0.0000e+00",,,,,,,,,,,,,,,,,,D:\SK315 CTD\sk315004.hex,35094,3478,31.0,4.0,1.0,Aug 13 2014 21:55:35,,,8,1998,specified,meters: 1,"Aug 13 2014 16:26:56 [NMEA time, header]",-9.99e-29,"Aug 18 2014 07:22:25, 7.22.5 [datcnv_vars = 7]",D:\SK315 CTD\sk315004.hex D:\SK315 CTD\sk315004.XMLCON,0,,,ascii,1.0,9600.0,1.0,SK315,Aug 13 2014 16:25:35,Aug 13 2014  16:26:56,Append to Every Scan,,,,,,,,,,,,,,,,,,,,,,,,,,,"Aug 18 2014 07:33:03, 7.22.5",D:\SK315 CTD\processed\sk315004.cnv,meters,1.0,no,0.0,"no, min = 0.000, max = 0.000, value = 0.000",,,,,,,,,,,,,,,,,,,,,,,,,,,,,,,,,,,,,,,,,,,,,,,,,,,,,,,,,,,
sk315005.cnv,SK315,SK315\CTD\processed\bin average,Sea-Bird SBE 9 Data File,Sagarkanya,,,,,01 29.36 S,080 31.11 E,-1.489333,80.5185,15-08-14 21:46:17,"depSM: Depth [salt water, m]",latitude: Latitude [deg],longitude: Longitude [deg],"t090C: Temperature [ITS-90, deg C]",c0S/m: Conductivity [S/m],"sal00: Salinity, Practical [PSU]","svCM: Sound Velocity [Chen-Millero, m/s]",flag: flag,,,,,,,,,"3.000,   2003.000","-1.48941,   -1.48935","80.51838,   80.51846","2.7128,    29.3996","3.209589,   5.793715","34.7736,    35.3729","1492.03,    1545.52","0.0000e+00, 0.0000e+00",,,,,,,,,,,,,,,,,,D:\SK315 CTD\sk315005.hex,35094,3478,31.0,4.0,1.0,Aug 15 2014 21:46:17,,,8,2001,specified,meters: 1,"Aug 15 2014 16:17:40 [NMEA time, header]",-9.99e-29,"Aug 18 2014 07:27:25, 7.22.5 [datcnv_vars = 7]",D:\SK315 CTD\sk315005.hex D:\SK315 CTD\sk315005.XMLCON,0,,,ascii,1.0,9600.0,1.0,SK315,Aug 15 2014 16:16:17,Aug 15 2014  16:17:40,Append to Every Scan,,,,,,,,,,,,,,,,,,,,,,,,,,,"Aug 18 2014 07:33:13, 7.22.5",D:\SK315 CTD\processed\sk315005.cnv,meters,1.0,no,0.0,"no, min = 0.000, max = 0.000, value = 0.000",,,,,,,,,,,,,,,,,,,,,,,,,,,,,,,,,,,,,,,,,,,,,,,,,,,,,,,,,,,21:43
sk315006.cnv,SK315,SK315\CTD\processed\bin average,Sea-Bird SBE 9 Data File,Sagarkanya,,,,,00 44.42 S,080 29.93 E,-0.740333,80.498833,17-08-14 04:26:11,"depSM: Depth [salt water, m]",latitude: Latitude [deg],longitude: Longitude [deg],"t090C: Temperature [ITS-90, deg C]",c0S/m: Conductivity [S/m],"sal00: Salinity, Practical [PSU]","svCM: Sound Velocity [Chen-Millero, m/s]",flag: flag,,,,,,,,,"1.000,    704.000","-0.74034,   -0.74026","80.49876,   80.49882","8.3601,    29.1493","3.686236,   5.711125","34.7420,    35.2616","1495.00,    1545.00","0.0000e+00, 0.0000e+00",,,,,,,,,,,,,,,,,,D:\SK315 CTD\sk315006.hex,35094,3478,31.0,4.0,1.0,Aug 17 2014 04:26:11,,,8,704,specified,meters: 1,"Aug 16 2014 22:57:35 [NMEA time, header]",-9.99e-29,"Aug 18 2014 07:29:24, 7.22.5 [datcnv_vars = 7]",D:\SK315 CTD\sk315006.hex D:\SK315 CTD\sk315006.XMLCON,0,,,ascii,1.0,9600.0,1.0,SK315,Aug 16 2014 22:56:11,Aug 16 2014  22:57:35,Append to Every Scan,,,,,,,,,,,,,,,,,,,,,,,,,,,"Aug 18 2014 07:33:22, 7.22.5",D:\SK315 CTD\processed\sk315006.cnv,meters,1.0,no,0.0,"no, min = 0.000, max = 0.000, value = 0.000",,,,,,,,,,,,,,,,,,,,,,,,,,,,,,,,,,,,,,,,,,,,,,,,,,,,,,,,,,,
sk315007.cnv,SK315,SK315\CTD\processed\bin average,Sea-Bird SBE 9 Data File,Sagarkanya,,,,,00 04.13 N,080 47.61 E,0.068833,80.7935,18-08-14 03:02:45,"depSM: Depth [salt water, m]",latitude: Latitude [deg],longitude: Longitude [deg],"t090C: Temperature [ITS-90, deg C]",c0S/m: Conductivity [S/m],"sal00: Salinity, Practical [PSU]","svCM: Sound Velocity [Chen-Millero, m/s]",flag: flag,,,,,,,,,"3.000,   2001.000","0.06864,    0.06876","80.79342,   80.79352","2.6849,    29.2205","3.207236,   5.713475","33.9862,    35.2543","1492.45,    1544.99","0.0000e+00, 0.0000e+00",,,,,,,,,,,,,,,,,,D:\SK315 CTD\sk315007.hex,35094,3478,31.0,4.0,1.0,Aug 18 2014 03:02:45,,,8,1999,specified,meters: 1,"Aug 17 2014 21:34:08 [NMEA time, header]",-9.99e-29,"Aug 18 2014 07:30:12, 7.22.5 [datcnv_vars = 7]",D:\SK315 CTD\sk315007.hex D:\SK315 CTD\sk315007.XMLCON,0,,,ascii,1.0,9600.0,1.0,SK315,Aug 17 2014 21:32:45,Aug 17 2014  21:34:08,Append to Every Scan,,,,,,,,,,,,,,,,,,,,,,,,,,,"Aug 18 2014 07:33:43, 7.22.5",D:\SK315 CTD\processed\sk315007.cnv,meters,1.0,no,0.0,"no, min = 0.000, max = 0.000, value = 0.000",,,,,,,,,,,,,,,,,,,,,,,,,,,,,,,,,,,,,,,,,,,,,,,,,,,,,,,,,,,
sk315008.cnv,SK315,SK315\CTD\processed\bin average,Sea-Bird SBE 9 Data File,Sagarkanya,,,,,01 31.62 N,080 37.85 E,1.527,80.630833,22-08-14 03:02:21,"depSM: Depth [salt water, m]",latitude: Latitude [deg],longitude: Longitude [deg],"t090C: Temperature [ITS-90, deg C]",c0S/m: Conductivity [S/m],"sal00: Salinity, Practical [PSU]","svCM: Sound Velocity [Chen-Millero, m/s]",flag: flag,,,,,,,,,"1.000,   1696.000","1.52704,    1.52785","80.63068,   80.63282","3.5995,    28.7161","3.279112,   5.645818","34.2983,    35.2208","1492.75,    1544.11","0.0000e+00, 0.0000e+00",,,,,,,,,,,,,,,,,,D:\SK315 CTD\sk315008.hex,35094,3478,31.0,4.0,1.0,Aug 22 2014 03:02:21,,,8,1696,specified,meters: 1,"Aug 21 2014 21:33:52 [NMEA time, header]",-9.99e-29,"Aug 23 2014 09:39:43, 7.22.5 [datcnv_vars = 7]",D:\SK315 CTD\sk315008.hex D:\SK315 CTD\sk315008.XMLCON,0,,,ascii,1.0,9600.0,1.0,SK315,Aug 21 2014 21:32:21,Aug 21 2014  21:33:52,Append to Every Scan,,,,,,,,,,,,,,,,,,,,,,,,,,,"Aug 23 2014 09:41:25, 7.22.5",D:\SK315 CTD\processed\sk315008.cnv,meters,1.0,no,0.0,"no, min = 0.000, max = 0.000, value = 0.000",,,,,,,,,,,,,,,,,,,,,,,,,,,,,,,,,,,,,,,,,,,,,,,,,,,,,,,,,,,
SN064- BUOY1test3.cnv,SN064 (IO4-12-SN),SN064 (IO4-12-SN)\CTD\BUOY 1,Sea-Bird SBE 9 Data File,,,,,,,,,,24-06-12 01:34:23,"t090C: Temperature [ITS-90, deg C]",c0mS/cm: Conductivity [mS/cm],"prDM: Pressure, Digiquartz [db]",flag:  0.000e+00,,,,,,,,,,,,,"-98.9762,    29.5316","0.396965,  58.587973","0.141,    606.625","0.0000e+00, 0.0000e+00",,,,,,,,,,,,,,,,,,,,,,C:\Documents and Settings\TYCO\My Documents\SN064- BUOY1.hex,5447,3851,24.0,4.0,1.0,Jun 24 2012 01:34:23,,,4,59535,specified,seconds: 0.0416667,"Jun 23 2012 20:04:23 [System UTC, header]",-9.99e-29,"Jul 02 2012 03:25:56, 7.21d [datcnv_vars = 3]",C:\Documents and Settings\TYCO\My Documents\SN064\BUOY 1\SN064- BUOY1.hex C:\Documents and Settings\TYCO\My Documents\SN064\BUOY 1\SN064- BUOY1.XMLCON,0,,,ascii,1.0,9600.0,1.0,,Jun 23 2012 20:04:23,,,,,,,,,,,,,,,,,,,,,,,,,,,,,,,,,,,,,,,,,,,,,,,,,,,,,,,,,,,,,,,,,,,,,,,,,,,,,,,,,,,,,,,,,,,,,4800.0,
ctd1rama.cnv,SN_CTD_070,SN_CTD_070,Sea-Bird SBE 9 Data File,,,,,,12 04.08 N,088 43.98 E,12.068,88.733,29-12-12 14:58:06,"depSM: Depth [salt water, m]","t090C: Temperature [ITS-90, deg C]","sal00: Salinity, Practical [PSU]",c0mS/cm: Conductivity [mS/cm],"flECO-AFL: Fluorescence, WET Labs ECO-AFL/FL [mg/m^3]","turbWETntu0: Turbidity, WET Labs ECO [NTU]","sbeox0V: Oxygen raw, SBE 43 [V]",flag:  0.000e+00,,,,,,,,,"2.305,   2019.850","2.7383,    28.5716","27.5947,    35.0223","32.110016,  55.482980","-0.4924,    12.7066","-0.2950,    24.6134","0.5522,     2.8984","0.0000e+00, 0.0000e+00",,,,,,,,,,,,,,,,,,C:\Documents and Settings\CTD OPERATOR\Desktop\ctd1.hex,5447,3851,31.0,4.0,1.0,Dec 29 2012 14:58:06,,,8,118174,specified,seconds: 0.0416667,"Dec 29 2012 09:28:17 [NMEA time, header]",-9.99e-29,"Jan 07 2013 10:03:39, 7.21d [datcnv_vars = 7]",C:\Documents and Settings\CTD OPERATOR\Desktop\SN 070\ctd1.hex C:\Documents and Settings\CTD OPERATOR\Desktop\SBE_CTD\krish_SBE\krish.xmlcon,1,yes,,ascii,1.0,9600.0,1.0,,Dec 29 2012 09:28:06,Dec 29 2012  09:28:17,Append to Every Scan,,,,,,,,,,,,,,,,,,,,,,,,,,,,,,,,,,,,,,,,,,,,,,,,,,,,,,,,,,,,,,,,,,,,,,,,,,,,,,,,,,,,,,,,,,,4800.0,
ctd2Arama.cnv,SN_CTD_070,SN_CTD_070,Sea-Bird SBE 9 Data File,,,,,,14 58.92 N,089 57.37 E,14.982,89.956167,30-12-12 21:06:57,"depSM: Depth [salt water, m]","t090C: Temperature [ITS-90, deg C]","sal00: Salinity, Practical [PSU]",c0mS/cm: Conductivity [mS/cm],"flECO-AFL: Fluorescence, WET Labs ECO-AFL/FL [mg/m^3]","turbWETntu0: Turbidity, WET Labs ECO [NTU]","sbeox0V: Oxygen raw, SBE 43 [V]",flag:  0.000e+00,,,,,,,,,"7.281,   2000.644","2.7672,    27.9598","33.7188,    35.0174","32.130543,  54.980754","0.0204,     0.9239","0.3766,     0.6696","0.5350,     2.8741","0.0000e+00, 0.0000e+00",,,,,,,,,,,,,,,,,,C:\Documents and Settings\CTD OPERATOR\Desktop\ctd2A.hex,5447,3851,31.0,4.0,1.0,Dec 30 2012 21:06:57,,,8,72114,specified,seconds: 0.0416667,"Dec 30 2012 15:37:12 [NMEA time, header]",-9.99e-29,"Jan 07 2013 10:03:12, 7.21d [datcnv_vars = 7]",C:\Documents and Settings\CTD OPERATOR\Desktop\SN 070\ctd2A.hex C:\Documents and Settings\CTD OPERATOR\Desktop\SBE_CTD\krish_SBE\krish.xmlcon,1,yes,,ascii,1.0,9600.0,1.0,,Dec 30 2012 15:36:57,Dec 30 2012  15:37:12,Append to Every Scan,,,,,,,,,,,,,,,,,,,,,,,,,,,,,,,,,,,,,,,,,,,,,,,,,,,,,,,,,,,,,,,,,,,,,,,,,,,,,,,,,,,,,,,,,,,4800.0,
ctd2rama.cnv,SN_CTD_070,SN_CTD_070,Sea-Bird SBE 9 Data File,,,,,,14 58.93 N,089 57.39 E,14.982167,89.9565,30-12-12 20:39:55,"depSM: Depth [salt water, m]","t090C: Temperature [ITS-90, deg C]","sal00: Salinity, Practical [PSU]",c0mS/cm: Conductivity [mS/cm],"flECO-AFL: Fluorescence, WET Labs ECO-AFL/FL [mg/m^3]","turbWETntu0: Turbidity, WET Labs ECO [NTU]","sbeox0V: Oxygen raw, SBE 43 [V]",flag:  0.000e+00,,,,,,,,,"1.934,   1091.717","6.2632,    27.9804","33.7294,    35.0136","35.002332,  54.729885","0.0326,     0.9484","0.3338,     0.4376","0.5374,     2.8816","0.0000e+00, 0.0000e+00",,,,,,,,,,,,,,,,,,C:\Documents and Settings\CTD OPERATOR\Desktop\ctd2.hex,5447,3851,31.0,4.0,1.0,Dec 30 2012 20:39:55,,,8,29442,specified,seconds: 0.0416667,"Dec 30 2012 15:10:09 [NMEA time, header]",-9.99e-29,"Jan 07 2013 10:03:29, 7.21d [datcnv_vars = 7]",C:\Documents and Settings\CTD OPERATOR\Desktop\SN 070\ctd2.hex C:\Documents and Settings\CTD OPERATOR\Desktop\SBE_CTD\krish_SBE\krish.xmlcon,1,yes,,ascii,1.0,9600.0,1.0,,Dec 30 2012 15:09:55,Dec 30 2012  15:10:09,Append to Every Scan,,,,,,,,,,,,,,,,,,,,,,,,,,,,,,,,,,,,,,,,,,,,,,,,,,,,,,,,,,,,,,,,,,,,,,,,,,,,,,,,,,,,,,,,,,,4800.0,
ctd3rama.cnv,SN_CTD_070,SN_CTD_070,Sea-Bird SBE 9 Data File,,,,,,16 29.98 N,089 44.85 E,16.499667,89.7475,31-12-12 08:00:37,"depSM: Depth [salt water, m]","t090C: Temperature [ITS-90, deg C]","sal00: Salinity, Practical [PSU]",c0mS/cm: Conductivity [mS/cm],"flECO-AFL: Fluorescence, WET Labs ECO-AFL/FL [mg/m^3]","turbWETntu0: Turbidity, WET Labs ECO [NTU]","sbeox0V: Oxygen raw, SBE 43 [V]",flag:  0.000e+00,,,,,,,,,"1.523,   2001.329","2.7647,    28.2015","32.6405,    35.0190","32.129105,  54.390461","-0.1017,     0.9606","0.3033,     0.8894","0.5308,     2.8828","0.0000e+00, 0.0000e+00",,,,,,,,,,,,,,,,,,C:\Documents and Settings\CTD OPERATOR\Desktop\SN 070\ctd3.hex,5447,3851,31.0,4.0,1.0,Dec 31 2012 08:00:37,,,8,151595,specified,seconds: 0.0416667,"Dec 31 2012 02:30:53 [NMEA time, header]",-9.99e-29,"Jan 07 2013 10:02:40, 7.21d [datcnv_vars = 7]",C:\Documents and Settings\CTD OPERATOR\Desktop\SN 070\ctd3.hex C:\Documents and Settings\CTD OPERATOR\Desktop\SBE_CTD\krish_SBE\krish.xmlcon,1,yes,,ascii,1.0,9600.0,1.0,,Dec 31 2012 02:30:37,Dec 31 2012  02:30:53,Append to Every Scan,,,,,,,,,,,,,,,,,,,,,,,,,,,,,,,,,,,,,,,,,,,,,,,,,,,,,,,,,,,,,,,,,,,,,,,,,,,,,,,,,,,,,,,,,,,4800.0,
ctd4rama.cnv,SN_CTD_070,SN_CTD_070,Sea-Bird SBE 9 Data File,,,,,,18 01.72 N,089 30.32 E,18.028667,89.505333,01-01-13 15:50:41,"depSM: Depth [salt water, m]","t090C: Temperature [ITS-90, deg C]","sal00: Salinity, Practical [PSU]",c0mS/cm: Conductivity [mS/cm],"flECO-AFL: Fluorescence, WET Labs ECO-AFL/FL [mg/m^3]","turbWETntu0: Turbidity, WET Labs ECO [NTU]","sbeox0V: Oxygen raw, SBE 43 [V]",flag:  0.000e+00,,,,,,,,,"1.519,   2002.217","2.7005,    28.3544","30.0543,    35.0231","32.072106,  54.599565","0.0204,     0.7896","0.3460,     0.5170","0.5310,     2.9294","0.0000e+00, 0.0000e+00",,,,,,,,,,,,,,,,,,C:\Documents and Settings\CTD OPERATOR\Desktop\SN 070\ctd4.hex,5447,3851,31.0,4.0,1.0,Jan 01 2013 15:50:41,,,8,101640,specified,seconds: 0.0416667,"Jan 01 2013 10:21:01 [NMEA time, header]",-9.99e-29,"Jan 07 2013 10:02:18, 7.21d [datcnv_vars = 7]",C:\Documents and Settings\CTD OPERATOR\Desktop\SN 070\ctd4.hex C:\Documents and Settings\CTD OPERATOR\Desktop\SBE_CTD\krish_SBE\krish.xmlcon,1,yes,,ascii,1.0,9600.0,1.0,,Jan 01 2013 10:20:41,Jan 01 2013  10:21:01,Append to Every Scan,,,,,,,,,,,,,,,,,,,,,,,,,,,,,,,,,,,,,,,,,,,,,,,,,,,,,,,,,,,,,,,,,,,,,,,,,,,,,,,,,,,,,,,,,,,4800.0,
ctd5rama.cnv,SN_CTD_070,SN_CTD_070,Sea-Bird SBE 9 Data File,,,,,,16 00.10 N,088 10.52 E,16.001667,88.175333,03-01-13 21:16:23,"depSM: Depth [salt water, m]","t090C: Temperature [ITS-90, deg C]","sal00: Salinity, Practical [PSU]",c0mS/cm: Conductivity [mS/cm],"flECO-AFL: Fluorescence, WET Labs ECO-AFL/FL [mg/m^3]","turbWETntu0: Turbidity, WET Labs ECO [NTU]","sbeox0V: Oxygen raw, SBE 43 [V]",flag:  0.000e+00,,,,,,,,,"2.298,   2002.032","2.7274,    27.9555","32.8296,    35.0591","32.097481,  54.710101","0.0204,     1.0216","0.3399,     0.4498","0.5323,     2.8780","0.0000e+00, 0.0000e+00",,,,,,,,,,,,,,,,,,C:\Documents and Settings\CTD OPERATOR\Desktop\SN 070\ctd5.hex,5447,3851,31.0,4.0,1.0,Jan 03 2013 21:16:23,,,8,108134,specified,seconds: 0.0416667,"Jan 03 2013 15:46:47 [NMEA time, header]",-9.99e-29,"Jan 07 2013 10:01:51, 7.21d [datcnv_vars = 7]",C:\Documents and Settings\CTD OPERATOR\Desktop\SN 070\ctd5.hex C:\Documents and Settings\CTD OPERATOR\Desktop\SBE_CTD\krish_SBE\krish.xmlcon,1,yes,,ascii,1.0,9600.0,1.0,,Jan 03 2013 15:46:23,Jan 03 2013  15:46:47,Append to Every Scan,,,,,,,,,,,,,,,,,,,,,,,,,,,,,,,,,,,,,,,,,,,,,,,,,,,,,,,,,,,,,,,,,,,,,,,,,,,,,,,,,,,,,,,,,,,4800.0,
ctd6rama.cnv,SN_CTD_070,SN_CTD_070,Sea-Bird SBE 9 Data File,,,,,,13 30.41 N,086 15.13 E,13.506833,86.252167,04-01-13 15:56:23,"depSM: Depth [salt water, m]","t090C: Temperature [ITS-90, deg C]","sal00: Salinity, Practical [PSU]",c0mS/cm: Conductivity [mS/cm],"flECO-AFL: Fluorescence, WET Labs ECO-AFL/FL [mg/m^3]","turbWETntu0: Turbidity, WET Labs ECO [NTU]","sbeox0V: Oxygen raw, SBE 43 [V]",flag:  0.000e+00,,,,,,,,,"2.106,   2003.509","2.6804,    27.7707","24.6577,    35.0274","32.055495,  54.798100","0.0204,     0.9361","0.3216,     0.4498","0.5323,     2.9000","0.0000e+00, 0.0000e+00",,,,,,,,,,,,,,,,,,C:\Documents and Settings\CTD OPERATOR\Desktop\SN 070\ctd6.hex,5447,3851,31.0,4.0,1.0,Jan 04 2013 15:56:23,,,8,119492,specified,seconds: 0.0416667,"Jan 04 2013 10:26:51 [NMEA time, header]",-9.99e-29,"Jan 07 2013 10:01:22, 7.21d [datcnv_vars = 7]",C:\Documents and Settings\CTD OPERATOR\Desktop\SN 070\ctd6.hex C:\Documents and Settings\CTD OPERATOR\Desktop\SBE_CTD\krish_SBE\krish.xmlcon,1,yes,,ascii,1.0,9600.0,1.0,,Jan 04 2013 10:26:23,Jan 04 2013  10:26:51,Append to Every Scan,,,,,,,,,,,,,,,,,,,,,,,,,,,,,,,,,,,,,,,,,,,,,,,,,,,,,,,,,,,,,,,,,,,,,,,,,,,,,,,,,,,,,,,,,,,4800.0,
cr32501.cnv,SS-325_DATA,SS-325_DATA\CR325 CTD Data,Sea-Bird SBE 9 Data File,Sagar Sampada,CR325,Stn32501,4041m,,14 31.08 N,069 20.24 E,14.518,69.337333,09-03-14 00:26:43,"timeS: Time, Elapsed [seconds]",scan: Scan Count,"prDM: Pressure, Digiquartz [db]","t090C: Temperature [ITS-90, deg C]",c0S/m: Conductivity [S/m],"sbeox0ML/L: Oxygen, SBE 43 [ml/l]","flECO-AFL: Fluorescence, WET Labs ECO-AFL/FL [mg/m^3]","par: PAR/Irradiance, Biospherical/Licor","CStarTr0: Beam Transmission, WET Labs C-Star [%]","CStarAt0: Beam Attenuation, WET Labs C-Star [1/m]","turbWETntu0: Turbidity, WET Labs ECO [NTU]","depSM: Depth [salt water, m], lat = 14.518","sal00: Salinity, Practical [PSU]","sigma-00: Density [sigma-theta, Kg/m^3]","potemp090C: Potential Temperature [ITS-90, deg C]",flag: flag,"14.522,   3487.723","350,      83706","2.012,   2022.452","2.8070,    28.2757","3.219768,   5.841904","0.04540,    4.31456","-0.0356,     0.9056","-4.858e-06, 1.1500e+00","98.5212,   100.7572","-0.0301,     0.0596","0.2417,     0.3408","2.000,   2001.000","34.7968,    36.4620","23.0675,    27.7541","2.6558,    28.2671","0.0000e+00, 0.0000e+00",,,,,,,,,,F:\CTDDATA\CR325.hex,5671,4057,31.0,4.0,1.0,Mar 09 2014 00:26:43,,,16,2000,specified,meters: 1,Mar 09 2014 00:26:43 [System UpLoad Time],-9.99e-29,"Mar 12 2014 16:11:36, 7.22.0 [datcnv_vars = 11]",f:\ctddata\cr325.hex f:\ctddata\dec12.xmlcon,300,yes,yes,ascii,1.0,9600.0,1.0,,Mar 08 2014 18:56:43,Mar 08 2014  18:57:22,Append to Every Scan,,,,,,,,,,,,,,,,"Mar 12 2014 16:12:42, 7.22.0",f:\ctddata\cr325.cnv,"0.0300, 0.0000","7.0000, 0.0000","primary,",,,,,"Mar 12 2014 16:12:46, 7.22.0 [derive_vars = 4]",f:\ctddata\cr325.cnv f:\ctddata\Dec12.xmlcon,"Mar 12 2014 16:12:50, 7.22.0",f:\ctddata\cr325.cnv,meters,1.0,yes,0.0,"no, min = 0.000, max = 0.000, value = 0.000",,,,,,,,,,,,,,,,,,,,,,,,,,,,,,,,,,,,,,,,,,,,,,,,,,,,,"Mar 12 2014 16:12:38, 7.22.0",F:\CTDDATA\cr325.cnv,sbeox0ML/L 2.000,,,4800.0,
cr32502.cnv,SS-325_DATA,SS-325_DATA\CR325 CTD Data,Sea-Bird SBE 9 Data File,Sagar Sampada,CR325,32502,3940,,15 00.10 N,067 39.87 E,15.001667,67.6645,09-03-14 19:05:07,"timeS: Time, Elapsed [seconds]",scan: Scan Count,"prDM: Pressure, Digiquartz [db]","t090C: Temperature [ITS-90, deg C]",c0S/m: Conductivity [S/m],"sbeox0ML/L: Oxygen, SBE 43 [ml/l]","flECO-AFL: Fluorescence, WET Labs ECO-AFL/FL [mg/m^3]","par: PAR/Irradiance, Biospherical/Licor","CStarTr0: Beam Transmission, WET Labs C-Star [%]","CStarAt0: Beam Attenuation, WET Labs C-Star [1/m]","turbWETntu0: Turbidity, WET Labs ECO [NTU]","depSM: Depth [salt water, m], lat = 15.0017","sal00: Salinity, Practical [PSU]","sigma-00: Density [sigma-theta, Kg/m^3]","potemp090C: Potential Temperature [ITS-90, deg C]",flag: flag,"35.240,   2803.936","847,      67295","2.012,   2023.512","3.1721,    28.0349","3.254374,   5.783593","0.04623,    4.36644","-0.0458,     0.9328","-2.512e-06, 5.6519e+00","98.3176,   100.7307","-0.0291,     0.0679","0.2399,     0.3115","2.000,   2002.000","34.8253,    36.5503","23.0344,    27.7442","3.0152,    28.0344","0.0000e+00, 0.0000e+00",,,,,,,,,,F:\CTDDATA\CR32502.hex,5671,4057,31.0,4.0,1.0,Mar 09 2014 19:05:07,,,16,2001,specified,meters: 1,Mar 09 2014 19:05:07 [System UpLoad Time],-9.99e-29,"Mar 09 2014 20:39:50, 7.22.0 [datcnv_vars = 11]",f:\ctddata\cr32502.hex f:\ctddata\dec12.xmlcon,300,yes,yes,ascii,1.0,9600.0,1.0,,Mar 09 2014 13:35:07,Mar 09 2014  13:35:47,Append to Every Scan,,,,,,,,,,,,,,,,"Mar 09 2014 20:40:09, 7.22.0",f:\ctddata\cr32502.cnv,"0.0300, 0.0000","7.0000, 0.0000","primary,",,,,,"Mar 09 2014 20:40:12, 7.22.0 [derive_vars = 4]",f:\ctddata\cr32502.cnv f:\ctddata\Dec12.xmlcon,"Mar 09 2014 20:40:16, 7.22.0",f:\ctddata\cr32502.cnv,meters,1.0,yes,0.0,"no, min = 0.000, max = 0.000, value = 0.000",,,,,,,,,,,,,,,,,,,,,,,,,,,,,,,,,,,,,,,,,,,,,,,,,,,,,"Mar 09 2014 20:40:06, 7.22.0",F:\CTDDATA\cr32502.cnv,sbeox0ML/L 2.000,,,4800.0,
cr32503.cnv,SS-325_DATA,SS-325_DATA\CR325 CTD Data,Sea-Bird SBE 9 Data File,Sagar Sampada,CR325,Stn32503,4025m,,14 00.05 N,066 59.75 E,14.000833,66.995833,10-03-14 11:23:42,"timeS: Time, Elapsed [seconds]",scan: Scan Count,"prDM: Pressure, Digiquartz [db]","t090C: Temperature [ITS-90, deg C]",c0S/m: Conductivity [S/m],"sbeox0ML/L: Oxygen, SBE 43 [ml/l]","flECO-AFL: Fluorescence, WET Labs ECO-AFL/FL [mg/m^3]","par: PAR/Irradiance, Biospherical/Licor","CStarTr0: Beam Transmission, WET Labs C-Star [%]","CStarAt0: Beam Attenuation, WET Labs C-Star [1/m]","turbWETntu0: Turbidity, WET Labs ECO [NTU]","depSM: Depth [salt water, m], lat = 14.0008","sal00: Salinity, Practical [PSU]","sigma-00: Density [sigma-theta, Kg/m^3]","potemp090C: Potential Temperature [ITS-90, deg C]",flag: flag,"16.241,   2536.023","391,      60866","2.012,   2024.436","3.0822,    26.9742","3.245835,   5.721093","0.04818,    4.38941","-0.0607,     1.3901","-3.248e-08, 1.3549e+03","97.1857,   100.6729","-0.0268,     0.1142","0.2463,     0.3432","2.000,   2003.000","34.8177,    36.7470","23.8426,    27.7465","2.9266,    26.9728","0.0000e+00, 0.0000e+00",,,,,,,,,,F:\CTDDATA\CR32503.hex,5671,4057,31.0,4.0,1.0,Mar 10 2014 11:23:42,,,16,2002,specified,meters: 1,Mar 10 2014 11:23:42 [System UpLoad Time],-9.99e-29,"Mar 10 2014 12:40:41, 7.22.0 [datcnv_vars = 11]",f:\ctddata\cr32503.hex f:\ctddata\dec12.xmlcon,300,yes,yes,ascii,1.0,9600.0,1.0,,Mar 10 2014 05:53:42,Mar 10 2014  05:54:24,Append to Every Scan,,,,,,,,,,,,,,,,"Mar 10 2014 12:40:59, 7.22.0",f:\ctddata\cr32503.cnv,"0.0300, 0.0000","7.0000, 0.0000","primary,",,,,,"Mar 10 2014 12:41:02, 7.22.0 [derive_vars = 4]",f:\ctddata\cr32503.cnv f:\ctddata\Dec12.xmlcon,"Mar 10 2014 12:41:05, 7.22.0",f:\ctddata\cr32503.cnv,meters,1.0,yes,0.0,"no, min = 0.000, max = 0.000, value = 0.000",,,,,,,,,,,,,,,,,,,,,,,,,,,,,,,,,,,,,,,,,,,,,,,,,,,,,"Mar 10 2014 12:40:56, 7.22.0",F:\CTDDATA\cr32503.cnv,sbeox0ML/L 2.000,,,4800.0,
cr32504.cnv,SS-325_DATA,SS-325_DATA\CR325 CTD Data,Sea-Bird SBE 9 Data File,Sagar Sampada,CR325,Stn32504,4015m,,13 27.27 N,067 06.52 E,13.4545,67.108667,10-03-14 20:26:46,"timeS: Time, Elapsed [seconds]",scan: Scan Count,"prDM: Pressure, Digiquartz [db]","t090C: Temperature [ITS-90, deg C]",c0S/m: Conductivity [S/m],"sbeox0ML/L: Oxygen, SBE 43 [ml/l]","flECO-AFL: Fluorescence, WET Labs ECO-AFL/FL [mg/m^3]","par: PAR/Irradiance, Biospherical/Licor","CStarTr0: Beam Transmission, WET Labs C-Star [%]","CStarAt0: Beam Attenuation, WET Labs C-Star [1/m]","turbWETntu0: Turbidity, WET Labs ECO [NTU]","depSM: Depth [salt water, m], lat = 13.4545","sal00: Salinity, Practical [PSU]","sigma-00: Density [sigma-theta, Kg/m^3]","potemp090C: Potential Temperature [ITS-90, deg C]",flag: flag,"18.272,    372.215","440,       8934","2.012,    301.964","13.3238,    27.4426","4.186456,   5.691514","0.05837,    4.63082","-0.0159,     1.1190","-9.269e-06, 1.2618e+00","97.4035,    99.9589","0.0017,     0.1053","0.2436,     0.3041","2.000,    300.000","35.3942,    36.6641","23.2105,    26.6667","13.2813,    27.4414","0.0000e+00, 0.0000e+00",,,,,,,,,,F:\CTDDATA\CR32504.hex,5671,4057,31.0,4.0,1.0,Mar 10 2014 20:26:46,,,16,299,specified,meters: 1,Mar 10 2014 20:26:46 [System UpLoad Time],-9.99e-29,"Mar 10 2014 20:40:13, 7.22.0 [datcnv_vars = 11]",f:\ctddata\cr32504.hex f:\ctddata\dec12.xmlcon,300,yes,yes,ascii,1.0,9600.0,1.0,,Mar 10 2014 14:56:46,Mar 10 2014  14:57:28,Append to Every Scan,,,,,,,,,,,,,,,,"Mar 10 2014 20:40:24, 7.22.0",f:\ctddata\cr32504.cnv,"0.0300, 0.0000","7.0000, 0.0000","primary,",,,,,"Mar 10 2014 20:40:25, 7.22.0 [derive_vars = 4]",f:\ctddata\cr32504.cnv f:\ctddata\Dec12.xmlcon,"Mar 10 2014 20:40:25, 7.22.0",f:\ctddata\cr32504.cnv,meters,1.0,yes,0.0,"no, min = 0.000, max = 0.000, value = 0.000",,,,,,,,,,,,,,,,,,,,,,,,,,,,,,,,,,,,,,,,,,,,,,,,,,,,,"Mar 10 2014 20:40:24, 7.22.0",F:\CTDDATA\cr32504.cnv,sbeox0ML/L 2.000,,,4800.0,
cr32505.cnv,SS-325_DATA,SS-325_DATA\CR325 CTD Data,Sea-Bird SBE 9 Data File,Sagar Sampada,CR325,Stn32505,4106m,,13 00.06 N,066 59.93 E,13.001,66.998833,11-03-14 01:07:20,"timeS: Time, Elapsed [seconds]",scan: Scan Count,"prDM: Pressure, Digiquartz [db]","t090C: Temperature [ITS-90, deg C]",c0S/m: Conductivity [S/m],"sbeox0ML/L: Oxygen, SBE 43 [ml/l]","flECO-AFL: Fluorescence, WET Labs ECO-AFL/FL [mg/m^3]","par: PAR/Irradiance, Biospherical/Licor","CStarTr0: Beam Transmission, WET Labs C-Star [%]","CStarAt0: Beam Attenuation, WET Labs C-Star [1/m]","turbWETntu0: Turbidity, WET Labs ECO [NTU]","depSM: Depth [salt water, m], lat = 13.001","sal00: Salinity, Practical [PSU]","sigma-00: Density [sigma-theta, Kg/m^3]","potemp090C: Potential Temperature [ITS-90, deg C]",flag: flag,"17.758,   2597.488","427,      62341","3.017,   2024.351","3.1292,    27.4023","3.250065,   5.709952","0.05276,    4.70092","-0.0297,     1.1177","-2.325e-07, 8.8596e-01","97.8696,   100.4203","-0.0168,     0.0861","0.2478,     0.4454","3.000,   2003.000","34.8186,    36.4252","23.1442,    27.7428","2.9729,    27.4012","0.0000e+00, 0.0000e+00",,,,,,,,,,F:\CTDDATA\CR32505.hex,5671,4057,31.0,4.0,1.0,Mar 11 2014 01:07:20,,,16,2001,specified,meters: 1,Mar 11 2014 01:07:20 [System UpLoad Time],-9.99e-29,"Mar 11 2014 02:40:06, 7.22.0 [datcnv_vars = 11]",f:\ctddata\cr32505.hex f:\ctddata\dec12.xmlcon,300,yes,yes,ascii,1.0,9600.0,1.0,,Mar 10 2014 19:37:20,Mar 10 2014  19:38:02,Append to Every Scan,,,,,,,,,,,,,,,,"Mar 11 2014 02:40:24, 7.22.0",f:\ctddata\cr32505.cnv,"0.0300, 0.0000","7.0000, 0.0000","primary,",,,,,"Mar 11 2014 02:40:27, 7.22.0 [derive_vars = 4]",f:\ctddata\cr32505.cnv f:\ctddata\Dec12.xmlcon,"Mar 11 2014 02:40:31, 7.22.0",f:\ctddata\cr32505.cnv,meters,1.0,yes,0.0,"no, min = 0.000, max = 0.000, value = 0.000",,,,,,,,,,,,,,,,,,,,,,,,,,,,,,,,,,,,,,,,,,,,,,,,,,,,,"Mar 11 2014 02:40:21, 7.22.0",F:\CTDDATA\cr32505.cnv,sbeox0ML/L 2.000,,,4800.0,
cr32506.cnv,SS-325_DATA,SS-325_DATA\CR325 CTD Data,Sea-Bird SBE 9 Data File,Sagar Sampada,CR325,Stn32506,4230m,,11 00.00 N,067 00.04 E,11.0,67.000667,11-03-14 23:01:24,"timeS: Time, Elapsed [seconds]",scan: Scan Count,"prDM: Pressure, Digiquartz [db]","t090C: Temperature [ITS-90, deg C]",c0S/m: Conductivity [S/m],"sbeox0ML/L: Oxygen, SBE 43 [ml/l]","flECO-AFL: Fluorescence, WET Labs ECO-AFL/FL [mg/m^3]","par: PAR/Irradiance, Biospherical/Licor","CStarTr0: Beam Transmission, WET Labs C-Star [%]","CStarAt0: Beam Attenuation, WET Labs C-Star [1/m]","turbWETntu0: Turbidity, WET Labs ECO [NTU]","depSM: Depth [salt water, m], lat = 11.3867","sal00: Salinity, Practical [PSU]","sigma-00: Density [sigma-theta, Kg/m^3]","potemp090C: Potential Temperature [ITS-90, deg C]",flag: flag,"18.284,   1977.216","440,      47454","3.017,   1578.919","4.6460,    28.7466","3.375142,   5.784903","0.06143,    4.42792","-0.0341,     0.6233","1.0000e-12, 5.9513e-01","98.7236,   100.3181","-0.0127,     0.0514","0.2384,     0.3196","3.000,   1564.000","34.2149,    36.4956","21.5607,    27.6617","4.5111,    28.7440","0.0000e+00, 0.0000e+00",,,,,,,,,,F:\CTDDATA\CR32506.hex,5671,4057,31.0,4.0,1.0,Mar 11 2014 23:01:24,,,16,1562,specified,meters: 1,Mar 11 2014 11:01:24 [System UpLoad Time],-9.99e-29,"Mar 11 2014 21:21:39, 7.22.0 [datcnv_vars = 11]",f:\ctddata\cr32506.hex f:\ctddata\dec12.xmlcon,300,yes,yes,ascii,1.0,9600.0,1.0,,Mar 11 2014 17:30:24,Mar 11 2014  17:30:08,Append to Every Scan,,,,,,,,,,,,,,,,"Mar 11 2014 21:21:54, 7.22.0",f:\ctddata\cr32506.cnv,"0.0300, 0.0000","7.0000, 0.0000","primary,",,,,,"Mar 11 2014 21:21:56, 7.22.0 [derive_vars = 4]",f:\ctddata\cr32506.cnv f:\ctddata\Dec12.xmlcon,"Mar 11 2014 21:21:58, 7.22.0",f:\ctddata\cr32506.cnv,meters,1.0,yes,0.0,"no, min = 0.000, max = 0.000, value = 0.000",,,,,,,,,,,,,,,,,,,,,,,,,,,,,,,,,,,,,,,,,,,,,,,,,,,,,"Mar 11 2014 21:21:52, 7.22.0",F:\CTDDATA\cr32506.cnv,sbeox0ML/L 2.000,,,4800.0,
cr32507.cnv,SS-325_DATA,SS-325_DATA\CR325 CTD Data,Sea-Bird SBE 9 Data File,Sagar Sampada,CR325,stn32507,4360m,,10 41.30 N,066 58.79 E,10.688333,66.979833,12-03-14 07:34:19,"timeS: Time, Elapsed [seconds]",scan: Scan Count,"prDM: Pressure, Digiquartz [db]","t090C: Temperature [ITS-90, deg C]",c0S/m: Conductivity [S/m],"sbeox0ML/L: Oxygen, SBE 43 [ml/l]","flECO-AFL: Fluorescence, WET Labs ECO-AFL/FL [mg/m^3]","par: PAR/Irradiance, Biospherical/Licor","CStarTr0: Beam Transmission, WET Labs C-Star [%]","CStarAt0: Beam Attenuation, WET Labs C-Star [1/m]","turbWETntu0: Turbidity, WET Labs ECO [NTU]","depSM: Depth [salt water, m], lat = 10.6883","sal00: Salinity, Practical [PSU]","sigma-00: Density [sigma-theta, Kg/m^3]","potemp090C: Potential Temperature [ITS-90, deg C]",flag: flag,"1.224,    378.396","30,       9083","2.011,    204.259","16.7935,    28.7004","4.520639,   5.763252","0.05721,    4.35517","-0.0352,     0.8135","1.0000e-12, 4.2075e+01","98.2622,   100.0845","-0.0034,     0.0701","0.2402,     0.3343","2.000,    203.000","33.7154,    35.9422","21.2092,    25.9501","16.7607,    28.6946","0.0000e+00, 0.0000e+00",,,,,,,,,,F:\CTDDATA\CR32507.hex,5671,4057,31.0,4.0,1.0,Mar 12 2014 07:34:19,,,16,202,specified,meters: 1,Mar 12 2014 07:34:19 [System UpLoad Time],-9.99e-29,"Mar 12 2014 07:50:30, 7.22.0 [datcnv_vars = 11]",f:\ctddata\cr32507.hex f:\ctddata\dec12.xmlcon,300,yes,yes,ascii,1.0,9600.0,1.0,,Mar 12 2014 02:04:19,Mar 12 2014  02:05:03,Append to Every Scan,,,,,,,,,,,,,,,,"Mar 12 2014 07:50:45, 7.22.0",f:\ctddata\cr32507.cnv,"0.0300, 0.0000","7.0000, 0.0000","primary,",,,,,"Mar 12 2014 07:50:46, 7.22.0 [derive_vars = 4]",f:\ctddata\cr32507.cnv f:\ctddata\Dec12.xmlcon,"Mar 12 2014 07:50:46, 7.22.0",f:\ctddata\cr32507.cnv,meters,1.0,yes,0.0,"no, min = 0.000, max = 0.000, value = 0.000",,,,,,,,,,,,,,,,,,,,,,,,,,,,,,,,,,,,,,,,,,,,,,,,,,,,,"Mar 12 2014 07:50:45, 7.22.0",F:\CTDDATA\cr32507.cnv,sbeox0ML/L 2.000,,,4800.0,
cr32508.cnv,SS-325_DATA,SS-325_DATA\CR325 CTD Data,Sea-Bird SBE 9 Data File,Sagar Sampada,CR325,Stn32508,4400m,,10 00.28 N,066 59.76 E,10.004667,66.996,12-03-14 14:51:27,"timeS: Time, Elapsed [seconds]",scan: Scan Count,"prDM: Pressure, Digiquartz [db]","t090C: Temperature [ITS-90, deg C]",c0S/m: Conductivity [S/m],"sbeox0ML/L: Oxygen, SBE 43 [ml/l]","flECO-AFL: Fluorescence, WET Labs ECO-AFL/FL [mg/m^3]","par: PAR/Irradiance, Biospherical/Licor","CStarTr0: Beam Transmission, WET Labs C-Star [%]","CStarAt0: Beam Attenuation, WET Labs C-Star [1/m]","turbWETntu0: Turbidity, WET Labs ECO [NTU]","depSM: Depth [salt water, m], lat = 10.0047","sal00: Salinity, Practical [PSU]","sigma-00: Density [sigma-theta, Kg/m^3]","potemp090C: Potential Temperature [ITS-90, deg C]",flag: flag,"18.572,   2595.890","447,      62302","3.017,   2023.116","2.8098,    28.9975","3.219186,   5.659006","0.06397,    4.34246","-0.0405,     1.4128","-3.070e-08, 3.3425e+02","97.1624,   100.1397","-0.0056,     0.1151","0.2263,     0.3167","3.000,   2002.000","34.2918,    35.7259","21.6070,    27.7457","2.6584,    28.9965","0.0000e+00, 0.0000e+00",,,,,,,,,,F:\CTDDATA\CR32508.hex,5671,4057,31.0,4.0,1.0,Mar 12 2014 14:51:27,,,16,2000,specified,meters: 1,Mar 12 2014 14:51:27 [System UpLoad Time],-9.99e-29,"Mar 12 2014 16:04:38, 7.22.0 [datcnv_vars = 11]",f:\ctddata\cr32508.hex f:\ctddata\dec12.xmlcon,300,yes,yes,ascii,1.0,9600.0,1.0,,Mar 12 2014 09:21:27,Mar 12 2014  09:22:11,Append to Every Scan,,,,,,,,,,,,,,,,"Mar 12 2014 16:04:58, 7.22.0",f:\ctddata\cr32508.cnv,"0.0300, 0.0000","7.0000, 0.0000","primary,",,,,,"Mar 12 2014 16:05:00, 7.22.0 [derive_vars = 4]",f:\ctddata\cr32508.cnv f:\ctddata\Dec12.xmlcon,"Mar 12 2014 16:05:03, 7.22.0",f:\ctddata\cr32508.cnv,meters,1.0,yes,0.0,"no, min = 0.000, max = 0.000, value = 0.000",,,,,,,,,,,,,,,,,,,,,,,,,,,,,,,,,,,,,,,,,,,,,,,,,,,,,"Mar 12 2014 16:04:56, 7.22.0",F:\CTDDATA\cr32508.cnv,sbeox0ML/L 2.000,,,4800.0,
cr32509.cnv,SS-325_DATA,SS-325_DATA\CR325 CTD Data,Sea-Bird SBE 9 Data File,Sagar Sampada,CR325,Stn32509,4300m,,10 59.31 N,067 03.48 E,10.9885,67.058,13-03-14 07:48:14,"timeS: Time, Elapsed [seconds]",scan: Scan Count,"prDM: Pressure, Digiquartz [db]","t090C: Temperature [ITS-90, deg C]",c0S/m: Conductivity [S/m],"sbeox0ML/L: Oxygen, SBE 43 [ml/l]","flECO-AFL: Fluorescence, WET Labs ECO-AFL/FL [mg/m^3]","par: PAR/Irradiance, Biospherical/Licor","CStarTr0: Beam Transmission, WET Labs C-Star [%]","CStarAt0: Beam Attenuation, WET Labs C-Star [1/m]","turbWETntu0: Turbidity, WET Labs ECO [NTU]","depSM: Depth [salt water, m], lat = 10.9885","sal00: Salinity, Practical [PSU]","sigma-00: Density [sigma-theta, Kg/m^3]","potemp090C: Potential Temperature [ITS-90, deg C]",flag: flag,"16.533,    332.344","398,       7977","2.011,    203.255","17.0923,    28.6739","4.563761,   5.773033","0.05619,    4.29712","-0.0258,     0.7477","1.0000e-12, 9.0492e+01","98.0375,    99.6104","0.0156,     0.0793","0.2408,     0.2947","2.000,    202.000","34.1057,    36.0776","21.5013,    25.8735","17.0584,    28.6732","0.0000e+00, 0.0000e+00",,,,,,,,,,F:\CTDDATA\CR32509.hex,5671,4057,31.0,4.0,1.0,Mar 13 2014 07:48:14,,,16,201,specified,meters: 1,Mar 13 2014 07:48:14 [System UpLoad Time],-9.99e-29,"Mar 13 2014 07:58:58, 7.22.0 [datcnv_vars = 11]",f:\ctddata\cr32509.hex f:\ctddata\dec12.xmlcon,300,yes,yes,ascii,1.0,9600.0,1.0,,Mar 13 2014 02:18:14,Mar 13 2014  02:18:59,Append to Every Scan,,,,,,,,,,,,,,,,"Mar 13 2014 07:59:13, 7.22.0",f:\ctddata\cr32509.cnv,"0.0300, 0.0000","7.0000, 0.0000","primary,",,,,,"Mar 13 2014 07:59:14, 7.22.0 [derive_vars = 4]",f:\ctddata\cr32509.cnv f:\ctddata\Dec12.xmlcon,"Mar 13 2014 07:59:14, 7.22.0",f:\ctddata\cr32509.cnv,meters,1.0,yes,0.0,"no, min = 0.000, max = 0.000, value = 0.000",,,,,,,,,,,,,,,,,,,,,,,,,,,,,,,,,,,,,,,,,,,,,,,,,,,,,"Mar 13 2014 07:59:13, 7.22.0",F:\CTDDATA\cr32509.cnv,sbeox0ML/L 2.000,,,4800.0,
cr32510.cnv,SS-325_DATA,SS-325_DATA\CR325 CTD Data,Sea-Bird SBE 9 Data File,Sagar Sampada,CR325,Stn32510,4460m,,10 00.06 N,067 59.73 E,10.001,67.9955,13-03-14 21:06:33,"timeS: Time, Elapsed [seconds]",scan: Scan Count,"prDM: Pressure, Digiquartz [db]","t090C: Temperature [ITS-90, deg C]",c0S/m: Conductivity [S/m],"sbeox0ML/L: Oxygen, SBE 43 [ml/l]","flECO-AFL: Fluorescence, WET Labs ECO-AFL/FL [mg/m^3]","par: PAR/Irradiance, Biospherical/Licor","CStarTr0: Beam Transmission, WET Labs C-Star [%]","CStarAt0: Beam Attenuation, WET Labs C-Star [1/m]","turbWETntu0: Turbidity, WET Labs ECO [NTU]","depSM: Depth [salt water, m], lat = 10.001","sal00: Salinity, Practical [PSU]","sigma-00: Density [sigma-theta, Kg/m^3]","potemp090C: Potential Temperature [ITS-90, deg C]",flag: flag,"13.748,   2730.742","331,      65539","2.011,   2023.116","2.8534,    28.8327","3.223479,   5.785750","0.11744,    4.36813","-0.0357,     0.5250","1.0000e-12, 9.8253e-01","98.6693,   100.1428","-0.0057,     0.0536","0.2384,     0.3067","2.000,   2002.000","33.9341,    36.1973","21.3527,    27.7463","2.7014,    28.8138","0.0000e+00, 0.0000e+00",,,,,,,,,,F:\CTDDATA\CR32510.hex,5671,4057,31.0,4.0,1.0,Mar 13 2014 21:06:33,,,16,2001,specified,meters: 1,Mar 13 2014 21:06:33 [System UpLoad Time],-9.99e-29,"Mar 13 2014 22:32:38, 7.22.0 [datcnv_vars = 11]",f:\ctddata\cr32510.hex f:\ctddata\dec12.xmlcon,300,yes,yes,ascii,1.0,9600.0,1.0,,Mar 13 2014 15:36:33,Mar 13 2014  15:37:17,Append to Every Scan,,,,,,,,,,,,,,,,"Mar 13 2014 22:32:57, 7.22.0",f:\ctddata\cr32510.cnv,"0.0300, 0.0000","7.0000, 0.0000","primary,",,,,,"Mar 13 2014 22:33:00, 7.22.0 [derive_vars = 4]",f:\ctddata\cr32510.cnv f:\ctddata\Dec12.xmlcon,"Mar 13 2014 22:33:03, 7.22.0",f:\ctddata\cr32510.cnv,meters,1.0,yes,0.0,"no, min = 0.000, max = 0.000, value = 0.000",,,,,,,,,,,,,,,,,,,,,,,,,,,,,,,,,,,,,,,,,,,,,,,,,,,,,"Mar 13 2014 22:32:54, 7.22.0",F:\CTDDATA\cr32510.cnv,sbeox0ML/L 2.000,,,4800.0,
cr32511.cnv,SS-325_DATA,SS-325_DATA\CR325 CTD Data,Sea-Bird SBE 9 Data File,Sagar Sampada,CR325,Stn32511,3860m,,10 03.07 N,071 26.20 E,10.051167,71.436667,15-03-14 07:31:41,"timeS: Time, Elapsed [seconds]",scan: Scan Count,"prDM: Pressure, Digiquartz [db]","t090C: Temperature [ITS-90, deg C]",c0S/m: Conductivity [S/m],"sbeox0ML/L: Oxygen, SBE 43 [ml/l]","flECO-AFL: Fluorescence, WET Labs ECO-AFL/FL [mg/m^3]","par: PAR/Irradiance, Biospherical/Licor","CStarTr0: Beam Transmission, WET Labs C-Star [%]","CStarAt0: Beam Attenuation, WET Labs C-Star [1/m]","turbWETntu0: Turbidity, WET Labs ECO [NTU]","depSM: Depth [salt water, m], lat = 10.0512","sal00: Salinity, Practical [PSU]","sigma-00: Density [sigma-theta, Kg/m^3]","potemp090C: Potential Temperature [ITS-90, deg C]",flag: flag,"16.659,    310.664","401,       7457","2.011,    201.235","15.3017,    29.1770","4.354268,   5.830128","0.06910,    4.33092","-0.0253,     0.6763","1.0000e-12, 1.3888e+02","98.3935,    99.8959","0.0041,     0.0648","0.2399,     0.2942","2.000,    200.000","34.2243,    35.9706","21.4371,    26.0788","15.2707,    29.1761","0.0000e+00, 0.0000e+00",,,,,,,,,,F:\CTDDATA\CR32511.hex,5671,4057,31.0,4.0,1.0,Mar 15 2014 07:31:41,,,16,199,specified,meters: 1,Mar 15 2014 07:31:41 [System UpLoad Time],-9.99e-29,"Mar 15 2014 07:40:42, 7.22.0 [datcnv_vars = 11]",f:\ctddata\cr32511.hex f:\ctddata\dec12.xmlcon,300,yes,yes,ascii,1.0,9600.0,1.0,,Mar 15 2014 02:01:41,Mar 15 2014  02:02:25,Append to Every Scan,,,,,,,,,,,,,,,,"Mar 15 2014 07:40:53, 7.22.0",f:\ctddata\cr32511.cnv,"0.0300, 0.0000","7.0000, 0.0000","primary,",,,,,"Mar 15 2014 07:40:53, 7.22.0 [derive_vars = 4]",f:\ctddata\cr32511.cnv f:\ctddata\Dec12.xmlcon,"Mar 15 2014 07:40:53, 7.22.0",f:\ctddata\cr32511.cnv,meters,1.0,yes,0.0,"no, min = 0.000, max = 0.000, value = 0.000",,,,,,,,,,,,,,,,,,,,,,,,,,,,,,,,,,,,,,,,,,,,,,,,,,,,,"Mar 15 2014 07:40:52, 7.22.0",F:\CTDDATA\cr32511.cnv,sbeox0ML/L 2.000,,,4800.0,
cr32512.cnv,SS-325_DATA,SS-325_DATA\CR325 CTD Data,Sea-Bird SBE 9 Data File,Sagar Sampada,CR325,Stn32512,1926m,,10 59.39 N,073 07.05 E,10.989833,73.1175,16-03-14 11:33:00,"timeS: Time, Elapsed [seconds]",scan: Scan Count,"prDM: Pressure, Digiquartz [db]","t090C: Temperature [ITS-90, deg C]",c0S/m: Conductivity [S/m],"sbeox0ML/L: Oxygen, SBE 43 [ml/l]","flECO-AFL: Fluorescence, WET Labs ECO-AFL/FL [mg/m^3]","par: PAR/Irradiance, Biospherical/Licor","CStarTr0: Beam Transmission, WET Labs C-Star [%]","CStarAt0: Beam Attenuation, WET Labs C-Star [1/m]","turbWETntu0: Turbidity, WET Labs ECO [NTU]","depSM: Depth [salt water, m], lat = 10.9898","sal00: Salinity, Practical [PSU]","sigma-00: Density [sigma-theta, Kg/m^3]","potemp090C: Potential Temperature [ITS-90, deg C]",flag: flag,"4.136,    623.107","100,      14956","2.011,    453.068","11.4192,    29.3912","3.991290,   5.797949","0.14948,    4.77414","-0.1100,     0.7656","-1.708e-05, 1.3509e+03","98.0716,    99.7614","0.0095,     0.0779","0.2355,     0.2834","2.000,    450.000","32.9214,    36.2495","20.3738,    26.9165","11.3611,    29.3907","0.0000e+00, 0.0000e+00",,,,,,,,,,F:\CTDDATA\CR32512.hex,5671,4057,31.0,4.0,1.0,Mar 16 2014 11:33:00,,,16,449,specified,meters: 1,Mar 16 2014 11:33:00 [System UpLoad Time],-9.99e-29,"Mar 16 2014 11:51:24, 7.22.0 [datcnv_vars = 11]",f:\ctddata\cr32512.hex f:\ctddata\dec12.xmlcon,300,yes,yes,ascii,1.0,9600.0,1.0,,Mar 16 2014 06:03:00,Mar 16 2014  06:03:47,Append to Every Scan,,,,,,,,,,,,,,,,"Mar 16 2014 11:51:38, 7.22.0",f:\ctddata\cr32512.cnv,"0.0300, 0.0000","7.0000, 0.0000","primary,",,,,,"Mar 16 2014 11:51:39, 7.22.0 [derive_vars = 4]",f:\ctddata\cr32512.cnv f:\ctddata\Dec12.xmlcon,"Mar 16 2014 11:51:39, 7.22.0",f:\ctddata\cr32512.cnv,meters,1.0,yes,0.0,"no, min = 0.000, max = 0.000, value = 0.000",,,,,,,,,,,,,,,,,,,,,,,,,,,,,,,,,,,,,,,,,,,,,,,,,,,,,"Mar 16 2014 11:51:37, 7.22.0",F:\CTDDATA\cr32512.cnv,sbeox0ML/L 2.000,,,4800.0,
cr32513.cnv,SS-325_DATA,SS-325_DATA\CR325 CTD Data,Sea-Bird SBE 9 Data File,Sagar Sampada,CR325,Stn32513,1900m,,10 24.06 N,073 11.78 E,10.401,73.196333,16-03-14 20:03:21,"timeS: Time, Elapsed [seconds]",scan: Scan Count,"prDM: Pressure, Digiquartz [db]","t090C: Temperature [ITS-90, deg C]",c0S/m: Conductivity [S/m],"sbeox0ML/L: Oxygen, SBE 43 [ml/l]","flECO-AFL: Fluorescence, WET Labs ECO-AFL/FL [mg/m^3]","par: PAR/Irradiance, Biospherical/Licor","CStarTr0: Beam Transmission, WET Labs C-Star [%]","CStarAt0: Beam Attenuation, WET Labs C-Star [1/m]","turbWETntu0: Turbidity, WET Labs ECO [NTU]","depSM: Depth [salt water, m], lat = 10.401","sal00: Salinity, Practical [PSU]","sigma-00: Density [sigma-theta, Kg/m^3]","potemp090C: Potential Temperature [ITS-90, deg C]",flag: flag,"9.974,    573.124","240,      13756","2.011,    405.693","11.5671,    29.3929","3.996809,   5.818142","0.15927,    4.38531","-0.0365,     0.7695","1.0000e-12, 1.0773e+00","98.1374,    99.8280","0.0069,     0.0752","0.2392,     0.2809","2.000,    403.000","34.3508,    36.2091","21.4498,    26.8370","11.5148,    29.3924","0.0000e+00, 0.0000e+00",,,,,,,,,,F:\CTDDATA\CR32513.hex,5671,4057,31.0,4.0,1.0,Mar 16 2014 20:03:21,,,16,402,specified,meters: 1,Mar 16 2014 20:03:21 [System UpLoad Time],-9.99e-29,"Mar 16 2014 20:19:17, 7.22.0 [datcnv_vars = 11]",f:\ctddata\cr32513.hex f:\ctddata\dec12.xmlcon,300,yes,yes,ascii,1.0,9600.0,1.0,,Mar 16 2014 14:33:21,Mar 16 2014  14:34:06,Append to Every Scan,,,,,,,,,,,,,,,,"Mar 16 2014 20:19:29, 7.22.0",f:\ctddata\cr32513.cnv,"0.0300, 0.0000","7.0000, 0.0000","primary,",,,,,"Mar 16 2014 20:19:30, 7.22.0 [derive_vars = 4]",f:\ctddata\cr32513.cnv f:\ctddata\Dec12.xmlcon,"Mar 16 2014 20:19:31, 7.22.0",f:\ctddata\cr32513.cnv,meters,1.0,yes,0.0,"no, min = 0.000, max = 0.000, value = 0.000",,,,,,,,,,,,,,,,,,,,,,,,,,,,,,,,,,,,,,,,,,,,,,,,,,,,,"Mar 16 2014 20:19:29, 7.22.0",F:\CTDDATA\cr32513.cnv,sbeox0ML/L 2.000,,,4800.0,
stn283incois1.cnv,SS283 (IO5-10-SP),SS283 (IO5-10-SP)\CTD_Data,Sea-Bird SBE 9 Data File,FORV Sagar Sampada,CR 283 incoise,283incoise1,4552M,,02 31.026N,080 31.47E,2.5171,80.5245,11-12-10 01:59:13,"prDM: Pressure, Digiquartz [db]",c0mS/cm: Conductivity [mS/cm],"sbeox0ML/L: Oxygen, SBE 43 [ml/l]","t090C: Temperature [ITS-90, deg C]","xmiss: Beam Transmission, Chelsea/Seatech/Wetlab CStar [%]","bat: Beam Attenuation, Chelsea/Seatech/Wetlab CStar [1/m]","depSM: Depth [salt water, m], lat = 10",sal00: Salinity [PSU],"potemp090C: Potential Temperature [ITS-90, deg C]","sigma-t00: Density [sigma-t, Kg/m^3 ]",flag: flag,,,,,,"4.023,   2022.101","32.151911,  58.048189","-1.62012,   -0.73169","2.7629,    28.3774","97.4712,    98.9236","0.0433,     0.1024","4.000,   2001.000","34.1653,    35.9859","2.6124,    28.3615","21.6660,    27.7390","0.0000e+00, 0.0000e+00",,,,,,"Frequency  0  temperature, 2881, 23jan2008","Frequency  1  conductivity, 2504, 8 jan 2008, cpcor = -9.5700e-08","Frequency  2  pressure, 43433, 21july2000","Extrnl Volt  0  Oxygen, SBE, primary, 0527, 23-jan-08","Extrnl Volt  2  transmissometer, primary, 01245",,,,,E:\ctddata\stn283incoise1.dat,2881,2504,18.0,2.0,1.0,Dec 11 2010 01:59:13,,,11,1998,specified,meters: 1,Dec 11 2010 01:59:13,-9.99e-29,"Dec 11 2010 03:16:10, 5.31a",e:\ctddata\stn283incoise1.dat E:\ctddata\NPL1.con,0,,,ascii,,,,,,,,,"Dec 11 2010 03:16:17, 5.31a",e:\ctddata\stn283incoise1.cnv,2.0,20.0,0.0,100.0,prDM c0mS/cm sbeox0ML/L t090C xmiss bat,yes,"Dec 11 2010 03:16:53, 5.31a",e:\ctddata\stn283incoise1.cnv,0.03,0.15,c0mS/cm sbeox0ML/L t090C xmiss bat,prDM,"Dec 11 2010 03:16:40, 5.31a",e:\ctddata\stn283incoise1.cnv,"0.0300, 0.0000","7.0000, 0.0000","primary,","Dec 11 2010 03:17:15, 5.31a",e:\ctddata\stn283incoise1.cnv,"0.250, ws = 300, percent = 5.00",yes,"Dec 11 2010 03:17:32, 5.31a",e:\ctddata\stn283incoise1.cnv E:\ctddata\NPL1.con,"Dec 11 2010 03:17:48, 5.31a",e:\ctddata\stn283incoise1.cnv,meters,1.0,yes,0.0,"no, min = 0.000, max = 0.000, value = 0.000",,,,,,,,,,,,,,,,,,,,,,,,,,,,,,,,,,,,,,,,,,,,,,,,,,,,,"Dec 11 2010 03:16:28, 5.31a",e:\ctddata\stn283incoise1.cnv,sbeox0ML/L 2.000,,,,
stn283incois2.cnv,SS283 (IO5-10-SP),SS283 (IO5-10-SP)\CTD_Data,Sea-Bird SBE 9 Data File,FORV Sagar Sampada,CR 283 incoise,283incois2,4500M,,0.095S,083 01.481E,-0.001583,83.024683,12-12-10 05:08:53,"prDM: Pressure, Digiquartz [db]",c0mS/cm: Conductivity [mS/cm],"sbeox0ML/L: Oxygen, SBE 43 [ml/l]","t090C: Temperature [ITS-90, deg C]","xmiss: Beam Transmission, Chelsea/Seatech/Wetlab CStar [%]","bat: Beam Attenuation, Chelsea/Seatech/Wetlab CStar [1/m]","depSM: Depth [salt water, m], lat = 10",sal00: Salinity [PSU],"potemp090C: Potential Temperature [ITS-90, deg C]","sigma-t00: Density [sigma-t, Kg/m^3 ]",flag: flag,,,,,,"4.023,    908.104","36.016778,  57.298186","-1.23578,   -0.70769","7.3671,    28.4793","97.2392,    98.9784","0.0412,     0.1120","4.000,    901.000","33.9078,    35.7449","7.2753,    28.4740","21.4581,    27.3574","0.0000e+00, 0.0000e+00",,,,,,"Frequency  0  temperature, 2881, 23jan2008","Frequency  1  conductivity, 2504, 8 jan 2008, cpcor = -9.5700e-08","Frequency  2  pressure, 43433, 21july2000","Extrnl Volt  0  Oxygen, SBE, primary, 0527, 23-jan-08","Extrnl Volt  2  transmissometer, primary, 01245",,,,,E:\ctddata\stn283incoise2.dat,2881,2504,18.0,2.0,1.0,Dec 12 2010 05:08:53,,,11,898,specified,meters: 1,Dec 12 2010 05:08:53,-9.99e-29,"Dec 12 2010 06:40:23, 5.31a",e:\ctddata\stn283incoise2.dat E:\ctddata\NPL1.con,0,,,ascii,,,,,,,,,"Dec 12 2010 06:40:32, 5.31a",e:\ctddata\stn283incoise2.cnv,2.0,20.0,0.0,100.0,prDM c0mS/cm sbeox0ML/L t090C xmiss bat,yes,"Dec 12 2010 06:41:13, 5.31a",e:\ctddata\stn283incoise2.cnv,0.03,0.15,c0mS/cm sbeox0ML/L t090C xmiss bat,prDM,"Dec 12 2010 06:41:00, 5.31a",e:\ctddata\stn283incoise2.cnv,"0.0300, 0.0000","7.0000, 0.0000","primary,","Dec 12 2010 06:41:39, 5.31a",e:\ctddata\stn283incoise2.cnv,"0.250, ws = 300, percent = 5.00",yes,"Dec 12 2010 06:41:58, 5.31a",e:\ctddata\stn283incoise2.cnv E:\ctddata\NPL1.con,"Dec 12 2010 06:42:17, 5.31a",e:\ctddata\stn283incoise2.cnv,meters,1.0,yes,0.0,"no, min = 0.000, max = 0.000, value = 0.000",,,,,,,,,,,,,,,,,,,,,,,,,,,,,,,,,,,,,,,,,,,,,,,,,,,,,"Dec 12 2010 06:40:46, 5.31a",e:\ctddata\stn283incoise2.cnv,sbeox0ML/L 2.000,,,,
stn283incois3.cnv,SS283 (IO5-10-SP),SS283 (IO5-10-SP)\CTD_Data,Sea-Bird SBE 9 Data File,FORV Sagar Sampada,CR 283 incois,283incois3,4619,,00 02.063N,08 045.453E,0.034383,8.75755,15-12-10 00:03:48,"prDM: Pressure, Digiquartz [db]",c0mS/cm: Conductivity [mS/cm],"sbeox0ML/L: Oxygen, SBE 43 [ml/l]","t090C: Temperature [ITS-90, deg C]","xmiss: Beam Transmission, Chelsea/Seatech/Wetlab CStar [%]","bat: Beam Attenuation, Chelsea/Seatech/Wetlab CStar [1/m]","depSM: Depth [salt water, m], lat = 10",sal00: Salinity [PSU],"potemp090C: Potential Temperature [ITS-90, deg C]","sigma-t00: Density [sigma-t, Kg/m^3 ]",flag: flag,,,,,,"3.017,   1009.136","35.435024,  57.670247","-1.36120,    1.00477","6.7236,    28.3002","96.8802,    98.9683","0.0415,     0.1268","3.000,   1001.000","34.5197,    35.8832","6.6256,    28.2964","21.9434,    27.4197","0.0000e+00, 0.0000e+00",,,,,,"Frequency  0  temperature, 2881, 23jan2008","Frequency  1  conductivity, 2504, 8 jan 2008, cpcor = -9.5700e-08","Frequency  2  pressure, 43433, 21july2000","Extrnl Volt  0  Oxygen, SBE, primary, 0527, 23-jan-08","Extrnl Volt  2  transmissometer, primary, 01245",,,,,E:\ctddata\stn283incois3.dat,2881,2504,18.0,2.0,1.0,Dec 15 2010 00:03:48,,,11,999,specified,meters: 1,Dec 15 2010 00:03:48,-9.99e-29,"Dec 15 2010 01:37:20, 5.31a",e:\ctddata\stn283incois3.dat E:\ctddata\NPL1.con,0,,,ascii,,,,,,,,,"Dec 15 2010 01:37:28, 5.31a",e:\ctddata\stn283incois3.cnv,2.0,20.0,0.0,100.0,prDM c0mS/cm sbeox0ML/L t090C xmiss bat,yes,"Dec 15 2010 01:38:10, 5.31a",e:\ctddata\stn283incois3.cnv,0.03,0.15,c0mS/cm sbeox0ML/L t090C xmiss bat,prDM,"Dec 15 2010 01:37:56, 5.31a",e:\ctddata\stn283incois3.cnv,"0.0300, 0.0000","7.0000, 0.0000","primary,","Dec 15 2010 01:38:36, 5.31a",e:\ctddata\stn283incois3.cnv,"0.250, ws = 300, percent = 5.00",yes,"Dec 15 2010 01:38:56, 5.31a",e:\ctddata\stn283incois3.cnv E:\ctddata\NPL1.con,"Dec 15 2010 01:39:15, 5.31a",e:\ctddata\stn283incois3.cnv,meters,1.0,yes,0.0,"no, min = 0.000, max = 0.000, value = 0.000",,,,,,,,,,,,,,,,,,,,,,,,,,,,,,,,,,,,,,,,,,,,,,,,,,,,,"Dec 15 2010 01:37:42, 5.31a",e:\ctddata\stn283incois3.cnv,sbeox0ML/L 2.000,,,,
stn283incois4.cnv,SS283 (IO5-10-SP),SS283 (IO5-10-SP)\CTD_Data,Sea-Bird SBE 9 Data File,FORV Sagar Sampada,CR 283 incois,,4700m,,01 36.285S,08 02 6.193E,-1.60475,8.033333,15-12-10 23:54:51,"prDM: Pressure, Digiquartz [db]",c0mS/cm: Conductivity [mS/cm],"sbeox0ML/L: Oxygen, SBE 43 [ml/l]","t090C: Temperature [ITS-90, deg C]","xmiss: Beam Transmission, Chelsea/Seatech/Wetlab CStar [%]","bat: Beam Attenuation, Chelsea/Seatech/Wetlab CStar [1/m]","depSM: Depth [salt water, m], lat = 10",sal00: Salinity [PSU],"potemp090C: Potential Temperature [ITS-90, deg C]","sigma-t00: Density [sigma-t, Kg/m^3 ]",flag: flag,,,,,,"3.017,   1719.736","32.732226,  56.830679","-1.50067,   -0.67992","3.5380,    28.0236","97.1706,    99.0314","0.0389,     0.1148","3.000,   1703.000","34.8105,    35.4465","3.4038,    28.0220","22.6900,    27.6827","0.0000e+00, 0.0000e+00",,,,,,"Frequency  0  temperature, 2881, 23jan2008","Frequency  1  conductivity, 2504, 8 jan 2008, cpcor = -9.5700e-08","Frequency  2  pressure, 43433, 21july2000","Extrnl Volt  0  Oxygen, SBE, primary, 0527, 23-jan-08","Extrnl Volt  2  transmissometer, primary, 01245",,,,,E:\ctddata\stn283incois4.dat,2881,2504,18.0,2.0,1.0,Dec 15 2010 23:54:51,,,11,1701,specified,meters: 1,Dec 15 2010 23:54:51,-9.99e-29,"Dec 16 2010 01:48:11, 5.31a",e:\ctddata\stn283incois4.dat E:\ctddata\NPL1.con,0,,,ascii,,,,,,,,,"Dec 16 2010 01:48:21, 5.31a",e:\ctddata\stn283incois4.cnv,2.0,20.0,0.0,100.0,prDM c0mS/cm sbeox0ML/L t090C xmiss bat,yes,"Dec 16 2010 01:49:12, 5.31a",e:\ctddata\stn283incois4.cnv,0.03,0.15,c0mS/cm sbeox0ML/L t090C xmiss bat,prDM,"Dec 16 2010 01:48:55, 5.31a",e:\ctddata\stn283incois4.cnv,"0.0300, 0.0000","7.0000, 0.0000","primary,","Dec 16 2010 01:49:44, 5.31a",e:\ctddata\stn283incois4.cnv,"0.250, ws = 300, percent = 5.00",yes,"Dec 16 2010 01:50:07, 5.31a",e:\ctddata\stn283incois4.cnv E:\ctddata\NPL1.con,"Dec 16 2010 01:50:30, 5.31a",e:\ctddata\stn283incois4.cnv,meters,1.0,yes,0.0,"no, min = 0.000, max = 0.000, value = 0.000",,,,,,,,,,,,,,,,,,,,,,,,,,,,,,,,,,,,,,,,,,,,,,,,,,,,,"Dec 16 2010 01:48:38, 5.31a",e:\ctddata\stn283incois4.cnv,sbeox0ML/L 2.000,,,,
stn283incois5.cnv,SS283 (IO5-10-SP),SS283 (IO5-10-SP)\CTD_Data,Sea-Bird SBE 9 Data File,FORV Sagar Sampada,CR 283 incois,283incois5,4872M,,02 30.512S,080 30.696E,-2.508533,80.5116,17-12-10 04:30:40,"prDM: Pressure, Digiquartz [db]",c0mS/cm: Conductivity [mS/cm],"sbeox0ML/L: Oxygen, SBE 43 [ml/l]","t090C: Temperature [ITS-90, deg C]","xmiss: Beam Transmission, Chelsea/Seatech/Wetlab CStar [%]","bat: Beam Attenuation, Chelsea/Seatech/Wetlab CStar [1/m]","depSM: Depth [salt water, m], lat = 10",sal00: Salinity [PSU],"potemp090C: Potential Temperature [ITS-90, deg C]","sigma-t00: Density [sigma-t, Kg/m^3 ]",flag: flag,,,,,,"5.028,   2027.178","32.099667,  57.102512","-1.61311,   -0.68856","2.7096,    28.2415","97.3079,    98.9884","0.0407,     0.1092","5.000,   2006.000","34.7798,    35.6644","2.5595,    28.2403","22.6394,    27.7356","0.0000e+00, 0.0000e+00",,,,,,"Frequency  0  temperature, 2881, 23jan2008","Frequency  1  conductivity, 2504, 8 jan 2008, cpcor = -9.5700e-08","Frequency  2  pressure, 43433, 21july2000","Extrnl Volt  0  Oxygen, SBE, primary, 0527, 23-jan-08","Extrnl Volt  2  transmissometer, primary, 01245",,,,,E:\ctddata\stn283incois5.dat,2881,2504,18.0,2.0,1.0,Dec 17 2010 04:30:40,,,11,2002,specified,meters: 1,Dec 17 2010 04:30:40,-9.99e-29,"Dec 17 2010 05:32:40, 5.31a",e:\ctddata\stn283incois5.dat E:\ctddata\NPL1.con,0,,,ascii,,,,,,,,,"Dec 17 2010 05:32:46, 5.31a",e:\ctddata\stn283incois5.cnv,2.0,20.0,0.0,100.0,prDM c0mS/cm sbeox0ML/L t090C xmiss bat,yes,"Dec 17 2010 05:33:14, 5.31a",e:\ctddata\stn283incois5.cnv,0.03,0.15,c0mS/cm sbeox0ML/L t090C xmiss bat,prDM,"Dec 17 2010 05:33:05, 5.31a",e:\ctddata\stn283incois5.cnv,"0.0300, 0.0000","7.0000, 0.0000","primary,","Dec 17 2010 05:33:32, 5.31a",e:\ctddata\stn283incois5.cnv,"0.250, ws = 300, percent = 5.00",yes,"Dec 17 2010 05:33:45, 5.31a",e:\ctddata\stn283incois5.cnv E:\ctddata\NPL1.con,"Dec 17 2010 05:33:58, 5.31a",e:\ctddata\stn283incois5.cnv,meters,1.0,yes,0.0,"no, min = 0.000, max = 0.000, value = 0.000",,,,,,,,,,,,,,,,,,,,,,,,,,,,,,,,,,,,,,,,,,,,,,,,,,,,,"Dec 17 2010 05:32:55, 5.31a",e:\ctddata\stn283incois5.cnv,sbeox0ML/L 2.000,,,,
stn283incois6.cnv,SS283 (IO5-10-SP),SS283 (IO5-10-SP)\CTD_Data,Sea-Bird SBE 9 Data File,FORV Sagar Sampada,CR 283 incois,stn283incois6,4990M,,04 04.144S,080 26.950E,-4.069067,80.449167,18-12-10 10:09:03,"prDM: Pressure, Digiquartz [db]",c0mS/cm: Conductivity [mS/cm],"sbeox0ML/L: Oxygen, SBE 43 [ml/l]","t090C: Temperature [ITS-90, deg C]","xmiss: Beam Transmission, Chelsea/Seatech/Wetlab CStar [%]","bat: Beam Attenuation, Chelsea/Seatech/Wetlab CStar [1/m]","depSM: Depth [salt water, m], lat = 10",sal00: Salinity [PSU],"potemp090C: Potential Temperature [ITS-90, deg C]","sigma-t00: Density [sigma-t, Kg/m^3 ]",flag: flag,,,,,,"5.028,   2032.255","32.052783,  57.385279","-1.62065,   -0.69583","2.6617,    28.4353","96.3355,    97.9005","0.0852,     0.1493","5.000,   2011.000","34.7719,    35.5110","2.5119,    28.4276","22.5644,    27.7335","0.0000e+00, 0.0000e+00",,,,,,"Frequency  0  temperature, 2881, 23jan2008","Frequency  1  conductivity, 2504, 8 jan 2008, cpcor = -9.5700e-08","Frequency  2  pressure, 43433, 21july2000","Extrnl Volt  0  Oxygen, SBE, primary, 0527, 23-jan-08","Extrnl Volt  2  transmissometer, primary, 01245",,,,,E:\ctddata\stn283incois6.dat,2881,2504,18.0,2.0,1.0,Dec 18 2010 10:09:03,,,11,2007,specified,meters: 1,Dec 18 2010 10:09:03,-9.99e-29,"Dec 18 2010 11:18:25, 5.31a",e:\ctddata\stn283incois6.dat E:\ctddata\NPL1.con,0,,,ascii,,,,,,,,,"Dec 18 2010 11:18:32, 5.31a",e:\ctddata\stn283incois6.cnv,2.0,20.0,0.0,100.0,prDM c0mS/cm sbeox0ML/L t090C xmiss bat,yes,"Dec 18 2010 11:19:03, 5.31a",e:\ctddata\stn283incois6.cnv,0.03,0.15,c0mS/cm sbeox0ML/L t090C xmiss bat,prDM,"Dec 18 2010 11:18:53, 5.31a",e:\ctddata\stn283incois6.cnv,"0.0300, 0.0000","7.0000, 0.0000","primary,","Dec 18 2010 11:19:23, 5.31a",e:\ctddata\stn283incois6.cnv,"0.250, ws = 300, percent = 5.00",yes,"Dec 18 2010 11:19:37, 5.31a",e:\ctddata\stn283incois6.cnv E:\ctddata\NPL1.con,"Dec 18 2010 11:19:52, 5.31a",e:\ctddata\stn283incois6.cnv,meters,1.0,yes,0.0,"no, min = 0.000, max = 0.000, value = 0.000",,,,,,,,,,,,,,,,,,,,,,,,,,,,,,,,,,,,,,,,,,,,,,,,,,,,,"Dec 18 2010 11:18:42, 5.31a",e:\ctddata\stn283incois6.cnv,sbeox0ML/L 2.000,,,,
stn283incois7.cnv,SS283 (IO5-10-SP),SS283 (IO5-10-SP)\CTD_Data,Sea-Bird SBE 9 Data File,FORV Sagar Sampada,CR 283 incois,,4761M,,00 01.465S,078 00.729E,-0.024417,78.01215,20-12-10 04:26:09,"prDM: Pressure, Digiquartz [db]",c0mS/cm: Conductivity [mS/cm],"sbeox0ML/L: Oxygen, SBE 43 [ml/l]","t090C: Temperature [ITS-90, deg C]","xmiss: Beam Transmission, Chelsea/Seatech/Wetlab CStar [%]","bat: Beam Attenuation, Chelsea/Seatech/Wetlab CStar [1/m]","depSM: Depth [salt water, m], lat = 10",sal00: Salinity [PSU],"potemp090C: Potential Temperature [ITS-90, deg C]","sigma-t00: Density [sigma-t, Kg/m^3 ]",flag: flag,,,,,,"5.028,   2033.270","32.107393,  56.918790","-1.62185,   -0.70980","2.7073,    28.1162","96.2770,    98.0998","0.0767,     0.1518","5.000,   2012.000","34.7887,    35.7139","2.5567,    28.1150","22.5212,    27.7431","0.0000e+00, 0.0000e+00",,,,,,"Frequency  0  temperature, 2881, 23jan2008","Frequency  1  conductivity, 2504, 8 jan 2008, cpcor = -9.5700e-08","Frequency  2  pressure, 43433, 21july2000","Extrnl Volt  0  Oxygen, SBE, primary, 0527, 23-jan-08","Extrnl Volt  2  transmissometer, primary, 01245",,,,,E:\ctddata\stn283incois7.dat,2881,2504,18.0,2.0,1.0,Dec 20 2010 04:26:09,,,11,2008,specified,meters: 1,Dec 20 2010 04:26:09,-9.99e-29,"Dec 20 2010 05:25:28, 5.31a",e:\ctddata\stn283incois7.dat E:\ctddata\NPL1.con,0,,,ascii,,,,,,,,,"Dec 20 2010 05:25:34, 5.31a",e:\ctddata\stn283incois7.cnv,2.0,20.0,0.0,100.0,prDM c0mS/cm sbeox0ML/L t090C xmiss bat,yes,"Dec 20 2010 05:26:00, 5.31a",e:\ctddata\stn283incois7.cnv,0.03,0.15,c0mS/cm sbeox0ML/L t090C xmiss bat,prDM,"Dec 20 2010 05:25:52, 5.31a",e:\ctddata\stn283incois7.cnv,"0.0300, 0.0000","7.0000, 0.0000","primary,","Dec 20 2010 05:26:17, 5.31a",e:\ctddata\stn283incois7.cnv,"0.250, ws = 300, percent = 5.00",yes,"Dec 20 2010 05:26:30, 5.31a",e:\ctddata\stn283incois7.cnv E:\ctddata\NPL1.con,"Dec 20 2010 05:26:42, 5.31a",e:\ctddata\stn283incois7.cnv,meters,1.0,yes,0.0,"no, min = 0.000, max = 0.000, value = 0.000",,,,,,,,,,,,,,,,,,,,,,,,,,,,,,,,,,,,,,,,,,,,,,,,,,,,,"Dec 20 2010 05:25:42, 5.31a",e:\ctddata\stn283incois7.cnv,sbeox0ML/L 2.000,,,,
stn283incois8.cnv,SS283 (IO5-10-SP),SS283 (IO5-10-SP)\CTD_Data,Sea-Bird SBE 9 Data File,FORV Sagar Sampada,CR 283 incois,,4260,,01 29.890N,07 75 9.882E,1.498167,8.25,21-12-10 01:54:12,"prDM: Pressure, Digiquartz [db]",c0mS/cm: Conductivity [mS/cm],"sbeox0ML/L: Oxygen, SBE 43 [ml/l]","t090C: Temperature [ITS-90, deg C]","xmiss: Beam Transmission, Chelsea/Seatech/Wetlab CStar [%]","bat: Beam Attenuation, Chelsea/Seatech/Wetlab CStar [1/m]","depSM: Depth [salt water, m], lat = 10",sal00: Salinity [PSU],"potemp090C: Potential Temperature [ITS-90, deg C]","sigma-t00: Density [sigma-t, Kg/m^3 ]",flag: flag,,,,,,"8.045,   2031.239","31.978917,  57.763092","-1.62768,   -0.70717","2.5684,    28.4368","95.5586,    98.1264","0.0756,     0.1822","8.000,   2010.000","34.6937,    36.0352","2.4201,    28.4349","22.0220,    27.7500","0.0000e+00, 0.0000e+00",,,,,,"Frequency  0  temperature, 2881, 23jan2008","Frequency  1  conductivity, 2504, 8 jan 2008, cpcor = -9.5700e-08","Frequency  2  pressure, 43433, 21july2000","Extrnl Volt  0  Oxygen, SBE, primary, 0527, 23-jan-08","Extrnl Volt  2  transmissometer, primary, 01245",,,,,E:\ctddata\stn283incois8.dat,2881,2504,18.0,2.0,1.0,Dec 21 2010 01:54:12,,,11,2003,specified,meters: 1,Dec 21 2010 01:54:12,-9.99e-29,"Dec 21 2010 02:53:54, 5.31a",e:\ctddata\stn283incois8.dat E:\ctddata\NPL1.con,0,,,ascii,,,,,,,,,"Dec 21 2010 02:54:00, 5.31a",e:\ctddata\stn283incois8.cnv,2.0,20.0,0.0,100.0,prDM c0mS/cm sbeox0ML/L t090C xmiss bat,yes,"Dec 21 2010 02:54:27, 5.31a",e:\ctddata\stn283incois8.cnv,0.03,0.15,c0mS/cm sbeox0ML/L t090C xmiss bat,prDM,"Dec 21 2010 02:54:18, 5.31a",e:\ctddata\stn283incois8.cnv,"0.0300, 0.0000","7.0000, 0.0000","primary,","Dec 21 2010 02:54:44, 5.31a",e:\ctddata\stn283incois8.cnv,"0.250, ws = 300, percent = 5.00",yes,"Dec 21 2010 02:54:57, 5.31a",e:\ctddata\stn283incois8.cnv E:\ctddata\NPL1.con,"Dec 21 2010 02:55:09, 5.31a",e:\ctddata\stn283incois8.cnv,meters,1.0,yes,0.0,"no, min = 0.000, max = 0.000, value = 0.000",,,,,,,,,,,,,,,,,,,,,,,,,,,,,,,,,,,,,,,,,,,,,,,,,,,,,"Dec 21 2010 02:54:09, 5.31a",e:\ctddata\stn283incois8.cnv,sbeox0ML/L 2.000,,,,
