depSM,prDM,c0S/m,t090C,svCM,flECO-AFL,sbeox0ML/L,oxsatML/L,flag,Sal00,TraceID,folderpath_filename
0.047,0.222,3.24001,24.5612,1527.69,-0.0071,4.94697,7.2032,0.0,33.9828,NA_NA_NA_NA_Nov14201006-03-53_CTD_06.cnv,CTD_06.cnv
0.493,0.671,3.235956,24.56,1527.51,0.0042,4.94669,7.20129,0.0,33.9601,NA_NA_NA_NA_Nov14201006-03-53_CTD_06.cnv,CTD_06.cnv
1.001,1.182,3.235489,24.501,1527.52,-0.0084,4.94304,7.19956,0.0,33.9849,NA_NA_NA_NA_Nov14201006-03-53_CTD_06.cnv,CTD_06.cnv
1.479,1.664,3.233664,24.4856,1527.43,-0.0013,4.92624,7.20171,0.0,33.9679,NA_NA_NA_NA_Nov14201006-03-53_CTD_06.cnv,CTD_06.cnv
1.961,2.149,3.231296,24.4586,1527.47,0.0017,4.91703,7.20116,0.0,33.9747,NA_NA_NA_NA_Nov14201006-03-53_CTD_06.cnv,CTD_06.cnv
2.534,2.727,3.226616,24.4144,1527.31,-0.0077,4.91882,7.19883,0.0,33.9512,NA_NA_NA_NA_Nov14201006-03-53_CTD_06.cnv,CTD_06.cnv
2.965,3.161,3.228627,24.3882,1527.34,0.0042,4.91586,7.19449,0.0,33.9874,NA_NA_NA_NA_Nov14201006-03-53_CTD_06.cnv,CTD_06.cnv
3.525,3.725,3.228459,24.3637,1527.17,-0.0045,4.88293,7.19989,0.0,33.9857,NA_NA_NA_NA_Nov14201006-03-53_CTD_06.cnv,CTD_06.cnv
4.021,4.224,3.224782,24.3112,1527.22,-0.0091,4.88927,7.19424,0.0,33.9774,NA_NA_NA_NA_Nov14201006-03-53_CTD_06.cnv,CTD_06.cnv
4.504,4.711,3.226077,24.297,1527.13,-0.0047,4.88777,7.19669,0.0,33.9846,NA_NA_NA_NA_Nov14201006-03-53_CTD_06.cnv,CTD_06.cnv
5.011,5.222,3.221526,24.2692,1527.14,-0.0025,4.88318,7.20963,0.0,33.9795,NA_NA_NA_NA_Nov14201006-03-53_CTD_06.cnv,CTD_06.cnv
5.5,5.715,3.220826,24.2425,1527.13,-0.0002,4.87531,7.1941,0.0,33.9827,NA_NA_NA_NA_Nov14201006-03-53_CTD_06.cnv,CTD_06.cnv
6.007,6.225,3.218307,24.2089,1527.04,0.003,4.85544,7.19682,0.0,33.9898,NA_NA_NA_NA_Nov14201006-03-53_CTD_06.cnv,CTD_06.cnv
6.507,6.729,3.219362,24.2282,1527.02,0.0017,4.8579,7.19854,0.0,33.9846,NA_NA_NA_NA_Nov14201006-03-53_CTD_06.cnv,CTD_06.cnv
6.989,7.214,3.215135,24.1582,1526.89,-0.0086,4.85104,7.19956,0.0,33.9654,NA_NA_NA_NA_Nov14201006-03-53_CTD_06.cnv,CTD_06.cnv
7.503,7.732,3.213189,24.111,1526.92,0.0123,4.84777,7.20277,0.0,33.9901,NA_NA_NA_NA_Nov14201006-03-53_CTD_06.cnv,CTD_06.cnv
8.014,8.246,3.212537,24.0904,1526.8,0.0006,4.8539,7.20781,0.0,33.9786,NA_NA_NA_NA_Nov14201006-03-53_CTD_06.cnv,CTD_06.cnv
8.49,8.726,3.208346,24.005,1526.68,-0.0013,4.82764,7.20445,0.0,33.9737,NA_NA_NA_NA_Nov14201006-03-53_CTD_06.cnv,CTD_06.cnv
9.013,9.253,3.210141,24.0593,1526.77,-0.0153,4.85303,7.19684,0.0,33.9645,NA_NA_NA_NA_Nov14201006-03-53_CTD_06.cnv,CTD_06.cnv
9.543,9.787,3.205746,23.9632,1526.6,-0.0083,4.81355,7.20529,0.0,33.9707,NA_NA_NA_NA_Nov14201006-03-53_CTD_06.cnv,CTD_06.cnv
10.049,10.296,3.209024,24.0047,1526.59,-0.0017,4.80003,7.20379,0.0,33.9844,NA_NA_NA_NA_Nov14201006-03-53_CTD_06.cnv,CTD_06.cnv
10.533,10.784,3.206646,23.9576,1526.62,-0.0122,4.80782,7.19657,0.0,33.9938,NA_NA_NA_NA_Nov14201006-03-53_CTD_06.cnv,CTD_06.cnv
11.024,11.279,3.205779,23.9333,1526.55,0.0118,4.8176,7.20309,0.0,33.9893,NA_NA_NA_NA_Nov14201006-03-53_CTD_06.cnv,CTD_06.cnv
11.507,11.765,3.20345,23.8808,1526.4,0.022,4.80003,7.20304,0.0,33.9901,NA_NA_NA_NA_Nov14201006-03-53_CTD_06.cnv,CTD_06.cnv
12.035,12.298,3.201407,23.8581,1526.54,0.0002,4.7834,7.20095,0.0,33.9946,NA_NA_NA_NA_Nov14201006-03-53_CTD_06.cnv,CTD_06.cnv
12.501,12.767,3.199927,23.8494,1526.49,-0.0046,4.80336,7.1955,0.0,33.9966,NA_NA_NA_NA_Nov14201006-03-53_CTD_06.cnv,CTD_06.cnv
13.024,13.293,3.199249,23.7963,1526.32,0.0123,4.77775,7.19523,0.0,34.0044,NA_NA_NA_NA_Nov14201006-03-53_CTD_06.cnv,CTD_06.cnv
13.551,13.824,3.197246,23.7714,1526.3,-0.0082,4.77752,7.20137,0.0,33.9914,NA_NA_NA_NA_Nov14201006-03-53_CTD_06.cnv,CTD_06.cnv
13.986,14.262,3.19475,23.7284,1526.19,0.0071,4.76755,7.20199,0.0,34.0023,NA_NA_NA_NA_Nov14201006-03-53_CTD_06.cnv,CTD_06.cnv
14.546,14.826,3.19319,23.6947,1526.21,0.0079,4.75757,7.20438,0.0,34.0016,NA_NA_NA_NA_Nov14201006-03-53_CTD_06.cnv,CTD_06.cnv
14.981,15.264,3.19141,23.668,1526.07,0.0069,4.7681,7.20346,0.0,33.991,NA_NA_NA_NA_Nov14201006-03-53_CTD_06.cnv,CTD_06.cnv
15.508,15.796,3.185651,23.5972,1526.02,0.0023,4.75098,7.20615,0.0,33.9865,NA_NA_NA_NA_Nov14201006-03-53_CTD_06.cnv,CTD_06.cnv
16.049,16.34,3.187746,23.587,1525.96,-0.001,4.75844,7.20599,0.0,34.0032,NA_NA_NA_NA_Nov14201006-03-53_CTD_06.cnv,CTD_06.cnv
16.486,16.78,3.186408,23.5685,1525.93,-0.0061,4.73965,7.19988,0.0,33.9948,NA_NA_NA_NA_Nov14201006-03-53_CTD_06.cnv,CTD_06.cnv
17.049,17.348,3.180322,23.5083,1525.67,0.007,4.74839,7.19421,0.0,33.9913,NA_NA_NA_NA_Nov14201006-03-53_CTD_06.cnv,CTD_06.cnv
17.536,17.838,3.181844,23.4931,1525.77,0.0164,4.74584,7.19704,0.0,33.9922,NA_NA_NA_NA_Nov14201006-03-53_CTD_06.cnv,CTD_06.cnv
17.96,18.265,3.179,23.4415,1525.73,-0.0026,4.75575,7.19666,0.0,33.9988,NA_NA_NA_NA_Nov14201006-03-53_CTD_06.cnv,CTD_06.cnv
18.482,18.791,3.178463,23.4069,1525.56,0.0055,4.72243,7.20099,0.0,34.0115,NA_NA_NA_NA_Nov14201006-03-53_CTD_06.cnv,CTD_06.cnv
19.013,19.326,3.174273,23.3505,1525.5,0.0104,4.70711,7.20857,0.0,34.01,NA_NA_NA_NA_Nov14201006-03-53_CTD_06.cnv,CTD_06.cnv
19.541,19.858,3.173508,23.355,1525.6,0.0112,4.7093,7.1948,0.0,33.9971,NA_NA_NA_NA_Nov14201006-03-53_CTD_06.cnv,CTD_06.cnv
20.049,20.369,3.174751,23.3249,1525.55,0.009,4.70041,7.19922,0.0,33.9993,NA_NA_NA_NA_Nov14201006-03-53_CTD_06.cnv,CTD_06.cnv
20.468,20.792,3.168288,23.2358,1525.3,0.0012,4.69008,7.19683,0.0,34.0057,NA_NA_NA_NA_Nov14201006-03-53_CTD_06.cnv,CTD_06.cnv
20.995,21.323,3.170681,23.244,1525.38,0.0083,4.6805,7.19707,0.0,33.9948,NA_NA_NA_NA_Nov14201006-03-53_CTD_06.cnv,CTD_06.cnv
21.501,21.832,3.167462,23.1882,1525.15,0.0111,4.68935,7.19934,0.0,33.9954,NA_NA_NA_NA_Nov14201006-03-53_CTD_06.cnv,CTD_06.cnv
21.993,22.327,3.163865,23.1728,1525.24,0.0036,4.65929,7.19918,0.0,33.9941,NA_NA_NA_NA_Nov14201006-03-53_CTD_06.cnv,CTD_06.cnv
22.465,22.803,3.16369,23.1381,1525.12,0.0184,4.66402,7.20177,0.0,34.0033,NA_NA_NA_NA_Nov14201006-03-53_CTD_06.cnv,CTD_06.cnv
23.06,23.402,3.1628,23.0953,1525.17,0.0223,4.66903,7.1945,0.0,34.0086,NA_NA_NA_NA_Nov14201006-03-53_CTD_06.cnv,CTD_06.cnv
23.484,23.829,3.162601,23.1149,1525.2,0.0149,4.67134,7.20516,0.0,34.0144,NA_NA_NA_NA_Nov14201006-03-53_CTD_06.cnv,CTD_06.cnv
24.002,24.352,3.160253,23.0421,1525.05,0.0093,4.64515,7.19273,0.0,34.0152,NA_NA_NA_NA_Nov14201006-03-53_CTD_06.cnv,CTD_06.cnv
24.489,24.842,3.157235,23.011,1524.97,0.0127,4.64434,7.20356,0.0,34.0129,NA_NA_NA_NA_Nov14201006-03-53_CTD_06.cnv,CTD_06.cnv
25.018,25.375,3.153414,22.9644,1524.84,0.0158,4.63774,7.21181,0.0,34.0032,NA_NA_NA_NA_Nov14201006-03-53_CTD_06.cnv,CTD_06.cnv
25.465,25.825,3.155426,22.9523,1524.87,0.0295,4.65667,7.2008,0.0,34.0302,NA_NA_NA_NA_Nov14201006-03-53_CTD_06.cnv,CTD_06.cnv
26.059,26.424,3.15397,22.9261,1524.85,0.011,4.62145,7.20764,0.0,34.0166,NA_NA_NA_NA_Nov14201006-03-53_CTD_06.cnv,CTD_06.cnv
26.481,26.848,3.151013,22.865,1524.75,0.0062,4.63078,7.1874,0.0,34.0457,NA_NA_NA_NA_Nov14201006-03-53_CTD_06.cnv,CTD_06.cnv
27.054,27.426,3.149321,22.818,1524.63,0.0203,4.61784,7.20528,0.0,34.0209,NA_NA_NA_NA_Nov14201006-03-53_CTD_06.cnv,CTD_06.cnv
27.509,27.884,3.147005,22.834,1524.73,0.026,4.62388,7.20153,0.0,34.0201,NA_NA_NA_NA_Nov14201006-03-53_CTD_06.cnv,CTD_06.cnv
28.0,28.379,3.146945,22.7702,1524.58,0.0341,4.62348,7.20803,0.0,34.0431,NA_NA_NA_NA_Nov14201006-03-53_CTD_06.cnv,CTD_06.cnv
28.523,28.905,3.14411,22.7515,1524.49,0.0307,4.60562,7.20561,0.0,34.0235,NA_NA_NA_NA_Nov14201006-03-53_CTD_06.cnv,CTD_06.cnv
28.983,29.368,3.139231,22.7205,1524.38,0.0438,4.59172,7.19785,0.0,34.0084,NA_NA_NA_NA_Nov14201006-03-53_CTD_06.cnv,CTD_06.cnv
29.536,29.925,3.139089,22.6635,1524.34,0.043,4.58693,7.20592,0.0,34.0292,NA_NA_NA_NA_Nov14201006-03-53_CTD_06.cnv,CTD_06.cnv
29.988,30.381,3.138401,22.6339,1524.32,0.0415,4.59645,7.1983,0.0,34.0264,NA_NA_NA_NA_Nov14201006-03-53_CTD_06.cnv,CTD_06.cnv
30.467,30.863,3.133898,22.5617,1524.21,0.0499,4.56505,7.20242,0.0,34.0328,NA_NA_NA_NA_Nov14201006-03-53_CTD_06.cnv,CTD_06.cnv
30.978,31.378,3.130203,22.5393,1524.05,0.0396,4.5694,7.20345,0.0,34.018,NA_NA_NA_NA_Nov14201006-03-53_CTD_06.cnv,CTD_06.cnv
31.508,31.912,3.132951,22.5042,1524.19,0.0548,4.57239,7.19946,0.0,34.0381,NA_NA_NA_NA_Nov14201006-03-53_CTD_06.cnv,CTD_06.cnv
32.023,32.431,3.131284,22.4845,1524.03,0.0697,4.5517,7.20005,0.0,34.0284,NA_NA_NA_NA_Nov14201006-03-53_CTD_06.cnv,CTD_06.cnv
32.559,32.971,3.127604,22.4262,1523.89,0.072,4.54594,7.20201,0.0,34.0346,NA_NA_NA_NA_Nov14201006-03-53_CTD_06.cnv,CTD_06.cnv
32.979,33.394,3.126337,22.4259,1523.93,0.0596,4.56983,7.2002,0.0,34.0299,NA_NA_NA_NA_Nov14201006-03-53_CTD_06.cnv,CTD_06.cnv
33.503,33.922,3.123127,22.3401,1523.75,0.0713,4.55595,7.19133,0.0,34.0302,NA_NA_NA_NA_Nov14201006-03-53_CTD_06.cnv,CTD_06.cnv
34.035,34.458,3.122473,22.345,1523.75,0.0651,4.55109,7.20634,0.0,34.0357,NA_NA_NA_NA_Nov14201006-03-53_CTD_06.cnv,CTD_06.cnv
34.505,34.931,3.122288,22.2947,1523.72,0.0758,4.54037,7.20087,0.0,34.0453,NA_NA_NA_NA_Nov14201006-03-53_CTD_06.cnv,CTD_06.cnv
35.02,35.45,3.114979,22.212,1523.51,0.0822,4.52362,7.21162,0.0,34.0443,NA_NA_NA_NA_Nov14201006-03-53_CTD_06.cnv,CTD_06.cnv
35.51,35.944,3.116801,22.2312,1523.53,0.097,4.52727,7.20579,0.0,34.0327,NA_NA_NA_NA_Nov14201006-03-53_CTD_06.cnv,CTD_06.cnv
36.053,36.491,3.114598,22.2023,1523.47,0.0935,4.52774,7.20531,0.0,34.0342,NA_NA_NA_NA_Nov14201006-03-53_CTD_06.cnv,CTD_06.cnv
36.508,36.949,3.1096,22.1203,1523.33,0.0951,4.5052,7.20517,0.0,34.0314,NA_NA_NA_NA_Nov14201006-03-53_CTD_06.cnv,CTD_06.cnv
36.97,37.414,3.110734,22.107,1523.36,0.0914,4.51699,7.19758,0.0,34.0491,NA_NA_NA_NA_Nov14201006-03-53_CTD_06.cnv,CTD_06.cnv
37.545,37.993,3.110248,22.0589,1523.23,0.1099,4.50184,7.19943,0.0,34.0554,NA_NA_NA_NA_Nov14201006-03-53_CTD_06.cnv,CTD_06.cnv
37.984,38.435,3.106985,22.0322,1523.12,0.1188,4.51398,7.19892,0.0,34.0482,NA_NA_NA_NA_Nov14201006-03-53_CTD_06.cnv,CTD_06.cnv
38.482,38.937,3.105606,21.9856,1523.1,0.1285,4.49537,7.19081,0.0,34.0373,NA_NA_NA_NA_Nov14201006-03-53_CTD_06.cnv,CTD_06.cnv
39.0,39.459,3.10267,21.9668,1523.05,0.1319,4.49066,7.19888,0.0,34.0484,NA_NA_NA_NA_Nov14201006-03-53_CTD_06.cnv,CTD_06.cnv
39.481,39.943,3.098697,21.902,1522.89,0.1283,4.49261,7.1976,0.0,34.0364,NA_NA_NA_NA_Nov14201006-03-53_CTD_06.cnv,CTD_06.cnv
40.036,40.502,3.09645,21.8615,1522.84,0.1593,4.46486,7.20677,0.0,34.0503,NA_NA_NA_NA_Nov14201006-03-53_CTD_06.cnv,CTD_06.cnv
40.486,40.956,3.09355,21.8357,1522.83,0.1636,4.46815,7.20391,0.0,34.0402,NA_NA_NA_NA_Nov14201006-03-53_CTD_06.cnv,CTD_06.cnv
41.037,41.51,3.094858,21.794,1522.72,0.1476,4.45523,7.19063,0.0,34.0705,NA_NA_NA_NA_Nov14201006-03-53_CTD_06.cnv,CTD_06.cnv
41.505,41.982,3.089701,21.724,1522.6,0.1767,4.46484,7.1931,0.0,34.044,NA_NA_NA_NA_Nov14201006-03-53_CTD_06.cnv,CTD_06.cnv
41.979,42.459,3.09065,21.7378,1522.58,0.18,4.45434,7.19521,0.0,34.0411,NA_NA_NA_NA_Nov14201006-03-53_CTD_06.cnv,CTD_06.cnv
42.531,43.016,3.088834,21.6525,1522.51,0.1846,4.42378,7.20165,0.0,34.0802,NA_NA_NA_NA_Nov14201006-03-53_CTD_06.cnv,CTD_06.cnv
43.013,43.501,3.088469,21.6401,1522.45,0.2087,4.44156,7.20394,0.0,34.0652,NA_NA_NA_NA_Nov14201006-03-53_CTD_06.cnv,CTD_06.cnv
43.553,44.045,3.079252,21.5402,1522.18,0.2121,4.42245,7.20062,0.0,34.0392,NA_NA_NA_NA_Nov14201006-03-53_CTD_06.cnv,CTD_06.cnv
44.046,44.542,3.082105,21.5661,1522.29,0.2334,4.42141,7.20652,0.0,34.0555,NA_NA_NA_NA_Nov14201006-03-53_CTD_06.cnv,CTD_06.cnv
44.525,45.024,3.079606,21.5249,1522.2,0.2176,4.42075,7.19633,0.0,34.0565,NA_NA_NA_NA_Nov14201006-03-53_CTD_06.cnv,CTD_06.cnv
44.987,45.49,3.076413,21.4454,1522.05,0.2431,4.41927,7.19688,0.0,34.0723,NA_NA_NA_NA_Nov14201006-03-53_CTD_06.cnv,CTD_06.cnv
45.492,45.998,3.076436,21.4305,1522.09,0.2575,4.4326,7.19043,0.0,34.0625,NA_NA_NA_NA_Nov14201006-03-53_CTD_06.cnv,CTD_06.cnv
45.997,46.507,3.072237,21.3895,1521.92,0.2625,4.42179,7.19735,0.0,34.0466,NA_NA_NA_NA_Nov14201006-03-53_CTD_06.cnv,CTD_06.cnv
46.561,47.075,3.075062,21.3542,1522.01,0.2731,4.40166,7.20901,0.0,34.0899,NA_NA_NA_NA_Nov14201006-03-53_CTD_06.cnv,CTD_06.cnv
47.007,47.525,3.071448,21.3106,1521.74,0.2864,4.39302,7.20236,0.0,34.0853,NA_NA_NA_NA_Nov14201006-03-53_CTD_06.cnv,CTD_06.cnv
47.541,48.062,3.067368,21.2423,1521.56,0.3214,4.39169,7.19508,0.0,34.0779,NA_NA_NA_NA_Nov14201006-03-53_CTD_06.cnv,CTD_06.cnv
48.062,48.587,3.063694,21.2218,1521.56,0.3113,4.38872,7.19544,0.0,34.0672,NA_NA_NA_NA_Nov14201006-03-53_CTD_06.cnv,CTD_06.cnv
48.506,49.034,3.062197,21.1875,1521.41,0.3271,4.38155,7.20521,0.0,34.0683,NA_NA_NA_NA_Nov14201006-03-53_CTD_06.cnv,CTD_06.cnv
49.05,49.582,3.06094,21.1593,1521.45,0.363,4.38769,7.19714,0.0,34.0755,NA_NA_NA_NA_Nov14201006-03-53_CTD_06.cnv,CTD_06.cnv
49.489,50.025,3.061174,21.1102,1521.37,0.3704,4.37508,7.20209,0.0,34.0876,NA_NA_NA_NA_Nov14201006-03-53_CTD_06.cnv,CTD_06.cnv
50.061,50.601,3.056433,21.0579,1521.25,0.395,4.383,7.1996,0.0,34.0794,NA_NA_NA_NA_Nov14201006-03-53_CTD_06.cnv,CTD_06.cnv
50.533,51.076,3.052168,21.0103,1521.1,0.4001,4.34472,7.20038,0.0,34.0577,NA_NA_NA_NA_Nov14201006-03-53_CTD_06.cnv,CTD_06.cnv
50.989,51.536,3.052384,20.9649,1521.04,0.4146,4.34081,7.20257,0.0,34.0761,NA_NA_NA_NA_Nov14201006-03-53_CTD_06.cnv,CTD_06.cnv
51.541,52.091,3.050248,20.9247,1520.89,0.4394,4.34514,7.18793,0.0,34.0773,NA_NA_NA_NA_Nov14201006-03-53_CTD_06.cnv,CTD_06.cnv
52.025,52.579,3.046959,20.9094,1520.96,0.4423,4.34026,7.19768,0.0,34.0694,NA_NA_NA_NA_Nov14201006-03-53_CTD_06.cnv,CTD_06.cnv
52.532,53.089,3.048431,20.8538,1520.84,0.4617,4.33466,7.19781,0.0,34.1024,NA_NA_NA_NA_Nov14201006-03-53_CTD_06.cnv,CTD_06.cnv
53.0,53.561,3.042806,20.7809,1520.64,0.4866,4.32361,7.19668,0.0,34.0784,NA_NA_NA_NA_Nov14201006-03-53_CTD_06.cnv,CTD_06.cnv
53.568,54.133,3.041415,20.7738,1520.63,0.5005,4.32258,7.20633,0.0,34.078,NA_NA_NA_NA_Nov14201006-03-53_CTD_06.cnv,CTD_06.cnv
54.053,54.622,3.040048,20.7402,1520.59,0.5181,4.30832,7.20227,0.0,34.078,NA_NA_NA_NA_Nov14201006-03-53_CTD_06.cnv,CTD_06.cnv
54.523,55.095,3.036038,20.6577,1520.47,0.5334,4.31336,7.19656,0.0,34.0901,NA_NA_NA_NA_Nov14201006-03-53_CTD_06.cnv,CTD_06.cnv
55.05,55.626,3.035275,20.6759,1520.38,0.5559,4.2906,7.19005,0.0,34.077,NA_NA_NA_NA_Nov14201006-03-53_CTD_06.cnv,CTD_06.cnv
55.516,56.095,3.033551,20.5976,1520.3,0.5585,4.2814,7.20205,0.0,34.1014,NA_NA_NA_NA_Nov14201006-03-53_CTD_06.cnv,CTD_06.cnv
56.065,56.649,3.03112,20.5476,1520.19,0.5735,4.30573,7.19603,0.0,34.0933,NA_NA_NA_NA_Nov14201006-03-53_CTD_06.cnv,CTD_06.cnv
56.541,57.128,3.030708,20.5391,1520.22,0.6184,4.28666,7.20909,0.0,34.0923,NA_NA_NA_NA_Nov14201006-03-53_CTD_06.cnv,CTD_06.cnv
57.04,57.63,3.027203,20.473,1520.1,0.6278,4.29403,7.20038,0.0,34.1079,NA_NA_NA_NA_Nov14201006-03-53_CTD_06.cnv,CTD_06.cnv
57.519,58.113,3.023784,20.4213,1519.94,0.6352,4.2661,7.20422,0.0,34.0985,NA_NA_NA_NA_Nov14201006-03-53_CTD_06.cnv,CTD_06.cnv
58.017,58.614,3.019009,20.3833,1519.84,0.6558,4.26114,7.20508,0.0,34.0927,NA_NA_NA_NA_Nov14201006-03-53_CTD_06.cnv,CTD_06.cnv
58.495,59.096,3.019962,20.377,1519.88,0.6805,4.25967,7.19959,0.0,34.0946,NA_NA_NA_NA_Nov14201006-03-53_CTD_06.cnv,CTD_06.cnv
58.992,59.597,3.016551,20.2891,1519.62,0.6893,4.27118,7.20055,0.0,34.096,NA_NA_NA_NA_Nov14201006-03-53_CTD_06.cnv,CTD_06.cnv
59.499,60.107,3.019227,20.3082,1519.83,0.7104,4.24544,7.1963,0.0,34.1103,NA_NA_NA_NA_Nov14201006-03-53_CTD_06.cnv,CTD_06.cnv
60.024,60.636,3.009796,20.2097,1519.46,0.7436,4.25244,7.20783,0.0,34.0971,NA_NA_NA_NA_Nov14201006-03-53_CTD_06.cnv,CTD_06.cnv
60.488,61.104,3.011874,20.1843,1519.51,0.7431,4.2541,7.19072,0.0,34.1027,NA_NA_NA_NA_Nov14201006-03-53_CTD_06.cnv,CTD_06.cnv
61.011,61.63,3.011034,20.1364,1519.41,0.7653,4.25239,7.20967,0.0,34.1248,NA_NA_NA_NA_Nov14201006-03-53_CTD_06.cnv,CTD_06.cnv
61.518,62.141,3.006233,20.0897,1519.21,0.7976,4.2373,7.20252,0.0,34.1099,NA_NA_NA_NA_Nov14201006-03-53_CTD_06.cnv,CTD_06.cnv
62.068,62.695,3.004866,20.0723,1519.14,0.7967,4.24709,7.19669,0.0,34.1063,NA_NA_NA_NA_Nov14201006-03-53_CTD_06.cnv,CTD_06.cnv
62.519,63.15,3.005165,20.0254,1519.18,0.8182,4.22866,7.1959,0.0,34.1177,NA_NA_NA_NA_Nov14201006-03-53_CTD_06.cnv,CTD_06.cnv
62.999,63.633,3.001991,19.9989,1519.04,0.8338,4.21507,7.19792,0.0,34.1167,NA_NA_NA_NA_Nov14201006-03-53_CTD_06.cnv,CTD_06.cnv
63.553,64.191,2.997011,19.9058,1518.78,0.8503,4.23257,7.20432,0.0,34.1077,NA_NA_NA_NA_Nov14201006-03-53_CTD_06.cnv,CTD_06.cnv
63.992,64.634,2.996081,19.8967,1518.96,0.873,4.20229,7.19888,0.0,34.1239,NA_NA_NA_NA_Nov14201006-03-53_CTD_06.cnv,CTD_06.cnv
64.509,65.154,2.991416,19.839,1518.65,0.8863,4.21286,7.20786,0.0,34.0994,NA_NA_NA_NA_Nov14201006-03-53_CTD_06.cnv,CTD_06.cnv
65.005,65.654,2.989064,19.7549,1518.54,0.8939,4.19626,7.19311,0.0,34.1118,NA_NA_NA_NA_Nov14201006-03-53_CTD_06.cnv,CTD_06.cnv
65.54,66.193,2.986934,19.7253,1518.46,0.9158,4.18694,7.1988,0.0,34.1231,NA_NA_NA_NA_Nov14201006-03-53_CTD_06.cnv,CTD_06.cnv
66.042,66.698,2.985404,19.6691,1518.26,0.9388,4.1531,7.20373,0.0,34.1247,NA_NA_NA_NA_Nov14201006-03-53_CTD_06.cnv,CTD_06.cnv
66.536,67.196,2.981935,19.6512,1518.36,0.9465,4.19669,7.19622,0.0,34.119,NA_NA_NA_NA_Nov14201006-03-53_CTD_06.cnv,CTD_06.cnv
66.993,67.656,2.97939,19.601,1518.13,0.9643,4.17011,7.19803,0.0,34.1146,NA_NA_NA_NA_Nov14201006-03-53_CTD_06.cnv,CTD_06.cnv
67.526,68.193,2.980475,19.5583,1518.14,0.9774,4.16886,7.1906,0.0,34.1192,NA_NA_NA_NA_Nov14201006-03-53_CTD_06.cnv,CTD_06.cnv
68.047,68.718,2.975046,19.5121,1517.97,0.9906,4.15875,7.20148,0.0,34.1218,NA_NA_NA_NA_Nov14201006-03-53_CTD_06.cnv,CTD_06.cnv
68.522,69.197,2.9733,19.4589,1517.95,1.0145,4.17468,7.20018,0.0,34.1209,NA_NA_NA_NA_Nov14201006-03-53_CTD_06.cnv,CTD_06.cnv
69.052,69.73,2.971293,19.3982,1517.73,1.0168,4.1602,7.20519,0.0,34.1461,NA_NA_NA_NA_Nov14201006-03-53_CTD_06.cnv,CTD_06.cnv
69.5,70.182,2.969704,19.4093,1517.74,1.0196,4.14369,7.19965,0.0,34.12,NA_NA_NA_NA_Nov14201006-03-53_CTD_06.cnv,CTD_06.cnv
70.028,70.713,2.966767,19.3446,1517.5,1.0327,4.14566,7.18706,0.0,34.1267,NA_NA_NA_NA_Nov14201006-03-53_CTD_06.cnv,CTD_06.cnv
70.507,71.196,2.964966,19.27,1517.36,1.0452,4.14141,7.20022,0.0,34.1404,NA_NA_NA_NA_Nov14201006-03-53_CTD_06.cnv,CTD_06.cnv
71.016,71.708,2.963005,19.2681,1517.34,1.0527,4.15718,7.20034,0.0,34.1179,NA_NA_NA_NA_Nov14201006-03-53_CTD_06.cnv,CTD_06.cnv
71.487,72.183,2.95816,19.2095,1517.27,1.0545,4.15042,7.21025,0.0,34.1158,NA_NA_NA_NA_Nov14201006-03-53_CTD_06.cnv,CTD_06.cnv
72.003,72.703,2.958662,19.1695,1517.18,1.0594,4.14135,7.20038,0.0,34.1343,NA_NA_NA_NA_Nov14201006-03-53_CTD_06.cnv,CTD_06.cnv
72.579,73.283,2.953413,19.0943,1517.02,1.0638,4.12231,7.1986,0.0,34.1396,NA_NA_NA_NA_Nov14201006-03-53_CTD_06.cnv,CTD_06.cnv
73.085,73.793,2.950304,19.0431,1516.81,1.0838,4.13263,7.20501,0.0,34.1264,NA_NA_NA_NA_Nov14201006-03-53_CTD_06.cnv,CTD_06.cnv
73.492,74.203,2.951194,19.0018,1516.84,1.0946,4.11348,7.20413,0.0,34.1492,NA_NA_NA_NA_Nov14201006-03-53_CTD_06.cnv,CTD_06.cnv
74.0,74.715,2.949007,18.9835,1516.84,1.1003,4.09849,7.19705,0.0,34.1343,NA_NA_NA_NA_Nov14201006-03-53_CTD_06.cnv,CTD_06.cnv
74.54,75.258,2.94628,18.9159,1516.62,1.084,4.10116,7.20104,0.0,34.1633,NA_NA_NA_NA_Nov14201006-03-53_CTD_06.cnv,CTD_06.cnv
75.025,75.747,2.942079,18.8572,1516.56,1.1133,4.11343,7.19742,0.0,34.1479,NA_NA_NA_NA_Nov14201006-03-53_CTD_06.cnv,CTD_06.cnv
75.499,76.224,2.940203,18.8378,1516.49,1.1052,4.09634,7.19978,0.0,34.1406,NA_NA_NA_NA_Nov14201006-03-53_CTD_06.cnv,CTD_06.cnv
76.025,76.754,2.938208,18.8013,1516.23,1.099,4.09838,7.19683,0.0,34.1375,NA_NA_NA_NA_Nov14201006-03-53_CTD_06.cnv,CTD_06.cnv
76.556,77.289,2.936612,18.7343,1516.27,1.0936,4.08102,7.20039,0.0,34.1505,NA_NA_NA_NA_Nov14201006-03-53_CTD_06.cnv,CTD_06.cnv
77.078,77.815,2.933211,18.6698,1516.05,1.1095,4.07415,7.19286,0.0,34.1467,NA_NA_NA_NA_Nov14201006-03-53_CTD_06.cnv,CTD_06.cnv
77.518,78.258,2.93123,18.65,1515.94,1.1058,4.09638,7.20209,0.0,34.1537,NA_NA_NA_NA_Nov14201006-03-53_CTD_06.cnv,CTD_06.cnv
78.077,78.821,2.931627,18.6223,1515.9,1.1083,4.06752,7.19582,0.0,34.1642,NA_NA_NA_NA_Nov14201006-03-53_CTD_06.cnv,CTD_06.cnv
78.547,79.295,2.92916,18.5539,1515.82,1.0984,4.06876,7.19937,0.0,34.184,NA_NA_NA_NA_Nov14201006-03-53_CTD_06.cnv,CTD_06.cnv
79.037,79.788,2.92395,18.5223,1515.61,1.105,4.05303,7.20253,0.0,34.1381,NA_NA_NA_NA_Nov14201006-03-53_CTD_06.cnv,CTD_06.cnv
79.552,80.307,2.923193,18.4817,1515.58,1.089,4.05448,7.19386,0.0,34.1605,NA_NA_NA_NA_Nov14201006-03-53_CTD_06.cnv,CTD_06.cnv
80.047,80.805,2.918735,18.402,1515.36,1.0999,4.04893,7.2068,0.0,34.1544,NA_NA_NA_NA_Nov14201006-03-53_CTD_06.cnv,CTD_06.cnv
80.496,81.258,2.918465,18.3793,1515.25,1.0905,4.05719,7.20557,0.0,34.1595,NA_NA_NA_NA_Nov14201006-03-53_CTD_06.cnv,CTD_06.cnv
81.082,81.848,2.916184,18.352,1515.32,1.0817,4.04108,7.20123,0.0,34.1521,NA_NA_NA_NA_Nov14201006-03-53_CTD_06.cnv,CTD_06.cnv
81.519,82.288,2.915263,18.2879,1515.22,1.071,4.04723,7.19428,0.0,34.1821,NA_NA_NA_NA_Nov14201006-03-53_CTD_06.cnv,CTD_06.cnv
82.025,82.798,2.913659,18.2743,1515.2,1.0529,4.02844,7.21166,0.0,34.1799,NA_NA_NA_NA_Nov14201006-03-53_CTD_06.cnv,CTD_06.cnv
82.583,83.36,2.907125,18.1946,1514.86,1.0445,4.03381,7.1953,0.0,34.1503,NA_NA_NA_NA_Nov14201006-03-53_CTD_06.cnv,CTD_06.cnv
83.085,83.865,2.905578,18.1658,1514.79,1.0294,4.02316,7.19189,0.0,34.1613,NA_NA_NA_NA_Nov14201006-03-53_CTD_06.cnv,CTD_06.cnv
83.514,84.298,2.90412,18.0694,1514.71,1.0327,4.01125,7.19934,0.0,34.1867,NA_NA_NA_NA_Nov14201006-03-53_CTD_06.cnv,CTD_06.cnv
84.07,84.857,2.899295,18.0461,1514.56,1.0333,4.01055,7.19542,0.0,34.167,NA_NA_NA_NA_Nov14201006-03-53_CTD_06.cnv,CTD_06.cnv
84.557,85.349,2.900872,18.0198,1514.52,1.016,3.99397,7.1996,0.0,34.1824,NA_NA_NA_NA_Nov14201006-03-53_CTD_06.cnv,CTD_06.cnv
85.018,85.813,2.894,17.9609,1514.32,0.9948,3.9781,7.20533,0.0,34.1724,NA_NA_NA_NA_Nov14201006-03-53_CTD_06.cnv,CTD_06.cnv
85.587,86.386,2.893993,17.9008,1514.21,1.0003,3.99982,7.19402,0.0,34.1733,NA_NA_NA_NA_Nov14201006-03-53_CTD_06.cnv,CTD_06.cnv
86.048,86.85,2.890416,17.8619,1514.1,0.9706,3.98028,7.20565,0.0,34.1755,NA_NA_NA_NA_Nov14201006-03-53_CTD_06.cnv,CTD_06.cnv
86.576,87.382,2.891595,17.846,1514.13,0.9443,3.9816,7.19409,0.0,34.185,NA_NA_NA_NA_Nov14201006-03-53_CTD_06.cnv,CTD_06.cnv
87.071,87.88,2.886978,17.7633,1513.93,0.9334,3.98366,7.198,0.0,34.1957,NA_NA_NA_NA_Nov14201006-03-53_CTD_06.cnv,CTD_06.cnv
87.517,88.33,2.884185,17.7116,1513.7,0.9318,3.97212,7.19888,0.0,34.1881,NA_NA_NA_NA_Nov14201006-03-53_CTD_06.cnv,CTD_06.cnv
88.017,88.834,2.880799,17.6875,1513.73,0.9145,3.97424,7.19743,0.0,34.1709,NA_NA_NA_NA_Nov14201006-03-53_CTD_06.cnv,CTD_06.cnv
88.537,89.357,2.87875,17.6109,1513.5,0.9098,3.9703,7.19141,0.0,34.2067,NA_NA_NA_NA_Nov14201006-03-53_CTD_06.cnv,CTD_06.cnv
88.998,89.821,2.879213,17.5871,1513.41,0.8798,3.94163,7.19421,0.0,34.2102,NA_NA_NA_NA_Nov14201006-03-53_CTD_06.cnv,CTD_06.cnv
89.498,90.325,2.874264,17.5445,1513.41,0.8718,3.9574,7.18704,0.0,34.1888,NA_NA_NA_NA_Nov14201006-03-53_CTD_06.cnv,CTD_06.cnv
90.035,90.866,2.870571,17.5027,1513.26,0.8306,3.92434,7.20032,0.0,34.184,NA_NA_NA_NA_Nov14201006-03-53_CTD_06.cnv,CTD_06.cnv
90.53,91.365,2.873562,17.4843,1513.19,0.8387,3.94936,7.20442,0.0,34.2046,NA_NA_NA_NA_Nov14201006-03-53_CTD_06.cnv,CTD_06.cnv
91.087,91.926,2.866135,17.3871,1512.92,0.8077,3.94351,7.21134,0.0,34.2095,NA_NA_NA_NA_Nov14201006-03-53_CTD_06.cnv,CTD_06.cnv
91.539,92.381,2.864825,17.3309,1512.9,0.796,3.93925,7.21269,0.0,34.1969,NA_NA_NA_NA_Nov14201006-03-53_CTD_06.cnv,CTD_06.cnv
92.085,92.931,2.864144,17.3201,1512.79,0.7703,3.93319,7.19277,0.0,34.1849,NA_NA_NA_NA_Nov14201006-03-53_CTD_06.cnv,CTD_06.cnv
92.537,93.387,2.861912,17.2937,1512.74,0.7614,3.92597,7.19609,0.0,34.1953,NA_NA_NA_NA_Nov14201006-03-53_CTD_06.cnv,CTD_06.cnv
93.002,93.855,2.857557,17.1945,1512.54,0.7341,3.89853,7.1955,0.0,34.212,NA_NA_NA_NA_Nov14201006-03-53_CTD_06.cnv,CTD_06.cnv
93.51,94.367,2.856096,17.1625,1512.39,0.7261,3.90556,7.20398,0.0,34.1934,NA_NA_NA_NA_Nov14201006-03-53_CTD_06.cnv,CTD_06.cnv
94.061,94.922,2.849012,17.1087,1512.23,0.6908,3.91708,7.20146,0.0,34.203,NA_NA_NA_NA_Nov14201006-03-53_CTD_06.cnv,CTD_06.cnv
94.588,95.453,2.851575,17.1028,1512.29,0.6819,3.89472,7.20561,0.0,34.2021,NA_NA_NA_NA_Nov14201006-03-53_CTD_06.cnv,CTD_06.cnv
95.024,95.892,2.845063,17.0233,1512.0,0.6742,3.90056,7.20406,0.0,34.1985,NA_NA_NA_NA_Nov14201006-03-53_CTD_06.cnv,CTD_06.cnv
95.573,96.445,2.842133,16.9829,1511.96,0.6431,3.89916,7.20383,0.0,34.1908,NA_NA_NA_NA_Nov14201006-03-53_CTD_06.cnv,CTD_06.cnv
96.062,96.938,2.842733,16.9424,1511.86,0.6458,3.88198,7.19918,0.0,34.2031,NA_NA_NA_NA_Nov14201006-03-53_CTD_06.cnv,CTD_06.cnv
96.513,97.391,2.838337,16.8567,1511.65,0.6191,3.87561,7.19202,0.0,34.2149,NA_NA_NA_NA_Nov14201006-03-53_CTD_06.cnv,CTD_06.cnv
97.016,97.898,2.837594,16.8272,1511.63,0.5997,3.87636,7.19906,0.0,34.2214,NA_NA_NA_NA_Nov14201006-03-53_CTD_06.cnv,CTD_06.cnv
97.518,98.404,2.834605,16.7845,1511.52,0.5823,3.87375,7.20611,0.0,34.2086,NA_NA_NA_NA_Nov14201006-03-53_CTD_06.cnv,CTD_06.cnv
98.069,98.959,2.835585,16.7772,1511.5,0.5561,3.8708,7.20545,0.0,34.2288,NA_NA_NA_NA_Nov14201006-03-53_CTD_06.cnv,CTD_06.cnv
98.537,99.43,2.830216,16.6783,1511.27,0.5498,3.87332,7.19654,0.0,34.236,NA_NA_NA_NA_Nov14201006-03-53_CTD_06.cnv,CTD_06.cnv
99.001,99.898,2.831202,16.6715,1511.22,0.5296,3.84281,7.20401,0.0,34.235,NA_NA_NA_NA_Nov14201006-03-53_CTD_06.cnv,CTD_06.cnv
99.543,100.443,2.82598,16.5952,1511.06,0.5154,3.8489,7.19468,0.0,34.2456,NA_NA_NA_NA_Nov14201006-03-53_CTD_06.cnv,CTD_06.cnv
100.031,100.935,2.822046,16.5469,1510.88,0.4944,3.86109,7.19871,0.0,34.2161,NA_NA_NA_NA_Nov14201006-03-53_CTD_06.cnv,CTD_06.cnv
100.578,101.486,2.824234,16.5323,1510.89,0.4718,3.83099,7.20078,0.0,34.2394,NA_NA_NA_NA_Nov14201006-03-53_CTD_06.cnv,CTD_06.cnv
101.058,101.97,2.815101,16.4424,1510.65,0.4652,3.83509,7.20576,0.0,34.2116,NA_NA_NA_NA_Nov14201006-03-53_CTD_06.cnv,CTD_06.cnv
101.524,102.44,2.817443,16.4191,1510.59,0.4564,3.82869,7.19692,0.0,34.2394,NA_NA_NA_NA_Nov14201006-03-53_CTD_06.cnv,CTD_06.cnv
102.003,102.922,2.811379,16.3621,1510.35,0.4387,3.83011,7.20892,0.0,34.2149,NA_NA_NA_NA_Nov14201006-03-53_CTD_06.cnv,CTD_06.cnv
102.591,103.515,2.811097,16.2932,1510.12,0.4166,3.82265,7.20848,0.0,34.2268,NA_NA_NA_NA_Nov14201006-03-53_CTD_06.cnv,CTD_06.cnv
103.041,103.967,2.808227,16.2551,1510.18,0.3917,3.82961,7.2042,0.0,34.2427,NA_NA_NA_NA_Nov14201006-03-53_CTD_06.cnv,CTD_06.cnv
103.552,104.482,2.806047,16.2298,1510.06,0.38,3.80468,7.20442,0.0,34.2259,NA_NA_NA_NA_Nov14201006-03-53_CTD_06.cnv,CTD_06.cnv
104.038,104.971,2.803048,16.1692,1510.04,0.371,3.81188,7.2025,0.0,34.2477,NA_NA_NA_NA_Nov14201006-03-53_CTD_06.cnv,CTD_06.cnv
104.566,105.504,2.800134,16.1273,1509.79,0.3424,3.78823,7.19543,0.0,34.2448,NA_NA_NA_NA_Nov14201006-03-53_CTD_06.cnv,CTD_06.cnv
105.028,105.968,2.797507,16.0927,1509.7,0.3267,3.8019,7.19872,0.0,34.2239,NA_NA_NA_NA_Nov14201006-03-53_CTD_06.cnv,CTD_06.cnv
105.523,106.467,2.797212,16.0389,1509.61,0.3147,3.78963,7.19803,0.0,34.2402,NA_NA_NA_NA_Nov14201006-03-53_CTD_06.cnv,CTD_06.cnv
106.093,107.041,2.793899,15.9629,1509.33,0.3029,3.80187,7.19963,0.0,34.2438,NA_NA_NA_NA_Nov14201006-03-53_CTD_06.cnv,CTD_06.cnv
106.602,107.555,2.793062,15.9431,1509.35,0.2861,3.79707,7.20484,0.0,34.2572,NA_NA_NA_NA_Nov14201006-03-53_CTD_06.cnv,CTD_06.cnv
107.012,107.967,2.789591,15.8797,1509.22,0.2742,3.77758,7.20432,0.0,34.2557,NA_NA_NA_NA_Nov14201006-03-53_CTD_06.cnv,CTD_06.cnv
107.582,108.542,2.785651,15.8363,1509.13,0.2502,3.77549,7.20473,0.0,34.2645,NA_NA_NA_NA_Nov14201006-03-53_CTD_06.cnv,CTD_06.cnv
108.086,109.05,2.784777,15.8065,1508.95,0.2466,3.7653,7.19579,0.0,34.2485,NA_NA_NA_NA_Nov14201006-03-53_CTD_06.cnv,CTD_06.cnv
108.594,109.561,2.784146,15.7766,1508.85,0.2457,3.7734,7.19431,0.0,34.2667,NA_NA_NA_NA_Nov14201006-03-53_CTD_06.cnv,CTD_06.cnv
109.071,110.041,2.78106,15.7183,1508.74,0.2403,3.76464,7.20259,0.0,34.2685,NA_NA_NA_NA_Nov14201006-03-53_CTD_06.cnv,CTD_06.cnv
109.506,110.48,2.777607,15.6698,1508.64,0.2102,3.75342,7.19637,0.0,34.2599,NA_NA_NA_NA_Nov14201006-03-53_CTD_06.cnv,CTD_06.cnv
110.006,110.983,2.77467,15.6161,1508.5,0.2071,3.76253,7.21143,0.0,34.2554,NA_NA_NA_NA_Nov14201006-03-53_CTD_06.cnv,CTD_06.cnv
110.511,111.492,2.771045,15.5379,1508.2,0.2036,3.75049,7.20588,0.0,34.2571,NA_NA_NA_NA_Nov14201006-03-53_CTD_06.cnv,CTD_06.cnv
111.063,112.048,2.770108,15.5124,1508.26,0.1836,3.76052,7.19706,0.0,34.2614,NA_NA_NA_NA_Nov14201006-03-53_CTD_06.cnv,CTD_06.cnv
111.51,112.498,2.767534,15.4617,1507.96,0.1665,3.75192,7.19061,0.0,34.2732,NA_NA_NA_NA_Nov14201006-03-53_CTD_06.cnv,CTD_06.cnv
112.013,113.005,2.764439,15.4133,1507.97,0.1742,3.74244,7.20016,0.0,34.2664,NA_NA_NA_NA_Nov14201006-03-53_CTD_06.cnv,CTD_06.cnv
112.542,113.537,2.760313,15.3764,1507.81,0.1496,3.71711,7.20521,0.0,34.2691,NA_NA_NA_NA_Nov14201006-03-53_CTD_06.cnv,CTD_06.cnv
113.016,114.015,2.757995,15.3029,1507.57,0.1506,3.70297,7.19816,0.0,34.2623,NA_NA_NA_NA_Nov14201006-03-53_CTD_06.cnv,CTD_06.cnv
113.566,114.57,2.758894,15.2611,1507.59,0.1544,3.72544,7.19205,0.0,34.2836,NA_NA_NA_NA_Nov14201006-03-53_CTD_06.cnv,CTD_06.cnv
114.035,115.041,2.754182,15.237,1507.47,0.1387,3.70554,7.20153,0.0,34.2824,NA_NA_NA_NA_Nov14201006-03-53_CTD_06.cnv,CTD_06.cnv
114.606,115.617,2.752535,15.1759,1507.38,0.1275,3.72221,7.19957,0.0,34.2702,NA_NA_NA_NA_Nov14201006-03-53_CTD_06.cnv,CTD_06.cnv
115.085,116.099,2.751815,15.1447,1507.32,0.1109,3.69533,7.20367,0.0,34.2885,NA_NA_NA_NA_Nov14201006-03-53_CTD_06.cnv,CTD_06.cnv
115.533,116.551,2.747225,15.1013,1507.09,0.1181,3.69233,7.19423,0.0,34.2659,NA_NA_NA_NA_Nov14201006-03-53_CTD_06.cnv,CTD_06.cnv
116.083,117.104,2.742285,15.0381,1506.84,0.1117,3.71684,7.20621,0.0,34.2693,NA_NA_NA_NA_Nov14201006-03-53_CTD_06.cnv,CTD_06.cnv
116.525,117.55,2.742601,14.9982,1506.82,0.1001,3.69696,7.201,0.0,34.2897,NA_NA_NA_NA_Nov14201006-03-53_CTD_06.cnv,CTD_06.cnv
117.021,118.049,2.738323,14.9397,1506.68,0.083,3.67878,7.19557,0.0,34.2752,NA_NA_NA_NA_Nov14201006-03-53_CTD_06.cnv,CTD_06.cnv
117.515,118.547,2.740243,14.9175,1506.55,0.0838,3.6942,7.20087,0.0,34.2999,NA_NA_NA_NA_Nov14201006-03-53_CTD_06.cnv,CTD_06.cnv
118.066,119.102,2.736437,14.8612,1506.39,0.0825,3.67975,7.19931,0.0,34.2881,NA_NA_NA_NA_Nov14201006-03-53_CTD_06.cnv,CTD_06.cnv
118.568,119.608,2.731217,14.7722,1506.2,0.074,3.67927,7.19547,0.0,34.2997,NA_NA_NA_NA_Nov14201006-03-53_CTD_06.cnv,CTD_06.cnv
119.022,120.065,2.732213,14.7805,1506.22,0.0734,3.66759,7.20547,0.0,34.296,NA_NA_NA_NA_Nov14201006-03-53_CTD_06.cnv,CTD_06.cnv
119.545,120.592,2.72845,14.7323,1506.07,0.0698,3.68669,7.19862,0.0,34.3064,NA_NA_NA_NA_Nov14201006-03-53_CTD_06.cnv,CTD_06.cnv
120.082,121.133,2.726146,14.6826,1505.96,0.0648,3.66598,7.19889,0.0,34.2927,NA_NA_NA_NA_Nov14201006-03-53_CTD_06.cnv,CTD_06.cnv
120.608,121.663,2.723345,14.6075,1505.83,0.0639,3.66669,7.19622,0.0,34.2946,NA_NA_NA_NA_Nov14201006-03-53_CTD_06.cnv,CTD_06.cnv
121.067,122.125,2.722249,14.5792,1505.58,0.0503,3.65742,7.2029,0.0,34.3022,NA_NA_NA_NA_Nov14201006-03-53_CTD_06.cnv,CTD_06.cnv
121.541,122.603,2.717078,14.5421,1505.52,0.0624,3.64702,7.20275,0.0,34.293,NA_NA_NA_NA_Nov14201006-03-53_CTD_06.cnv,CTD_06.cnv
122.013,123.077,2.714575,14.4823,1505.48,0.0471,3.64828,7.20104,0.0,34.3115,NA_NA_NA_NA_Nov14201006-03-53_CTD_06.cnv,CTD_06.cnv
122.606,123.675,2.716265,14.4445,1505.23,0.0525,3.65076,7.20168,0.0,34.3112,NA_NA_NA_NA_Nov14201006-03-53_CTD_06.cnv,CTD_06.cnv
123.09,124.163,2.709262,14.3752,1505.11,0.045,3.63775,7.1978,0.0,34.3038,NA_NA_NA_NA_Nov14201006-03-53_CTD_06.cnv,CTD_06.cnv
123.543,124.619,2.70572,14.3258,1504.95,0.0428,3.62142,7.19946,0.0,34.2903,NA_NA_NA_NA_Nov14201006-03-53_CTD_06.cnv,CTD_06.cnv
124.07,125.15,2.707611,14.2918,1504.91,0.0432,3.61419,7.19526,0.0,34.33,NA_NA_NA_NA_Nov14201006-03-53_CTD_06.cnv,CTD_06.cnv
124.609,125.693,2.70546,14.2855,1504.87,0.0416,3.61352,7.20266,0.0,34.3026,NA_NA_NA_NA_Nov14201006-03-53_CTD_06.cnv,CTD_06.cnv
125.057,126.144,2.701993,14.2197,1504.72,0.0343,3.63176,7.1986,0.0,34.3041,NA_NA_NA_NA_Nov14201006-03-53_CTD_06.cnv,CTD_06.cnv
125.57,126.661,2.699447,14.1802,1504.6,0.0432,3.60082,7.20317,0.0,34.3104,NA_NA_NA_NA_Nov14201006-03-53_CTD_06.cnv,CTD_06.cnv
126.063,127.158,2.694447,14.0996,1504.38,0.0334,3.60798,7.18961,0.0,34.3101,NA_NA_NA_NA_Nov14201006-03-53_CTD_06.cnv,CTD_06.cnv
126.605,127.703,2.694307,14.0957,1504.31,0.0155,3.60394,7.19438,0.0,34.3074,NA_NA_NA_NA_Nov14201006-03-53_CTD_06.cnv,CTD_06.cnv
127.094,128.196,2.692309,14.0512,1504.21,0.0327,3.59061,7.20499,0.0,34.3014,NA_NA_NA_NA_Nov14201006-03-53_CTD_06.cnv,CTD_06.cnv
127.587,128.693,2.688545,13.952,1503.91,0.0316,3.56899,7.20407,0.0,34.3209,NA_NA_NA_NA_Nov14201006-03-53_CTD_06.cnv,CTD_06.cnv
128.042,129.151,2.687844,13.9348,1503.89,0.0275,3.58461,7.19681,0.0,34.336,NA_NA_NA_NA_Nov14201006-03-53_CTD_06.cnv,CTD_06.cnv
128.593,129.706,2.684376,13.8959,1503.81,0.0075,3.57677,7.19986,0.0,34.3106,NA_NA_NA_NA_Nov14201006-03-53_CTD_06.cnv,CTD_06.cnv
129.087,130.203,2.68066,13.841,1503.57,0.0276,3.5953,7.20507,0.0,34.3239,NA_NA_NA_NA_Nov14201006-03-53_CTD_06.cnv,CTD_06.cnv
129.583,130.703,2.68123,13.7977,1503.51,0.011,3.58415,7.20287,0.0,34.3336,NA_NA_NA_NA_Nov14201006-03-53_CTD_06.cnv,CTD_06.cnv
130.108,131.232,2.67809,13.7616,1503.37,0.0258,3.55754,7.20394,0.0,34.3402,NA_NA_NA_NA_Nov14201006-03-53_CTD_06.cnv,CTD_06.cnv
130.588,131.716,2.676958,13.7076,1503.22,0.014,3.54866,7.20281,0.0,34.3273,NA_NA_NA_NA_Nov14201006-03-53_CTD_06.cnv,CTD_06.cnv
131.027,132.158,2.675588,13.6995,1503.19,0.0172,3.56136,7.19556,0.0,34.339,NA_NA_NA_NA_Nov14201006-03-53_CTD_06.cnv,CTD_06.cnv
131.527,132.661,2.67057,13.6486,1503.02,0.0093,3.57852,7.20214,0.0,34.3246,NA_NA_NA_NA_Nov14201006-03-53_CTD_06.cnv,CTD_06.cnv
132.084,133.222,2.670073,13.6006,1502.86,0.0149,3.55664,7.19986,0.0,34.3458,NA_NA_NA_NA_Nov14201006-03-53_CTD_06.cnv,CTD_06.cnv
132.559,133.701,2.666629,13.5465,1502.7,0.0197,3.57323,7.2041,0.0,34.322,NA_NA_NA_NA_Nov14201006-03-53_CTD_06.cnv,CTD_06.cnv
133.023,134.168,2.661727,13.465,1502.52,0.0126,3.55178,7.19911,0.0,34.3253,NA_NA_NA_NA_Nov14201006-03-53_CTD_06.cnv,CTD_06.cnv
133.59,134.74,2.664858,13.4907,1502.65,0.0136,3.54904,7.20568,0.0,34.3442,NA_NA_NA_NA_Nov14201006-03-53_CTD_06.cnv,CTD_06.cnv
134.106,135.26,2.659247,13.4214,1502.39,-0.0041,3.53189,7.19867,0.0,34.3332,NA_NA_NA_NA_Nov14201006-03-53_CTD_06.cnv,CTD_06.cnv
134.556,135.713,2.657307,13.3419,1502.17,-0.0035,3.51555,7.19237,0.0,34.3367,NA_NA_NA_NA_Nov14201006-03-53_CTD_06.cnv,CTD_06.cnv
135.085,136.245,2.655949,13.3366,1502.1,0.0116,3.53141,7.20421,0.0,34.334,NA_NA_NA_NA_Nov14201006-03-53_CTD_06.cnv,CTD_06.cnv
135.565,136.728,2.652144,13.2669,1501.99,0.0207,3.52789,7.20748,0.0,34.3444,NA_NA_NA_NA_Nov14201006-03-53_CTD_06.cnv,CTD_06.cnv
136.025,137.192,2.649607,13.1736,1501.76,0.0076,3.53744,7.19637,0.0,34.3584,NA_NA_NA_NA_Nov14201006-03-53_CTD_06.cnv,CTD_06.cnv
136.601,137.773,2.647451,13.158,1501.57,-0.0139,3.51507,7.19705,0.0,34.3511,NA_NA_NA_NA_Nov14201006-03-53_CTD_06.cnv,CTD_06.cnv
137.03,138.205,2.645479,13.1447,1501.6,0.0149,3.51299,7.19559,0.0,34.3487,NA_NA_NA_NA_Nov14201006-03-53_CTD_06.cnv,CTD_06.cnv
137.544,138.722,2.64374,13.0949,1501.44,0.0082,3.51283,7.19693,0.0,34.3469,NA_NA_NA_NA_Nov14201006-03-53_CTD_06.cnv,CTD_06.cnv
138.07,139.252,2.638833,12.9977,1501.13,0.0039,3.51493,7.19693,0.0,34.3374,NA_NA_NA_NA_Nov14201006-03-53_CTD_06.cnv,CTD_06.cnv
138.534,139.719,2.63935,13.0157,1501.29,0.0073,3.49483,7.19953,0.0,34.3643,NA_NA_NA_NA_Nov14201006-03-53_CTD_06.cnv,CTD_06.cnv
139.108,140.298,2.636169,12.9751,1501.08,-0.0087,3.5096,7.20018,0.0,34.3369,NA_NA_NA_NA_Nov14201006-03-53_CTD_06.cnv,CTD_06.cnv
139.608,140.801,2.634598,12.9441,1501.03,-0.0009,3.48346,7.19524,0.0,34.3373,NA_NA_NA_NA_Nov14201006-03-53_CTD_06.cnv,CTD_06.cnv
140.061,141.258,2.632118,12.8654,1500.65,0.0069,3.4678,7.19389,0.0,34.3533,NA_NA_NA_NA_Nov14201006-03-53_CTD_06.cnv,CTD_06.cnv
140.553,141.753,2.632194,12.8474,1500.71,0.0084,3.4761,7.19286,0.0,34.3575,NA_NA_NA_NA_Nov14201006-03-53_CTD_06.cnv,CTD_06.cnv
141.05,142.254,2.628709,12.823,1500.66,0.0078,3.46166,7.19717,0.0,34.3747,NA_NA_NA_NA_Nov14201006-03-53_CTD_06.cnv,CTD_06.cnv
141.596,142.803,2.623564,12.7019,1500.25,0.0147,3.49104,7.20042,0.0,34.3632,NA_NA_NA_NA_Nov14201006-03-53_CTD_06.cnv,CTD_06.cnv
142.1,143.311,2.620809,12.6849,1500.19,0.004,3.47705,7.20424,0.0,34.3659,NA_NA_NA_NA_Nov14201006-03-53_CTD_06.cnv,CTD_06.cnv
142.55,143.765,2.616555,12.6254,1499.97,0.0009,3.46212,7.19529,0.0,34.3593,NA_NA_NA_NA_Nov14201006-03-53_CTD_06.cnv,CTD_06.cnv
143.076,144.294,2.617641,12.6072,1499.99,0.0002,3.47658,7.19733,0.0,34.3681,NA_NA_NA_NA_Nov14201006-03-53_CTD_06.cnv,CTD_06.cnv
143.597,144.819,2.613729,12.526,1499.76,-0.0088,3.45579,7.19999,0.0,34.3755,NA_NA_NA_NA_Nov14201006-03-53_CTD_06.cnv,CTD_06.cnv
144.07,145.296,2.613086,12.524,1499.82,0.0052,3.44425,7.19487,0.0,34.3698,NA_NA_NA_NA_Nov14201006-03-53_CTD_06.cnv,CTD_06.cnv
144.595,145.824,2.612681,12.4764,1499.71,-0.0012,3.4362,7.20507,0.0,34.3868,NA_NA_NA_NA_Nov14201006-03-53_CTD_06.cnv,CTD_06.cnv
145.092,146.325,2.60888,12.4459,1499.53,-0.0141,3.44903,7.19958,0.0,34.3751,NA_NA_NA_NA_Nov14201006-03-53_CTD_06.cnv,CTD_06.cnv
145.592,146.829,2.607818,12.4283,1499.43,0.0042,3.4249,7.20584,0.0,34.3731,NA_NA_NA_NA_Nov14201006-03-53_CTD_06.cnv,CTD_06.cnv
146.036,147.276,2.605968,12.3694,1499.33,-0.0023,3.41719,7.20605,0.0,34.3751,NA_NA_NA_NA_Nov14201006-03-53_CTD_06.cnv,CTD_06.cnv
146.542,147.786,2.601127,12.2912,1499.05,0.0005,3.4275,7.20227,0.0,34.3707,NA_NA_NA_NA_Nov14201006-03-53_CTD_06.cnv,CTD_06.cnv
147.031,148.279,2.597152,12.2556,1498.94,-0.0111,3.43246,7.20129,0.0,34.3764,NA_NA_NA_NA_Nov14201006-03-53_CTD_06.cnv,CTD_06.cnv
147.542,148.793,2.595304,12.2072,1498.85,0.0137,3.41594,7.20084,0.0,34.3655,NA_NA_NA_NA_Nov14201006-03-53_CTD_06.cnv,CTD_06.cnv
148.045,149.3,2.596111,12.204,1498.8,-0.0067,3.40952,7.20125,0.0,34.3806,NA_NA_NA_NA_Nov14201006-03-53_CTD_06.cnv,CTD_06.cnv
148.591,149.85,2.593389,12.1489,1498.64,0.0001,3.41107,7.20366,0.0,34.3825,NA_NA_NA_NA_Nov14201006-03-53_CTD_06.cnv,CTD_06.cnv
149.046,150.308,2.590094,12.0861,1498.44,0.0013,3.41608,7.19579,0.0,34.3805,NA_NA_NA_NA_Nov14201006-03-53_CTD_06.cnv,CTD_06.cnv
149.589,150.855,2.588175,12.0486,1498.28,-0.011,3.39381,7.20254,0.0,34.3687,NA_NA_NA_NA_Nov14201006-03-53_CTD_06.cnv,CTD_06.cnv
150.09,151.359,2.58743,12.0215,1498.3,-0.0024,3.3671,7.19746,0.0,34.3905,NA_NA_NA_NA_Nov14201006-03-53_CTD_06.cnv,CTD_06.cnv
150.614,151.887,2.584157,11.9762,1498.16,0.0034,3.39221,7.20053,0.0,34.3951,NA_NA_NA_NA_Nov14201006-03-53_CTD_06.cnv,CTD_06.cnv
151.047,152.323,2.579961,11.9123,1497.9,-0.0051,3.39425,7.20366,0.0,34.3808,NA_NA_NA_NA_Nov14201006-03-53_CTD_06.cnv,CTD_06.cnv
151.536,152.816,2.579244,11.8947,1497.92,-0.0111,3.39789,7.20741,0.0,34.3962,NA_NA_NA_NA_Nov14201006-03-53_CTD_06.cnv,CTD_06.cnv
152.108,153.393,2.577322,11.8315,1497.71,0.0084,3.36566,7.2003,0.0,34.3933,NA_NA_NA_NA_Nov14201006-03-53_CTD_06.cnv,CTD_06.cnv
152.587,153.875,2.573354,11.7711,1497.43,-0.0099,3.3805,7.20517,0.0,34.3894,NA_NA_NA_NA_Nov14201006-03-53_CTD_06.cnv,CTD_06.cnv
153.123,154.415,2.574657,11.7778,1497.58,-0.0003,3.36834,7.20071,0.0,34.3944,NA_NA_NA_NA_Nov14201006-03-53_CTD_06.cnv,CTD_06.cnv
153.573,154.869,2.572052,11.7349,1497.35,0.0019,3.37878,7.19957,0.0,34.3987,NA_NA_NA_NA_Nov14201006-03-53_CTD_06.cnv,CTD_06.cnv
154.087,155.386,2.569849,11.6637,1497.23,0.0044,3.37937,7.20544,0.0,34.4145,NA_NA_NA_NA_Nov14201006-03-53_CTD_06.cnv,CTD_06.cnv
154.614,155.917,2.565686,11.6211,1497.0,0.0052,3.36323,7.1946,0.0,34.4104,NA_NA_NA_NA_Nov14201006-03-53_CTD_06.cnv,CTD_06.cnv
155.104,156.41,2.567763,11.6125,1496.93,0.0135,3.37339,7.19906,0.0,34.4179,NA_NA_NA_NA_Nov14201006-03-53_CTD_06.cnv,CTD_06.cnv
155.565,156.875,2.559933,11.5332,1496.8,-0.0016,3.34138,7.20328,0.0,34.4002,NA_NA_NA_NA_Nov14201006-03-53_CTD_06.cnv,CTD_06.cnv
156.092,157.406,2.558271,11.4803,1496.55,0.016,3.34567,7.2005,0.0,34.4115,NA_NA_NA_NA_Nov14201006-03-53_CTD_06.cnv,CTD_06.cnv
156.538,157.855,2.556451,11.453,1496.55,0.0086,3.34271,7.19466,0.0,34.4093,NA_NA_NA_NA_Nov14201006-03-53_CTD_06.cnv,CTD_06.cnv
157.075,158.395,2.554936,11.4267,1496.42,-0.0073,3.33447,7.20922,0.0,34.4048,NA_NA_NA_NA_Nov14201006-03-53_CTD_06.cnv,CTD_06.cnv
157.59,158.915,2.557235,11.425,1496.36,0.0021,3.35793,7.20245,0.0,34.4216,NA_NA_NA_NA_Nov14201006-03-53_CTD_06.cnv,CTD_06.cnv
158.075,159.403,2.552109,11.3604,1496.19,0.0115,3.32773,7.20737,0.0,34.4058,NA_NA_NA_NA_Nov14201006-03-53_CTD_06.cnv,CTD_06.cnv
158.616,159.948,2.548234,11.3248,1496.16,0.0049,3.32567,7.20557,0.0,34.4172,NA_NA_NA_NA_Nov14201006-03-53_CTD_06.cnv,CTD_06.cnv
159.031,160.366,2.549198,11.2903,1496.07,-0.0037,3.32612,7.20453,0.0,34.4109,NA_NA_NA_NA_Nov14201006-03-53_CTD_06.cnv,CTD_06.cnv
159.612,160.951,2.5434,11.1995,1495.73,0.0036,3.31206,7.2009,0.0,34.4227,NA_NA_NA_NA_Nov14201006-03-53_CTD_06.cnv,CTD_06.cnv
160.083,161.426,2.543192,11.1888,1495.71,-0.0087,3.31842,7.19996,0.0,34.4164,NA_NA_NA_NA_Nov14201006-03-53_CTD_06.cnv,CTD_06.cnv
160.548,161.894,2.541243,11.1828,1495.71,0.0039,3.30691,7.20552,0.0,34.4203,NA_NA_NA_NA_Nov14201006-03-53_CTD_06.cnv,CTD_06.cnv
161.093,162.443,2.539607,11.0981,1495.3,0.007,3.30108,7.19366,0.0,34.416,NA_NA_NA_NA_Nov14201006-03-53_CTD_06.cnv,CTD_06.cnv
161.563,162.916,2.537628,11.1009,1495.44,0.0068,3.29598,7.19903,0.0,34.4209,NA_NA_NA_NA_Nov14201006-03-53_CTD_06.cnv,CTD_06.cnv
162.092,163.45,2.539417,11.0673,1495.4,-0.0124,3.29514,7.20713,0.0,34.4394,NA_NA_NA_NA_Nov14201006-03-53_CTD_06.cnv,CTD_06.cnv
162.586,163.947,2.535607,11.0055,1495.16,-0.0195,3.30282,7.19821,0.0,34.4385,NA_NA_NA_NA_Nov14201006-03-53_CTD_06.cnv,CTD_06.cnv
163.036,164.401,2.529851,10.962,1495.0,-0.0121,3.28576,7.19217,0.0,34.4137,NA_NA_NA_NA_Nov14201006-03-53_CTD_06.cnv,CTD_06.cnv
163.556,164.924,2.533214,10.9488,1495.0,0.0003,3.2822,7.19913,0.0,34.4446,NA_NA_NA_NA_Nov14201006-03-53_CTD_06.cnv,CTD_06.cnv
164.048,165.419,2.529535,10.9232,1494.86,0.0146,3.27515,7.19742,0.0,34.4231,NA_NA_NA_NA_Nov14201006-03-53_CTD_06.cnv,CTD_06.cnv
164.575,165.951,2.526262,10.8644,1494.67,-0.0073,3.27637,7.20242,0.0,34.4323,NA_NA_NA_NA_Nov14201006-03-53_CTD_06.cnv,CTD_06.cnv
165.064,166.443,2.525459,10.8001,1494.56,-0.003,3.28377,7.19832,0.0,34.4482,NA_NA_NA_NA_Nov14201006-03-53_CTD_06.cnv,CTD_06.cnv
165.581,166.964,2.52292,10.8164,1494.58,0.0066,3.27661,7.19888,0.0,34.4296,NA_NA_NA_NA_Nov14201006-03-53_CTD_06.cnv,CTD_06.cnv
166.065,167.452,2.520642,10.766,1494.27,-0.0124,3.26177,7.20078,0.0,34.4276,NA_NA_NA_NA_Nov14201006-03-53_CTD_06.cnv,CTD_06.cnv
166.602,167.993,2.520905,10.7345,1494.33,-0.0072,3.26918,7.20655,0.0,34.4398,NA_NA_NA_NA_Nov14201006-03-53_CTD_06.cnv,CTD_06.cnv
167.034,168.428,2.514646,10.6634,1494.0,0.0035,3.2408,7.19935,0.0,34.4537,NA_NA_NA_NA_Nov14201006-03-53_CTD_06.cnv,CTD_06.cnv
167.561,168.958,2.513459,10.607,1493.87,0.0111,3.2545,7.19857,0.0,34.442,NA_NA_NA_NA_Nov14201006-03-53_CTD_06.cnv,CTD_06.cnv
168.054,169.455,2.511059,10.5767,1493.77,-0.0052,3.26376,7.20463,0.0,34.4335,NA_NA_NA_NA_Nov14201006-03-53_CTD_06.cnv,CTD_06.cnv
168.536,169.94,2.508986,10.5269,1493.64,-0.007,3.21917,7.20682,0.0,34.4411,NA_NA_NA_NA_Nov14201006-03-53_CTD_06.cnv,CTD_06.cnv
169.049,170.457,2.50691,10.4964,1493.51,-0.02,3.23723,7.20598,0.0,34.453,NA_NA_NA_NA_Nov14201006-03-53_CTD_06.cnv,CTD_06.cnv
169.556,170.968,2.5038,10.4527,1493.41,0.0105,3.23493,7.19874,0.0,34.4451,NA_NA_NA_NA_Nov14201006-03-53_CTD_06.cnv,CTD_06.cnv
170.039,171.454,2.505746,10.4518,1493.44,-0.0085,3.2231,7.20725,0.0,34.4555,NA_NA_NA_NA_Nov14201006-03-53_CTD_06.cnv,CTD_06.cnv
170.609,172.029,2.503224,10.3977,1493.24,0.0111,3.22882,7.20134,0.0,34.4439,NA_NA_NA_NA_Nov14201006-03-53_CTD_06.cnv,CTD_06.cnv
171.071,172.494,2.498948,10.358,1493.13,-0.0046,3.23321,7.19772,0.0,34.4423,NA_NA_NA_NA_Nov14201006-03-53_CTD_06.cnv,CTD_06.cnv
171.632,173.059,2.498134,10.3239,1493.09,0.0014,3.21895,7.19863,0.0,34.4635,NA_NA_NA_NA_Nov14201006-03-53_CTD_06.cnv,CTD_06.cnv
172.097,173.528,2.495626,10.2571,1492.72,-0.0136,3.22713,7.19602,0.0,34.4662,NA_NA_NA_NA_Nov14201006-03-53_CTD_06.cnv,CTD_06.cnv
172.59,174.024,2.494753,10.2851,1492.96,0.0027,3.20105,7.1973,0.0,34.4482,NA_NA_NA_NA_Nov14201006-03-53_CTD_06.cnv,CTD_06.cnv
173.068,174.506,2.49405,10.2386,1492.76,0.0079,3.21906,7.19366,0.0,34.4386,NA_NA_NA_NA_Nov14201006-03-53_CTD_06.cnv,CTD_06.cnv
173.606,175.048,2.491587,10.2116,1492.62,-0.0027,3.20814,7.20119,0.0,34.4516,NA_NA_NA_NA_Nov14201006-03-53_CTD_06.cnv,CTD_06.cnv
174.078,175.523,2.488797,10.1556,1492.45,-0.0008,3.19721,7.2001,0.0,34.4481,NA_NA_NA_NA_Nov14201006-03-53_CTD_06.cnv,CTD_06.cnv
174.546,175.994,2.488812,10.0923,1492.28,-0.0022,3.19449,7.20043,0.0,34.4738,NA_NA_NA_NA_Nov14201006-03-53_CTD_06.cnv,CTD_06.cnv
175.114,176.566,2.485753,10.0361,1492.13,0.0023,3.19382,7.20301,0.0,34.4849,NA_NA_NA_NA_Nov14201006-03-53_CTD_06.cnv,CTD_06.cnv
175.621,177.077,2.486172,10.0524,1492.16,-0.0068,3.18071,7.20105,0.0,34.4723,NA_NA_NA_NA_Nov14201006-03-53_CTD_06.cnv,CTD_06.cnv
176.105,177.565,2.480779,9.9809,1491.92,0.0006,3.18582,7.19729,0.0,34.4738,NA_NA_NA_NA_Nov14201006-03-53_CTD_06.cnv,CTD_06.cnv
176.622,178.085,2.480713,9.9753,1491.79,-0.0024,3.18687,7.19758,0.0,34.4692,NA_NA_NA_NA_Nov14201006-03-53_CTD_06.cnv,CTD_06.cnv
177.052,178.519,2.477478,9.9284,1491.73,-0.0156,3.18921,7.20092,0.0,34.4729,NA_NA_NA_NA_Nov14201006-03-53_CTD_06.cnv,CTD_06.cnv
177.568,179.039,2.476603,9.8858,1491.5,-0.0016,3.17962,7.21161,0.0,34.4765,NA_NA_NA_NA_Nov14201006-03-53_CTD_06.cnv,CTD_06.cnv
178.044,179.518,2.474256,9.8723,1491.51,0.0048,3.16366,7.19624,0.0,34.4666,NA_NA_NA_NA_Nov14201006-03-53_CTD_06.cnv,CTD_06.cnv
178.541,180.019,2.471085,9.8074,1491.36,0.0012,3.16102,7.19116,0.0,34.4725,NA_NA_NA_NA_Nov14201006-03-53_CTD_06.cnv,CTD_06.cnv
179.065,180.546,2.469822,9.7795,1491.23,0.004,3.16831,7.18991,0.0,34.4587,NA_NA_NA_NA_Nov14201006-03-53_CTD_06.cnv,CTD_06.cnv
179.54,181.025,2.47004,9.7735,1491.23,0.0055,3.15613,7.20349,0.0,34.4695,NA_NA_NA_NA_Nov14201006-03-53_CTD_06.cnv,CTD_06.cnv
180.044,181.533,2.465356,9.7281,1491.13,-0.0053,3.15253,7.20427,0.0,34.4639,NA_NA_NA_NA_Nov14201006-03-53_CTD_06.cnv,CTD_06.cnv
180.616,182.108,2.46291,9.6526,1490.78,0.0004,3.16226,7.19081,0.0,34.4789,NA_NA_NA_NA_Nov14201006-03-53_CTD_06.cnv,CTD_06.cnv
181.047,182.542,2.464497,9.6788,1490.88,-0.0106,3.1362,7.20357,0.0,34.4708,NA_NA_NA_NA_Nov14201006-03-53_CTD_06.cnv,CTD_06.cnv
181.636,183.136,2.461354,9.6038,1490.69,0.0211,3.14369,7.1979,0.0,34.4719,NA_NA_NA_NA_Nov14201006-03-53_CTD_06.cnv,CTD_06.cnv
182.1,183.604,2.458063,9.5639,1490.56,0.0067,3.13497,7.19892,0.0,34.4943,NA_NA_NA_NA_Nov14201006-03-53_CTD_06.cnv,CTD_06.cnv
182.607,184.114,2.459256,9.5832,1490.6,0.003,3.13596,7.19708,0.0,34.477,NA_NA_NA_NA_Nov14201006-03-53_CTD_06.cnv,CTD_06.cnv
183.117,184.628,2.458998,9.5623,1490.59,-0.0076,3.13928,7.19791,0.0,34.4744,NA_NA_NA_NA_Nov14201006-03-53_CTD_06.cnv,CTD_06.cnv
183.574,185.088,2.457445,9.5234,1490.49,-0.0002,3.1171,7.20794,0.0,34.4813,NA_NA_NA_NA_Nov14201006-03-53_CTD_06.cnv,CTD_06.cnv
184.086,185.604,2.45255,9.4685,1490.26,0.001,3.11796,7.20476,0.0,34.4747,NA_NA_NA_NA_Nov14201006-03-53_CTD_06.cnv,CTD_06.cnv
184.592,186.114,2.454185,9.486,1490.27,-0.0039,3.13157,7.20221,0.0,34.4828,NA_NA_NA_NA_Nov14201006-03-53_CTD_06.cnv,CTD_06.cnv
185.056,186.581,2.448616,9.3898,1489.99,0.0001,3.09949,7.20791,0.0,34.4838,NA_NA_NA_NA_Nov14201006-03-53_CTD_06.cnv,CTD_06.cnv
185.589,187.118,2.446563,9.3396,1489.8,0.0017,3.11037,7.20409,0.0,34.5018,NA_NA_NA_NA_Nov14201006-03-53_CTD_06.cnv,CTD_06.cnv
186.108,187.641,2.44352,9.2941,1489.61,0.0043,3.1084,7.1951,0.0,34.4958,NA_NA_NA_NA_Nov14201006-03-53_CTD_06.cnv,CTD_06.cnv
186.563,188.099,2.440859,9.2768,1489.58,-0.002,3.1024,7.20384,0.0,34.4912,NA_NA_NA_NA_Nov14201006-03-53_CTD_06.cnv,CTD_06.cnv
187.07,188.61,2.441439,9.2614,1489.49,0.0072,3.10859,7.19998,0.0,34.4889,NA_NA_NA_NA_Nov14201006-03-53_CTD_06.cnv,CTD_06.cnv
187.605,189.149,2.442417,9.2687,1489.59,-0.0022,3.10284,7.2025,0.0,34.4904,NA_NA_NA_NA_Nov14201006-03-53_CTD_06.cnv,CTD_06.cnv
188.111,189.658,2.438377,9.1907,1489.27,0.0135,3.09491,7.20186,0.0,34.5021,NA_NA_NA_NA_Nov14201006-03-53_CTD_06.cnv,CTD_06.cnv
188.592,190.143,2.437023,9.152,1489.17,-0.0071,3.08756,7.20652,0.0,34.5029,NA_NA_NA_NA_Nov14201006-03-53_CTD_06.cnv,CTD_06.cnv
189.074,190.628,2.436851,9.1297,1489.13,0.0004,3.07836,7.20502,0.0,34.5085,NA_NA_NA_NA_Nov14201006-03-53_CTD_06.cnv,CTD_06.cnv
189.573,191.131,2.436079,9.1341,1489.13,-0.0141,3.06809,7.20084,0.0,34.513,NA_NA_NA_NA_Nov14201006-03-53_CTD_06.cnv,CTD_06.cnv
190.128,191.691,2.432642,9.0475,1488.88,-0.0057,3.07525,7.20405,0.0,34.5142,NA_NA_NA_NA_Nov14201006-03-53_CTD_06.cnv,CTD_06.cnv
190.612,192.177,2.428809,8.9917,1488.68,-0.0014,3.08321,7.19818,0.0,34.5171,NA_NA_NA_NA_Nov14201006-03-53_CTD_06.cnv,CTD_06.cnv
191.139,192.709,2.427319,8.9644,1488.67,0.0017,3.07661,7.19993,0.0,34.5121,NA_NA_NA_NA_Nov14201006-03-53_CTD_06.cnv,CTD_06.cnv
191.565,193.138,2.427552,8.9995,1488.74,-0.0067,3.05669,7.20093,0.0,34.4884,NA_NA_NA_NA_Nov14201006-03-53_CTD_06.cnv,CTD_06.cnv
192.093,193.669,2.427836,8.9427,1488.43,-0.0003,3.07056,7.19865,0.0,34.5019,NA_NA_NA_NA_Nov14201006-03-53_CTD_06.cnv,CTD_06.cnv
192.587,194.167,2.426153,8.9027,1488.39,0.0042,3.0429,7.19921,0.0,34.5122,NA_NA_NA_NA_Nov14201006-03-53_CTD_06.cnv,CTD_06.cnv
193.115,194.699,2.423275,8.8887,1488.36,0.001,3.04474,7.19817,0.0,34.5223,NA_NA_NA_NA_Nov14201006-03-53_CTD_06.cnv,CTD_06.cnv
193.576,195.164,2.420475,8.8299,1488.17,-0.0125,3.04138,7.19561,0.0,34.5014,NA_NA_NA_NA_Nov14201006-03-53_CTD_06.cnv,CTD_06.cnv
194.05,195.641,2.419203,8.8286,1488.17,0.0072,3.04161,7.20123,0.0,34.5051,NA_NA_NA_NA_Nov14201006-03-53_CTD_06.cnv,CTD_06.cnv
194.567,196.161,2.418471,8.7888,1488.01,0.0203,3.02855,7.20257,0.0,34.5162,NA_NA_NA_NA_Nov14201006-03-53_CTD_06.cnv,CTD_06.cnv
195.066,196.664,2.418477,8.7908,1487.92,0.0027,3.02105,7.2017,0.0,34.5004,NA_NA_NA_NA_Nov14201006-03-53_CTD_06.cnv,CTD_06.cnv
195.623,197.226,2.413889,8.7099,1487.73,0.0054,3.02134,7.19587,0.0,34.4969,NA_NA_NA_NA_Nov14201006-03-53_CTD_06.cnv,CTD_06.cnv
196.068,197.673,2.412635,8.6757,1487.71,0.0112,3.0325,7.20244,0.0,34.5244,NA_NA_NA_NA_Nov14201006-03-53_CTD_06.cnv,CTD_06.cnv
196.622,198.231,2.413705,8.695,1487.57,-0.0016,3.03097,7.20361,0.0,34.5216,NA_NA_NA_NA_Nov14201006-03-53_CTD_06.cnv,CTD_06.cnv
197.05,198.663,2.410261,8.6241,1487.47,0.0036,3.02494,7.2021,0.0,34.5019,NA_NA_NA_NA_Nov14201006-03-53_CTD_06.cnv,CTD_06.cnv
197.621,199.238,2.405818,8.5786,1487.35,0.0089,3.03146,7.19322,0.0,34.5137,NA_NA_NA_NA_Nov14201006-03-53_CTD_06.cnv,CTD_06.cnv
198.121,199.742,2.405832,8.5762,1487.24,-0.0022,3.00979,7.18947,0.0,34.4957,NA_NA_NA_NA_Nov14201006-03-53_CTD_06.cnv,CTD_06.cnv
198.634,200.258,2.405808,8.5406,1487.15,-0.0062,2.99413,7.20712,0.0,34.5326,NA_NA_NA_NA_Nov14201006-03-53_CTD_06.cnv,CTD_06.cnv
199.135,200.762,2.402963,8.478,1486.95,-0.0024,3.02073,7.20165,0.0,34.5287,NA_NA_NA_NA_Nov14201006-03-53_CTD_06.cnv,CTD_06.cnv
199.603,201.235,2.399247,8.4311,1486.87,0.0031,3.00302,7.20448,0.0,34.542,NA_NA_NA_NA_Nov14201006-03-53_CTD_06.cnv,CTD_06.cnv
200.062,201.697,2.400724,8.4457,1486.84,0.0028,2.99474,7.1971,0.0,34.5262,NA_NA_NA_NA_Nov14201006-03-53_CTD_06.cnv,CTD_06.cnv
200.614,202.252,2.396738,8.3937,1486.65,-0.02,2.98849,7.2027,0.0,34.5094,NA_NA_NA_NA_Nov14201006-03-53_CTD_06.cnv,CTD_06.cnv
201.103,202.746,2.395348,8.3856,1486.64,-0.0016,2.97713,7.20185,0.0,34.5112,NA_NA_NA_NA_Nov14201006-03-53_CTD_06.cnv,CTD_06.cnv
201.644,203.29,2.394374,8.3523,1486.59,-0.02,2.99453,7.20337,0.0,34.5245,NA_NA_NA_NA_Nov14201006-03-53_CTD_06.cnv,CTD_06.cnv
202.121,203.77,2.393244,8.3112,1486.43,-0.0056,2.9799,7.20152,0.0,34.516,NA_NA_NA_NA_Nov14201006-03-53_CTD_06.cnv,CTD_06.cnv
202.645,204.299,2.395395,8.3362,1486.46,0.0006,2.98514,7.2022,0.0,34.5364,NA_NA_NA_NA_Nov14201006-03-53_CTD_06.cnv,CTD_06.cnv
203.082,204.739,2.390344,8.2618,1486.21,0.0062,2.99878,7.1977,0.0,34.5366,NA_NA_NA_NA_Nov14201006-03-53_CTD_06.cnv,CTD_06.cnv
203.64,205.301,2.391186,8.2778,1486.28,0.0025,2.95314,7.20113,0.0,34.534,NA_NA_NA_NA_Nov14201006-03-53_CTD_06.cnv,CTD_06.cnv
204.128,205.793,2.3871,8.1762,1486.01,0.0046,2.96753,7.19592,0.0,34.5385,NA_NA_NA_NA_Nov14201006-03-53_CTD_06.cnv,CTD_06.cnv
204.574,206.242,2.387726,8.2113,1486.03,0.01,2.94929,7.20297,0.0,34.5507,NA_NA_NA_NA_Nov14201006-03-53_CTD_06.cnv,CTD_06.cnv
205.075,206.746,2.38639,8.1768,1485.94,0.0011,2.97488,7.21239,0.0,34.5474,NA_NA_NA_NA_Nov14201006-03-53_CTD_06.cnv,CTD_06.cnv
205.646,207.321,2.38191,8.1387,1485.86,-0.0008,2.94404,7.20691,0.0,34.5249,NA_NA_NA_NA_Nov14201006-03-53_CTD_06.cnv,CTD_06.cnv
206.126,207.805,2.381976,8.1226,1485.8,-0.0027,2.95155,7.19498,0.0,34.5481,NA_NA_NA_NA_Nov14201006-03-53_CTD_06.cnv,CTD_06.cnv
206.556,208.238,2.38086,8.0796,1485.67,0.0048,2.94047,7.20076,0.0,34.5357,NA_NA_NA_NA_Nov14201006-03-53_CTD_06.cnv,CTD_06.cnv
207.122,208.808,2.377886,8.0389,1485.5,-0.0147,2.94892,7.2039,0.0,34.5506,NA_NA_NA_NA_Nov14201006-03-53_CTD_06.cnv,CTD_06.cnv
207.599,209.288,2.377442,8.0261,1485.52,0.0121,2.96996,7.20021,0.0,34.5445,NA_NA_NA_NA_Nov14201006-03-53_CTD_06.cnv,CTD_06.cnv
208.138,209.831,2.37758,8.007,1485.43,0.0003,2.94075,7.198,0.0,34.5534,NA_NA_NA_NA_Nov14201006-03-53_CTD_06.cnv,CTD_06.cnv
208.616,210.313,2.375699,7.9631,1485.21,0.0103,2.92098,7.20135,0.0,34.5412,NA_NA_NA_NA_Nov14201006-03-53_CTD_06.cnv,CTD_06.cnv
209.09,210.79,2.375956,7.9896,1485.41,-0.0038,2.94292,7.20597,0.0,34.5449,NA_NA_NA_NA_Nov14201006-03-53_CTD_06.cnv,CTD_06.cnv
209.654,211.359,2.370641,7.9055,1485.03,0.0146,2.93549,7.19398,0.0,34.5253,NA_NA_NA_NA_Nov14201006-03-53_CTD_06.cnv,CTD_06.cnv
210.121,211.829,2.372509,7.9036,1485.12,-0.0021,2.92805,7.20655,0.0,34.5568,NA_NA_NA_NA_Nov14201006-03-53_CTD_06.cnv,CTD_06.cnv
210.617,212.329,2.370993,7.8726,1484.87,0.0162,2.91824,7.20445,0.0,34.5497,NA_NA_NA_NA_Nov14201006-03-53_CTD_06.cnv,CTD_06.cnv
211.078,212.793,2.367615,7.8555,1484.87,0.0207,2.91,7.21013,0.0,34.5451,NA_NA_NA_NA_Nov14201006-03-53_CTD_06.cnv,CTD_06.cnv
211.612,213.331,2.365635,7.8084,1484.8,0.0131,2.90905,7.19309,0.0,34.5509,NA_NA_NA_NA_Nov14201006-03-53_CTD_06.cnv,CTD_06.cnv
212.067,213.789,2.366133,7.8098,1484.67,0.0003,2.9215,7.20532,0.0,34.5323,NA_NA_NA_NA_Nov14201006-03-53_CTD_06.cnv,CTD_06.cnv
212.621,214.348,2.362739,7.7475,1484.45,0.0072,2.89562,7.20516,0.0,34.5507,NA_NA_NA_NA_Nov14201006-03-53_CTD_06.cnv,CTD_06.cnv
213.114,214.844,2.362366,7.7166,1484.5,-0.0024,2.91191,7.19934,0.0,34.562,NA_NA_NA_NA_Nov14201006-03-53_CTD_06.cnv,CTD_06.cnv
213.626,215.359,2.360065,7.6854,1484.26,0.0035,2.88414,7.20545,0.0,34.551,NA_NA_NA_NA_Nov14201006-03-53_CTD_06.cnv,CTD_06.cnv
214.064,215.801,2.35875,7.6818,1484.24,-0.0027,2.88508,7.20525,0.0,34.5507,NA_NA_NA_NA_Nov14201006-03-53_CTD_06.cnv,CTD_06.cnv
214.643,216.384,2.356975,7.6731,1484.34,-0.0112,2.88071,7.19331,0.0,34.5536,NA_NA_NA_NA_Nov14201006-03-53_CTD_06.cnv,CTD_06.cnv
215.137,216.881,2.358451,7.624,1484.13,0.0072,2.87741,7.19783,0.0,34.5604,NA_NA_NA_NA_Nov14201006-03-53_CTD_06.cnv,CTD_06.cnv
215.601,217.349,2.357566,7.6385,1484.29,0.0119,2.87768,7.19256,0.0,34.5614,NA_NA_NA_NA_Nov14201006-03-53_CTD_06.cnv,CTD_06.cnv
216.14,217.892,2.356297,7.5772,1483.97,0.001,2.87324,7.19321,0.0,34.5636,NA_NA_NA_NA_Nov14201006-03-53_CTD_06.cnv,CTD_06.cnv
216.563,218.318,2.352671,7.5894,1483.97,0.0163,2.88531,7.20706,0.0,34.5383,NA_NA_NA_NA_Nov14201006-03-53_CTD_06.cnv,CTD_06.cnv
217.083,218.842,2.352383,7.537,1483.85,0.0032,2.86622,7.20543,0.0,34.5549,NA_NA_NA_NA_Nov14201006-03-53_CTD_06.cnv,CTD_06.cnv
217.601,219.363,2.351055,7.503,1483.72,-0.0067,2.86936,7.19537,0.0,34.5741,NA_NA_NA_NA_Nov14201006-03-53_CTD_06.cnv,CTD_06.cnv
218.09,219.856,2.349163,7.4948,1483.66,0.0031,2.86197,7.20599,0.0,34.5623,NA_NA_NA_NA_Nov14201006-03-53_CTD_06.cnv,CTD_06.cnv
218.657,220.427,2.347335,7.4495,1483.52,-0.0102,2.87529,7.20294,0.0,34.5712,NA_NA_NA_NA_Nov14201006-03-53_CTD_06.cnv,CTD_06.cnv
219.062,220.835,2.346821,7.4636,1483.48,-0.0079,2.85538,7.19696,0.0,34.5458,NA_NA_NA_NA_Nov14201006-03-53_CTD_06.cnv,CTD_06.cnv
219.64,221.417,2.345929,7.4335,1483.4,-0.0023,2.8565,7.2077,0.0,34.532,NA_NA_NA_NA_Nov14201006-03-53_CTD_06.cnv,CTD_06.cnv
220.125,221.906,2.344887,7.3979,1483.35,-0.0139,2.8456,7.20011,0.0,34.5567,NA_NA_NA_NA_Nov14201006-03-53_CTD_06.cnv,CTD_06.cnv
220.642,222.427,2.3413,7.3484,1483.09,0.0035,2.84418,7.19785,0.0,34.5461,NA_NA_NA_NA_Nov14201006-03-53_CTD_06.cnv,CTD_06.cnv
221.156,222.944,2.340765,7.3311,1483.22,0.0035,2.86303,7.20109,0.0,34.5772,NA_NA_NA_NA_Nov14201006-03-53_CTD_06.cnv,CTD_06.cnv
221.641,223.433,2.340436,7.3234,1483.12,-0.0096,2.83665,7.20193,0.0,34.5599,NA_NA_NA_NA_Nov14201006-03-53_CTD_06.cnv,CTD_06.cnv
222.072,223.867,2.339004,7.2837,1482.99,-0.0036,2.83612,7.20231,0.0,34.5602,NA_NA_NA_NA_Nov14201006-03-53_CTD_06.cnv,CTD_06.cnv
222.607,224.406,2.339075,7.2888,1482.92,0.0124,2.81961,7.20019,0.0,34.5778,NA_NA_NA_NA_Nov14201006-03-53_CTD_06.cnv,CTD_06.cnv
223.072,224.874,2.339227,7.2661,1482.91,0.0091,2.82268,7.19783,0.0,34.5691,NA_NA_NA_NA_Nov14201006-03-53_CTD_06.cnv,CTD_06.cnv
223.625,225.432,2.336,7.2356,1482.86,-0.0021,2.82044,7.19681,0.0,34.5695,NA_NA_NA_NA_Nov14201006-03-53_CTD_06.cnv,CTD_06.cnv
224.086,225.896,2.333147,7.207,1482.68,0.0065,2.83939,7.19764,0.0,34.5581,NA_NA_NA_NA_Nov14201006-03-53_CTD_06.cnv,CTD_06.cnv
224.616,226.43,2.330516,7.1633,1482.49,0.0173,2.82478,7.19997,0.0,34.5512,NA_NA_NA_NA_Nov14201006-03-53_CTD_06.cnv,CTD_06.cnv
225.112,226.929,2.332249,7.1612,1482.5,0.0117,2.80408,7.19812,0.0,34.573,NA_NA_NA_NA_Nov14201006-03-53_CTD_06.cnv,CTD_06.cnv
225.608,227.429,2.332811,7.184,1482.67,-0.0009,2.80245,7.20136,0.0,34.5639,NA_NA_NA_NA_Nov14201006-03-53_CTD_06.cnv,CTD_06.cnv
226.131,227.956,2.329084,7.117,1482.4,0.0036,2.80862,7.19769,0.0,34.5716,NA_NA_NA_NA_Nov14201006-03-53_CTD_06.cnv,CTD_06.cnv
226.639,228.468,2.326507,7.0853,1482.3,-0.0033,2.79764,7.19556,0.0,34.5572,NA_NA_NA_NA_Nov14201006-03-53_CTD_06.cnv,CTD_06.cnv
227.13,228.963,2.325816,7.0241,1482.0,-0.0032,2.78318,7.20073,0.0,34.5869,NA_NA_NA_NA_Nov14201006-03-53_CTD_06.cnv,CTD_06.cnv
227.658,229.495,2.325215,7.0146,1482.04,0.0017,2.79615,7.20207,0.0,34.5872,NA_NA_NA_NA_Nov14201006-03-53_CTD_06.cnv,CTD_06.cnv
228.089,229.928,2.325378,7.0381,1482.2,-0.0181,2.79444,7.1909,0.0,34.5825,NA_NA_NA_NA_Nov14201006-03-53_CTD_06.cnv,CTD_06.cnv
228.579,230.422,2.323346,6.9899,1481.96,-0.0026,2.7868,7.20032,0.0,34.5884,NA_NA_NA_NA_Nov14201006-03-53_CTD_06.cnv,CTD_06.cnv
229.156,231.003,2.324457,6.9924,1481.96,0.0129,2.79538,7.2026,0.0,34.5733,NA_NA_NA_NA_Nov14201006-03-53_CTD_06.cnv,CTD_06.cnv
229.624,231.475,2.320146,6.9322,1481.8,-0.0037,2.78947,7.20112,0.0,34.5727,NA_NA_NA_NA_Nov14201006-03-53_CTD_06.cnv,CTD_06.cnv
230.134,231.988,2.322092,6.9636,1481.84,-0.0112,2.78316,7.20687,0.0,34.5956,NA_NA_NA_NA_Nov14201006-03-53_CTD_06.cnv,CTD_06.cnv
230.598,232.456,2.320839,6.9217,1481.79,0.0,2.75679,7.19897,0.0,34.5772,NA_NA_NA_NA_Nov14201006-03-53_CTD_06.cnv,CTD_06.cnv
231.101,232.963,2.318708,6.885,1481.64,0.0121,2.78665,7.20871,0.0,34.5738,NA_NA_NA_NA_Nov14201006-03-53_CTD_06.cnv,CTD_06.cnv
231.59,233.455,2.316241,6.867,1481.59,0.005,2.76454,7.1875,0.0,34.574,NA_NA_NA_NA_Nov14201006-03-53_CTD_06.cnv,CTD_06.cnv
232.145,234.013,2.314248,6.8488,1481.45,0.0122,2.75311,7.20414,0.0,34.5725,NA_NA_NA_NA_Nov14201006-03-53_CTD_06.cnv,CTD_06.cnv
232.63,234.503,2.314998,6.8252,1481.4,0.0065,2.76513,7.20292,0.0,34.5919,NA_NA_NA_NA_Nov14201006-03-53_CTD_06.cnv,CTD_06.cnv
233.164,235.041,2.315397,6.8149,1481.37,0.0101,2.74268,7.20338,0.0,34.5773,NA_NA_NA_NA_Nov14201006-03-53_CTD_06.cnv,CTD_06.cnv
233.622,235.501,2.313168,6.8304,1481.44,-0.0009,2.7539,7.20485,0.0,34.5815,NA_NA_NA_NA_Nov14201006-03-53_CTD_06.cnv,CTD_06.cnv
234.114,235.997,2.310658,6.7386,1481.06,0.0084,2.74299,7.1978,0.0,34.591,NA_NA_NA_NA_Nov14201006-03-53_CTD_06.cnv,CTD_06.cnv
234.613,236.5,2.310634,6.743,1481.2,0.0005,2.73378,7.20215,0.0,34.5894,NA_NA_NA_NA_Nov14201006-03-53_CTD_06.cnv,CTD_06.cnv
235.07,236.96,2.30856,6.7454,1481.16,0.0018,2.7457,7.20332,0.0,34.5936,NA_NA_NA_NA_Nov14201006-03-53_CTD_06.cnv,CTD_06.cnv
235.607,237.501,2.308834,6.7038,1480.98,0.0051,2.74256,7.20671,0.0,34.5948,NA_NA_NA_NA_Nov14201006-03-53_CTD_06.cnv,CTD_06.cnv
236.098,237.996,2.305243,6.6841,1480.9,-0.0095,2.74091,7.1998,0.0,34.5732,NA_NA_NA_NA_Nov14201006-03-53_CTD_06.cnv,CTD_06.cnv
236.583,238.484,2.303368,6.6365,1480.74,0.007,2.73801,7.19728,0.0,34.5783,NA_NA_NA_NA_Nov14201006-03-53_CTD_06.cnv,CTD_06.cnv
237.136,239.041,2.302701,6.6471,1480.73,-0.0,2.71612,7.20099,0.0,34.5738,NA_NA_NA_NA_Nov14201006-03-53_CTD_06.cnv,CTD_06.cnv
237.629,239.538,2.303537,6.6286,1480.69,0.0022,2.71627,7.20613,0.0,34.5841,NA_NA_NA_NA_Nov14201006-03-53_CTD_06.cnv,CTD_06.cnv
238.086,239.998,2.30141,6.6045,1480.66,-0.0023,2.73656,7.19063,0.0,34.5771,NA_NA_NA_NA_Nov14201006-03-53_CTD_06.cnv,CTD_06.cnv
238.606,240.522,2.298865,6.5524,1480.56,0.0114,2.71622,7.19799,0.0,34.5892,NA_NA_NA_NA_Nov14201006-03-53_CTD_06.cnv,CTD_06.cnv
239.116,241.036,2.299189,6.5235,1480.42,0.0059,2.73399,7.19292,0.0,34.5867,NA_NA_NA_NA_Nov14201006-03-53_CTD_06.cnv,CTD_06.cnv
239.58,241.503,2.296669,6.5298,1480.39,-0.0066,2.72996,7.20553,0.0,34.5685,NA_NA_NA_NA_Nov14201006-03-53_CTD_06.cnv,CTD_06.cnv
240.087,242.013,2.29842,6.5218,1480.37,-0.0049,2.72024,7.20541,0.0,34.5826,NA_NA_NA_NA_Nov14201006-03-53_CTD_06.cnv,CTD_06.cnv
240.587,242.517,2.300104,6.5309,1480.42,-0.0027,2.69979,7.20056,0.0,34.6113,NA_NA_NA_NA_Nov14201006-03-53_CTD_06.cnv,CTD_06.cnv
241.092,243.026,2.299172,6.5213,1480.44,0.0069,2.69611,7.20012,0.0,34.6043,NA_NA_NA_NA_Nov14201006-03-53_CTD_06.cnv,CTD_06.cnv
241.629,243.567,2.295737,6.4809,1480.18,0.0142,2.70652,7.19787,0.0,34.5882,NA_NA_NA_NA_Nov14201006-03-53_CTD_06.cnv,CTD_06.cnv
242.074,244.015,2.293699,6.4351,1480.06,0.0108,2.69166,7.19893,0.0,34.5995,NA_NA_NA_NA_Nov14201006-03-53_CTD_06.cnv,CTD_06.cnv
242.665,244.611,2.28818,6.3834,1479.84,-0.0005,2.69536,7.20974,0.0,34.5833,NA_NA_NA_NA_Nov14201006-03-53_CTD_06.cnv,CTD_06.cnv
243.119,245.068,2.291095,6.4073,1480.05,0.0038,2.68421,7.19994,0.0,34.5897,NA_NA_NA_NA_Nov14201006-03-53_CTD_06.cnv,CTD_06.cnv
243.574,245.526,2.291583,6.4067,1479.98,0.0018,2.68943,7.20373,0.0,34.5827,NA_NA_NA_NA_Nov14201006-03-53_CTD_06.cnv,CTD_06.cnv
244.163,246.12,2.288355,6.353,1479.73,0.0024,2.68056,7.19884,0.0,34.5932,NA_NA_NA_NA_Nov14201006-03-53_CTD_06.cnv,CTD_06.cnv
244.58,246.539,2.289834,6.3806,1479.85,-0.0073,2.68883,7.2005,0.0,34.5771,NA_NA_NA_NA_Nov14201006-03-53_CTD_06.cnv,CTD_06.cnv
245.136,247.099,2.28975,6.3427,1479.78,-0.0171,2.66783,7.19892,0.0,34.5946,NA_NA_NA_NA_Nov14201006-03-53_CTD_06.cnv,CTD_06.cnv
245.627,247.594,2.286911,6.296,1479.65,0.016,2.67657,7.20608,0.0,34.6026,NA_NA_NA_NA_Nov14201006-03-53_CTD_06.cnv,CTD_06.cnv
246.127,248.098,2.284296,6.2799,1479.48,-0.0022,2.68277,7.20316,0.0,34.5906,NA_NA_NA_NA_Nov14201006-03-53_CTD_06.cnv,CTD_06.cnv
246.67,248.645,2.284031,6.2607,1479.5,0.0019,2.65532,7.20495,0.0,34.5945,NA_NA_NA_NA_Nov14201006-03-53_CTD_06.cnv,CTD_06.cnv
247.078,249.055,2.282227,6.2489,1479.48,0.0113,2.66242,7.19174,0.0,34.5939,NA_NA_NA_NA_Nov14201006-03-53_CTD_06.cnv,CTD_06.cnv
247.604,249.586,2.282487,6.22,1479.36,-0.0101,2.65938,7.20231,0.0,34.5926,NA_NA_NA_NA_Nov14201006-03-53_CTD_06.cnv,CTD_06.cnv
248.136,250.122,2.28236,6.2249,1479.4,-0.0029,2.65673,7.20441,0.0,34.6062,NA_NA_NA_NA_Nov14201006-03-53_CTD_06.cnv,CTD_06.cnv
248.664,250.653,2.280866,6.2107,1479.32,-0.0015,2.66255,7.20929,0.0,34.6081,NA_NA_NA_NA_Nov14201006-03-53_CTD_06.cnv,CTD_06.cnv
249.108,251.101,2.282771,6.232,1479.44,-0.0075,2.65601,7.19447,0.0,34.6243,NA_NA_NA_NA_Nov14201006-03-53_CTD_06.cnv,CTD_06.cnv
249.649,251.646,2.277626,6.1738,1479.22,-0.0082,2.63164,7.18772,0.0,34.5903,NA_NA_NA_NA_Nov14201006-03-53_CTD_06.cnv,CTD_06.cnv
250.148,252.148,2.274463,6.1068,1478.93,0.006,0.07734,7.19364,0.0,34.5975,NA_NA_NA_NA_Nov14201006-03-53_CTD_06.cnv,CTD_06.cnv
250.588,252.591,2.278587,6.1277,1478.97,-0.0185,0.09232,7.19755,0.0,34.6059,NA_NA_NA_NA_Nov14201006-03-53_CTD_06.cnv,CTD_06.cnv
251.108,253.115,2.277148,6.139,1479.02,-0.0031,0.05239,7.19494,0.0,34.5929,NA_NA_NA_NA_Nov14201006-03-53_CTD_06.cnv,CTD_06.cnv
251.596,253.607,2.274803,6.0863,1478.84,-0.0022,0.07899,7.20133,0.0,34.5849,NA_NA_NA_NA_Nov14201006-03-53_CTD_06.cnv,CTD_06.cnv
252.091,254.105,2.276567,6.0821,1478.89,-0.0091,0.08903,7.19869,0.0,34.5956,NA_NA_NA_NA_Nov14201006-03-53_CTD_06.cnv,CTD_06.cnv
252.625,254.644,2.272817,6.0681,1478.81,0.0054,0.06549,7.20412,0.0,34.6031,NA_NA_NA_NA_Nov14201006-03-53_CTD_06.cnv,CTD_06.cnv
253.077,255.099,2.274777,6.0653,1478.81,0.0078,0.05807,7.20111,0.0,34.5883,NA_NA_NA_NA_Nov14201006-03-53_CTD_06.cnv,CTD_06.cnv
253.578,255.603,2.273543,6.0349,1478.71,0.007,0.04425,7.19345,0.0,34.6256,NA_NA_NA_NA_Nov14201006-03-53_CTD_06.cnv,CTD_06.cnv
254.136,256.166,2.269938,5.992,1478.63,0.0157,0.07819,7.20296,0.0,34.6206,NA_NA_NA_NA_Nov14201006-03-53_CTD_06.cnv,CTD_06.cnv
254.602,256.635,2.269625,5.9934,1478.6,-0.0026,0.06975,7.20867,0.0,34.6067,NA_NA_NA_NA_Nov14201006-03-53_CTD_06.cnv,CTD_06.cnv
255.12,257.156,2.271658,6.0157,1478.64,0.0005,0.08028,7.20804,0.0,34.6013,NA_NA_NA_NA_Nov14201006-03-53_CTD_06.cnv,CTD_06.cnv
255.672,257.713,2.269121,5.9787,1478.63,-0.0027,0.10606,7.20125,0.0,34.6071,NA_NA_NA_NA_Nov14201006-03-53_CTD_06.cnv,CTD_06.cnv
256.103,258.147,2.266474,5.9565,1478.38,-0.0025,0.05714,7.2045,0.0,34.5953,NA_NA_NA_NA_Nov14201006-03-53_CTD_06.cnv,CTD_06.cnv
256.603,258.651,2.267443,5.953,1478.46,-0.0099,0.05529,7.20156,0.0,34.6141,NA_NA_NA_NA_Nov14201006-03-53_CTD_06.cnv,CTD_06.cnv
257.115,259.166,2.267715,5.9287,1478.35,0.0081,0.07051,7.20376,0.0,34.61,NA_NA_NA_NA_Nov14201006-03-53_CTD_06.cnv,CTD_06.cnv
257.607,259.662,2.264363,5.9153,1478.39,0.0106,0.0811,7.20123,0.0,34.6217,NA_NA_NA_NA_Nov14201006-03-53_CTD_06.cnv,CTD_06.cnv
258.159,260.218,2.267395,5.9299,1478.33,-0.007,0.08219,7.20025,0.0,34.5932,NA_NA_NA_NA_Nov14201006-03-53_CTD_06.cnv,CTD_06.cnv
258.651,260.713,2.262426,5.8775,1478.21,-0.0028,0.08369,7.19797,0.0,34.607,NA_NA_NA_NA_Nov14201006-03-53_CTD_06.cnv,CTD_06.cnv
259.173,261.239,2.263926,5.8849,1478.21,-0.0077,0.04358,7.20473,0.0,34.6114,NA_NA_NA_NA_Nov14201006-03-53_CTD_06.cnv,CTD_06.cnv
259.648,261.718,2.2607,5.8219,1478.01,-0.002,0.08053,7.20788,0.0,34.6143,NA_NA_NA_NA_Nov14201006-03-53_CTD_06.cnv,CTD_06.cnv
260.155,262.229,2.260319,5.8239,1478.02,-0.0003,0.0832,7.20217,0.0,34.6127,NA_NA_NA_NA_Nov14201006-03-53_CTD_06.cnv,CTD_06.cnv
260.667,262.744,2.257944,5.8017,1477.86,-0.0002,0.05888,7.20178,0.0,34.5965,NA_NA_NA_NA_Nov14201006-03-53_CTD_06.cnv,CTD_06.cnv
261.083,263.163,2.260924,5.8064,1477.99,0.0039,0.07077,7.19652,0.0,34.6269,NA_NA_NA_NA_Nov14201006-03-53_CTD_06.cnv,CTD_06.cnv
261.67,263.754,2.258634,5.7888,1477.93,-0.0023,0.06615,7.19637,0.0,34.6309,NA_NA_NA_NA_Nov14201006-03-53_CTD_06.cnv,CTD_06.cnv
262.147,264.235,2.258558,5.7892,1477.88,-0.0181,0.07634,7.20198,0.0,34.6105,NA_NA_NA_NA_Nov14201006-03-53_CTD_06.cnv,CTD_06.cnv
262.66,264.751,2.25757,5.7616,1477.8,0.0065,0.05514,7.1986,0.0,34.616,NA_NA_NA_NA_Nov14201006-03-53_CTD_06.cnv,CTD_06.cnv
263.101,265.196,2.255634,5.7252,1477.65,-0.0103,0.05072,7.20308,0.0,34.6048,NA_NA_NA_NA_Nov14201006-03-53_CTD_06.cnv,CTD_06.cnv
263.65,265.748,2.254518,5.7319,1477.62,-0.0057,0.09174,7.19669,0.0,34.6181,NA_NA_NA_NA_Nov14201006-03-53_CTD_06.cnv,CTD_06.cnv
264.125,266.228,2.255471,5.7142,1477.69,0.0025,0.08984,7.1994,0.0,34.6332,NA_NA_NA_NA_Nov14201006-03-53_CTD_06.cnv,CTD_06.cnv
264.634,266.74,2.254346,5.7053,1477.6,0.0113,0.06016,7.20038,0.0,34.6128,NA_NA_NA_NA_Nov14201006-03-53_CTD_06.cnv,CTD_06.cnv
265.111,267.22,2.251419,5.6703,1477.46,-0.0046,0.08793,7.19236,0.0,34.6245,NA_NA_NA_NA_Nov14201006-03-53_CTD_06.cnv,CTD_06.cnv
265.672,267.786,2.252918,5.6532,1477.39,0.0149,0.04292,7.18866,0.0,34.6239,NA_NA_NA_NA_Nov14201006-03-53_CTD_06.cnv,CTD_06.cnv
266.103,268.219,2.254328,5.6709,1477.5,0.0052,0.08807,7.18856,0.0,34.6153,NA_NA_NA_NA_Nov14201006-03-53_CTD_06.cnv,CTD_06.cnv
266.642,268.763,2.252354,5.6488,1477.5,0.0159,0.07817,7.20112,0.0,34.6329,NA_NA_NA_NA_Nov14201006-03-53_CTD_06.cnv,CTD_06.cnv
267.108,269.232,2.247235,5.6044,1477.22,-0.0029,0.07124,7.19558,0.0,34.6034,NA_NA_NA_NA_Nov14201006-03-53_CTD_06.cnv,CTD_06.cnv
267.59,269.717,2.250038,5.6129,1477.33,-0.0127,0.06031,7.20431,0.0,34.6239,NA_NA_NA_NA_Nov14201006-03-53_CTD_06.cnv,CTD_06.cnv
268.178,270.31,2.247271,5.5945,1477.17,-0.0047,0.09508,7.20248,0.0,34.604,NA_NA_NA_NA_Nov14201006-03-53_CTD_06.cnv,CTD_06.cnv
268.588,270.722,2.248066,5.5872,1477.23,0.0011,0.09352,7.1988,0.0,34.6258,NA_NA_NA_NA_Nov14201006-03-53_CTD_06.cnv,CTD_06.cnv
269.154,271.293,2.247894,5.5597,1477.11,-0.0019,0.06375,7.1997,0.0,34.6384,NA_NA_NA_NA_Nov14201006-03-53_CTD_06.cnv,CTD_06.cnv
269.599,271.741,2.247453,5.5656,1477.17,-0.007,0.06107,7.18808,0.0,34.6209,NA_NA_NA_NA_Nov14201006-03-53_CTD_06.cnv,CTD_06.cnv
270.141,272.287,2.246339,5.5364,1477.12,-0.0015,0.07834,7.19607,0.0,34.6313,NA_NA_NA_NA_Nov14201006-03-53_CTD_06.cnv,CTD_06.cnv
270.646,272.796,2.243558,5.5179,1476.99,-0.0094,0.06604,7.19549,0.0,34.6177,NA_NA_NA_NA_Nov14201006-03-53_CTD_06.cnv,CTD_06.cnv
271.179,273.333,2.244507,5.5245,1477.03,0.0022,0.08948,7.20168,0.0,34.6302,NA_NA_NA_NA_Nov14201006-03-53_CTD_06.cnv,CTD_06.cnv
271.663,273.821,2.24292,5.4738,1476.8,0.0127,0.07549,7.20619,0.0,34.624,NA_NA_NA_NA_Nov14201006-03-53_CTD_06.cnv,CTD_06.cnv
272.139,274.299,2.242609,5.4905,1476.87,-0.0034,0.06758,7.19972,0.0,34.6223,NA_NA_NA_NA_Nov14201006-03-53_CTD_06.cnv,CTD_06.cnv
272.6,274.764,2.242915,5.4981,1477.04,-0.0005,0.10205,7.19948,0.0,34.6317,NA_NA_NA_NA_Nov14201006-03-53_CTD_06.cnv,CTD_06.cnv
273.117,275.285,2.242795,5.4857,1476.94,0.0039,0.07397,7.19788,0.0,34.6296,NA_NA_NA_NA_Nov14201006-03-53_CTD_06.cnv,CTD_06.cnv
273.637,275.809,2.2399,5.4479,1476.72,0.0053,0.1013,7.1967,0.0,34.6208,NA_NA_NA_NA_Nov14201006-03-53_CTD_06.cnv,CTD_06.cnv
274.152,276.327,2.238462,5.4287,1476.7,0.0102,0.06477,7.19548,0.0,34.6247,NA_NA_NA_NA_Nov14201006-03-53_CTD_06.cnv,CTD_06.cnv
274.662,276.841,2.239597,5.4502,1476.75,-0.0092,0.08197,7.20275,0.0,34.6159,NA_NA_NA_NA_Nov14201006-03-53_CTD_06.cnv,CTD_06.cnv
275.143,277.325,2.236574,5.397,1476.57,-0.0097,0.07422,7.19718,0.0,34.6067,NA_NA_NA_NA_Nov14201006-03-53_CTD_06.cnv,CTD_06.cnv
275.679,277.865,2.237385,5.3853,1476.57,-0.0014,0.0482,7.19995,0.0,34.6314,NA_NA_NA_NA_Nov14201006-03-53_CTD_06.cnv,CTD_06.cnv
276.115,278.304,2.237926,5.3833,1476.58,-0.0034,0.05017,7.20342,0.0,34.6402,NA_NA_NA_NA_Nov14201006-03-53_CTD_06.cnv,CTD_06.cnv
276.604,278.797,2.235924,5.3719,1476.51,0.0001,0.05799,7.19012,0.0,34.6133,NA_NA_NA_NA_Nov14201006-03-53_CTD_06.cnv,CTD_06.cnv
277.128,279.326,2.237994,5.3774,1476.55,-0.0052,0.05673,7.19045,0.0,34.6325,NA_NA_NA_NA_Nov14201006-03-53_CTD_06.cnv,CTD_06.cnv
277.679,279.88,2.23745,5.3342,1476.41,0.0034,0.06505,7.20159,0.0,34.6348,NA_NA_NA_NA_Nov14201006-03-53_CTD_06.cnv,CTD_06.cnv
278.118,280.322,2.234535,5.3055,1476.34,-0.0042,0.08985,7.20127,0.0,34.6382,NA_NA_NA_NA_Nov14201006-03-53_CTD_06.cnv,CTD_06.cnv
278.647,280.855,2.235025,5.3243,1476.38,0.008,0.06441,7.19679,0.0,34.6437,NA_NA_NA_NA_Nov14201006-03-53_CTD_06.cnv,CTD_06.cnv
279.136,281.347,2.232642,5.2999,1476.26,0.0002,0.09575,7.20687,0.0,34.636,NA_NA_NA_NA_Nov14201006-03-53_CTD_06.cnv,CTD_06.cnv
279.616,281.832,2.235895,5.3307,1476.33,0.0067,0.09338,7.20314,0.0,34.6294,NA_NA_NA_NA_Nov14201006-03-53_CTD_06.cnv,CTD_06.cnv
280.15,282.369,2.234638,5.3236,1476.37,0.0005,0.10118,7.20888,0.0,34.6284,NA_NA_NA_NA_Nov14201006-03-53_CTD_06.cnv,CTD_06.cnv
280.684,282.908,2.229803,5.2359,1475.98,-0.0046,0.07748,7.21284,0.0,34.6383,NA_NA_NA_NA_Nov14201006-03-53_CTD_06.cnv,CTD_06.cnv
281.171,283.397,2.231344,5.2656,1476.24,-0.0086,0.0788,7.19528,0.0,34.6408,NA_NA_NA_NA_Nov14201006-03-53_CTD_06.cnv,CTD_06.cnv
281.69,283.92,2.228996,5.266,1476.07,-0.0082,0.09692,7.19917,0.0,34.6235,NA_NA_NA_NA_Nov14201006-03-53_CTD_06.cnv,CTD_06.cnv
282.148,284.382,2.231761,5.2869,1476.29,-0.0039,0.04823,7.20384,0.0,34.6397,NA_NA_NA_NA_Nov14201006-03-53_CTD_06.cnv,CTD_06.cnv
282.656,284.893,2.231271,5.2504,1476.22,0.0011,0.09323,7.19888,0.0,34.6497,NA_NA_NA_NA_Nov14201006-03-53_CTD_06.cnv,CTD_06.cnv
283.178,285.419,2.228608,5.2237,1475.99,-0.0008,0.06285,7.20068,0.0,34.6342,NA_NA_NA_NA_Nov14201006-03-53_CTD_06.cnv,CTD_06.cnv
283.644,285.889,2.228513,5.2061,1476.07,0.0054,0.04,7.19778,0.0,34.6392,NA_NA_NA_NA_Nov14201006-03-53_CTD_06.cnv,CTD_06.cnv
284.159,286.408,2.229266,5.1985,1475.98,-0.0018,0.09332,7.19672,0.0,34.6553,NA_NA_NA_NA_Nov14201006-03-53_CTD_06.cnv,CTD_06.cnv
284.65,286.902,2.223581,5.1482,1475.72,0.0064,0.05352,7.20624,0.0,34.6213,NA_NA_NA_NA_Nov14201006-03-53_CTD_06.cnv,CTD_06.cnv
285.132,287.387,2.225121,5.1763,1475.92,-0.0005,0.0847,7.20085,0.0,34.6221,NA_NA_NA_NA_Nov14201006-03-53_CTD_06.cnv,CTD_06.cnv
285.675,287.935,2.226492,5.1701,1475.86,-0.0019,0.0625,7.20013,0.0,34.6372,NA_NA_NA_NA_Nov14201006-03-53_CTD_06.cnv,CTD_06.cnv
286.132,288.395,2.22412,5.1371,1475.82,0.0113,0.06066,7.20218,0.0,34.6343,NA_NA_NA_NA_Nov14201006-03-53_CTD_06.cnv,CTD_06.cnv
286.661,288.928,2.225058,5.1308,1475.57,0.0058,0.05109,7.20171,0.0,34.6315,NA_NA_NA_NA_Nov14201006-03-53_CTD_06.cnv,CTD_06.cnv
287.13,289.4,2.223691,5.107,1475.65,0.0074,0.10469,7.20138,0.0,34.6471,NA_NA_NA_NA_Nov14201006-03-53_CTD_06.cnv,CTD_06.cnv
287.601,289.875,2.229533,5.1629,1475.91,0.0027,0.05288,7.20021,0.0,34.651,NA_NA_NA_NA_Nov14201006-03-53_CTD_06.cnv,CTD_06.cnv
288.107,290.385,2.222398,5.1087,1475.66,-0.0045,0.08903,7.1962,0.0,34.6394,NA_NA_NA_NA_Nov14201006-03-53_CTD_06.cnv,CTD_06.cnv
288.618,290.899,2.221215,5.075,1475.56,0.0004,0.04881,7.20206,0.0,34.6276,NA_NA_NA_NA_Nov14201006-03-53_CTD_06.cnv,CTD_06.cnv
289.116,291.401,2.219529,5.0662,1475.45,-0.0011,0.08062,7.19977,0.0,34.6182,NA_NA_NA_NA_Nov14201006-03-53_CTD_06.cnv,CTD_06.cnv
289.639,291.927,2.222182,5.0872,1475.66,0.0049,0.07781,7.2041,0.0,34.6379,NA_NA_NA_NA_Nov14201006-03-53_CTD_06.cnv,CTD_06.cnv
290.18,292.473,2.219608,5.0473,1475.46,-0.0058,0.08202,7.19823,0.0,34.6341,NA_NA_NA_NA_Nov14201006-03-53_CTD_06.cnv,CTD_06.cnv
290.682,292.978,2.218288,5.0391,1475.37,-0.0092,0.07109,7.20344,0.0,34.6336,NA_NA_NA_NA_Nov14201006-03-53_CTD_06.cnv,CTD_06.cnv
291.176,293.476,2.219674,5.0255,1475.32,-0.0014,0.11107,7.20058,0.0,34.6408,NA_NA_NA_NA_Nov14201006-03-53_CTD_06.cnv,CTD_06.cnv
291.659,293.962,2.219101,5.0531,1475.47,0.0041,0.08304,7.19265,0.0,34.6233,NA_NA_NA_NA_Nov14201006-03-53_CTD_06.cnv,CTD_06.cnv
292.134,294.441,2.215214,4.9988,1475.28,-0.0099,0.0577,7.20305,0.0,34.6294,NA_NA_NA_NA_Nov14201006-03-53_CTD_06.cnv,CTD_06.cnv
292.633,294.943,2.213812,4.9877,1475.27,0.0092,0.07051,7.20762,0.0,34.6246,NA_NA_NA_NA_Nov14201006-03-53_CTD_06.cnv,CTD_06.cnv
293.133,295.447,2.216409,5.0204,1475.41,0.0142,0.07413,7.19598,0.0,34.6335,NA_NA_NA_NA_Nov14201006-03-53_CTD_06.cnv,CTD_06.cnv
293.663,295.981,2.214844,4.9515,1475.21,-0.0101,0.06085,7.20292,0.0,34.6398,NA_NA_NA_NA_Nov14201006-03-53_CTD_06.cnv,CTD_06.cnv
294.191,296.513,2.214504,4.9696,1475.22,0.0001,0.09734,7.20105,0.0,34.6335,NA_NA_NA_NA_Nov14201006-03-53_CTD_06.cnv,CTD_06.cnv
294.627,296.952,2.213411,4.9283,1475.11,0.0001,0.09763,7.20362,0.0,34.6493,NA_NA_NA_NA_Nov14201006-03-53_CTD_06.cnv,CTD_06.cnv
295.104,297.433,2.217672,4.9694,1475.34,0.008,0.04574,7.19182,0.0,34.663,NA_NA_NA_NA_Nov14201006-03-53_CTD_06.cnv,CTD_06.cnv
295.652,297.984,2.216477,4.9697,1475.22,-0.0024,0.06416,7.19894,0.0,34.6464,NA_NA_NA_NA_Nov14201006-03-53_CTD_06.cnv,CTD_06.cnv
296.138,298.474,2.212572,4.9427,1475.14,-0.0046,0.07231,7.19001,0.0,34.6465,NA_NA_NA_NA_Nov14201006-03-53_CTD_06.cnv,CTD_06.cnv
296.651,298.99,2.212017,4.9272,1475.08,0.0028,0.07639,7.20282,0.0,34.6406,NA_NA_NA_NA_Nov14201006-03-53_CTD_06.cnv,CTD_06.cnv
297.112,299.456,2.213085,4.9203,1475.05,0.0039,0.08124,7.20042,0.0,34.6346,NA_NA_NA_NA_Nov14201006-03-53_CTD_06.cnv,CTD_06.cnv
297.661,300.008,2.213213,4.9281,1475.12,-0.0037,0.06426,7.19888,0.0,34.6364,NA_NA_NA_NA_Nov14201006-03-53_CTD_06.cnv,CTD_06.cnv
298.191,300.541,2.214623,4.9044,1475.04,-0.0196,0.06526,7.19459,0.0,34.6546,NA_NA_NA_NA_Nov14201006-03-53_CTD_06.cnv,CTD_06.cnv
298.672,301.027,2.210704,4.8872,1474.96,0.0103,0.09759,7.19469,0.0,34.6368,NA_NA_NA_NA_Nov14201006-03-53_CTD_06.cnv,CTD_06.cnv
299.132,301.489,2.214935,4.9094,1475.05,-0.0071,0.05529,7.19689,0.0,34.6594,NA_NA_NA_NA_Nov14201006-03-53_CTD_06.cnv,CTD_06.cnv
299.642,302.003,2.212756,4.9,1475.1,-0.0023,0.05266,7.20078,0.0,34.6414,NA_NA_NA_NA_Nov14201006-03-53_CTD_06.cnv,CTD_06.cnv
300.166,302.531,2.210977,4.8612,1474.92,-0.0175,0.07668,7.19254,0.0,34.6512,NA_NA_NA_NA_Nov14201006-03-53_CTD_06.cnv,CTD_06.cnv
300.692,303.061,2.209049,4.8538,1474.8,0.0013,0.07372,7.20013,0.0,34.6519,NA_NA_NA_NA_Nov14201006-03-53_CTD_06.cnv,CTD_06.cnv
301.189,303.562,2.207603,4.8391,1474.83,0.0051,0.07291,7.198,0.0,34.6461,NA_NA_NA_NA_Nov14201006-03-53_CTD_06.cnv,CTD_06.cnv
301.602,303.978,2.210048,4.8548,1474.81,-0.0002,0.06654,7.20601,0.0,34.6401,NA_NA_NA_NA_Nov14201006-03-53_CTD_06.cnv,CTD_06.cnv
302.175,304.555,2.209975,4.8337,1474.87,-0.0058,0.06888,7.19115,0.0,34.6542,NA_NA_NA_NA_Nov14201006-03-53_CTD_06.cnv,CTD_06.cnv
302.692,305.075,2.204867,4.8307,1474.73,0.0059,0.08426,7.19233,0.0,34.6347,NA_NA_NA_NA_Nov14201006-03-53_CTD_06.cnv,CTD_06.cnv
303.138,305.525,2.206881,4.8281,1474.62,-0.0032,0.04262,7.20381,0.0,34.6344,NA_NA_NA_NA_Nov14201006-03-53_CTD_06.cnv,CTD_06.cnv
303.603,305.993,2.207765,4.8311,1474.84,-0.0078,0.08289,7.19582,0.0,34.6434,NA_NA_NA_NA_Nov14201006-03-53_CTD_06.cnv,CTD_06.cnv
304.117,306.511,2.207233,4.7823,1474.59,0.0084,0.05222,7.19733,0.0,34.6409,NA_NA_NA_NA_Nov14201006-03-53_CTD_06.cnv,CTD_06.cnv
304.681,307.079,2.203705,4.7526,1474.45,-0.0186,0.09672,7.1984,0.0,34.6262,NA_NA_NA_NA_Nov14201006-03-53_CTD_06.cnv,CTD_06.cnv
305.158,307.56,2.204273,4.8008,1474.77,0.0099,0.06966,7.20555,0.0,34.629,NA_NA_NA_NA_Nov14201006-03-53_CTD_06.cnv,CTD_06.cnv
305.652,308.057,2.204943,4.7382,1474.45,0.0104,0.08927,7.19743,0.0,34.658,NA_NA_NA_NA_Nov14201006-03-53_CTD_06.cnv,CTD_06.cnv
306.191,308.601,2.203708,4.7446,1474.57,-0.0017,0.0624,7.20466,0.0,34.6604,NA_NA_NA_NA_Nov14201006-03-53_CTD_06.cnv,CTD_06.cnv
306.68,309.093,2.204537,4.7659,1474.5,-0.0023,0.10173,7.20357,0.0,34.6427,NA_NA_NA_NA_Nov14201006-03-53_CTD_06.cnv,CTD_06.cnv
307.201,309.618,2.20013,4.7242,1474.52,0.0022,0.05636,7.20759,0.0,34.6514,NA_NA_NA_NA_Nov14201006-03-53_CTD_06.cnv,CTD_06.cnv
307.681,310.102,2.205335,4.7725,1474.61,0.0036,0.0678,7.18996,0.0,34.6558,NA_NA_NA_NA_Nov14201006-03-53_CTD_06.cnv,CTD_06.cnv
308.172,310.595,2.202678,4.7223,1474.5,-0.0025,0.10567,7.1922,0.0,34.6582,NA_NA_NA_NA_Nov14201006-03-53_CTD_06.cnv,CTD_06.cnv
308.665,311.092,2.198908,4.6881,1474.28,0.0022,0.05642,7.19784,0.0,34.6354,NA_NA_NA_NA_Nov14201006-03-53_CTD_06.cnv,CTD_06.cnv
309.133,311.564,2.201145,4.6824,1474.34,0.0049,0.06349,7.20396,0.0,34.6579,NA_NA_NA_NA_Nov14201006-03-53_CTD_06.cnv,CTD_06.cnv
309.694,312.129,2.200775,4.6998,1474.49,0.0121,0.07755,7.1909,0.0,34.6595,NA_NA_NA_NA_Nov14201006-03-53_CTD_06.cnv,CTD_06.cnv
310.205,312.643,2.203802,4.7422,1474.62,-0.0053,0.0606,7.20614,0.0,34.6575,NA_NA_NA_NA_Nov14201006-03-53_CTD_06.cnv,CTD_06.cnv
310.662,313.104,2.197982,4.6585,1474.27,-0.0013,0.07179,7.21639,0.0,34.652,NA_NA_NA_NA_Nov14201006-03-53_CTD_06.cnv,CTD_06.cnv
311.137,313.582,2.19841,4.6756,1474.3,0.0048,0.0504,7.20861,0.0,34.6311,NA_NA_NA_NA_Nov14201006-03-53_CTD_06.cnv,CTD_06.cnv
311.612,314.061,2.200109,4.6819,1474.36,0.0244,0.05881,7.20753,0.0,34.6477,NA_NA_NA_NA_Nov14201006-03-53_CTD_06.cnv,CTD_06.cnv
312.124,314.576,2.201963,4.6846,1474.4,-0.0153,0.07882,7.1998,0.0,34.6593,NA_NA_NA_NA_Nov14201006-03-53_CTD_06.cnv,CTD_06.cnv
312.676,315.132,2.198872,4.679,1474.34,-0.0081,0.05004,7.19485,0.0,34.6364,NA_NA_NA_NA_Nov14201006-03-53_CTD_06.cnv,CTD_06.cnv
313.155,315.616,2.198486,4.6504,1474.18,0.0005,0.08629,7.19368,0.0,34.6528,NA_NA_NA_NA_Nov14201006-03-53_CTD_06.cnv,CTD_06.cnv
313.615,316.078,2.197076,4.6312,1474.15,-0.0085,0.10325,7.19451,0.0,34.6565,NA_NA_NA_NA_Nov14201006-03-53_CTD_06.cnv,CTD_06.cnv
314.158,316.625,2.197416,4.6432,1474.23,-0.0023,0.05966,7.20136,0.0,34.6483,NA_NA_NA_NA_Nov14201006-03-53_CTD_06.cnv,CTD_06.cnv
314.633,317.104,2.195888,4.5998,1474.03,0.0051,0.08113,7.19802,0.0,34.6617,NA_NA_NA_NA_Nov14201006-03-53_CTD_06.cnv,CTD_06.cnv
315.125,317.6,2.195349,4.6053,1474.11,0.0027,0.0759,7.20663,0.0,34.6573,NA_NA_NA_NA_Nov14201006-03-53_CTD_06.cnv,CTD_06.cnv
315.661,318.139,2.195562,4.6047,1474.11,-0.0056,0.08464,7.20017,0.0,34.6529,NA_NA_NA_NA_Nov14201006-03-53_CTD_06.cnv,CTD_06.cnv
316.119,318.601,2.196246,4.5948,1474.01,-0.02,0.09558,7.19781,0.0,34.663,NA_NA_NA_NA_Nov14201006-03-53_CTD_06.cnv,CTD_06.cnv
316.629,319.115,2.196255,4.6029,1474.14,0.0069,0.06956,7.20281,0.0,34.6488,NA_NA_NA_NA_Nov14201006-03-53_CTD_06.cnv,CTD_06.cnv
317.132,319.622,2.192944,4.5691,1473.96,0.0126,0.0556,7.19961,0.0,34.636,NA_NA_NA_NA_Nov14201006-03-53_CTD_06.cnv,CTD_06.cnv
317.698,320.191,2.195307,4.5808,1474.06,-0.0053,0.05338,7.20588,0.0,34.6631,NA_NA_NA_NA_Nov14201006-03-53_CTD_06.cnv,CTD_06.cnv
318.149,320.646,2.195433,4.574,1474.05,0.0054,0.05278,7.19305,0.0,34.6675,NA_NA_NA_NA_Nov14201006-03-53_CTD_06.cnv,CTD_06.cnv
318.671,321.172,2.192545,4.5741,1473.94,-0.0016,0.06677,7.19536,0.0,34.6491,NA_NA_NA_NA_Nov14201006-03-53_CTD_06.cnv,CTD_06.cnv
319.161,321.665,2.192596,4.5795,1474.01,0.0081,0.04984,7.19581,0.0,34.6389,NA_NA_NA_NA_Nov14201006-03-53_CTD_06.cnv,CTD_06.cnv
319.661,322.169,2.189811,4.5055,1473.83,-0.0029,0.08242,7.19668,0.0,34.6474,NA_NA_NA_NA_Nov14201006-03-53_CTD_06.cnv,CTD_06.cnv
320.151,322.662,2.194177,4.5512,1473.95,0.003,0.10337,7.2054,0.0,34.652,NA_NA_NA_NA_Nov14201006-03-53_CTD_06.cnv,CTD_06.cnv
320.71,323.226,2.190208,4.5104,1473.81,-0.0091,0.0866,7.19935,0.0,34.6464,NA_NA_NA_NA_Nov14201006-03-53_CTD_06.cnv,CTD_06.cnv
321.198,323.717,2.194791,4.5402,1473.95,-0.0121,0.04135,7.19608,0.0,34.6681,NA_NA_NA_NA_Nov14201006-03-53_CTD_06.cnv,CTD_06.cnv
321.626,324.148,2.195129,4.5415,1474.01,0.0069,0.06519,7.20138,0.0,34.6657,NA_NA_NA_NA_Nov14201006-03-53_CTD_06.cnv,CTD_06.cnv
322.15,324.676,2.189874,4.51,1473.82,-0.0009,0.0601,7.20082,0.0,34.6628,NA_NA_NA_NA_Nov14201006-03-53_CTD_06.cnv,CTD_06.cnv
322.651,325.181,2.190707,4.5179,1473.87,-0.0122,0.10207,7.1928,0.0,34.6645,NA_NA_NA_NA_Nov14201006-03-53_CTD_06.cnv,CTD_06.cnv
323.121,325.653,2.191833,4.5082,1473.78,0.0008,0.0485,7.20369,0.0,34.6654,NA_NA_NA_NA_Nov14201006-03-53_CTD_06.cnv,CTD_06.cnv
323.709,326.247,2.192947,4.5276,1473.91,-0.0012,0.0861,7.20105,0.0,34.6324,NA_NA_NA_NA_Nov14201006-03-53_CTD_06.cnv,CTD_06.cnv
324.168,326.709,2.189607,4.5023,1473.82,-0.0039,0.08458,7.20475,0.0,34.6533,NA_NA_NA_NA_Nov14201006-03-53_CTD_06.cnv,CTD_06.cnv
324.651,327.195,2.191249,4.4874,1473.81,0.0066,0.04116,7.19778,0.0,34.6747,NA_NA_NA_NA_Nov14201006-03-53_CTD_06.cnv,CTD_06.cnv
325.196,327.744,2.187803,4.4696,1473.75,-0.0018,0.0477,7.20049,0.0,34.655,NA_NA_NA_NA_Nov14201006-03-53_CTD_06.cnv,CTD_06.cnv
325.662,328.214,2.187714,4.4515,1473.61,-0.0052,0.06866,7.20131,0.0,34.6657,NA_NA_NA_NA_Nov14201006-03-53_CTD_06.cnv,CTD_06.cnv
326.129,328.684,2.187934,4.4654,1473.64,-0.0074,0.0889,7.19577,0.0,34.6658,NA_NA_NA_NA_Nov14201006-03-53_CTD_06.cnv,CTD_06.cnv
326.664,329.223,2.185543,4.4276,1473.59,-0.0054,0.08531,7.19818,0.0,34.6595,NA_NA_NA_NA_Nov14201006-03-53_CTD_06.cnv,CTD_06.cnv
327.188,329.75,2.189234,4.4561,1473.69,-0.0134,0.07338,7.20234,0.0,34.669,NA_NA_NA_NA_Nov14201006-03-53_CTD_06.cnv,CTD_06.cnv
327.624,330.19,2.186422,4.4452,1473.7,0.0103,0.09417,7.20503,0.0,34.6562,NA_NA_NA_NA_Nov14201006-03-53_CTD_06.cnv,CTD_06.cnv
328.172,330.741,2.18911,4.4462,1473.7,-0.0122,0.10136,7.19842,0.0,34.6719,NA_NA_NA_NA_Nov14201006-03-53_CTD_06.cnv,CTD_06.cnv
328.681,331.255,2.186566,4.4188,1473.6,-0.0027,0.11445,7.19651,0.0,34.6575,NA_NA_NA_NA_Nov14201006-03-53_CTD_06.cnv,CTD_06.cnv
329.162,331.739,2.186909,4.4261,1473.6,0.0083,0.07698,7.19768,0.0,34.6545,NA_NA_NA_NA_Nov14201006-03-53_CTD_06.cnv,CTD_06.cnv
329.706,332.287,2.186256,4.4364,1473.69,0.0048,0.07514,7.19583,0.0,34.6522,NA_NA_NA_NA_Nov14201006-03-53_CTD_06.cnv,CTD_06.cnv
330.212,332.797,2.185229,4.4185,1473.68,-0.0028,0.08779,7.20397,0.0,34.6468,NA_NA_NA_NA_Nov14201006-03-53_CTD_06.cnv,CTD_06.cnv
330.711,333.299,2.188291,4.4198,1473.62,-0.0013,0.09308,7.20215,0.0,34.6694,NA_NA_NA_NA_Nov14201006-03-53_CTD_06.cnv,CTD_06.cnv
331.14,333.732,2.182871,4.3687,1473.37,0.0104,0.09613,7.19705,0.0,34.6547,NA_NA_NA_NA_Nov14201006-03-53_CTD_06.cnv,CTD_06.cnv
331.701,334.297,2.183986,4.3949,1473.41,0.0047,0.06499,7.19784,0.0,34.651,NA_NA_NA_NA_Nov14201006-03-53_CTD_06.cnv,CTD_06.cnv
332.207,334.807,2.187014,4.3916,1473.53,0.0007,0.0727,7.20757,0.0,34.6735,NA_NA_NA_NA_Nov14201006-03-53_CTD_06.cnv,CTD_06.cnv
332.625,335.227,2.18371,4.3691,1473.43,0.0061,0.07303,7.20301,0.0,34.6594,NA_NA_NA_NA_Nov14201006-03-53_CTD_06.cnv,CTD_06.cnv
333.142,335.749,2.182741,4.3834,1473.52,-0.002,0.10806,7.20518,0.0,34.6657,NA_NA_NA_NA_Nov14201006-03-53_CTD_06.cnv,CTD_06.cnv
333.644,336.254,2.180944,4.3412,1473.35,0.003,0.0971,7.19116,0.0,34.6609,NA_NA_NA_NA_Nov14201006-03-53_CTD_06.cnv,CTD_06.cnv
334.129,336.742,2.181897,4.3646,1473.47,-0.002,0.05621,7.20186,0.0,34.6601,NA_NA_NA_NA_Nov14201006-03-53_CTD_06.cnv,CTD_06.cnv
334.688,337.306,2.182879,4.3388,1473.3,-0.0074,0.0973,7.19666,0.0,34.6718,NA_NA_NA_NA_Nov14201006-03-53_CTD_06.cnv,CTD_06.cnv
335.152,337.773,2.181909,4.3524,1473.39,0.0115,0.04457,7.19522,0.0,34.6499,NA_NA_NA_NA_Nov14201006-03-53_CTD_06.cnv,CTD_06.cnv
335.678,338.303,2.179608,4.3284,1473.3,0.0061,0.0713,7.19846,0.0,34.6497,NA_NA_NA_NA_Nov14201006-03-53_CTD_06.cnv,CTD_06.cnv
336.195,338.823,2.181315,4.3099,1473.29,0.004,0.07847,7.19658,0.0,34.6714,NA_NA_NA_NA_Nov14201006-03-53_CTD_06.cnv,CTD_06.cnv
336.632,339.264,2.183513,4.3337,1473.35,-0.0011,0.05425,7.20069,0.0,34.6718,NA_NA_NA_NA_Nov14201006-03-53_CTD_06.cnv,CTD_06.cnv
337.204,339.84,2.182532,4.3248,1473.34,0.0141,0.09226,7.19933,0.0,34.6706,NA_NA_NA_NA_Nov14201006-03-53_CTD_06.cnv,CTD_06.cnv
337.672,340.312,2.181419,4.333,1473.26,-0.0051,0.10619,7.19924,0.0,34.6495,NA_NA_NA_NA_Nov14201006-03-53_CTD_06.cnv,CTD_06.cnv
338.128,340.77,2.180272,4.3028,1473.23,-0.0071,0.04533,7.20334,0.0,34.6641,NA_NA_NA_NA_Nov14201006-03-53_CTD_06.cnv,CTD_06.cnv
338.702,341.349,2.181617,4.3137,1473.33,-0.0014,0.0942,7.19718,0.0,34.6846,NA_NA_NA_NA_Nov14201006-03-53_CTD_06.cnv,CTD_06.cnv
339.159,341.809,2.179244,4.2894,1473.17,-0.008,0.08075,7.19432,0.0,34.6604,NA_NA_NA_NA_Nov14201006-03-53_CTD_06.cnv,CTD_06.cnv
339.635,342.289,2.175311,4.2504,1473.14,-0.0008,0.08997,7.20498,0.0,34.649,NA_NA_NA_NA_Nov14201006-03-53_CTD_06.cnv,CTD_06.cnv
340.13,342.788,2.178855,4.29,1473.13,0.0052,0.06161,7.20009,0.0,34.6597,NA_NA_NA_NA_Nov14201006-03-53_CTD_06.cnv,CTD_06.cnv
340.652,343.313,2.176753,4.2709,1473.14,-0.003,0.04997,7.20514,0.0,34.6509,NA_NA_NA_NA_Nov14201006-03-53_CTD_06.cnv,CTD_06.cnv
341.158,343.822,2.179061,4.2855,1473.29,0.0011,0.08957,7.18445,0.0,34.6642,NA_NA_NA_NA_Nov14201006-03-53_CTD_06.cnv,CTD_06.cnv
341.71,344.378,2.176737,4.257,1473.09,0.0096,0.07342,7.21673,0.0,34.6562,NA_NA_NA_NA_Nov14201006-03-53_CTD_06.cnv,CTD_06.cnv
342.171,344.843,2.176865,4.264,1473.14,0.0011,0.07476,7.19894,0.0,34.6475,NA_NA_NA_NA_Nov14201006-03-53_CTD_06.cnv,CTD_06.cnv
342.695,345.371,2.177841,4.2825,1473.32,-0.0031,0.09924,7.20302,0.0,34.6627,NA_NA_NA_NA_Nov14201006-03-53_CTD_06.cnv,CTD_06.cnv
343.18,345.859,2.178709,4.2926,1473.41,0.0085,0.08658,7.21076,0.0,34.6561,NA_NA_NA_NA_Nov14201006-03-53_CTD_06.cnv,CTD_06.cnv
343.654,346.337,2.176682,4.2589,1473.13,-0.006,0.08847,7.20588,0.0,34.6537,NA_NA_NA_NA_Nov14201006-03-53_CTD_06.cnv,CTD_06.cnv
344.129,346.816,2.176474,4.2299,1473.05,0.0011,0.07053,7.20592,0.0,34.6495,NA_NA_NA_NA_Nov14201006-03-53_CTD_06.cnv,CTD_06.cnv
344.694,347.384,2.180205,4.2608,1473.2,0.0087,0.06436,7.19285,0.0,34.6757,NA_NA_NA_NA_Nov14201006-03-53_CTD_06.cnv,CTD_06.cnv
345.125,347.818,2.175159,4.234,1473.07,-0.0032,0.05581,7.19489,0.0,34.6632,NA_NA_NA_NA_Nov14201006-03-53_CTD_06.cnv,CTD_06.cnv
345.691,348.389,2.175463,4.2494,1473.14,-0.0051,0.07419,7.19286,0.0,34.6682,NA_NA_NA_NA_Nov14201006-03-53_CTD_06.cnv,CTD_06.cnv
346.174,348.875,2.176435,4.2112,1473.12,-0.001,0.07833,7.20015,0.0,34.6625,NA_NA_NA_NA_Nov14201006-03-53_CTD_06.cnv,CTD_06.cnv
346.709,349.414,2.175598,4.2383,1473.05,0.0061,0.05035,7.2046,0.0,34.6645,NA_NA_NA_NA_Nov14201006-03-53_CTD_06.cnv,CTD_06.cnv
347.177,349.886,2.173474,4.2163,1473.06,0.0036,0.07197,7.20414,0.0,34.6601,NA_NA_NA_NA_Nov14201006-03-53_CTD_06.cnv,CTD_06.cnv
347.67,350.382,2.172701,4.1893,1473.04,0.0039,0.09841,7.20401,0.0,34.659,NA_NA_NA_NA_Nov14201006-03-53_CTD_06.cnv,CTD_06.cnv
348.185,350.901,2.174436,4.2199,1473.09,-0.0084,0.0841,7.20554,0.0,34.6577,NA_NA_NA_NA_Nov14201006-03-53_CTD_06.cnv,CTD_06.cnv
348.676,351.395,2.177568,4.2371,1473.12,-0.0108,0.04581,7.20439,0.0,34.6668,NA_NA_NA_NA_Nov14201006-03-53_CTD_06.cnv,CTD_06.cnv
349.219,351.942,2.175667,4.2207,1473.07,0.0034,0.08637,7.19526,0.0,34.664,NA_NA_NA_NA_Nov14201006-03-53_CTD_06.cnv,CTD_06.cnv
349.633,352.36,2.17272,4.1847,1473.0,-0.0011,0.08026,7.20334,0.0,34.6586,NA_NA_NA_NA_Nov14201006-03-53_CTD_06.cnv,CTD_06.cnv
350.138,352.869,2.174791,4.2183,1473.11,0.0048,0.07826,7.1841,0.0,34.6704,NA_NA_NA_NA_Nov14201006-03-53_CTD_06.cnv,CTD_06.cnv
350.645,353.379,2.173011,4.1644,1472.94,0.0179,0.07668,7.1925,0.0,34.6818,NA_NA_NA_NA_Nov14201006-03-53_CTD_06.cnv,CTD_06.cnv
351.15,353.888,2.172854,4.1666,1472.88,0.0057,0.10707,7.19818,0.0,34.6639,NA_NA_NA_NA_Nov14201006-03-53_CTD_06.cnv,CTD_06.cnv
351.674,354.415,2.173254,4.1708,1472.95,-0.0019,0.0577,7.20418,0.0,34.6648,NA_NA_NA_NA_Nov14201006-03-53_CTD_06.cnv,CTD_06.cnv
352.201,354.946,2.171034,4.1577,1472.82,-0.0062,0.07988,7.20377,0.0,34.6695,NA_NA_NA_NA_Nov14201006-03-53_CTD_06.cnv,CTD_06.cnv
352.644,355.393,2.171369,4.1447,1472.9,0.0083,0.05918,7.20091,0.0,34.6699,NA_NA_NA_NA_Nov14201006-03-53_CTD_06.cnv,CTD_06.cnv
353.222,355.974,2.17398,4.1937,1473.07,-0.0044,0.0765,7.20178,0.0,34.6604,NA_NA_NA_NA_Nov14201006-03-53_CTD_06.cnv,CTD_06.cnv
353.691,356.447,2.17209,4.1581,1473.04,0.0096,0.05348,7.20159,0.0,34.673,NA_NA_NA_NA_Nov14201006-03-53_CTD_06.cnv,CTD_06.cnv
354.202,356.961,2.171716,4.1708,1472.93,-0.0041,0.07695,7.20772,0.0,34.6699,NA_NA_NA_NA_Nov14201006-03-53_CTD_06.cnv,CTD_06.cnv
354.639,357.402,2.172099,4.1284,1472.8,-0.0007,0.06534,7.19884,0.0,34.6682,NA_NA_NA_NA_Nov14201006-03-53_CTD_06.cnv,CTD_06.cnv
355.226,357.993,2.171775,4.1589,1472.94,0.0014,0.08131,7.20283,0.0,34.6494,NA_NA_NA_NA_Nov14201006-03-53_CTD_06.cnv,CTD_06.cnv
355.663,358.433,2.173306,4.1548,1472.92,-0.0084,0.07068,7.19521,0.0,34.6694,NA_NA_NA_NA_Nov14201006-03-53_CTD_06.cnv,CTD_06.cnv
356.21,358.985,2.168547,4.1216,1472.8,0.0012,0.04,7.20504,0.0,34.671,NA_NA_NA_NA_Nov14201006-03-53_CTD_06.cnv,CTD_06.cnv
356.712,359.49,2.169511,4.1193,1472.84,-0.0108,0.09517,7.19993,0.0,34.6588,NA_NA_NA_NA_Nov14201006-03-53_CTD_06.cnv,CTD_06.cnv
357.193,359.974,2.172242,4.1627,1473.01,-0.0043,0.04296,7.19774,0.0,34.673,NA_NA_NA_NA_Nov14201006-03-53_CTD_06.cnv,CTD_06.cnv
357.713,360.499,2.172955,4.1499,1472.98,-0.0019,0.04,7.20067,0.0,34.6737,NA_NA_NA_NA_Nov14201006-03-53_CTD_06.cnv,CTD_06.cnv
358.218,361.008,2.170562,4.115,1472.85,0.0023,0.04,7.19874,0.0,34.6641,NA_NA_NA_NA_Nov14201006-03-53_CTD_06.cnv,CTD_06.cnv
358.662,361.454,2.169392,4.0995,1472.81,-0.0133,0.04,7.19835,0.0,34.6845,NA_NA_NA_NA_Nov14201006-03-53_CTD_06.cnv,CTD_06.cnv
359.219,362.016,2.168189,4.0809,1472.8,0.0023,0.06718,7.19453,0.0,34.665,NA_NA_NA_NA_Nov14201006-03-53_CTD_06.cnv,CTD_06.cnv
359.709,362.509,2.16734,4.0676,1472.68,-0.0068,0.06406,7.20386,0.0,34.6796,NA_NA_NA_NA_Nov14201006-03-53_CTD_06.cnv,CTD_06.cnv
360.23,363.034,2.168908,4.1112,1472.86,0.002,0.08959,7.20223,0.0,34.6611,NA_NA_NA_NA_Nov14201006-03-53_CTD_06.cnv,CTD_06.cnv
360.671,363.478,2.167961,4.0783,1472.7,-0.0019,0.11349,7.20003,0.0,34.6746,NA_NA_NA_NA_Nov14201006-03-53_CTD_06.cnv,CTD_06.cnv
361.188,363.999,2.168032,4.1083,1472.81,0.0038,0.07056,7.2067,0.0,34.6561,NA_NA_NA_NA_Nov14201006-03-53_CTD_06.cnv,CTD_06.cnv
361.645,364.46,2.170171,4.1115,1472.97,-0.0036,0.06023,7.20432,0.0,34.6624,NA_NA_NA_NA_Nov14201006-03-53_CTD_06.cnv,CTD_06.cnv
362.155,364.972,2.167149,4.055,1472.6,0.0012,0.05584,7.20402,0.0,34.6665,NA_NA_NA_NA_Nov14201006-03-53_CTD_06.cnv,CTD_06.cnv
362.706,365.528,2.16689,4.0946,1472.78,0.0045,0.08813,7.19925,0.0,34.6592,NA_NA_NA_NA_Nov14201006-03-53_CTD_06.cnv,CTD_06.cnv
363.211,366.037,2.165661,4.0573,1472.66,-0.0021,0.08422,7.20314,0.0,34.6552,NA_NA_NA_NA_Nov14201006-03-53_CTD_06.cnv,CTD_06.cnv
363.658,366.487,2.168603,4.0957,1472.92,0.0027,0.08309,7.19946,0.0,34.6752,NA_NA_NA_NA_Nov14201006-03-53_CTD_06.cnv,CTD_06.cnv
364.156,366.989,2.168299,4.1163,1472.97,0.0003,0.08404,7.2015,0.0,34.6809,NA_NA_NA_NA_Nov14201006-03-53_CTD_06.cnv,CTD_06.cnv
364.668,367.504,2.166556,4.0838,1472.93,0.0039,0.06123,7.20523,0.0,34.6606,NA_NA_NA_NA_Nov14201006-03-53_CTD_06.cnv,CTD_06.cnv
365.165,368.005,2.165334,4.0623,1472.7,-0.0126,0.09597,7.2029,0.0,34.6651,NA_NA_NA_NA_Nov14201006-03-53_CTD_06.cnv,CTD_06.cnv
365.719,368.563,2.169061,4.0939,1472.84,-0.0059,0.09722,7.20366,0.0,34.666,NA_NA_NA_NA_Nov14201006-03-53_CTD_06.cnv,CTD_06.cnv
366.204,369.052,2.167328,4.0724,1472.78,-0.0049,0.04,7.20472,0.0,34.6692,NA_NA_NA_NA_Nov14201006-03-53_CTD_06.cnv,CTD_06.cnv
366.649,369.499,2.168153,4.069,1472.9,-0.017,0.1073,7.19921,0.0,34.6762,NA_NA_NA_NA_Nov14201006-03-53_CTD_06.cnv,CTD_06.cnv
367.145,369.999,2.166856,4.0633,1472.76,0.0027,0.09204,7.19905,0.0,34.6724,NA_NA_NA_NA_Nov14201006-03-53_CTD_06.cnv,CTD_06.cnv
367.636,370.494,2.163711,4.0528,1472.76,0.0059,0.073,7.19865,0.0,34.6585,NA_NA_NA_NA_Nov14201006-03-53_CTD_06.cnv,CTD_06.cnv
368.209,371.071,2.162681,4.0277,1472.58,0.0051,0.11333,7.19177,0.0,34.6508,NA_NA_NA_NA_Nov14201006-03-53_CTD_06.cnv,CTD_06.cnv
368.657,371.522,2.162467,4.0331,1472.59,-0.0082,0.06572,7.21021,0.0,34.6529,NA_NA_NA_NA_Nov14201006-03-53_CTD_06.cnv,CTD_06.cnv
369.152,372.021,2.166613,4.0646,1472.71,-0.0043,0.08338,7.20382,0.0,34.6451,NA_NA_NA_NA_Nov14201006-03-53_CTD_06.cnv,CTD_06.cnv
369.643,372.516,2.165499,4.038,1472.69,0.0041,0.07834,7.19473,0.0,34.6658,NA_NA_NA_NA_Nov14201006-03-53_CTD_06.cnv,CTD_06.cnv
370.204,373.08,2.165033,4.04,1472.71,-0.0126,0.08568,7.20457,0.0,34.6806,NA_NA_NA_NA_Nov14201006-03-53_CTD_06.cnv,CTD_06.cnv
370.713,373.593,2.16083,3.9588,1472.34,0.0109,0.06775,7.20385,0.0,34.6586,NA_NA_NA_NA_Nov14201006-03-53_CTD_06.cnv,CTD_06.cnv
371.214,374.098,2.167407,4.0575,1472.93,-0.0047,0.08239,7.1933,0.0,34.6728,NA_NA_NA_NA_Nov14201006-03-53_CTD_06.cnv,CTD_06.cnv
371.696,374.584,2.163731,4.0306,1472.78,-0.0004,0.06215,7.19897,0.0,34.6669,NA_NA_NA_NA_Nov14201006-03-53_CTD_06.cnv,CTD_06.cnv
372.146,375.037,2.165669,4.0253,1472.63,0.0028,0.04443,7.20185,0.0,34.677,NA_NA_NA_NA_Nov14201006-03-53_CTD_06.cnv,CTD_06.cnv
372.682,375.577,2.163082,4.0032,1472.62,0.0037,0.04471,7.20675,0.0,34.6873,NA_NA_NA_NA_Nov14201006-03-53_CTD_06.cnv,CTD_06.cnv
373.137,376.035,2.16263,4.0006,1472.53,0.0006,0.06187,7.19833,0.0,34.6617,NA_NA_NA_NA_Nov14201006-03-53_CTD_06.cnv,CTD_06.cnv
373.683,376.585,2.164727,4.0207,1472.73,0.0022,0.07127,7.20875,0.0,34.6825,NA_NA_NA_NA_Nov14201006-03-53_CTD_06.cnv,CTD_06.cnv
374.15,377.056,2.166641,4.0243,1472.76,0.0079,0.08705,7.20604,0.0,34.684,NA_NA_NA_NA_Nov14201006-03-53_CTD_06.cnv,CTD_06.cnv
374.644,377.554,2.162537,4.0161,1472.76,0.0076,0.09162,7.19329,0.0,34.6712,NA_NA_NA_NA_Nov14201006-03-53_CTD_06.cnv,CTD_06.cnv
375.17,378.082,2.159056,3.9589,1472.4,-0.0127,0.05631,7.20396,0.0,34.6533,NA_NA_NA_NA_Nov14201006-03-53_CTD_06.cnv,CTD_06.cnv
375.716,378.633,2.164064,3.9922,1472.68,-0.0097,0.09798,7.19529,0.0,34.6699,NA_NA_NA_NA_Nov14201006-03-53_CTD_06.cnv,CTD_06.cnv
376.227,379.148,2.163519,3.9767,1472.48,-0.0047,0.07387,7.19131,0.0,34.6839,NA_NA_NA_NA_Nov14201006-03-53_CTD_06.cnv,CTD_06.cnv
376.658,379.582,2.164798,4.0279,1472.69,-0.02,0.07869,7.19956,0.0,34.6506,NA_NA_NA_NA_Nov14201006-03-53_CTD_06.cnv,CTD_06.cnv
377.222,380.149,2.161251,3.9905,1472.6,-0.0029,0.06072,7.19466,0.0,34.6615,NA_NA_NA_NA_Nov14201006-03-53_CTD_06.cnv,CTD_06.cnv
377.641,380.572,2.161957,3.9695,1472.53,0.002,0.07369,7.19574,0.0,34.675,NA_NA_NA_NA_Nov14201006-03-53_CTD_06.cnv,CTD_06.cnv
378.194,381.129,2.162217,3.9675,1472.47,0.0013,0.07285,7.20504,0.0,34.6715,NA_NA_NA_NA_Nov14201006-03-53_CTD_06.cnv,CTD_06.cnv
378.649,381.587,2.160573,3.9554,1472.55,-0.0155,0.05486,7.19451,0.0,34.6482,NA_NA_NA_NA_Nov14201006-03-53_CTD_06.cnv,CTD_06.cnv
379.189,382.131,2.162901,3.9873,1472.71,0.0092,0.05552,7.20163,0.0,34.6815,NA_NA_NA_NA_Nov14201006-03-53_CTD_06.cnv,CTD_06.cnv
379.69,382.636,2.159164,3.9463,1472.52,0.0127,0.10529,7.19498,0.0,34.6764,NA_NA_NA_NA_Nov14201006-03-53_CTD_06.cnv,CTD_06.cnv
380.153,383.102,2.160131,3.9481,1472.58,-0.0018,0.07626,7.19454,0.0,34.6794,NA_NA_NA_NA_Nov14201006-03-53_CTD_06.cnv,CTD_06.cnv
380.688,383.642,2.162071,3.9598,1472.57,-0.0068,0.08908,7.20344,0.0,34.6879,NA_NA_NA_NA_Nov14201006-03-53_CTD_06.cnv,CTD_06.cnv
381.159,384.116,2.1598,3.94,1472.37,-0.0108,0.07711,7.20544,0.0,34.6513,NA_NA_NA_NA_Nov14201006-03-53_CTD_06.cnv,CTD_06.cnv
381.691,384.652,2.16084,3.9471,1472.53,0.0002,0.0606,7.19988,0.0,34.674,NA_NA_NA_NA_Nov14201006-03-53_CTD_06.cnv,CTD_06.cnv
382.151,385.115,2.159642,3.9738,1472.65,0.0071,0.04,7.20502,0.0,34.6611,NA_NA_NA_NA_Nov14201006-03-53_CTD_06.cnv,CTD_06.cnv
382.701,385.669,2.162013,3.917,1472.54,0.0041,0.05684,7.19523,0.0,34.6851,NA_NA_NA_NA_Nov14201006-03-53_CTD_06.cnv,CTD_06.cnv
383.222,386.194,2.161626,3.9757,1472.66,-0.0147,0.07349,7.20373,0.0,34.671,NA_NA_NA_NA_Nov14201006-03-53_CTD_06.cnv,CTD_06.cnv
383.74,386.715,2.158871,3.9555,1472.62,-0.0171,0.05537,7.2027,0.0,34.668,NA_NA_NA_NA_Nov14201006-03-53_CTD_06.cnv,CTD_06.cnv
384.164,387.143,2.158984,3.9217,1472.46,0.0076,0.10233,7.19776,0.0,34.6726,NA_NA_NA_NA_Nov14201006-03-53_CTD_06.cnv,CTD_06.cnv
384.724,387.707,2.161691,3.9405,1472.51,-0.0112,0.08631,7.20251,0.0,34.6822,NA_NA_NA_NA_Nov14201006-03-53_CTD_06.cnv,CTD_06.cnv
385.202,388.188,2.160647,3.9481,1472.63,-0.0048,0.08537,7.20509,0.0,34.677,NA_NA_NA_NA_Nov14201006-03-53_CTD_06.cnv,CTD_06.cnv
385.65,388.639,2.158826,3.9186,1472.51,-0.0053,0.07179,7.20072,0.0,34.6736,NA_NA_NA_NA_Nov14201006-03-53_CTD_06.cnv,CTD_06.cnv
386.164,389.157,2.156613,3.9077,1472.48,-0.0026,0.05761,7.20284,0.0,34.6606,NA_NA_NA_NA_Nov14201006-03-53_CTD_06.cnv,CTD_06.cnv
386.715,389.713,2.160696,3.9346,1472.62,-0.0056,0.10017,7.19868,0.0,34.6774,NA_NA_NA_NA_Nov14201006-03-53_CTD_06.cnv,CTD_06.cnv
387.24,390.241,2.157122,3.8981,1472.45,0.0018,0.08318,7.19776,0.0,34.6597,NA_NA_NA_NA_Nov14201006-03-53_CTD_06.cnv,CTD_06.cnv
387.666,390.67,2.159302,3.9024,1472.39,-0.0018,0.08706,7.2013,0.0,34.6607,NA_NA_NA_NA_Nov14201006-03-53_CTD_06.cnv,CTD_06.cnv
388.161,391.169,2.157633,3.9276,1472.63,0.0104,0.07349,7.19494,0.0,34.673,NA_NA_NA_NA_Nov14201006-03-53_CTD_06.cnv,CTD_06.cnv
388.738,391.75,2.15677,3.9157,1472.54,0.0022,0.04576,7.20271,0.0,34.6566,NA_NA_NA_NA_Nov14201006-03-53_CTD_06.cnv,CTD_06.cnv
389.227,392.242,2.159368,3.9435,1472.61,-0.0048,0.10555,7.20595,0.0,34.6566,NA_NA_NA_NA_Nov14201006-03-53_CTD_06.cnv,CTD_06.cnv
389.74,392.76,2.15867,3.9179,1472.45,-0.0054,0.04012,7.19047,0.0,34.6783,NA_NA_NA_NA_Nov14201006-03-53_CTD_06.cnv,CTD_06.cnv
390.162,393.185,2.15799,3.9295,1472.55,-0.006,0.04805,7.19589,0.0,34.6631,NA_NA_NA_NA_Nov14201006-03-53_CTD_06.cnv,CTD_06.cnv
390.668,393.694,2.155999,3.8983,1472.39,-0.0008,0.08268,7.20229,0.0,34.6389,NA_NA_NA_NA_Nov14201006-03-53_CTD_06.cnv,CTD_06.cnv
391.231,394.261,2.156976,3.8957,1472.45,-0.019,0.05178,7.19407,0.0,34.673,NA_NA_NA_NA_Nov14201006-03-53_CTD_06.cnv,CTD_06.cnv
391.718,394.752,2.160466,3.9035,1472.55,-0.0033,0.07217,7.20247,0.0,34.688,NA_NA_NA_NA_Nov14201006-03-53_CTD_06.cnv,CTD_06.cnv
392.194,395.231,2.158765,3.9191,1472.61,0.0133,0.07407,7.20358,0.0,34.6826,NA_NA_NA_NA_Nov14201006-03-53_CTD_06.cnv,CTD_06.cnv
392.694,395.735,2.158056,3.8816,1472.45,0.0032,0.06582,7.19712,0.0,34.6827,NA_NA_NA_NA_Nov14201006-03-53_CTD_06.cnv,CTD_06.cnv
393.209,396.253,2.156007,3.8738,1472.45,0.006,0.05902,7.19594,0.0,34.6778,NA_NA_NA_NA_Nov14201006-03-53_CTD_06.cnv,CTD_06.cnv
393.655,396.703,2.15948,3.9095,1472.68,0.0009,0.1004,7.20441,0.0,34.6791,NA_NA_NA_NA_Nov14201006-03-53_CTD_06.cnv,CTD_06.cnv
394.22,397.272,2.159218,3.8875,1472.49,-0.0058,0.08681,7.19572,0.0,34.702,NA_NA_NA_NA_Nov14201006-03-53_CTD_06.cnv,CTD_06.cnv
394.698,397.754,2.159327,3.883,1472.42,0.0078,0.05406,7.19817,0.0,34.691,NA_NA_NA_NA_Nov14201006-03-53_CTD_06.cnv,CTD_06.cnv
395.177,398.236,2.158147,3.8891,1472.5,-0.0096,0.05388,7.19996,0.0,34.6842,NA_NA_NA_NA_Nov14201006-03-53_CTD_06.cnv,CTD_06.cnv
395.651,398.713,2.153948,3.8568,1472.34,0.0082,0.07836,7.20218,0.0,34.6636,NA_NA_NA_NA_Nov14201006-03-53_CTD_06.cnv,CTD_06.cnv
396.217,399.283,2.158163,3.8711,1472.43,-0.0086,0.09021,7.20653,0.0,34.6808,NA_NA_NA_NA_Nov14201006-03-53_CTD_06.cnv,CTD_06.cnv
396.649,399.719,2.155253,3.8686,1472.48,0.0023,0.08342,7.19919,0.0,34.6501,NA_NA_NA_NA_Nov14201006-03-53_CTD_06.cnv,CTD_06.cnv
397.177,400.251,2.157891,3.9081,1472.67,0.0005,0.10466,7.19523,0.0,34.6624,NA_NA_NA_NA_Nov14201006-03-53_CTD_06.cnv,CTD_06.cnv
397.743,400.821,2.155308,3.8463,1472.4,-0.0054,0.04828,7.19712,0.0,34.6778,NA_NA_NA_NA_Nov14201006-03-53_CTD_06.cnv,CTD_06.cnv
398.179,401.26,2.156165,3.8771,1472.54,0.001,0.05623,7.19919,0.0,34.6635,NA_NA_NA_NA_Nov14201006-03-53_CTD_06.cnv,CTD_06.cnv
398.721,401.806,2.154161,3.8566,1472.46,-0.0042,0.08139,7.20206,0.0,34.6717,NA_NA_NA_NA_Nov14201006-03-53_CTD_06.cnv,CTD_06.cnv
399.167,402.255,2.154073,3.8423,1472.38,-0.0043,0.08574,7.2065,0.0,34.6665,NA_NA_NA_NA_Nov14201006-03-53_CTD_06.cnv,CTD_06.cnv
399.673,402.765,2.150306,3.8184,1472.31,0.0032,0.08028,7.19343,0.0,34.6586,NA_NA_NA_NA_Nov14201006-03-53_CTD_06.cnv,CTD_06.cnv
400.155,403.251,2.157433,3.8752,1472.59,-0.0103,0.09162,7.2092,0.0,34.674,NA_NA_NA_NA_Nov14201006-03-53_CTD_06.cnv,CTD_06.cnv
400.71,403.809,2.156484,3.8502,1472.38,0.0071,0.08016,7.20698,0.0,34.6837,NA_NA_NA_NA_Nov14201006-03-53_CTD_06.cnv,CTD_06.cnv
401.158,404.261,2.156273,3.8416,1472.46,-0.0028,0.08795,7.20334,0.0,34.684,NA_NA_NA_NA_Nov14201006-03-53_CTD_06.cnv,CTD_06.cnv
401.716,404.823,2.156173,3.8679,1472.64,0.0006,0.06483,7.20497,0.0,34.6924,NA_NA_NA_NA_Nov14201006-03-53_CTD_06.cnv,CTD_06.cnv
402.204,405.314,2.152321,3.812,1472.37,-0.0068,0.06099,7.19933,0.0,34.6721,NA_NA_NA_NA_Nov14201006-03-53_CTD_06.cnv,CTD_06.cnv
402.673,405.786,2.155239,3.8441,1472.44,0.0084,0.05081,7.20335,0.0,34.6553,NA_NA_NA_NA_Nov14201006-03-53_CTD_06.cnv,CTD_06.cnv
403.2,406.317,2.152525,3.8276,1472.47,-0.0029,0.05707,7.19809,0.0,34.6717,NA_NA_NA_NA_Nov14201006-03-53_CTD_06.cnv,CTD_06.cnv
403.68,406.801,2.155893,3.8666,1472.55,0.0082,0.07578,7.20904,0.0,34.6551,NA_NA_NA_NA_Nov14201006-03-53_CTD_06.cnv,CTD_06.cnv
404.174,407.299,2.15538,3.8366,1472.5,-0.0078,0.08682,7.19819,0.0,34.672,NA_NA_NA_NA_Nov14201006-03-53_CTD_06.cnv,CTD_06.cnv
404.728,407.857,2.153555,3.832,1472.42,-0.0006,0.06575,7.19298,0.0,34.6695,NA_NA_NA_NA_Nov14201006-03-53_CTD_06.cnv,CTD_06.cnv
405.185,408.317,2.156522,3.8661,1472.57,-0.0099,0.06734,7.19833,0.0,34.6847,NA_NA_NA_NA_Nov14201006-03-53_CTD_06.cnv,CTD_06.cnv
405.683,408.818,2.15416,3.8112,1472.36,0.0041,0.09143,7.20192,0.0,34.6732,NA_NA_NA_NA_Nov14201006-03-53_CTD_06.cnv,CTD_06.cnv
406.179,409.318,2.153594,3.8223,1472.41,0.009,0.09858,7.19839,0.0,34.6667,NA_NA_NA_NA_Nov14201006-03-53_CTD_06.cnv,CTD_06.cnv
406.679,409.822,2.155177,3.8469,1472.57,0.0141,0.06461,7.19786,0.0,34.6762,NA_NA_NA_NA_Nov14201006-03-53_CTD_06.cnv,CTD_06.cnv
407.212,410.359,2.154866,3.8266,1472.43,-0.0036,0.08325,7.18712,0.0,34.6709,NA_NA_NA_NA_Nov14201006-03-53_CTD_06.cnv,CTD_06.cnv
407.752,410.903,2.155693,3.8625,1472.57,0.0003,0.06074,7.19739,0.0,34.6828,NA_NA_NA_NA_Nov14201006-03-53_CTD_06.cnv,CTD_06.cnv
408.157,411.311,2.150898,3.8036,1472.34,0.0082,0.08383,7.19941,0.0,34.6633,NA_NA_NA_NA_Nov14201006-03-53_CTD_06.cnv,CTD_06.cnv
408.657,411.814,2.153239,3.8148,1472.48,-0.0073,0.06892,7.20651,0.0,34.6803,NA_NA_NA_NA_Nov14201006-03-53_CTD_06.cnv,CTD_06.cnv
409.179,412.34,2.151592,3.7971,1472.39,-0.0012,0.06375,7.20048,0.0,34.6687,NA_NA_NA_NA_Nov14201006-03-53_CTD_06.cnv,CTD_06.cnv
409.748,412.914,2.152101,3.812,1472.46,-0.0012,0.09918,7.19788,0.0,34.6755,NA_NA_NA_NA_Nov14201006-03-53_CTD_06.cnv,CTD_06.cnv
410.206,413.375,2.155591,3.8453,1472.56,0.0184,0.07264,7.19237,0.0,34.6794,NA_NA_NA_NA_Nov14201006-03-53_CTD_06.cnv,CTD_06.cnv
410.737,413.91,2.152348,3.789,1472.31,-0.0025,0.06702,7.20452,0.0,34.6793,NA_NA_NA_NA_Nov14201006-03-53_CTD_06.cnv,CTD_06.cnv
411.246,414.423,2.154468,3.8076,1472.45,-0.0022,0.04,7.20451,0.0,34.6825,NA_NA_NA_NA_Nov14201006-03-53_CTD_06.cnv,CTD_06.cnv
411.71,414.89,2.152669,3.8026,1472.38,0.0073,0.07993,7.20199,0.0,34.6733,NA_NA_NA_NA_Nov14201006-03-53_CTD_06.cnv,CTD_06.cnv
412.24,415.423,2.152495,3.7784,1472.38,0.0076,0.04274,7.19196,0.0,34.6931,NA_NA_NA_NA_Nov14201006-03-53_CTD_06.cnv,CTD_06.cnv
412.707,415.894,2.156187,3.8404,1472.63,0.0049,0.07261,7.1955,0.0,34.6631,NA_NA_NA_NA_Nov14201006-03-53_CTD_06.cnv,CTD_06.cnv
413.223,416.414,2.151481,3.7873,1472.48,-0.0132,0.05525,7.20372,0.0,34.6906,NA_NA_NA_NA_Nov14201006-03-53_CTD_06.cnv,CTD_06.cnv
413.658,416.852,2.152702,3.8094,1472.51,-0.0018,0.06751,7.20195,0.0,34.6638,NA_NA_NA_NA_Nov14201006-03-53_CTD_06.cnv,CTD_06.cnv
414.181,417.379,2.154003,3.8271,1472.62,0.003,0.08649,7.20442,0.0,34.6702,NA_NA_NA_NA_Nov14201006-03-53_CTD_06.cnv,CTD_06.cnv
414.735,417.936,2.153855,3.7994,1472.47,0.004,0.0628,7.19986,0.0,34.6855,NA_NA_NA_NA_Nov14201006-03-53_CTD_06.cnv,CTD_06.cnv
415.205,418.41,2.153676,3.8026,1472.44,-0.0037,0.09045,7.19981,0.0,34.6888,NA_NA_NA_NA_Nov14201006-03-53_CTD_06.cnv,CTD_06.cnv
415.708,418.917,2.152716,3.7953,1472.4,0.0163,0.06822,7.19785,0.0,34.6575,NA_NA_NA_NA_Nov14201006-03-53_CTD_06.cnv,CTD_06.cnv
416.179,419.391,2.151286,3.7599,1472.4,0.0142,0.06656,7.19916,0.0,34.7021,NA_NA_NA_NA_Nov14201006-03-53_CTD_06.cnv,CTD_06.cnv
416.705,419.921,2.148819,3.7782,1472.46,0.0176,0.07945,7.21215,0.0,34.6595,NA_NA_NA_NA_Nov14201006-03-53_CTD_06.cnv,CTD_06.cnv
417.236,420.455,2.151588,3.7556,1472.35,-0.0007,0.07089,7.19929,0.0,34.6727,NA_NA_NA_NA_Nov14201006-03-53_CTD_06.cnv,CTD_06.cnv
417.667,420.89,2.1507,3.8037,1472.48,0.0072,0.10326,7.20748,0.0,34.6702,NA_NA_NA_NA_Nov14201006-03-53_CTD_06.cnv,CTD_06.cnv
418.165,421.391,2.152851,3.793,1472.53,-0.0089,0.06919,7.20142,0.0,34.6851,NA_NA_NA_NA_Nov14201006-03-53_CTD_06.cnv,CTD_06.cnv
418.744,421.974,2.151411,3.8018,1472.58,0.0017,0.05691,7.20282,0.0,34.6589,NA_NA_NA_NA_Nov14201006-03-53_CTD_06.cnv,CTD_06.cnv
419.228,422.462,2.150469,3.7692,1472.4,0.0149,0.08434,7.19767,0.0,34.6731,NA_NA_NA_NA_Nov14201006-03-53_CTD_06.cnv,CTD_06.cnv
419.723,422.961,2.151971,3.7718,1472.5,0.0031,0.04174,7.20085,0.0,34.6806,NA_NA_NA_NA_Nov14201006-03-53_CTD_06.cnv,CTD_06.cnv
420.216,423.458,2.152316,3.7799,1472.54,-0.0016,0.06688,7.19601,0.0,34.6686,NA_NA_NA_NA_Nov14201006-03-53_CTD_06.cnv,CTD_06.cnv
420.714,423.959,2.147218,3.7312,1472.3,0.008,0.07668,7.20144,0.0,34.6673,NA_NA_NA_NA_Nov14201006-03-53_CTD_06.cnv,CTD_06.cnv
421.175,424.424,2.151927,3.7851,1472.48,0.0016,0.07278,7.19494,0.0,34.6643,NA_NA_NA_NA_Nov14201006-03-53_CTD_06.cnv,CTD_06.cnv
421.731,424.984,2.150799,3.7731,1472.49,-0.0132,0.09438,7.2009,0.0,34.6751,NA_NA_NA_NA_Nov14201006-03-53_CTD_06.cnv,CTD_06.cnv
422.184,425.44,2.151072,3.7746,1472.45,-0.0049,0.08161,7.21438,0.0,34.6604,NA_NA_NA_NA_Nov14201006-03-53_CTD_06.cnv,CTD_06.cnv
422.73,425.99,2.149818,3.7732,1472.48,-0.0051,0.08663,7.20054,0.0,34.669,NA_NA_NA_NA_Nov14201006-03-53_CTD_06.cnv,CTD_06.cnv
423.204,426.468,2.151369,3.7787,1472.55,-0.0097,0.08755,7.2106,0.0,34.6769,NA_NA_NA_NA_Nov14201006-03-53_CTD_06.cnv,CTD_06.cnv
423.732,426.999,2.148483,3.7338,1472.3,-0.0008,0.0602,7.19644,0.0,34.6692,NA_NA_NA_NA_Nov14201006-03-53_CTD_06.cnv,CTD_06.cnv
424.215,427.486,2.151535,3.7833,1472.52,-0.0106,0.08583,7.1995,0.0,34.6645,NA_NA_NA_NA_Nov14201006-03-53_CTD_06.cnv,CTD_06.cnv
424.71,427.985,2.147884,3.7395,1472.37,0.0034,0.06806,7.20138,0.0,34.6784,NA_NA_NA_NA_Nov14201006-03-53_CTD_06.cnv,CTD_06.cnv
425.212,428.491,2.149463,3.7531,1472.45,-0.0169,0.05397,7.19715,0.0,34.6784,NA_NA_NA_NA_Nov14201006-03-53_CTD_06.cnv,CTD_06.cnv
425.74,429.022,2.153532,3.8094,1472.72,-0.001,0.05147,7.19746,0.0,34.6864,NA_NA_NA_NA_Nov14201006-03-53_CTD_06.cnv,CTD_06.cnv
426.166,429.451,2.150645,3.7637,1472.5,-0.001,0.06755,7.20071,0.0,34.6693,NA_NA_NA_NA_Nov14201006-03-53_CTD_06.cnv,CTD_06.cnv
426.753,430.042,2.149729,3.753,1472.51,-0.0056,0.04,7.19198,0.0,34.6774,NA_NA_NA_NA_Nov14201006-03-53_CTD_06.cnv,CTD_06.cnv
427.254,430.547,2.147839,3.7429,1472.41,0.0083,0.10002,7.20348,0.0,34.6638,NA_NA_NA_NA_Nov14201006-03-53_CTD_06.cnv,CTD_06.cnv
427.724,431.02,2.150489,3.7683,1472.58,-0.0003,0.09526,7.1899,0.0,34.6778,NA_NA_NA_NA_Nov14201006-03-53_CTD_06.cnv,CTD_06.cnv
428.257,431.557,2.146529,3.712,1472.35,0.0004,0.08423,7.20227,0.0,34.6798,NA_NA_NA_NA_Nov14201006-03-53_CTD_06.cnv,CTD_06.cnv
428.68,431.983,2.15285,3.7683,1472.67,0.0092,0.06809,7.21044,0.0,34.6841,NA_NA_NA_NA_Nov14201006-03-53_CTD_06.cnv,CTD_06.cnv
429.237,432.544,2.151494,3.7936,1472.64,0.006,0.07066,7.19511,0.0,34.6649,NA_NA_NA_NA_Nov14201006-03-53_CTD_06.cnv,CTD_06.cnv
429.759,433.07,2.149503,3.7539,1472.57,-0.0021,0.05483,7.2079,0.0,34.6916,NA_NA_NA_NA_Nov14201006-03-53_CTD_06.cnv,CTD_06.cnv
430.221,433.536,2.150536,3.7625,1472.55,-0.02,0.06247,7.20116,0.0,34.6734,NA_NA_NA_NA_Nov14201006-03-53_CTD_06.cnv,CTD_06.cnv
430.69,434.008,2.148775,3.7375,1472.53,-0.0151,0.07848,7.19888,0.0,34.6774,NA_NA_NA_NA_Nov14201006-03-53_CTD_06.cnv,CTD_06.cnv
431.188,434.509,2.148356,3.7257,1472.39,0.0064,0.06129,7.20055,0.0,34.6789,NA_NA_NA_NA_Nov14201006-03-53_CTD_06.cnv,CTD_06.cnv
431.717,435.042,2.146232,3.7223,1472.42,-0.0028,0.05588,7.2017,0.0,34.6523,NA_NA_NA_NA_Nov14201006-03-53_CTD_06.cnv,CTD_06.cnv
432.179,435.508,2.147878,3.75,1472.58,-0.02,0.07465,7.20518,0.0,34.6782,NA_NA_NA_NA_Nov14201006-03-53_CTD_06.cnv,CTD_06.cnv
432.689,436.021,2.147331,3.7205,1472.44,-0.0094,0.07332,7.19897,0.0,34.6737,NA_NA_NA_NA_Nov14201006-03-53_CTD_06.cnv,CTD_06.cnv
433.245,436.582,2.150929,3.7604,1472.62,-0.0084,0.04209,7.19465,0.0,34.6701,NA_NA_NA_NA_Nov14201006-03-53_CTD_06.cnv,CTD_06.cnv
433.73,437.07,2.149187,3.7348,1472.51,0.0053,0.09108,7.20631,0.0,34.6767,NA_NA_NA_NA_Nov14201006-03-53_CTD_06.cnv,CTD_06.cnv
434.211,437.555,2.148282,3.7151,1472.46,-0.0128,0.05702,7.20829,0.0,34.675,NA_NA_NA_NA_Nov14201006-03-53_CTD_06.cnv,CTD_06.cnv
434.73,438.078,2.149109,3.7353,1472.5,0.0004,0.07853,7.19838,0.0,34.6655,NA_NA_NA_NA_Nov14201006-03-53_CTD_06.cnv,CTD_06.cnv
435.191,438.542,2.147456,3.6746,1472.31,0.0054,0.063,7.19499,0.0,34.6981,NA_NA_NA_NA_Nov14201006-03-53_CTD_06.cnv,CTD_06.cnv
435.67,439.024,2.148817,3.7224,1472.45,-0.0023,0.09351,7.20831,0.0,34.6753,NA_NA_NA_NA_Nov14201006-03-53_CTD_06.cnv,CTD_06.cnv
436.204,439.562,2.148014,3.6898,1472.37,0.0042,0.0574,7.20481,0.0,34.6822,NA_NA_NA_NA_Nov14201006-03-53_CTD_06.cnv,CTD_06.cnv
436.762,440.124,2.148535,3.7152,1472.55,-0.0137,0.07009,7.20412,0.0,34.6848,NA_NA_NA_NA_Nov14201006-03-53_CTD_06.cnv,CTD_06.cnv
437.238,440.604,2.146364,3.7013,1472.44,0.0034,0.09082,7.19944,0.0,34.674,NA_NA_NA_NA_Nov14201006-03-53_CTD_06.cnv,CTD_06.cnv
437.694,441.064,2.148748,3.7266,1472.54,0.0103,0.05914,7.19477,0.0,34.6774,NA_NA_NA_NA_Nov14201006-03-53_CTD_06.cnv,CTD_06.cnv
438.194,441.567,2.147378,3.7172,1472.55,0.0034,0.0844,7.2069,0.0,34.6643,NA_NA_NA_NA_Nov14201006-03-53_CTD_06.cnv,CTD_06.cnv
438.731,442.108,2.146677,3.6867,1472.43,0.0085,0.06801,7.20222,0.0,34.6685,NA_NA_NA_NA_Nov14201006-03-53_CTD_06.cnv,CTD_06.cnv
439.21,442.591,2.145947,3.6832,1472.46,-0.0034,0.07066,7.19628,0.0,34.6807,NA_NA_NA_NA_Nov14201006-03-53_CTD_06.cnv,CTD_06.cnv
439.729,443.113,2.147331,3.7143,1472.55,0.0036,0.09049,7.19962,0.0,34.6691,NA_NA_NA_NA_Nov14201006-03-53_CTD_06.cnv,CTD_06.cnv
440.254,443.642,2.147443,3.6893,1472.45,-0.013,0.07394,7.20621,0.0,34.6857,NA_NA_NA_NA_Nov14201006-03-53_CTD_06.cnv,CTD_06.cnv
440.715,444.106,2.149818,3.7188,1472.65,-0.0013,0.05883,7.193,0.0,34.6923,NA_NA_NA_NA_Nov14201006-03-53_CTD_06.cnv,CTD_06.cnv
441.207,444.602,2.149071,3.7162,1472.62,0.0168,0.06049,7.19884,0.0,34.6852,NA_NA_NA_NA_Nov14201006-03-53_CTD_06.cnv,CTD_06.cnv
441.742,445.141,2.149088,3.7299,1472.64,0.0005,0.0678,7.20045,0.0,34.6854,NA_NA_NA_NA_Nov14201006-03-53_CTD_06.cnv,CTD_06.cnv
442.191,445.593,2.146488,3.7005,1472.41,-0.016,0.08477,7.19761,0.0,34.6556,NA_NA_NA_NA_Nov14201006-03-53_CTD_06.cnv,CTD_06.cnv
442.755,446.161,2.14725,3.7238,1472.69,-0.02,0.07297,7.21119,0.0,34.6774,NA_NA_NA_NA_Nov14201006-03-53_CTD_06.cnv,CTD_06.cnv
443.245,446.655,2.146736,3.6806,1472.46,-0.0066,0.06996,7.20717,0.0,34.6778,NA_NA_NA_NA_Nov14201006-03-53_CTD_06.cnv,CTD_06.cnv
443.75,447.164,2.149992,3.7191,1472.64,-0.0039,0.05444,7.19077,0.0,34.7025,NA_NA_NA_NA_Nov14201006-03-53_CTD_06.cnv,CTD_06.cnv
444.173,447.59,2.146921,3.6867,1472.51,0.0033,0.07612,7.19911,0.0,34.6782,NA_NA_NA_NA_Nov14201006-03-53_CTD_06.cnv,CTD_06.cnv
444.712,448.133,2.146106,3.6895,1472.51,0.0119,0.0808,7.20466,0.0,34.6632,NA_NA_NA_NA_Nov14201006-03-53_CTD_06.cnv,CTD_06.cnv
445.256,448.68,2.146165,3.7049,1472.59,0.0052,0.04435,7.20207,0.0,34.6686,NA_NA_NA_NA_Nov14201006-03-53_CTD_06.cnv,CTD_06.cnv
445.694,449.122,2.147181,3.6894,1472.51,-0.0027,0.04283,7.20461,0.0,34.6691,NA_NA_NA_NA_Nov14201006-03-53_CTD_06.cnv,CTD_06.cnv
446.269,449.701,2.145638,3.6889,1472.56,-0.0076,0.05378,7.20173,0.0,34.6643,NA_NA_NA_NA_Nov14201006-03-53_CTD_06.cnv,CTD_06.cnv
446.679,450.114,2.147469,3.7216,1472.67,-0.0098,0.08077,7.20236,0.0,34.6746,NA_NA_NA_NA_Nov14201006-03-53_CTD_06.cnv,CTD_06.cnv
447.174,450.613,2.14735,3.689,1472.63,-0.02,0.05896,7.19471,0.0,34.6718,NA_NA_NA_NA_Nov14201006-03-53_CTD_06.cnv,CTD_06.cnv
447.72,451.162,2.147681,3.6867,1472.62,-0.0158,0.08682,7.2025,0.0,34.6771,NA_NA_NA_NA_Nov14201006-03-53_CTD_06.cnv,CTD_06.cnv
448.263,451.71,2.145254,3.6759,1472.53,-0.0025,0.07763,7.20527,0.0,34.6599,NA_NA_NA_NA_Nov14201006-03-53_CTD_06.cnv,CTD_06.cnv
448.743,452.193,2.149848,3.7155,1472.75,-0.0109,0.07207,7.20565,0.0,34.6924,NA_NA_NA_NA_Nov14201006-03-53_CTD_06.cnv,CTD_06.cnv
449.222,452.675,2.144549,3.6942,1472.59,-0.0128,0.09484,7.20515,0.0,34.6597,NA_NA_NA_NA_Nov14201006-03-53_CTD_06.cnv,CTD_06.cnv
449.761,453.219,2.144616,3.6545,1472.41,-0.0098,0.08281,7.19489,0.0,34.674,NA_NA_NA_NA_Nov14201006-03-53_CTD_06.cnv,CTD_06.cnv
450.273,453.734,2.147839,3.7158,1472.75,-0.0012,0.06662,7.20177,0.0,34.676,NA_NA_NA_NA_Nov14201006-03-53_CTD_06.cnv,CTD_06.cnv
450.769,454.234,2.146497,3.6927,1472.77,-0.0012,0.0651,7.20323,0.0,34.6807,NA_NA_NA_NA_Nov14201006-03-53_CTD_06.cnv,CTD_06.cnv
451.18,454.648,2.148277,3.7299,1472.79,0.0208,0.09562,7.20022,0.0,34.6468,NA_NA_NA_NA_Nov14201006-03-53_CTD_06.cnv,CTD_06.cnv
451.72,455.192,2.14771,3.6972,1472.64,0.0178,0.07077,7.20272,0.0,34.6668,NA_NA_NA_NA_Nov14201006-03-53_CTD_06.cnv,CTD_06.cnv
452.244,455.719,2.148251,3.6951,1472.71,0.0074,0.10382,7.20996,0.0,34.6802,NA_NA_NA_NA_Nov14201006-03-53_CTD_06.cnv,CTD_06.cnv
452.678,456.157,2.146037,3.6958,1472.65,-0.0025,0.06083,7.19767,0.0,34.6701,NA_NA_NA_NA_Nov14201006-03-53_CTD_06.cnv,CTD_06.cnv
453.265,456.748,2.145195,3.6802,1472.66,-0.0005,0.05673,7.19896,0.0,34.6816,NA_NA_NA_NA_Nov14201006-03-53_CTD_06.cnv,CTD_06.cnv
453.69,457.176,2.148504,3.6955,1472.75,-0.0016,0.06314,7.20041,0.0,34.6921,NA_NA_NA_NA_Nov14201006-03-53_CTD_06.cnv,CTD_06.cnv
454.231,457.721,2.146788,3.6655,1472.6,-0.0105,0.07472,7.19676,0.0,34.6718,NA_NA_NA_NA_Nov14201006-03-53_CTD_06.cnv,CTD_06.cnv
454.712,458.206,2.14697,3.7057,1472.76,0.0017,0.08828,7.19647,0.0,34.6757,NA_NA_NA_NA_Nov14201006-03-53_CTD_06.cnv,CTD_06.cnv
455.187,458.684,2.144639,3.65,1472.5,0.0091,0.09315,7.19807,0.0,34.6817,NA_NA_NA_NA_Nov14201006-03-53_CTD_06.cnv,CTD_06.cnv
455.7,459.201,2.147649,3.662,1472.66,0.009,0.08758,7.20483,0.0,34.6772,NA_NA_NA_NA_Nov14201006-03-53_CTD_06.cnv,CTD_06.cnv
456.18,459.684,2.145902,3.6805,1472.63,0.0138,0.05677,7.1923,0.0,34.6831,NA_NA_NA_NA_Nov14201006-03-53_CTD_06.cnv,CTD_06.cnv
456.697,460.205,2.145355,3.6705,1472.68,-0.005,0.04705,7.20092,0.0,34.6748,NA_NA_NA_NA_Nov14201006-03-53_CTD_06.cnv,CTD_06.cnv
457.264,460.776,2.145323,3.6756,1472.69,-0.0104,0.06363,7.20645,0.0,34.6807,NA_NA_NA_NA_Nov14201006-03-53_CTD_06.cnv,CTD_06.cnv
457.746,461.262,2.143563,3.6425,1472.62,-0.0127,0.09009,7.1912,0.0,34.6728,NA_NA_NA_NA_Nov14201006-03-53_CTD_06.cnv,CTD_06.cnv
458.189,461.708,2.143543,3.6459,1472.53,-0.0027,0.08675,7.20799,0.0,34.6662,NA_NA_NA_NA_Nov14201006-03-53_CTD_06.cnv,CTD_06.cnv
458.726,462.249,2.147044,3.6533,1472.58,-0.0072,0.06134,7.19281,0.0,34.677,NA_NA_NA_NA_Nov14201006-03-53_CTD_06.cnv,CTD_06.cnv
459.196,462.722,2.144279,3.6597,1472.61,-0.0039,0.06582,7.20458,0.0,34.6803,NA_NA_NA_NA_Nov14201006-03-53_CTD_06.cnv,CTD_06.cnv
459.716,463.246,2.14656,3.6948,1472.84,0.0066,0.05052,7.20637,0.0,34.6831,NA_NA_NA_NA_Nov14201006-03-53_CTD_06.cnv,CTD_06.cnv
460.27,463.804,2.14694,3.6796,1472.75,0.0005,0.07267,7.19642,0.0,34.6902,NA_NA_NA_NA_Nov14201006-03-53_CTD_06.cnv,CTD_06.cnv
460.757,464.294,2.144719,3.6618,1472.65,-0.0009,0.0829,7.20998,0.0,34.6674,NA_NA_NA_NA_Nov14201006-03-53_CTD_06.cnv,CTD_06.cnv
461.218,464.759,2.146626,3.6774,1472.88,-0.0014,0.08354,7.19281,0.0,34.6915,NA_NA_NA_NA_Nov14201006-03-53_CTD_06.cnv,CTD_06.cnv
461.757,465.302,2.145585,3.6748,1472.6,-0.0097,0.04936,7.2016,0.0,34.6733,NA_NA_NA_NA_Nov14201006-03-53_CTD_06.cnv,CTD_06.cnv
462.194,465.743,2.144711,3.652,1472.63,-0.0007,0.05061,7.19585,0.0,34.6846,NA_NA_NA_NA_Nov14201006-03-53_CTD_06.cnv,CTD_06.cnv
462.768,466.32,2.146157,3.6578,1472.78,-0.0026,0.06843,7.19313,0.0,34.6968,NA_NA_NA_NA_Nov14201006-03-53_CTD_06.cnv,CTD_06.cnv
463.22,466.776,2.144725,3.6651,1472.74,-0.0013,0.04417,7.19899,0.0,34.6739,NA_NA_NA_NA_Nov14201006-03-53_CTD_06.cnv,CTD_06.cnv
463.723,467.282,2.14264,3.6384,1472.66,-0.0021,0.04,7.20148,0.0,34.6893,NA_NA_NA_NA_Nov14201006-03-53_CTD_06.cnv,CTD_06.cnv
464.183,467.746,2.145383,3.6288,1472.72,-0.0039,0.05777,7.20928,0.0,34.6933,NA_NA_NA_NA_Nov14201006-03-53_CTD_06.cnv,CTD_06.cnv
464.763,468.33,2.146595,3.6823,1472.85,0.0136,0.0955,7.19914,0.0,34.6918,NA_NA_NA_NA_Nov14201006-03-53_CTD_06.cnv,CTD_06.cnv
465.214,468.784,2.145345,3.6541,1472.75,0.0071,0.09227,7.19258,0.0,34.6787,NA_NA_NA_NA_Nov14201006-03-53_CTD_06.cnv,CTD_06.cnv
465.728,469.302,2.146167,3.6707,1472.81,-0.0188,0.0543,7.20573,0.0,34.6869,NA_NA_NA_NA_Nov14201006-03-53_CTD_06.cnv,CTD_06.cnv
466.225,469.803,2.141858,3.6496,1472.71,0.005,0.06954,7.19976,0.0,34.6482,NA_NA_NA_NA_Nov14201006-03-53_CTD_06.cnv,CTD_06.cnv
466.769,470.35,2.143219,3.6507,1472.78,-0.0192,0.05604,7.20177,0.0,34.6495,NA_NA_NA_NA_Nov14201006-03-53_CTD_06.cnv,CTD_06.cnv
467.258,470.843,2.142638,3.6267,1472.69,-0.0042,0.09301,7.20076,0.0,34.6869,NA_NA_NA_NA_Nov14201006-03-53_CTD_06.cnv,CTD_06.cnv
467.742,471.33,2.143819,3.6615,1472.75,0.003,0.05405,7.20712,0.0,34.6674,NA_NA_NA_NA_Nov14201006-03-53_CTD_06.cnv,CTD_06.cnv
468.228,471.82,2.144043,3.6328,1472.65,-0.0023,0.06873,7.20277,0.0,34.6754,NA_NA_NA_NA_Nov14201006-03-53_CTD_06.cnv,CTD_06.cnv
468.738,472.334,2.142933,3.6383,1472.7,0.0025,0.04934,7.20912,0.0,34.6662,NA_NA_NA_NA_Nov14201006-03-53_CTD_06.cnv,CTD_06.cnv
469.185,472.784,2.146546,3.6752,1473.0,0.0109,0.11489,7.20263,0.0,34.6787,NA_NA_NA_NA_Nov14201006-03-53_CTD_06.cnv,CTD_06.cnv
469.756,473.359,2.148108,3.6885,1472.95,0.0083,0.06191,7.19628,0.0,34.6901,NA_NA_NA_NA_Nov14201006-03-53_CTD_06.cnv,CTD_06.cnv
470.191,473.798,2.142961,3.6214,1472.77,0.0113,0.07476,7.19252,0.0,34.6946,NA_NA_NA_NA_Nov14201006-03-53_CTD_06.cnv,CTD_06.cnv
470.757,474.367,2.14434,3.6715,1472.81,0.0096,0.0651,7.2004,0.0,34.6695,NA_NA_NA_NA_Nov14201006-03-53_CTD_06.cnv,CTD_06.cnv
471.212,474.826,2.145131,3.6572,1472.81,0.007,0.05725,7.20251,0.0,34.6791,NA_NA_NA_NA_Nov14201006-03-53_CTD_06.cnv,CTD_06.cnv
471.742,475.36,2.14173,3.6316,1472.68,0.0149,0.05691,7.19487,0.0,34.6595,NA_NA_NA_NA_Nov14201006-03-53_CTD_06.cnv,CTD_06.cnv
472.218,475.839,2.144465,3.6339,1472.74,0.0074,0.09453,7.20083,0.0,34.6763,NA_NA_NA_NA_Nov14201006-03-53_CTD_06.cnv,CTD_06.cnv
472.764,476.389,2.146095,3.6537,1472.95,0.005,0.08011,7.19718,0.0,34.6757,NA_NA_NA_NA_Nov14201006-03-53_CTD_06.cnv,CTD_06.cnv
473.265,476.894,2.143876,3.6455,1472.87,0.0006,0.08266,7.20648,0.0,34.6788,NA_NA_NA_NA_Nov14201006-03-53_CTD_06.cnv,CTD_06.cnv
473.753,477.386,2.142081,3.6137,1472.75,-0.0064,0.09189,7.20841,0.0,34.6847,NA_NA_NA_NA_Nov14201006-03-53_CTD_06.cnv,CTD_06.cnv
474.28,477.917,2.146283,3.6813,1473.06,0.0125,0.0528,7.20987,0.0,34.6898,NA_NA_NA_NA_Nov14201006-03-53_CTD_06.cnv,CTD_06.cnv
474.783,478.423,2.14443,3.6372,1472.84,0.0066,0.07042,7.20526,0.0,34.6811,NA_NA_NA_NA_Nov14201006-03-53_CTD_06.cnv,CTD_06.cnv
475.205,478.848,2.1423,3.6588,1472.86,0.0047,0.08542,7.19775,0.0,34.6758,NA_NA_NA_NA_Nov14201006-03-53_CTD_06.cnv,CTD_06.cnv
475.72,479.367,2.143044,3.6539,1472.95,0.0023,0.08296,7.20108,0.0,34.6788,NA_NA_NA_NA_Nov14201006-03-53_CTD_06.cnv,CTD_06.cnv
476.196,479.847,2.140811,3.5976,1472.61,0.0067,0.09298,7.20461,0.0,34.6791,NA_NA_NA_NA_Nov14201006-03-53_CTD_06.cnv,CTD_06.cnv
476.734,480.388,2.143909,3.6287,1472.91,0.0026,0.04,7.19764,0.0,34.6879,NA_NA_NA_NA_Nov14201006-03-53_CTD_06.cnv,CTD_06.cnv
477.265,480.923,2.141412,3.6282,1472.84,0.0041,0.08301,7.20642,0.0,34.6743,NA_NA_NA_NA_Nov14201006-03-53_CTD_06.cnv,CTD_06.cnv
477.769,481.431,2.142747,3.6369,1472.89,0.0004,0.04617,7.20481,0.0,34.6725,NA_NA_NA_NA_Nov14201006-03-53_CTD_06.cnv,CTD_06.cnv
478.245,481.91,2.142287,3.6345,1472.89,0.0029,0.08084,7.20542,0.0,34.6702,NA_NA_NA_NA_Nov14201006-03-53_CTD_06.cnv,CTD_06.cnv
478.754,482.423,2.140506,3.6139,1472.75,-0.0054,0.08699,7.20548,0.0,34.6654,NA_NA_NA_NA_Nov14201006-03-53_CTD_06.cnv,CTD_06.cnv
479.277,482.95,2.142889,3.6249,1472.87,-0.0044,0.04944,7.19899,0.0,34.6649,NA_NA_NA_NA_Nov14201006-03-53_CTD_06.cnv,CTD_06.cnv
479.748,483.425,2.139957,3.5953,1472.67,0.0154,0.06706,7.20011,0.0,34.6675,NA_NA_NA_NA_Nov14201006-03-53_CTD_06.cnv,CTD_06.cnv
480.277,483.957,2.1418,3.6381,1472.93,-0.0027,0.10267,7.19463,0.0,34.6777,NA_NA_NA_NA_Nov14201006-03-53_CTD_06.cnv,CTD_06.cnv
480.707,484.39,2.143256,3.6029,1472.71,0.0007,0.07474,7.20073,0.0,34.6689,NA_NA_NA_NA_Nov14201006-03-53_CTD_06.cnv,CTD_06.cnv
481.261,484.948,2.143226,3.6522,1473.1,0.0093,0.07407,7.21342,0.0,34.6795,NA_NA_NA_NA_Nov14201006-03-53_CTD_06.cnv,CTD_06.cnv
481.736,485.427,2.1469,3.6424,1472.99,-0.005,0.09335,7.20028,0.0,34.6893,NA_NA_NA_NA_Nov14201006-03-53_CTD_06.cnv,CTD_06.cnv
482.256,485.95,2.143524,3.6446,1472.98,0.0208,0.07247,7.20267,0.0,34.6752,NA_NA_NA_NA_Nov14201006-03-53_CTD_06.cnv,CTD_06.cnv
482.696,486.394,2.143862,3.6285,1472.9,0.0192,0.06207,7.19896,0.0,34.6708,NA_NA_NA_NA_Nov14201006-03-53_CTD_06.cnv,CTD_06.cnv
483.234,486.936,2.143768,3.6297,1472.89,-0.0005,0.08097,7.19101,0.0,34.6682,NA_NA_NA_NA_Nov14201006-03-53_CTD_06.cnv,CTD_06.cnv
483.712,487.417,2.142522,3.5971,1472.86,0.0058,0.07495,7.20336,0.0,34.6804,NA_NA_NA_NA_Nov14201006-03-53_CTD_06.cnv,CTD_06.cnv
484.207,487.916,2.14369,3.666,1473.05,-0.0015,0.05341,7.19772,0.0,34.6538,NA_NA_NA_NA_Nov14201006-03-53_CTD_06.cnv,CTD_06.cnv
484.778,488.491,2.143097,3.6271,1472.93,0.0041,0.09008,7.19714,0.0,34.6773,NA_NA_NA_NA_Nov14201006-03-53_CTD_06.cnv,CTD_06.cnv
485.258,488.974,2.14308,3.613,1472.88,-0.0049,0.07425,7.19577,0.0,34.6904,NA_NA_NA_NA_Nov14201006-03-53_CTD_06.cnv,CTD_06.cnv
485.704,489.423,2.144667,3.6509,1473.01,-0.001,0.05529,7.20572,0.0,34.6683,NA_NA_NA_NA_Nov14201006-03-53_CTD_06.cnv,CTD_06.cnv
486.249,489.972,2.14357,3.6165,1472.95,0.0094,0.09002,7.19968,0.0,34.6846,NA_NA_NA_NA_Nov14201006-03-53_CTD_06.cnv,CTD_06.cnv
486.713,490.441,2.143215,3.6047,1472.88,-0.0104,0.05529,7.20024,0.0,34.6717,NA_NA_NA_NA_Nov14201006-03-53_CTD_06.cnv,CTD_06.cnv
487.246,490.977,2.140392,3.6144,1472.91,0.0007,0.07277,7.19914,0.0,34.6695,NA_NA_NA_NA_Nov14201006-03-53_CTD_06.cnv,CTD_06.cnv
487.784,491.519,2.142093,3.6069,1472.95,0.0149,0.04,7.19899,0.0,34.671,NA_NA_NA_NA_Nov14201006-03-53_CTD_06.cnv,CTD_06.cnv
488.224,491.963,2.141686,3.598,1472.82,-0.003,0.07074,7.20479,0.0,34.6626,NA_NA_NA_NA_Nov14201006-03-53_CTD_06.cnv,CTD_06.cnv
488.746,492.488,2.142022,3.601,1472.91,0.0118,0.10597,7.19853,0.0,34.6703,NA_NA_NA_NA_Nov14201006-03-53_CTD_06.cnv,CTD_06.cnv
489.245,492.991,2.145748,3.6621,1473.09,0.0047,0.10089,7.20221,0.0,34.6866,NA_NA_NA_NA_Nov14201006-03-53_CTD_06.cnv,CTD_06.cnv
489.786,493.535,2.143055,3.6207,1473.07,0.0076,0.07858,7.19155,0.0,34.6836,NA_NA_NA_NA_Nov14201006-03-53_CTD_06.cnv,CTD_06.cnv
490.292,494.045,2.143075,3.6286,1472.99,-0.0036,0.10101,7.196,0.0,34.6795,NA_NA_NA_NA_Nov14201006-03-53_CTD_06.cnv,CTD_06.cnv
490.697,494.453,2.144146,3.6392,1473.07,0.0063,0.10431,7.19941,0.0,34.6752,NA_NA_NA_NA_Nov14201006-03-53_CTD_06.cnv,CTD_06.cnv
491.255,495.016,2.141896,3.6099,1473.05,-0.0184,0.05489,7.20018,0.0,34.6917,NA_NA_NA_NA_Nov14201006-03-53_CTD_06.cnv,CTD_06.cnv
491.704,495.468,2.14178,3.5939,1472.96,-0.0004,0.07523,7.2003,0.0,34.6756,NA_NA_NA_NA_Nov14201006-03-53_CTD_06.cnv,CTD_06.cnv
492.292,496.059,2.142214,3.6278,1473.05,-0.0034,0.07491,7.20567,0.0,34.6926,NA_NA_NA_NA_Nov14201006-03-53_CTD_06.cnv,CTD_06.cnv
492.714,496.485,2.143402,3.6352,1473.21,0.0123,0.04639,7.19519,0.0,34.6693,NA_NA_NA_NA_Nov14201006-03-53_CTD_06.cnv,CTD_06.cnv
493.245,497.02,2.144051,3.6177,1473.11,-0.0031,0.05198,7.19174,0.0,34.6904,NA_NA_NA_NA_Nov14201006-03-53_CTD_06.cnv,CTD_06.cnv
493.712,497.49,2.141612,3.6333,1473.09,-0.0039,0.07638,7.19984,0.0,34.6803,NA_NA_NA_NA_Nov14201006-03-53_CTD_06.cnv,CTD_06.cnv
494.244,498.026,2.141487,3.5791,1472.94,0.0138,0.04393,7.19845,0.0,34.6806,NA_NA_NA_NA_Nov14201006-03-53_CTD_06.cnv,CTD_06.cnv
494.787,498.574,2.142379,3.6036,1473.0,0.0074,0.04,7.19328,0.0,34.6625,NA_NA_NA_NA_Nov14201006-03-53_CTD_06.cnv,CTD_06.cnv
495.215,499.005,2.142007,3.6133,1473.09,-0.0071,0.04083,7.20481,0.0,34.6822,NA_NA_NA_NA_Nov14201006-03-53_CTD_06.cnv,CTD_06.cnv
495.733,499.526,2.144697,3.6492,1473.26,-0.0028,0.0635,7.20323,0.0,34.6819,NA_NA_NA_NA_Nov14201006-03-53_CTD_06.cnv,CTD_06.cnv
496.212,500.009,2.139888,3.5909,1472.9,0.0107,0.09741,7.19939,0.0,34.6714,NA_NA_NA_NA_Nov14201006-03-53_CTD_06.cnv,CTD_06.cnv
496.754,500.554,2.143004,3.6075,1473.09,-0.0039,0.06967,7.19864,0.0,34.6928,NA_NA_NA_NA_Nov14201006-03-53_CTD_06.cnv,CTD_06.cnv
497.236,501.04,2.139859,3.5815,1472.93,0.0129,0.06063,7.19571,0.0,34.6739,NA_NA_NA_NA_Nov14201006-03-53_CTD_06.cnv,CTD_06.cnv
497.714,501.522,2.144279,3.633,1473.28,0.0077,0.05157,7.19347,0.0,34.6749,NA_NA_NA_NA_Nov14201006-03-53_CTD_06.cnv,CTD_06.cnv
498.274,502.086,2.139582,3.5887,1472.94,0.0062,0.06875,7.20263,0.0,34.6723,NA_NA_NA_NA_Nov14201006-03-53_CTD_06.cnv,CTD_06.cnv
498.77,502.586,2.141319,3.5921,1473.06,0.0036,0.05158,7.20138,0.0,34.6908,NA_NA_NA_NA_Nov14201006-03-53_CTD_06.cnv,CTD_06.cnv
499.204,503.022,2.140895,3.5962,1472.97,0.004,0.04,7.20188,0.0,34.6758,NA_NA_NA_NA_Nov14201006-03-53_CTD_06.cnv,CTD_06.cnv
499.784,503.606,2.141231,3.619,1473.17,-0.005,0.0483,7.19263,0.0,34.681,NA_NA_NA_NA_Nov14201006-03-53_CTD_06.cnv,CTD_06.cnv
500.3,504.126,2.143633,3.61,1473.23,0.0151,0.06694,7.20356,0.0,34.692,NA_NA_NA_NA_Nov14201006-03-53_CTD_06.cnv,CTD_06.cnv
500.745,504.574,2.140239,3.5967,1473.04,0.0243,0.08472,7.19711,0.0,34.684,NA_NA_NA_NA_Nov14201006-03-53_CTD_06.cnv,CTD_06.cnv
501.236,505.069,2.144901,3.6558,1473.35,0.0076,0.09157,7.20297,0.0,34.6719,NA_NA_NA_NA_Nov14201006-03-53_CTD_06.cnv,CTD_06.cnv
501.788,505.625,2.143564,3.6032,1473.23,0.0039,0.09807,7.19275,0.0,34.6893,NA_NA_NA_NA_Nov14201006-03-53_CTD_06.cnv,CTD_06.cnv
502.296,506.137,2.144198,3.6212,1473.28,0.0168,0.07068,7.20478,0.0,34.6838,NA_NA_NA_NA_Nov14201006-03-53_CTD_06.cnv,CTD_06.cnv
502.73,506.574,2.144231,3.6308,1473.25,-0.0108,0.09079,7.20622,0.0,34.6755,NA_NA_NA_NA_Nov14201006-03-53_CTD_06.cnv,CTD_06.cnv
503.298,507.146,2.142552,3.608,1473.18,0.0062,0.06039,7.19869,0.0,34.6865,NA_NA_NA_NA_Nov14201006-03-53_CTD_06.cnv,CTD_06.cnv
503.798,507.649,2.141651,3.6215,1473.31,-0.0013,0.06457,7.20186,0.0,34.6788,NA_NA_NA_NA_Nov14201006-03-53_CTD_06.cnv,CTD_06.cnv
504.253,508.108,2.142699,3.6118,1473.22,-0.0108,0.06998,7.19927,0.0,34.6777,NA_NA_NA_NA_Nov14201006-03-53_CTD_06.cnv,CTD_06.cnv
504.784,508.644,2.144216,3.6282,1473.26,-0.0062,0.05808,7.19933,0.0,34.6793,NA_NA_NA_NA_Nov14201006-03-53_CTD_06.cnv,CTD_06.cnv
505.294,509.157,2.139574,3.5804,1473.02,-0.012,0.08796,7.19851,0.0,34.6717,NA_NA_NA_NA_Nov14201006-03-53_CTD_06.cnv,CTD_06.cnv
505.752,509.618,2.141847,3.6019,1473.18,0.0077,0.07548,7.21077,0.0,34.673,NA_NA_NA_NA_Nov14201006-03-53_CTD_06.cnv,CTD_06.cnv
506.264,510.134,2.142225,3.613,1473.26,-0.0128,0.05215,7.19449,0.0,34.6786,NA_NA_NA_NA_Nov14201006-03-53_CTD_06.cnv,CTD_06.cnv
506.736,510.609,2.141146,3.6048,1473.25,0.0064,0.12526,7.21276,0.0,34.6878,NA_NA_NA_NA_Nov14201006-03-53_CTD_06.cnv,CTD_06.cnv
507.296,511.173,2.140206,3.5858,1473.2,-0.0043,0.09491,7.18459,0.0,34.6852,NA_NA_NA_NA_Nov14201006-03-53_CTD_06.cnv,CTD_06.cnv
507.768,511.649,2.141167,3.6108,1473.32,-0.0107,0.06763,7.20052,0.0,34.6933,NA_NA_NA_NA_Nov14201006-03-53_CTD_06.cnv,CTD_06.cnv
508.294,512.179,2.141156,3.5803,1473.23,0.0097,0.04694,7.19616,0.0,34.6738,NA_NA_NA_NA_Nov14201006-03-53_CTD_06.cnv,CTD_06.cnv
508.724,512.611,2.140836,3.5691,1473.12,-0.0003,0.08977,7.19377,0.0,34.6864,NA_NA_NA_NA_Nov14201006-03-53_CTD_06.cnv,CTD_06.cnv
509.291,513.183,2.144238,3.6151,1473.37,-0.0051,0.06631,7.20138,0.0,34.6893,NA_NA_NA_NA_Nov14201006-03-53_CTD_06.cnv,CTD_06.cnv
509.801,513.697,2.140836,3.6032,1473.2,0.0006,0.0934,7.20811,0.0,34.6741,NA_NA_NA_NA_Nov14201006-03-53_CTD_06.cnv,CTD_06.cnv
510.217,514.116,2.139706,3.5711,1473.14,0.0057,0.06665,7.19222,0.0,34.6793,NA_NA_NA_NA_Nov14201006-03-53_CTD_06.cnv,CTD_06.cnv
510.788,514.691,2.141558,3.6027,1473.35,-0.0039,0.09048,7.20226,0.0,34.6684,NA_NA_NA_NA_Nov14201006-03-53_CTD_06.cnv,CTD_06.cnv
511.229,515.135,2.143833,3.6101,1473.29,0.0036,0.0706,7.20278,0.0,34.6857,NA_NA_NA_NA_Nov14201006-03-53_CTD_06.cnv,CTD_06.cnv
511.734,515.644,2.143481,3.6053,1473.33,0.002,0.04,7.20098,0.0,34.676,NA_NA_NA_NA_Nov14201006-03-53_CTD_06.cnv,CTD_06.cnv
512.214,516.128,2.140975,3.6068,1473.38,0.0019,0.08476,7.19776,0.0,34.6764,NA_NA_NA_NA_Nov14201006-03-53_CTD_06.cnv,CTD_06.cnv
512.763,516.68,2.138218,3.5719,1473.14,0.013,0.07411,7.20183,0.0,34.6817,NA_NA_NA_NA_Nov14201006-03-53_CTD_06.cnv,CTD_06.cnv
513.277,517.199,2.1403,3.5629,1473.16,-0.0101,0.07654,7.2025,0.0,34.6842,NA_NA_NA_NA_Nov14201006-03-53_CTD_06.cnv,CTD_06.cnv
513.781,517.706,2.138525,3.5634,1473.18,0.0004,0.07502,7.19875,0.0,34.6738,NA_NA_NA_NA_Nov14201006-03-53_CTD_06.cnv,CTD_06.cnv
514.209,518.137,2.145185,3.6184,1473.4,0.001,0.09201,7.1981,0.0,34.6787,NA_NA_NA_NA_Nov14201006-03-53_CTD_06.cnv,CTD_06.cnv
514.756,518.688,2.143791,3.634,1473.52,0.0034,0.05771,7.19723,0.0,34.688,NA_NA_NA_NA_Nov14201006-03-53_CTD_06.cnv,CTD_06.cnv
515.275,519.211,2.14202,3.5902,1473.33,0.0076,0.05331,7.20682,0.0,34.6826,NA_NA_NA_NA_Nov14201006-03-53_CTD_06.cnv,CTD_06.cnv
515.76,519.699,2.141639,3.5985,1473.41,0.0217,0.07722,7.19845,0.0,34.6821,NA_NA_NA_NA_Nov14201006-03-53_CTD_06.cnv,CTD_06.cnv
516.296,520.239,2.141989,3.5966,1473.29,0.013,0.055,7.1967,0.0,34.6696,NA_NA_NA_NA_Nov14201006-03-53_CTD_06.cnv,CTD_06.cnv
516.745,520.691,2.142825,3.6103,1473.49,0.0016,0.09271,7.19978,0.0,34.6952,NA_NA_NA_NA_Nov14201006-03-53_CTD_06.cnv,CTD_06.cnv
517.302,521.253,2.142581,3.6004,1473.41,-0.0049,0.04,7.20813,0.0,34.6915,NA_NA_NA_NA_Nov14201006-03-53_CTD_06.cnv,CTD_06.cnv
517.742,521.696,2.142747,3.5774,1473.38,-0.0106,0.04642,7.21368,0.0,34.6872,NA_NA_NA_NA_Nov14201006-03-53_CTD_06.cnv,CTD_06.cnv
518.228,522.185,2.142076,3.6267,1473.49,0.0028,0.07981,7.1985,0.0,34.67,NA_NA_NA_NA_Nov14201006-03-53_CTD_06.cnv,CTD_06.cnv
518.762,522.723,2.142919,3.6335,1473.51,-0.0085,0.04928,7.19562,0.0,34.6778,NA_NA_NA_NA_Nov14201006-03-53_CTD_06.cnv,CTD_06.cnv
519.241,523.206,2.141391,3.6035,1473.38,-0.0007,0.0519,7.20861,0.0,34.6824,NA_NA_NA_NA_Nov14201006-03-53_CTD_06.cnv,CTD_06.cnv
519.74,523.708,2.139035,3.5613,1473.24,-0.0029,0.07257,7.20798,0.0,34.6648,NA_NA_NA_NA_Nov14201006-03-53_CTD_06.cnv,CTD_06.cnv
520.273,524.245,2.139248,3.5667,1473.32,0.0027,0.06039,7.20123,0.0,34.6799,NA_NA_NA_NA_Nov14201006-03-53_CTD_06.cnv,CTD_06.cnv
520.735,524.71,2.142854,3.6175,1473.51,0.0088,0.07861,7.1973,0.0,34.6701,NA_NA_NA_NA_Nov14201006-03-53_CTD_06.cnv,CTD_06.cnv
521.287,525.266,2.140904,3.5785,1473.32,-0.0068,0.06641,7.20428,0.0,34.695,NA_NA_NA_NA_Nov14201006-03-53_CTD_06.cnv,CTD_06.cnv
521.746,525.729,2.13865,3.5813,1473.43,0.0063,0.0812,7.19103,0.0,34.6716,NA_NA_NA_NA_Nov14201006-03-53_CTD_06.cnv,CTD_06.cnv
522.293,526.28,2.137818,3.562,1473.25,0.0037,0.06759,7.19273,0.0,34.6697,NA_NA_NA_NA_Nov14201006-03-53_CTD_06.cnv,CTD_06.cnv
522.774,526.764,2.139686,3.5611,1473.18,-0.005,0.08793,7.20554,0.0,34.6855,NA_NA_NA_NA_Nov14201006-03-53_CTD_06.cnv,CTD_06.cnv
523.275,527.269,2.13714,3.5669,1473.31,0.0104,0.07393,7.19462,0.0,34.6602,NA_NA_NA_NA_Nov14201006-03-53_CTD_06.cnv,CTD_06.cnv
523.782,527.78,2.139802,3.5771,1473.4,-0.0128,0.07868,7.19999,0.0,34.683,NA_NA_NA_NA_Nov14201006-03-53_CTD_06.cnv,CTD_06.cnv
524.216,528.217,2.141366,3.594,1473.51,0.0029,0.06052,7.20062,0.0,34.6768,NA_NA_NA_NA_Nov14201006-03-53_CTD_06.cnv,CTD_06.cnv
524.795,528.8,2.143221,3.5839,1473.49,-0.0018,0.07933,7.20356,0.0,34.6788,NA_NA_NA_NA_Nov14201006-03-53_CTD_06.cnv,CTD_06.cnv
525.24,529.248,2.139871,3.6097,1473.57,-0.0026,0.04,7.19988,0.0,34.6643,NA_NA_NA_NA_Nov14201006-03-53_CTD_06.cnv,CTD_06.cnv
525.802,529.814,2.139366,3.5878,1473.43,0.004,0.10044,7.19564,0.0,34.6626,NA_NA_NA_NA_Nov14201006-03-53_CTD_06.cnv,CTD_06.cnv
526.312,530.328,2.13838,3.5699,1473.36,-0.0032,0.07388,7.20247,0.0,34.6707,NA_NA_NA_NA_Nov14201006-03-53_CTD_06.cnv,CTD_06.cnv
526.778,530.797,2.141329,3.5718,1473.48,0.0088,0.07164,7.2021,0.0,34.6918,NA_NA_NA_NA_Nov14201006-03-53_CTD_06.cnv,CTD_06.cnv
527.301,531.324,2.14247,3.5735,1473.49,-0.0025,0.06781,7.20565,0.0,34.6771,NA_NA_NA_NA_Nov14201006-03-53_CTD_06.cnv,CTD_06.cnv
527.797,531.824,2.142126,3.5752,1473.55,-0.0101,0.07406,7.20664,0.0,34.6799,NA_NA_NA_NA_Nov14201006-03-53_CTD_06.cnv,CTD_06.cnv
528.284,532.315,2.141542,3.5964,1473.61,-0.017,0.09697,7.20347,0.0,34.6827,NA_NA_NA_NA_Nov14201006-03-53_CTD_06.cnv,CTD_06.cnv
528.78,532.814,2.137003,3.5531,1473.41,-0.0051,0.10051,7.20436,0.0,34.6643,NA_NA_NA_NA_Nov14201006-03-53_CTD_06.cnv,CTD_06.cnv
529.302,533.34,2.138302,3.5489,1473.48,0.0035,0.08157,7.19896,0.0,34.6784,NA_NA_NA_NA_Nov14201006-03-53_CTD_06.cnv,CTD_06.cnv
529.717,533.758,2.140085,3.537,1473.45,-0.0015,0.08737,7.2062,0.0,34.686,NA_NA_NA_NA_Nov14201006-03-53_CTD_06.cnv,CTD_06.cnv
530.224,534.268,2.141519,3.5919,1473.62,-0.005,0.08124,7.20284,0.0,34.6823,NA_NA_NA_NA_Nov14201006-03-53_CTD_06.cnv,CTD_06.cnv
530.766,534.814,2.138747,3.5754,1473.56,0.0131,0.08806,7.20701,0.0,34.6778,NA_NA_NA_NA_Nov14201006-03-53_CTD_06.cnv,CTD_06.cnv
531.231,535.283,2.140067,3.5527,1473.43,0.0014,0.06637,7.20048,0.0,34.6753,NA_NA_NA_NA_Nov14201006-03-53_CTD_06.cnv,CTD_06.cnv
531.804,535.86,2.138747,3.5639,1473.42,0.0127,0.08541,7.20172,0.0,34.6819,NA_NA_NA_NA_Nov14201006-03-53_CTD_06.cnv,CTD_06.cnv
532.222,536.281,2.142517,3.5896,1473.54,0.0042,0.05844,7.19878,0.0,34.6667,NA_NA_NA_NA_Nov14201006-03-53_CTD_06.cnv,CTD_06.cnv
532.8,536.864,2.139706,3.5806,1473.63,0.0047,0.0577,7.19711,0.0,34.6815,NA_NA_NA_NA_Nov14201006-03-53_CTD_06.cnv,CTD_06.cnv
533.278,537.346,2.139256,3.5499,1473.41,0.006,0.05843,7.19874,0.0,34.6831,NA_NA_NA_NA_Nov14201006-03-53_CTD_06.cnv,CTD_06.cnv
533.731,537.802,2.141358,3.5651,1473.54,-0.0111,0.06265,7.19729,0.0,34.6814,NA_NA_NA_NA_Nov14201006-03-53_CTD_06.cnv,CTD_06.cnv
534.248,538.322,2.139179,3.603,1473.67,0.0054,0.11535,7.20006,0.0,34.6663,NA_NA_NA_NA_Nov14201006-03-53_CTD_06.cnv,CTD_06.cnv
534.789,538.867,2.140835,3.5735,1473.67,-0.0096,0.05581,7.19495,0.0,34.6889,NA_NA_NA_NA_Nov14201006-03-53_CTD_06.cnv,CTD_06.cnv
535.28,539.362,2.140287,3.5649,1473.57,-0.0034,0.06016,7.20752,0.0,34.6705,NA_NA_NA_NA_Nov14201006-03-53_CTD_06.cnv,CTD_06.cnv
535.723,539.808,2.141857,3.5839,1473.66,-0.0144,0.07012,7.20365,0.0,34.6671,NA_NA_NA_NA_Nov14201006-03-53_CTD_06.cnv,CTD_06.cnv
536.262,540.351,2.138896,3.573,1473.5,0.0093,0.08537,7.20213,0.0,34.6816,NA_NA_NA_NA_Nov14201006-03-53_CTD_06.cnv,CTD_06.cnv
536.741,540.833,2.140443,3.5666,1473.62,-0.0034,0.0645,7.19714,0.0,34.6902,NA_NA_NA_NA_Nov14201006-03-53_CTD_06.cnv,CTD_06.cnv
537.229,541.325,2.140893,3.6003,1473.69,-0.0014,0.05656,7.19299,0.0,34.6728,NA_NA_NA_NA_Nov14201006-03-53_CTD_06.cnv,CTD_06.cnv
537.767,541.867,2.138275,3.556,1473.57,0.0095,0.0728,7.20853,0.0,34.6783,NA_NA_NA_NA_Nov14201006-03-53_CTD_06.cnv,CTD_06.cnv
538.318,542.422,2.141434,3.5968,1473.62,-0.0019,0.05846,7.19294,0.0,34.6628,NA_NA_NA_NA_Nov14201006-03-53_CTD_06.cnv,CTD_06.cnv
538.789,542.896,2.143118,3.5854,1473.75,0.0019,0.08792,7.19553,0.0,34.6892,NA_NA_NA_NA_Nov14201006-03-53_CTD_06.cnv,CTD_06.cnv
539.237,543.348,2.139521,3.5944,1473.69,0.001,0.05381,7.20082,0.0,34.6766,NA_NA_NA_NA_Nov14201006-03-53_CTD_06.cnv,CTD_06.cnv
539.738,543.852,2.137496,3.5943,1473.78,0.0043,0.09835,7.19939,0.0,34.6609,NA_NA_NA_NA_Nov14201006-03-53_CTD_06.cnv,CTD_06.cnv
540.318,544.436,2.140806,3.5803,1473.8,0.015,0.08962,7.19298,0.0,34.6791,NA_NA_NA_NA_Nov14201006-03-53_CTD_06.cnv,CTD_06.cnv
540.752,544.874,2.143767,3.5692,1473.74,-0.0186,0.06103,7.19526,0.0,34.6884,NA_NA_NA_NA_Nov14201006-03-53_CTD_06.cnv,CTD_06.cnv
541.272,545.397,2.140537,3.5866,1473.72,0.0035,0.07446,7.19649,0.0,34.6757,NA_NA_NA_NA_Nov14201006-03-53_CTD_06.cnv,CTD_06.cnv
541.805,545.934,2.138567,3.5376,1473.59,0.0025,0.05017,7.18866,0.0,34.6627,NA_NA_NA_NA_Nov14201006-03-53_CTD_06.cnv,CTD_06.cnv
542.315,546.448,2.13984,3.5479,1473.55,0.0087,0.07389,7.19881,0.0,34.6792,NA_NA_NA_NA_Nov14201006-03-53_CTD_06.cnv,CTD_06.cnv
542.764,546.9,2.142057,3.585,1473.81,-0.0051,0.1086,7.20094,0.0,34.699,NA_NA_NA_NA_Nov14201006-03-53_CTD_06.cnv,CTD_06.cnv
543.225,547.364,2.142477,3.5985,1473.87,0.0026,0.11017,7.19447,0.0,34.6817,NA_NA_NA_NA_Nov14201006-03-53_CTD_06.cnv,CTD_06.cnv
543.78,547.923,2.139905,3.5329,1473.56,0.0044,0.04433,7.20911,0.0,34.6753,NA_NA_NA_NA_Nov14201006-03-53_CTD_06.cnv,CTD_06.cnv
544.299,548.447,2.142797,3.555,1473.66,0.0096,0.09141,7.19854,0.0,34.6915,NA_NA_NA_NA_Nov14201006-03-53_CTD_06.cnv,CTD_06.cnv
544.751,548.902,2.139956,3.5681,1473.66,-0.0059,0.09587,7.19764,0.0,34.6711,NA_NA_NA_NA_Nov14201006-03-53_CTD_06.cnv,CTD_06.cnv
545.278,549.433,2.139197,3.5683,1473.77,0.006,0.05063,7.20033,0.0,34.6826,NA_NA_NA_NA_Nov14201006-03-53_CTD_06.cnv,CTD_06.cnv
545.793,549.951,2.143123,3.6041,1473.88,-0.0096,0.062,7.20157,0.0,34.6773,NA_NA_NA_NA_Nov14201006-03-53_CTD_06.cnv,CTD_06.cnv
546.245,550.406,2.138576,3.5933,1473.82,0.0013,0.05881,7.19296,0.0,34.6659,NA_NA_NA_NA_Nov14201006-03-53_CTD_06.cnv,CTD_06.cnv
546.728,550.893,2.143349,3.6004,1473.9,-0.0042,0.08039,7.2066,0.0,34.6914,NA_NA_NA_NA_Nov14201006-03-53_CTD_06.cnv,CTD_06.cnv
547.288,551.457,2.137946,3.5614,1473.68,-0.0015,0.04958,7.19604,0.0,34.6617,NA_NA_NA_NA_Nov14201006-03-53_CTD_06.cnv,CTD_06.cnv
547.725,551.897,2.140739,3.5584,1473.77,0.0108,0.06831,7.19613,0.0,34.6789,NA_NA_NA_NA_Nov14201006-03-53_CTD_06.cnv,CTD_06.cnv
548.267,552.444,2.142288,3.6028,1473.88,0.0062,0.06259,7.20094,0.0,34.6763,NA_NA_NA_NA_Nov14201006-03-53_CTD_06.cnv,CTD_06.cnv
548.772,552.952,2.141248,3.6074,1473.98,0.005,0.04527,7.19086,0.0,34.6703,NA_NA_NA_NA_Nov14201006-03-53_CTD_06.cnv,CTD_06.cnv
549.248,553.432,2.137874,3.5614,1473.74,0.0094,0.055,7.19497,0.0,34.6682,NA_NA_NA_NA_Nov14201006-03-53_CTD_06.cnv,CTD_06.cnv
549.809,553.996,2.142083,3.5684,1473.8,0.0044,0.12011,7.2026,0.0,34.6803,NA_NA_NA_NA_Nov14201006-03-53_CTD_06.cnv,CTD_06.cnv
550.308,554.499,2.141847,3.5982,1473.98,-0.0087,0.05272,7.20432,0.0,34.6915,NA_NA_NA_NA_Nov14201006-03-53_CTD_06.cnv,CTD_06.cnv
550.803,554.998,2.140758,3.5828,1473.93,-0.0002,0.05456,7.19848,0.0,34.6732,NA_NA_NA_NA_Nov14201006-03-53_CTD_06.cnv,CTD_06.cnv
551.303,555.502,2.140054,3.5754,1473.86,-0.0052,0.06207,7.19437,0.0,34.6899,NA_NA_NA_NA_Nov14201006-03-53_CTD_06.cnv,CTD_06.cnv
551.744,555.946,2.139742,3.5801,1473.85,0.0049,0.08544,7.19845,0.0,34.6855,NA_NA_NA_NA_Nov14201006-03-53_CTD_06.cnv,CTD_06.cnv
552.312,556.518,2.140934,3.5813,1473.9,0.0112,0.06697,7.20434,0.0,34.6832,NA_NA_NA_NA_Nov14201006-03-53_CTD_06.cnv,CTD_06.cnv
552.771,556.98,2.13597,3.5081,1473.63,0.0141,0.06067,7.20116,0.0,34.6595,NA_NA_NA_NA_Nov14201006-03-53_CTD_06.cnv,CTD_06.cnv
553.238,557.451,2.14056,3.5463,1473.76,0.0054,0.06632,7.20525,0.0,34.6868,NA_NA_NA_NA_Nov14201006-03-53_CTD_06.cnv,CTD_06.cnv
553.773,557.99,2.139885,3.5564,1473.83,-0.002,0.07332,7.19814,0.0,34.6737,NA_NA_NA_NA_Nov14201006-03-53_CTD_06.cnv,CTD_06.cnv
554.263,558.483,2.141677,3.6124,1474.07,0.0098,0.09222,7.20355,0.0,34.6913,NA_NA_NA_NA_Nov14201006-03-53_CTD_06.cnv,CTD_06.cnv
554.756,558.98,2.138086,3.576,1473.95,-0.0084,0.04,7.1954,0.0,34.666,NA_NA_NA_NA_Nov14201006-03-53_CTD_06.cnv,CTD_06.cnv
555.312,559.54,2.139343,3.5814,1473.94,0.0157,0.06856,7.19418,0.0,34.6842,NA_NA_NA_NA_Nov14201006-03-53_CTD_06.cnv,CTD_06.cnv
555.739,559.97,2.138217,3.5636,1473.91,0.0034,0.09478,7.20934,0.0,34.6771,NA_NA_NA_NA_Nov14201006-03-53_CTD_06.cnv,CTD_06.cnv
556.229,560.463,2.141431,3.5682,1474.02,0.0077,0.0779,7.20879,0.0,34.6862,NA_NA_NA_NA_Nov14201006-03-53_CTD_06.cnv,CTD_06.cnv
556.816,561.055,2.14082,3.5774,1473.89,-0.0046,0.07164,7.20201,0.0,34.6753,NA_NA_NA_NA_Nov14201006-03-53_CTD_06.cnv,CTD_06.cnv
557.263,561.505,2.142703,3.6121,1474.1,0.0007,0.05363,7.19389,0.0,34.6809,NA_NA_NA_NA_Nov14201006-03-53_CTD_06.cnv,CTD_06.cnv
557.771,562.017,2.140741,3.584,1474.0,0.006,0.04221,7.19372,0.0,34.6744,NA_NA_NA_NA_Nov14201006-03-53_CTD_06.cnv,CTD_06.cnv
558.246,562.495,2.140774,3.6127,1474.09,0.011,0.12016,7.20259,0.0,34.6807,NA_NA_NA_NA_Nov14201006-03-53_CTD_06.cnv,CTD_06.cnv
558.766,563.019,2.137194,3.5371,1473.94,0.0018,0.06296,7.19708,0.0,34.6848,NA_NA_NA_NA_Nov14201006-03-53_CTD_06.cnv,CTD_06.cnv
559.236,563.493,2.139125,3.5775,1473.96,0.0003,0.08268,7.2036,0.0,34.6615,NA_NA_NA_NA_Nov14201006-03-53_CTD_06.cnv,CTD_06.cnv
559.799,564.06,2.139223,3.5566,1473.88,-0.015,0.08028,7.19732,0.0,34.6646,NA_NA_NA_NA_Nov14201006-03-53_CTD_06.cnv,CTD_06.cnv
560.264,564.528,2.136091,3.5453,1473.84,-0.0072,0.05647,7.20121,0.0,34.6559,NA_NA_NA_NA_Nov14201006-03-53_CTD_06.cnv,CTD_06.cnv
560.787,565.055,2.142001,3.5953,1474.15,0.0033,0.04734,7.19312,0.0,34.699,NA_NA_NA_NA_Nov14201006-03-53_CTD_06.cnv,CTD_06.cnv
561.313,565.585,2.143366,3.6253,1474.33,0.0064,0.09189,7.1953,0.0,34.6852,NA_NA_NA_NA_Nov14201006-03-53_CTD_06.cnv,CTD_06.cnv
561.775,566.05,2.139583,3.5545,1473.95,-0.02,0.06518,7.20233,0.0,34.6956,NA_NA_NA_NA_Nov14201006-03-53_CTD_06.cnv,CTD_06.cnv
562.273,566.552,2.136138,3.5315,1473.88,0.0031,0.05479,7.19693,0.0,34.6585,NA_NA_NA_NA_Nov14201006-03-53_CTD_06.cnv,CTD_06.cnv
562.815,567.098,2.140122,3.5568,1473.99,0.0037,0.09349,7.19676,0.0,34.686,NA_NA_NA_NA_Nov14201006-03-53_CTD_06.cnv,CTD_06.cnv
563.297,567.584,2.1408,3.5982,1474.16,0.0031,0.08501,7.20186,0.0,34.6696,NA_NA_NA_NA_Nov14201006-03-53_CTD_06.cnv,CTD_06.cnv
563.814,568.104,2.140018,3.5496,1473.93,-0.0113,0.06918,7.20254,0.0,34.6812,NA_NA_NA_NA_Nov14201006-03-53_CTD_06.cnv,CTD_06.cnv
564.325,568.618,2.142391,3.5654,1473.95,0.0063,0.0893,7.19634,0.0,34.6871,NA_NA_NA_NA_Nov14201006-03-53_CTD_06.cnv,CTD_06.cnv
564.739,569.036,2.139786,3.5676,1474.18,-0.0085,0.09292,7.19309,0.0,34.6806,NA_NA_NA_NA_Nov14201006-03-53_CTD_06.cnv,CTD_06.cnv
565.3,569.601,2.141186,3.5834,1474.23,0.0066,0.09408,7.20192,0.0,34.6797,NA_NA_NA_NA_Nov14201006-03-53_CTD_06.cnv,CTD_06.cnv
565.738,570.042,2.139901,3.5616,1474.08,0.0155,0.08381,7.20348,0.0,34.6803,NA_NA_NA_NA_Nov14201006-03-53_CTD_06.cnv,CTD_06.cnv
566.265,570.573,2.139875,3.5693,1474.08,0.0018,0.07682,7.18866,0.0,34.6885,NA_NA_NA_NA_Nov14201006-03-53_CTD_06.cnv,CTD_06.cnv
566.781,571.092,2.140005,3.5373,1474.01,0.0018,0.06399,7.20016,0.0,34.6795,NA_NA_NA_NA_Nov14201006-03-53_CTD_06.cnv,CTD_06.cnv
567.287,571.602,2.138801,3.5602,1474.09,-0.0103,0.07167,7.20296,0.0,34.6915,NA_NA_NA_NA_Nov14201006-03-53_CTD_06.cnv,CTD_06.cnv
567.764,572.083,2.141089,3.5595,1474.09,0.0073,0.08702,7.21456,0.0,34.6995,NA_NA_NA_NA_Nov14201006-03-53_CTD_06.cnv,CTD_06.cnv
568.265,572.588,2.140806,3.5321,1473.98,0.0169,0.0507,7.20522,0.0,34.6889,NA_NA_NA_NA_Nov14201006-03-53_CTD_06.cnv,CTD_06.cnv
568.77,573.096,2.140636,3.5669,1474.15,0.0009,0.07442,7.20443,0.0,34.678,NA_NA_NA_NA_Nov14201006-03-53_CTD_06.cnv,CTD_06.cnv
569.254,573.584,2.140818,3.5634,1474.22,-0.0017,0.09817,7.19544,0.0,34.7019,NA_NA_NA_NA_Nov14201006-03-53_CTD_06.cnv,CTD_06.cnv
569.811,574.145,2.139053,3.5393,1474.01,-0.0013,0.05762,7.19236,0.0,34.6911,NA_NA_NA_NA_Nov14201006-03-53_CTD_06.cnv,CTD_06.cnv
570.266,574.603,2.14143,3.5905,1474.26,0.0127,0.08972,7.20037,0.0,34.6843,NA_NA_NA_NA_Nov14201006-03-53_CTD_06.cnv,CTD_06.cnv
570.766,575.106,2.141113,3.5891,1474.28,-0.0003,0.04523,7.19746,0.0,34.6701,NA_NA_NA_NA_Nov14201006-03-53_CTD_06.cnv,CTD_06.cnv
571.275,575.619,2.138764,3.5504,1474.11,0.0001,0.0894,7.20742,0.0,34.6743,NA_NA_NA_NA_Nov14201006-03-53_CTD_06.cnv,CTD_06.cnv
571.739,576.087,2.1367,3.533,1474.07,-0.0054,0.06431,7.20751,0.0,34.6911,NA_NA_NA_NA_Nov14201006-03-53_CTD_06.cnv,CTD_06.cnv
572.283,576.635,2.140236,3.564,1474.17,-0.0066,0.09275,7.20181,0.0,34.6714,NA_NA_NA_NA_Nov14201006-03-53_CTD_06.cnv,CTD_06.cnv
572.78,577.135,2.139118,3.534,1474.08,-0.0112,0.06395,7.20181,0.0,34.6878,NA_NA_NA_NA_Nov14201006-03-53_CTD_06.cnv,CTD_06.cnv
573.254,577.613,2.13583,3.5281,1474.01,0.0068,0.05846,7.19971,0.0,34.6808,NA_NA_NA_NA_Nov14201006-03-53_CTD_06.cnv,CTD_06.cnv
573.806,578.169,2.140241,3.5702,1474.17,0.0045,0.08655,7.19569,0.0,34.6758,NA_NA_NA_NA_Nov14201006-03-53_CTD_06.cnv,CTD_06.cnv
574.243,578.609,2.139549,3.5803,1474.23,0.0013,0.07853,7.20679,0.0,34.6748,NA_NA_NA_NA_Nov14201006-03-53_CTD_06.cnv,CTD_06.cnv
574.784,579.154,2.139697,3.539,1474.11,-0.0136,0.07509,7.20178,0.0,34.6841,NA_NA_NA_NA_Nov14201006-03-53_CTD_06.cnv,CTD_06.cnv
575.302,579.676,2.137025,3.5313,1474.01,-0.01,0.05528,7.19661,0.0,34.6679,NA_NA_NA_NA_Nov14201006-03-53_CTD_06.cnv,CTD_06.cnv
575.789,580.166,2.140666,3.5708,1474.32,0.0019,0.08268,7.19508,0.0,34.6897,NA_NA_NA_NA_Nov14201006-03-53_CTD_06.cnv,CTD_06.cnv
576.338,580.719,2.140467,3.5834,1474.3,0.0129,0.09099,7.20862,0.0,34.6832,NA_NA_NA_NA_Nov14201006-03-53_CTD_06.cnv,CTD_06.cnv
576.832,581.217,2.137728,3.5693,1474.25,0.0058,0.10218,7.20047,0.0,34.6761,NA_NA_NA_NA_Nov14201006-03-53_CTD_06.cnv,CTD_06.cnv
577.296,581.684,2.139294,3.5808,1474.29,-0.0025,0.06749,7.20123,0.0,34.6759,NA_NA_NA_NA_Nov14201006-03-53_CTD_06.cnv,CTD_06.cnv
577.772,582.164,2.1384,3.5697,1474.28,-0.02,0.07055,7.20203,0.0,34.6708,NA_NA_NA_NA_Nov14201006-03-53_CTD_06.cnv,CTD_06.cnv
578.251,582.647,2.140836,3.571,1474.22,0.0073,0.04887,7.2011,0.0,34.6908,NA_NA_NA_NA_Nov14201006-03-53_CTD_06.cnv,CTD_06.cnv
578.768,583.167,2.139537,3.5515,1474.18,-0.0068,0.07867,7.20057,0.0,34.6853,NA_NA_NA_NA_Nov14201006-03-53_CTD_06.cnv,CTD_06.cnv
579.247,583.65,2.141849,3.5701,1474.27,-0.0088,0.07647,7.19739,0.0,34.6889,NA_NA_NA_NA_Nov14201006-03-53_CTD_06.cnv,CTD_06.cnv
579.835,584.242,2.141102,3.5696,1474.26,-0.0101,0.07739,7.20513,0.0,34.6655,NA_NA_NA_NA_Nov14201006-03-53_CTD_06.cnv,CTD_06.cnv
580.311,584.721,2.138931,3.5724,1474.37,0.0051,0.07224,7.199,0.0,34.6743,NA_NA_NA_NA_Nov14201006-03-53_CTD_06.cnv,CTD_06.cnv
580.767,585.181,2.139427,3.5784,1474.42,0.0143,0.09419,7.19694,0.0,34.677,NA_NA_NA_NA_Nov14201006-03-53_CTD_06.cnv,CTD_06.cnv
581.29,585.708,2.140291,3.5865,1474.44,0.0093,0.09439,7.19779,0.0,34.6774,NA_NA_NA_NA_Nov14201006-03-53_CTD_06.cnv,CTD_06.cnv
581.78,586.201,2.139683,3.5793,1474.35,-0.0143,0.08457,7.19713,0.0,34.6741,NA_NA_NA_NA_Nov14201006-03-53_CTD_06.cnv,CTD_06.cnv
582.316,586.741,2.138144,3.5567,1474.26,0.0016,0.05541,7.2057,0.0,34.6706,NA_NA_NA_NA_Nov14201006-03-53_CTD_06.cnv,CTD_06.cnv
582.753,587.181,2.138363,3.5509,1474.32,-0.0036,0.09222,7.19972,0.0,34.6774,NA_NA_NA_NA_Nov14201006-03-53_CTD_06.cnv,CTD_06.cnv
583.286,587.718,2.140444,3.564,1474.35,-0.0067,0.05847,7.19888,0.0,34.6938,NA_NA_NA_NA_Nov14201006-03-53_CTD_06.cnv,CTD_06.cnv
583.821,588.257,2.139219,3.5531,1474.41,0.0135,0.05307,7.21362,0.0,34.6812,NA_NA_NA_NA_Nov14201006-03-53_CTD_06.cnv,CTD_06.cnv
584.337,588.777,2.138715,3.5301,1474.27,0.0054,0.05593,7.19688,0.0,34.6925,NA_NA_NA_NA_Nov14201006-03-53_CTD_06.cnv,CTD_06.cnv
584.8,589.244,2.139679,3.5595,1474.35,-0.0018,0.07923,7.20439,0.0,34.6842,NA_NA_NA_NA_Nov14201006-03-53_CTD_06.cnv,CTD_06.cnv
585.316,589.763,2.1389,3.5174,1474.3,-0.0011,0.06067,7.19091,0.0,34.7046,NA_NA_NA_NA_Nov14201006-03-53_CTD_06.cnv,CTD_06.cnv
585.801,590.252,2.13935,3.5691,1474.43,0.0029,0.08027,7.20419,0.0,34.68,NA_NA_NA_NA_Nov14201006-03-53_CTD_06.cnv,CTD_06.cnv
586.271,590.725,2.140113,3.5392,1474.28,0.0113,0.06764,7.19705,0.0,34.7128,NA_NA_NA_NA_Nov14201006-03-53_CTD_06.cnv,CTD_06.cnv
586.76,591.217,2.140824,3.5578,1474.31,-0.0004,0.05796,7.20315,0.0,34.684,NA_NA_NA_NA_Nov14201006-03-53_CTD_06.cnv,CTD_06.cnv
587.266,591.727,2.138549,3.5397,1474.29,0.003,0.08056,7.20204,0.0,34.6752,NA_NA_NA_NA_Nov14201006-03-53_CTD_06.cnv,CTD_06.cnv
587.813,592.278,2.140631,3.5849,1474.52,-0.0042,0.05249,7.18921,0.0,34.6754,NA_NA_NA_NA_Nov14201006-03-53_CTD_06.cnv,CTD_06.cnv
588.296,592.765,2.136703,3.527,1474.28,-0.0037,0.09504,7.19315,0.0,34.6725,NA_NA_NA_NA_Nov14201006-03-53_CTD_06.cnv,CTD_06.cnv
588.751,593.223,2.142276,3.6033,1474.71,0.0051,0.05387,7.20146,0.0,34.6762,NA_NA_NA_NA_Nov14201006-03-53_CTD_06.cnv,CTD_06.cnv
589.343,593.82,2.137961,3.543,1474.37,-0.0033,0.08365,7.20539,0.0,34.6706,NA_NA_NA_NA_Nov14201006-03-53_CTD_06.cnv,CTD_06.cnv
589.751,594.23,2.141048,3.5797,1474.53,-0.0039,0.07659,7.20255,0.0,34.6827,NA_NA_NA_NA_Nov14201006-03-53_CTD_06.cnv,CTD_06.cnv
590.249,594.732,2.138025,3.5458,1474.38,0.0012,0.04627,7.19637,0.0,34.6757,NA_NA_NA_NA_Nov14201006-03-53_CTD_06.cnv,CTD_06.cnv
590.817,595.304,2.138954,3.5665,1474.56,0.0136,0.04154,7.20394,0.0,34.6882,NA_NA_NA_NA_Nov14201006-03-53_CTD_06.cnv,CTD_06.cnv
591.249,595.739,2.138919,3.5509,1474.38,0.0088,0.0563,7.19475,0.0,34.6742,NA_NA_NA_NA_Nov14201006-03-53_CTD_06.cnv,CTD_06.cnv
591.842,596.336,2.137671,3.5649,1474.51,-0.0029,0.09936,7.20631,0.0,34.6779,NA_NA_NA_NA_Nov14201006-03-53_CTD_06.cnv,CTD_06.cnv
592.329,596.828,2.140333,3.5572,1474.5,0.0029,0.09051,7.19981,0.0,34.6692,NA_NA_NA_NA_Nov14201006-03-53_CTD_06.cnv,CTD_06.cnv
592.829,597.331,2.138707,3.5497,1474.46,-0.0036,0.09553,7.20246,0.0,34.6638,NA_NA_NA_NA_Nov14201006-03-53_CTD_06.cnv,CTD_06.cnv
593.281,597.786,2.137855,3.5504,1474.48,0.0019,0.07269,7.19582,0.0,34.668,NA_NA_NA_NA_Nov14201006-03-53_CTD_06.cnv,CTD_06.cnv
593.789,598.297,2.139422,3.57,1474.54,0.0015,0.09219,7.19763,0.0,34.6815,NA_NA_NA_NA_Nov14201006-03-53_CTD_06.cnv,CTD_06.cnv
594.271,598.784,2.138119,3.55,1474.49,0.0021,0.08321,7.20061,0.0,34.6905,NA_NA_NA_NA_Nov14201006-03-53_CTD_06.cnv,CTD_06.cnv
594.818,599.334,2.137622,3.5369,1474.43,0.0101,0.04,7.2033,0.0,34.6756,NA_NA_NA_NA_Nov14201006-03-53_CTD_06.cnv,CTD_06.cnv
595.327,599.847,2.14222,3.5666,1474.67,0.0069,0.06317,7.19949,0.0,34.6859,NA_NA_NA_NA_Nov14201006-03-53_CTD_06.cnv,CTD_06.cnv
595.787,600.31,2.13885,3.5536,1474.45,-0.0072,0.05562,7.20455,0.0,34.6675,NA_NA_NA_NA_Nov14201006-03-53_CTD_06.cnv,CTD_06.cnv
596.331,600.858,2.137748,3.5334,1474.54,-0.0029,0.05686,7.20802,0.0,34.7016,NA_NA_NA_NA_Nov14201006-03-53_CTD_06.cnv,CTD_06.cnv
596.788,601.319,2.140502,3.5483,1474.54,0.0128,0.08359,7.20536,0.0,34.6853,NA_NA_NA_NA_Nov14201006-03-53_CTD_06.cnv,CTD_06.cnv
597.312,601.847,2.137712,3.5498,1474.53,0.0097,0.0462,7.20399,0.0,34.6799,NA_NA_NA_NA_Nov14201006-03-53_CTD_06.cnv,CTD_06.cnv
597.831,602.369,2.136997,3.5512,1474.6,-0.0014,0.05163,7.20243,0.0,34.6677,NA_NA_NA_NA_Nov14201006-03-53_CTD_06.cnv,CTD_06.cnv
598.34,602.882,2.137549,3.5498,1474.62,0.0087,0.05305,7.21298,0.0,34.6716,NA_NA_NA_NA_Nov14201006-03-53_CTD_06.cnv,CTD_06.cnv
598.79,603.335,2.139373,3.5528,1474.55,-0.0037,0.10126,7.20063,0.0,34.671,NA_NA_NA_NA_Nov14201006-03-53_CTD_06.cnv,CTD_06.cnv
599.332,603.881,2.138824,3.524,1474.5,-0.0027,0.07803,7.20122,0.0,34.6829,NA_NA_NA_NA_Nov14201006-03-53_CTD_06.cnv,CTD_06.cnv
599.84,604.393,2.138982,3.5303,1474.5,0.0126,0.04442,7.20115,0.0,34.6846,NA_NA_NA_NA_Nov14201006-03-53_CTD_06.cnv,CTD_06.cnv
600.335,604.891,2.141127,3.5669,1474.61,0.0046,0.05108,7.19005,0.0,34.6759,NA_NA_NA_NA_Nov14201006-03-53_CTD_06.cnv,CTD_06.cnv
600.832,605.392,2.137276,3.5131,1474.35,-0.0074,0.05135,7.20491,0.0,34.6708,NA_NA_NA_NA_Nov14201006-03-53_CTD_06.cnv,CTD_06.cnv
601.258,605.822,2.140939,3.572,1474.79,0.0119,0.07585,7.20161,0.0,34.6891,NA_NA_NA_NA_Nov14201006-03-53_CTD_06.cnv,CTD_06.cnv
601.803,606.37,2.138698,3.5688,1474.65,0.0025,0.07735,7.19081,0.0,34.6485,NA_NA_NA_NA_Nov14201006-03-53_CTD_06.cnv,CTD_06.cnv
602.303,606.874,2.139538,3.5343,1474.56,-0.008,0.08079,7.2022,0.0,34.6882,NA_NA_NA_NA_Nov14201006-03-53_CTD_06.cnv,CTD_06.cnv
602.836,607.411,2.135206,3.5243,1474.47,0.0047,0.08447,7.20064,0.0,34.6731,NA_NA_NA_NA_Nov14201006-03-53_CTD_06.cnv,CTD_06.cnv
603.35,607.928,2.139461,3.5881,1474.87,-0.0116,0.10493,7.19339,0.0,34.6718,NA_NA_NA_NA_Nov14201006-03-53_CTD_06.cnv,CTD_06.cnv
603.796,608.378,2.138118,3.5393,1474.53,-0.0005,0.0681,7.20114,0.0,34.6736,NA_NA_NA_NA_Nov14201006-03-53_CTD_06.cnv,CTD_06.cnv
604.322,608.907,2.137837,3.5172,1474.46,-0.0039,0.062,7.20433,0.0,34.6794,NA_NA_NA_NA_Nov14201006-03-53_CTD_06.cnv,CTD_06.cnv
604.761,609.35,2.140381,3.564,1474.7,-0.0061,0.06336,7.2065,0.0,34.6846,NA_NA_NA_NA_Nov14201006-03-53_CTD_06.cnv,CTD_06.cnv
605.304,609.897,2.139523,3.5566,1474.69,0.0054,0.07094,7.20737,0.0,34.6843,NA_NA_NA_NA_Nov14201006-03-53_CTD_06.cnv,CTD_06.cnv
605.801,610.397,2.141891,3.5777,1474.79,0.0067,0.07657,7.19759,0.0,34.6773,NA_NA_NA_NA_Nov14201006-03-53_CTD_06.cnv,CTD_06.cnv
606.294,610.894,2.14255,3.5558,1474.73,-0.0019,0.08715,7.20261,0.0,34.6981,NA_NA_NA_NA_Nov14201006-03-53_CTD_06.cnv,CTD_06.cnv
606.804,611.408,2.13658,3.5278,1474.6,0.0025,0.04,7.19855,0.0,34.6759,NA_NA_NA_NA_Nov14201006-03-53_CTD_06.cnv,CTD_06.cnv
607.314,611.921,2.139144,3.5182,1474.63,0.0029,0.04,7.19544,0.0,34.6901,NA_NA_NA_NA_Nov14201006-03-53_CTD_06.cnv,CTD_06.cnv
607.804,612.415,2.14034,3.5544,1474.77,-0.0056,0.05776,7.2006,0.0,34.6815,NA_NA_NA_NA_Nov14201006-03-53_CTD_06.cnv,CTD_06.cnv
608.312,612.927,2.13733,3.5347,1474.57,-0.0022,0.06116,7.19265,0.0,34.6624,NA_NA_NA_NA_Nov14201006-03-53_CTD_06.cnv,CTD_06.cnv
608.823,613.442,2.139885,3.5318,1474.81,-0.0002,0.06386,7.20108,0.0,34.6924,NA_NA_NA_NA_Nov14201006-03-53_CTD_06.cnv,CTD_06.cnv
609.324,613.947,2.135392,3.5057,1474.62,0.0018,0.06818,7.20255,0.0,34.6686,NA_NA_NA_NA_Nov14201006-03-53_CTD_06.cnv,CTD_06.cnv
609.758,614.383,2.138966,3.5531,1474.83,0.0135,0.08551,7.20038,0.0,34.6825,NA_NA_NA_NA_Nov14201006-03-53_CTD_06.cnv,CTD_06.cnv
610.276,614.905,2.138288,3.5618,1474.81,0.0094,0.07876,7.20427,0.0,34.6737,NA_NA_NA_NA_Nov14201006-03-53_CTD_06.cnv,CTD_06.cnv
610.796,615.429,2.142924,3.5788,1474.88,0.0023,0.08737,7.19844,0.0,34.69,NA_NA_NA_NA_Nov14201006-03-53_CTD_06.cnv,CTD_06.cnv
611.301,615.938,2.138487,3.5331,1474.69,-0.0034,0.045,7.19902,0.0,34.6837,NA_NA_NA_NA_Nov14201006-03-53_CTD_06.cnv,CTD_06.cnv
611.852,616.493,2.140759,3.5475,1474.81,-0.0082,0.0683,7.19304,0.0,34.6997,NA_NA_NA_NA_Nov14201006-03-53_CTD_06.cnv,CTD_06.cnv
612.307,616.951,2.136808,3.5356,1474.78,-0.0131,0.05419,7.20342,0.0,34.6813,NA_NA_NA_NA_Nov14201006-03-53_CTD_06.cnv,CTD_06.cnv
612.784,617.432,2.136675,3.5296,1474.64,-0.007,0.06213,7.20275,0.0,34.6598,NA_NA_NA_NA_Nov14201006-03-53_CTD_06.cnv,CTD_06.cnv
613.305,617.957,2.137412,3.5341,1474.72,-0.0014,0.0769,7.19415,0.0,34.6858,NA_NA_NA_NA_Nov14201006-03-53_CTD_06.cnv,CTD_06.cnv
613.804,618.458,2.137489,3.5328,1474.77,0.0057,0.04412,7.20149,0.0,34.6712,NA_NA_NA_NA_Nov14201006-03-53_CTD_06.cnv,CTD_06.cnv
614.259,618.917,2.13861,3.5288,1474.7,-0.011,0.07662,7.20141,0.0,34.6735,NA_NA_NA_NA_Nov14201006-03-53_CTD_06.cnv,CTD_06.cnv
614.788,619.45,2.138221,3.5363,1474.87,0.0074,0.05522,7.20176,0.0,34.693,NA_NA_NA_NA_Nov14201006-03-53_CTD_06.cnv,CTD_06.cnv
615.316,619.982,2.138205,3.5478,1474.71,0.0007,0.11103,7.20033,0.0,34.6711,NA_NA_NA_NA_Nov14201006-03-53_CTD_06.cnv,CTD_06.cnv
615.788,620.457,2.142063,3.5948,1475.04,0.007,0.07029,7.20596,0.0,34.6864,NA_NA_NA_NA_Nov14201006-03-53_CTD_06.cnv,CTD_06.cnv
616.262,620.935,2.135785,3.5317,1474.72,-0.0131,0.05952,7.19922,0.0,34.6731,NA_NA_NA_NA_Nov14201006-03-53_CTD_06.cnv,CTD_06.cnv
616.792,621.468,2.136476,3.5195,1474.72,0.0052,0.06611,7.19829,0.0,34.6708,NA_NA_NA_NA_Nov14201006-03-53_CTD_06.cnv,CTD_06.cnv
617.272,621.952,2.139298,3.5639,1474.91,0.0079,0.06093,7.20885,0.0,34.6638,NA_NA_NA_NA_Nov14201006-03-53_CTD_06.cnv,CTD_06.cnv
617.807,622.491,2.141083,3.5634,1474.89,0.0047,0.06183,7.19213,0.0,34.7003,NA_NA_NA_NA_Nov14201006-03-53_CTD_06.cnv,CTD_06.cnv
618.325,623.013,2.140687,3.5738,1474.96,0.015,0.08005,7.20615,0.0,34.6687,NA_NA_NA_NA_Nov14201006-03-53_CTD_06.cnv,CTD_06.cnv
618.791,623.482,2.137658,3.5469,1474.78,-0.0042,0.07611,7.19501,0.0,34.6732,NA_NA_NA_NA_Nov14201006-03-53_CTD_06.cnv,CTD_06.cnv
619.288,623.983,2.137771,3.5448,1474.9,-0.0083,0.07741,7.19183,0.0,34.6691,NA_NA_NA_NA_Nov14201006-03-53_CTD_06.cnv,CTD_06.cnv
619.855,624.554,2.138834,3.5408,1474.81,0.001,0.08536,7.19867,0.0,34.6741,NA_NA_NA_NA_Nov14201006-03-53_CTD_06.cnv,CTD_06.cnv
620.279,624.981,2.13763,3.5372,1474.91,-0.0033,0.06872,7.19829,0.0,34.6862,NA_NA_NA_NA_Nov14201006-03-53_CTD_06.cnv,CTD_06.cnv
620.859,625.565,2.141739,3.5674,1475.08,-0.0004,0.04179,7.20155,0.0,34.6981,NA_NA_NA_NA_Nov14201006-03-53_CTD_06.cnv,CTD_06.cnv
621.305,626.014,2.139966,3.5758,1475.04,-0.0121,0.08838,7.20432,0.0,34.6718,NA_NA_NA_NA_Nov14201006-03-53_CTD_06.cnv,CTD_06.cnv
621.852,626.566,2.135548,3.5171,1474.81,-0.0012,0.05697,7.19679,0.0,34.6772,NA_NA_NA_NA_Nov14201006-03-53_CTD_06.cnv,CTD_06.cnv
622.339,627.056,2.136393,3.5209,1474.88,-0.0045,0.04605,7.19346,0.0,34.6748,NA_NA_NA_NA_Nov14201006-03-53_CTD_06.cnv,CTD_06.cnv
622.763,627.483,2.13975,3.5615,1475.04,-0.0061,0.07486,7.19489,0.0,34.6924,NA_NA_NA_NA_Nov14201006-03-53_CTD_06.cnv,CTD_06.cnv
623.274,627.998,2.140357,3.5477,1475.01,-0.0007,0.09084,7.20189,0.0,34.6779,NA_NA_NA_NA_Nov14201006-03-53_CTD_06.cnv,CTD_06.cnv
623.854,628.582,2.14111,3.5812,1475.14,0.0009,0.09407,7.19942,0.0,34.6744,NA_NA_NA_NA_Nov14201006-03-53_CTD_06.cnv,CTD_06.cnv
624.343,629.075,2.141154,3.5544,1475.09,0.0041,0.07982,7.20654,0.0,34.6938,NA_NA_NA_NA_Nov14201006-03-53_CTD_06.cnv,CTD_06.cnv
624.813,629.548,2.139165,3.5423,1474.94,-0.0023,0.08105,7.2043,0.0,34.6851,NA_NA_NA_NA_Nov14201006-03-53_CTD_06.cnv,CTD_06.cnv
625.345,630.085,2.136943,3.5192,1474.85,-0.0159,0.05141,7.19392,0.0,34.6844,NA_NA_NA_NA_Nov14201006-03-53_CTD_06.cnv,CTD_06.cnv
625.794,630.536,2.137665,3.5277,1474.96,-0.0188,0.1038,7.19157,0.0,34.6828,NA_NA_NA_NA_Nov14201006-03-53_CTD_06.cnv,CTD_06.cnv
626.311,631.057,2.136624,3.5296,1474.95,0.0066,0.09745,7.19039,0.0,34.6705,NA_NA_NA_NA_Nov14201006-03-53_CTD_06.cnv,CTD_06.cnv
626.835,631.585,2.137964,3.5503,1475.09,-0.0042,0.05352,7.202,0.0,34.6615,NA_NA_NA_NA_Nov14201006-03-53_CTD_06.cnv,CTD_06.cnv
627.271,632.024,2.139216,3.5535,1475.08,-0.0152,0.09069,7.19532,0.0,34.6927,NA_NA_NA_NA_Nov14201006-03-53_CTD_06.cnv,CTD_06.cnv
627.852,632.609,2.13778,3.5256,1474.86,0.0061,0.05787,7.19923,0.0,34.6875,NA_NA_NA_NA_Nov14201006-03-53_CTD_06.cnv,CTD_06.cnv
628.275,633.035,2.139251,3.5397,1474.99,-0.0036,0.08178,7.1922,0.0,34.6836,NA_NA_NA_NA_Nov14201006-03-53_CTD_06.cnv,CTD_06.cnv
628.798,633.562,2.137002,3.5256,1474.98,0.0093,0.07233,7.20281,0.0,34.6912,NA_NA_NA_NA_Nov14201006-03-53_CTD_06.cnv,CTD_06.cnv
629.296,634.064,2.137844,3.536,1475.07,-0.02,0.06669,7.20375,0.0,34.6769,NA_NA_NA_NA_Nov14201006-03-53_CTD_06.cnv,CTD_06.cnv
629.819,634.591,2.136344,3.5311,1475.04,0.0003,0.0587,7.19992,0.0,34.675,NA_NA_NA_NA_Nov14201006-03-53_CTD_06.cnv,CTD_06.cnv
630.295,635.07,2.140928,3.5398,1475.14,0.0031,0.06337,7.20186,0.0,34.6911,NA_NA_NA_NA_Nov14201006-03-53_CTD_06.cnv,CTD_06.cnv
630.766,635.545,2.140293,3.5494,1475.18,-0.0074,0.05141,7.20626,0.0,34.696,NA_NA_NA_NA_Nov14201006-03-53_CTD_06.cnv,CTD_06.cnv
631.306,636.088,2.137291,3.5239,1475.12,-0.015,0.06968,7.19863,0.0,34.6838,NA_NA_NA_NA_Nov14201006-03-53_CTD_06.cnv,CTD_06.cnv
631.807,636.593,2.137711,3.5228,1474.99,-0.0058,0.08717,7.20082,0.0,34.6805,NA_NA_NA_NA_Nov14201006-03-53_CTD_06.cnv,CTD_06.cnv
632.331,637.122,2.137531,3.5161,1475.01,-0.0026,0.06267,7.19869,0.0,34.703,NA_NA_NA_NA_Nov14201006-03-53_CTD_06.cnv,CTD_06.cnv
632.835,637.629,2.139118,3.5365,1475.14,0.0012,0.07788,7.19861,0.0,34.6786,NA_NA_NA_NA_Nov14201006-03-53_CTD_06.cnv,CTD_06.cnv
633.344,638.142,2.139865,3.5473,1475.15,-0.0047,0.06087,7.19516,0.0,34.689,NA_NA_NA_NA_Nov14201006-03-53_CTD_06.cnv,CTD_06.cnv
633.832,638.633,2.137473,3.5505,1475.22,0.0057,0.09255,7.19319,0.0,34.6638,NA_NA_NA_NA_Nov14201006-03-53_CTD_06.cnv,CTD_06.cnv
634.273,639.077,2.137916,3.5294,1475.15,0.0075,0.0848,7.19401,0.0,34.692,NA_NA_NA_NA_Nov14201006-03-53_CTD_06.cnv,CTD_06.cnv
634.777,639.585,2.138978,3.5721,1475.27,0.0045,0.05839,7.20028,0.0,34.6892,NA_NA_NA_NA_Nov14201006-03-53_CTD_06.cnv,CTD_06.cnv
635.343,640.155,2.137867,3.5311,1475.13,-0.0083,0.07802,7.20097,0.0,34.6886,NA_NA_NA_NA_Nov14201006-03-53_CTD_06.cnv,CTD_06.cnv
635.788,640.604,2.137417,3.5538,1475.25,-0.0017,0.06774,7.20246,0.0,34.6752,NA_NA_NA_NA_Nov14201006-03-53_CTD_06.cnv,CTD_06.cnv
636.345,641.164,2.141403,3.599,1475.46,-0.0022,0.08292,7.19007,0.0,34.6807,NA_NA_NA_NA_Nov14201006-03-53_CTD_06.cnv,CTD_06.cnv
636.832,641.655,2.138246,3.5564,1475.23,0.0018,0.0496,7.20465,0.0,34.6651,NA_NA_NA_NA_Nov14201006-03-53_CTD_06.cnv,CTD_06.cnv
637.32,642.147,2.14293,3.5965,1475.57,0.0001,0.08699,7.2077,0.0,34.6983,NA_NA_NA_NA_Nov14201006-03-53_CTD_06.cnv,CTD_06.cnv
637.783,642.613,2.139603,3.5224,1475.19,-0.0049,0.06334,7.19889,0.0,34.705,NA_NA_NA_NA_Nov14201006-03-53_CTD_06.cnv,CTD_06.cnv
638.274,643.108,2.137331,3.5578,1475.39,-0.012,0.084,7.20653,0.0,34.6746,NA_NA_NA_NA_Nov14201006-03-53_CTD_06.cnv,CTD_06.cnv
638.808,643.646,2.136956,3.5302,1475.11,-0.0065,0.09033,7.19932,0.0,34.6772,NA_NA_NA_NA_Nov14201006-03-53_CTD_06.cnv,CTD_06.cnv
639.322,644.163,2.137156,3.5686,1475.4,-0.0117,0.073,7.19211,0.0,34.6663,NA_NA_NA_NA_Nov14201006-03-53_CTD_06.cnv,CTD_06.cnv
639.782,644.627,2.139792,3.5368,1475.17,-0.0008,0.05841,7.20074,0.0,34.6789,NA_NA_NA_NA_Nov14201006-03-53_CTD_06.cnv,CTD_06.cnv
640.354,645.203,2.137134,3.5264,1475.22,0.0092,0.08145,7.1978,0.0,34.6821,NA_NA_NA_NA_Nov14201006-03-53_CTD_06.cnv,CTD_06.cnv
640.854,645.707,2.139907,3.5504,1475.37,-0.0041,0.04,7.19147,0.0,34.6968,NA_NA_NA_NA_Nov14201006-03-53_CTD_06.cnv,CTD_06.cnv
641.276,646.131,2.139123,3.5552,1475.37,0.0084,0.06439,7.19102,0.0,34.6846,NA_NA_NA_NA_Nov14201006-03-53_CTD_06.cnv,CTD_06.cnv
641.781,646.641,2.138632,3.5549,1475.29,-0.0042,0.07369,7.20011,0.0,34.6657,NA_NA_NA_NA_Nov14201006-03-53_CTD_06.cnv,CTD_06.cnv
642.363,647.226,2.140004,3.5618,1475.31,0.002,0.07353,7.19622,0.0,34.6759,NA_NA_NA_NA_Nov14201006-03-53_CTD_06.cnv,CTD_06.cnv
642.864,647.732,2.138708,3.5287,1475.18,-0.0028,0.07055,7.19707,0.0,34.6742,NA_NA_NA_NA_Nov14201006-03-53_CTD_06.cnv,CTD_06.cnv
643.324,648.194,2.136831,3.5357,1475.34,0.0132,0.0689,7.20278,0.0,34.6772,NA_NA_NA_NA_Nov14201006-03-53_CTD_06.cnv,CTD_06.cnv
643.811,648.685,2.138438,3.5437,1475.27,0.0033,0.0571,7.20407,0.0,34.6765,NA_NA_NA_NA_Nov14201006-03-53_CTD_06.cnv,CTD_06.cnv
644.275,649.153,2.139054,3.564,1475.38,-0.0044,0.09957,7.1952,0.0,34.6688,NA_NA_NA_NA_Nov14201006-03-53_CTD_06.cnv,CTD_06.cnv
644.813,649.694,2.136698,3.5113,1475.16,0.0072,0.07436,7.20337,0.0,34.6735,NA_NA_NA_NA_Nov14201006-03-53_CTD_06.cnv,CTD_06.cnv
645.313,650.198,2.139496,3.5492,1475.37,-0.0006,0.0627,7.20014,0.0,34.6749,NA_NA_NA_NA_Nov14201006-03-53_CTD_06.cnv,CTD_06.cnv
645.778,650.667,2.135925,3.5187,1475.26,-0.0061,0.09292,7.20127,0.0,34.6624,NA_NA_NA_NA_Nov14201006-03-53_CTD_06.cnv,CTD_06.cnv
646.367,651.26,2.140506,3.5566,1475.37,0.009,0.08732,7.20249,0.0,34.68,NA_NA_NA_NA_Nov14201006-03-53_CTD_06.cnv,CTD_06.cnv
646.852,651.748,2.136681,3.528,1475.25,0.0002,0.11388,7.20345,0.0,34.6732,NA_NA_NA_NA_Nov14201006-03-53_CTD_06.cnv,CTD_06.cnv
647.324,652.224,2.138686,3.5534,1475.46,0.0048,0.08795,7.19572,0.0,34.683,NA_NA_NA_NA_Nov14201006-03-53_CTD_06.cnv,CTD_06.cnv
647.79,652.693,2.138813,3.5516,1475.39,0.0059,0.0567,7.19884,0.0,34.6763,NA_NA_NA_NA_Nov14201006-03-53_CTD_06.cnv,CTD_06.cnv
648.319,653.226,2.142098,3.5494,1475.39,-0.0104,0.07923,7.19744,0.0,34.6915,NA_NA_NA_NA_Nov14201006-03-53_CTD_06.cnv,CTD_06.cnv
648.819,653.73,2.133758,3.4942,1475.14,0.0029,0.08848,7.19553,0.0,34.6519,NA_NA_NA_NA_Nov14201006-03-53_CTD_06.cnv,CTD_06.cnv
649.299,654.213,2.14051,3.5505,1475.52,-0.0118,0.06929,7.1996,0.0,34.6906,NA_NA_NA_NA_Nov14201006-03-53_CTD_06.cnv,CTD_06.cnv
649.785,654.702,2.140225,3.5538,1475.56,-0.0082,0.06821,7.20095,0.0,34.697,NA_NA_NA_NA_Nov14201006-03-53_CTD_06.cnv,CTD_06.cnv
650.368,655.29,2.136941,3.5227,1475.37,0.005,0.06408,7.19949,0.0,34.6781,NA_NA_NA_NA_Nov14201006-03-53_CTD_06.cnv,CTD_06.cnv
650.846,655.771,2.139726,3.5543,1475.52,0.0087,0.09146,7.19801,0.0,34.6949,NA_NA_NA_NA_Nov14201006-03-53_CTD_06.cnv,CTD_06.cnv
651.338,656.267,2.138412,3.5471,1475.43,0.0037,0.06861,7.19758,0.0,34.6761,NA_NA_NA_NA_Nov14201006-03-53_CTD_06.cnv,CTD_06.cnv
651.854,656.787,2.138585,3.535,1475.41,0.0002,0.06284,7.19989,0.0,34.6717,NA_NA_NA_NA_Nov14201006-03-53_CTD_06.cnv,CTD_06.cnv
652.373,657.31,2.138981,3.5445,1475.46,0.0068,0.05535,7.20576,0.0,34.6728,NA_NA_NA_NA_Nov14201006-03-53_CTD_06.cnv,CTD_06.cnv
652.839,657.779,2.141564,3.5551,1475.55,-0.0174,0.09717,7.20138,0.0,34.6771,NA_NA_NA_NA_Nov14201006-03-53_CTD_06.cnv,CTD_06.cnv
653.346,658.289,2.136952,3.5224,1475.39,0.0001,0.08286,7.20083,0.0,34.6762,NA_NA_NA_NA_Nov14201006-03-53_CTD_06.cnv,CTD_06.cnv
653.813,658.76,2.137714,3.5456,1475.53,0.0079,0.101,7.19751,0.0,34.6732,NA_NA_NA_NA_Nov14201006-03-53_CTD_06.cnv,CTD_06.cnv
654.279,659.229,2.138161,3.5376,1475.46,-0.0129,0.10106,7.1982,0.0,34.6685,NA_NA_NA_NA_Nov14201006-03-53_CTD_06.cnv,CTD_06.cnv
654.845,659.8,2.13946,3.5361,1475.44,-0.0049,0.0663,7.19867,0.0,34.6711,NA_NA_NA_NA_Nov14201006-03-53_CTD_06.cnv,CTD_06.cnv
655.305,660.263,2.139254,3.5622,1475.52,0.0145,0.05741,7.19995,0.0,34.6858,NA_NA_NA_NA_Nov14201006-03-53_CTD_06.cnv,CTD_06.cnv
655.848,660.81,2.139273,3.5697,1475.63,-0.0075,0.08763,7.20442,0.0,34.6754,NA_NA_NA_NA_Nov14201006-03-53_CTD_06.cnv,CTD_06.cnv
656.301,661.266,2.138357,3.5589,1475.51,0.0018,0.05943,7.19498,0.0,34.6691,NA_NA_NA_NA_Nov14201006-03-53_CTD_06.cnv,CTD_06.cnv
656.785,661.754,2.135927,3.507,1475.33,-0.007,0.06251,7.19712,0.0,34.6808,NA_NA_NA_NA_Nov14201006-03-53_CTD_06.cnv,CTD_06.cnv
657.364,662.337,2.138805,3.5788,1475.68,0.0031,0.07828,7.20648,0.0,34.6804,NA_NA_NA_NA_Nov14201006-03-53_CTD_06.cnv,CTD_06.cnv
657.819,662.795,2.139609,3.5471,1475.61,0.0088,0.08703,7.20117,0.0,34.6725,NA_NA_NA_NA_Nov14201006-03-53_CTD_06.cnv,CTD_06.cnv
658.318,663.298,2.14012,3.5817,1475.71,-0.0089,0.10511,7.20008,0.0,34.6765,NA_NA_NA_NA_Nov14201006-03-53_CTD_06.cnv,CTD_06.cnv
658.868,663.852,2.136936,3.5388,1475.65,-0.0081,0.0754,7.19849,0.0,34.6793,NA_NA_NA_NA_Nov14201006-03-53_CTD_06.cnv,CTD_06.cnv
659.287,664.274,2.139916,3.5632,1475.6,0.0155,0.04814,7.20604,0.0,34.6765,NA_NA_NA_NA_Nov14201006-03-53_CTD_06.cnv,CTD_06.cnv
659.84,664.831,2.1383,3.5196,1475.56,-0.0065,0.09599,7.19773,0.0,34.6852,NA_NA_NA_NA_Nov14201006-03-53_CTD_06.cnv,CTD_06.cnv
660.368,665.363,2.138026,3.5146,1475.49,-0.0058,0.08439,7.20311,0.0,34.6823,NA_NA_NA_NA_Nov14201006-03-53_CTD_06.cnv,CTD_06.cnv
660.842,665.84,2.137881,3.5421,1475.6,-0.0093,0.07088,7.19531,0.0,34.6901,NA_NA_NA_NA_Nov14201006-03-53_CTD_06.cnv,CTD_06.cnv
661.375,666.377,2.138501,3.5324,1475.59,-0.0004,0.09157,7.19439,0.0,34.6799,NA_NA_NA_NA_Nov14201006-03-53_CTD_06.cnv,CTD_06.cnv
661.817,666.822,2.136055,3.5115,1475.39,-0.0056,0.07684,7.20097,0.0,34.6801,NA_NA_NA_NA_Nov14201006-03-53_CTD_06.cnv,CTD_06.cnv
662.333,667.342,2.137346,3.5197,1475.53,0.0084,0.05876,7.19995,0.0,34.6793,NA_NA_NA_NA_Nov14201006-03-53_CTD_06.cnv,CTD_06.cnv
662.808,667.82,2.135861,3.5044,1475.42,-0.009,0.08163,7.19638,0.0,34.6702,NA_NA_NA_NA_Nov14201006-03-53_CTD_06.cnv,CTD_06.cnv
663.369,668.385,2.138423,3.5497,1475.68,-0.0052,0.05451,7.19756,0.0,34.682,NA_NA_NA_NA_Nov14201006-03-53_CTD_06.cnv,CTD_06.cnv
663.86,668.881,2.140715,3.5627,1475.68,-0.0002,0.08221,7.20306,0.0,34.6806,NA_NA_NA_NA_Nov14201006-03-53_CTD_06.cnv,CTD_06.cnv
664.312,669.336,2.137613,3.5426,1475.71,-0.0113,0.07027,7.1985,0.0,34.6798,NA_NA_NA_NA_Nov14201006-03-53_CTD_06.cnv,CTD_06.cnv
664.788,669.815,2.136764,3.5105,1475.53,0.0014,0.07841,7.20825,0.0,34.6895,NA_NA_NA_NA_Nov14201006-03-53_CTD_06.cnv,CTD_06.cnv
665.339,670.37,2.137544,3.535,1475.53,0.0049,0.07646,7.19872,0.0,34.6668,NA_NA_NA_NA_Nov14201006-03-53_CTD_06.cnv,CTD_06.cnv
665.821,670.855,2.141297,3.5571,1475.82,-0.0024,0.0709,7.19623,0.0,34.6962,NA_NA_NA_NA_Nov14201006-03-53_CTD_06.cnv,CTD_06.cnv
666.373,671.411,2.135632,3.5318,1475.67,-0.0047,0.06841,7.19494,0.0,34.665,NA_NA_NA_NA_Nov14201006-03-53_CTD_06.cnv,CTD_06.cnv
666.859,671.902,2.140408,3.5768,1475.83,-0.0088,0.0439,7.19624,0.0,34.6909,NA_NA_NA_NA_Nov14201006-03-53_CTD_06.cnv,CTD_06.cnv
667.375,672.421,2.139043,3.552,1475.69,0.0105,0.07964,7.20317,0.0,34.6713,NA_NA_NA_NA_Nov14201006-03-53_CTD_06.cnv,CTD_06.cnv
667.858,672.908,2.139496,3.5273,1475.66,-0.0039,0.05712,7.19721,0.0,34.6834,NA_NA_NA_NA_Nov14201006-03-53_CTD_06.cnv,CTD_06.cnv
668.288,673.34,2.139611,3.5556,1475.8,-0.0057,0.05382,7.20399,0.0,34.678,NA_NA_NA_NA_Nov14201006-03-53_CTD_06.cnv,CTD_06.cnv
668.876,673.933,2.141992,3.5669,1475.93,-0.0095,0.06271,7.19535,0.0,34.7019,NA_NA_NA_NA_Nov14201006-03-53_CTD_06.cnv,CTD_06.cnv
669.304,674.364,2.1403,3.5841,1475.97,-0.005,0.06127,7.20472,0.0,34.683,NA_NA_NA_NA_Nov14201006-03-53_CTD_06.cnv,CTD_06.cnv
669.882,674.946,2.135635,3.5225,1475.7,-0.0076,0.10499,7.20077,0.0,34.6692,NA_NA_NA_NA_Nov14201006-03-53_CTD_06.cnv,CTD_06.cnv
670.322,675.389,2.138066,3.529,1475.73,-0.001,0.06229,7.21274,0.0,34.6746,NA_NA_NA_NA_Nov14201006-03-53_CTD_06.cnv,CTD_06.cnv
670.873,675.944,2.137423,3.5165,1475.71,-0.0042,0.09454,7.20044,0.0,34.6811,NA_NA_NA_NA_Nov14201006-03-53_CTD_06.cnv,CTD_06.cnv
671.372,676.447,2.13897,3.5422,1475.82,-0.0075,0.08281,7.19261,0.0,34.6987,NA_NA_NA_NA_Nov14201006-03-53_CTD_06.cnv,CTD_06.cnv
671.857,676.935,2.139589,3.5416,1475.72,-0.0177,0.06198,7.20488,0.0,34.6824,NA_NA_NA_NA_Nov14201006-03-53_CTD_06.cnv,CTD_06.cnv
672.364,677.446,2.139553,3.5678,1475.87,0.0064,0.08456,7.2018,0.0,34.6847,NA_NA_NA_NA_Nov14201006-03-53_CTD_06.cnv,CTD_06.cnv
672.839,677.925,2.141039,3.5473,1475.74,-0.0118,0.0624,7.19079,0.0,34.6793,NA_NA_NA_NA_Nov14201006-03-53_CTD_06.cnv,CTD_06.cnv
673.347,678.436,2.140052,3.5554,1475.83,0.0021,0.06444,7.20521,0.0,34.6769,NA_NA_NA_NA_Nov14201006-03-53_CTD_06.cnv,CTD_06.cnv
673.86,678.953,2.13894,3.5369,1475.89,-0.0026,0.08743,7.19996,0.0,34.6843,NA_NA_NA_NA_Nov14201006-03-53_CTD_06.cnv,CTD_06.cnv
674.321,679.418,2.1425,3.5924,1476.02,0.0061,0.06305,7.2007,0.0,34.6897,NA_NA_NA_NA_Nov14201006-03-53_CTD_06.cnv,CTD_06.cnv
674.789,679.89,2.139299,3.5493,1475.95,-0.0093,0.06223,7.20747,0.0,34.6923,NA_NA_NA_NA_Nov14201006-03-53_CTD_06.cnv,CTD_06.cnv
675.347,680.451,2.138776,3.5346,1475.87,0.0033,0.06912,7.19289,0.0,34.6929,NA_NA_NA_NA_Nov14201006-03-53_CTD_06.cnv,CTD_06.cnv
675.819,680.926,2.135865,3.52,1475.74,-0.0012,0.09426,7.19616,0.0,34.6729,NA_NA_NA_NA_Nov14201006-03-53_CTD_06.cnv,CTD_06.cnv
676.3,681.411,2.140507,3.542,1475.9,0.0012,0.11404,7.20151,0.0,34.6928,NA_NA_NA_NA_Nov14201006-03-53_CTD_06.cnv,CTD_06.cnv
676.871,681.986,2.13951,3.5341,1475.89,-0.0062,0.08262,7.20113,0.0,34.6894,NA_NA_NA_NA_Nov14201006-03-53_CTD_06.cnv,CTD_06.cnv
677.364,682.483,2.140439,3.5684,1476.0,0.0077,0.0625,7.19265,0.0,34.6913,NA_NA_NA_NA_Nov14201006-03-53_CTD_06.cnv,CTD_06.cnv
677.852,682.974,2.138186,3.5386,1475.85,0.0068,0.07337,7.19738,0.0,34.6883,NA_NA_NA_NA_Nov14201006-03-53_CTD_06.cnv,CTD_06.cnv
678.299,683.425,2.137494,3.553,1475.9,0.0092,0.05152,7.19638,0.0,34.6841,NA_NA_NA_NA_Nov14201006-03-53_CTD_06.cnv,CTD_06.cnv
678.836,683.966,2.139387,3.5215,1475.85,-0.0118,0.07833,7.19605,0.0,34.6938,NA_NA_NA_NA_Nov14201006-03-53_CTD_06.cnv,CTD_06.cnv
679.359,684.492,2.138527,3.5645,1476.09,0.0026,0.1252,7.19122,0.0,34.6782,NA_NA_NA_NA_Nov14201006-03-53_CTD_06.cnv,CTD_06.cnv
679.87,685.007,2.137944,3.5499,1475.89,0.0022,0.04,7.20455,0.0,34.6765,NA_NA_NA_NA_Nov14201006-03-53_CTD_06.cnv,CTD_06.cnv
680.323,685.463,2.138024,3.5749,1476.07,0.0167,0.05308,7.19882,0.0,34.6587,NA_NA_NA_NA_Nov14201006-03-53_CTD_06.cnv,CTD_06.cnv
680.881,686.025,2.136313,3.5545,1475.92,-0.0069,0.05547,7.2036,0.0,34.6437,NA_NA_NA_NA_Nov14201006-03-53_CTD_06.cnv,CTD_06.cnv
681.348,686.496,2.139524,3.5302,1475.82,0.0011,0.05947,7.20275,0.0,34.6831,NA_NA_NA_NA_Nov14201006-03-53_CTD_06.cnv,CTD_06.cnv
681.812,686.964,2.140682,3.5604,1476.09,0.0099,0.05781,7.2024,0.0,34.6864,NA_NA_NA_NA_Nov14201006-03-53_CTD_06.cnv,CTD_06.cnv
682.296,687.451,2.137334,3.5588,1476.02,-0.0039,0.06573,7.19957,0.0,34.6719,NA_NA_NA_NA_Nov14201006-03-53_CTD_06.cnv,CTD_06.cnv
682.845,688.004,2.139578,3.5615,1476.08,0.002,0.08886,7.19915,0.0,34.6795,NA_NA_NA_NA_Nov14201006-03-53_CTD_06.cnv,CTD_06.cnv
683.323,688.485,2.142836,3.551,1476.03,0.0104,0.06255,7.21115,0.0,34.7101,NA_NA_NA_NA_Nov14201006-03-53_CTD_06.cnv,CTD_06.cnv
683.855,689.022,2.13949,3.5734,1476.13,-0.0078,0.11174,7.20149,0.0,34.6843,NA_NA_NA_NA_Nov14201006-03-53_CTD_06.cnv,CTD_06.cnv
684.342,689.512,2.139173,3.5236,1475.86,-0.0007,0.11291,7.2009,0.0,34.6806,NA_NA_NA_NA_Nov14201006-03-53_CTD_06.cnv,CTD_06.cnv
684.865,690.038,2.137801,3.5416,1475.98,0.003,0.07579,7.19968,0.0,34.6972,NA_NA_NA_NA_Nov14201006-03-53_CTD_06.cnv,CTD_06.cnv
685.311,690.488,2.137015,3.5294,1475.97,-0.0136,0.10166,7.19274,0.0,34.6703,NA_NA_NA_NA_Nov14201006-03-53_CTD_06.cnv,CTD_06.cnv
685.874,691.055,2.138481,3.5235,1475.96,-0.0082,0.10099,7.19979,0.0,34.6954,NA_NA_NA_NA_Nov14201006-03-53_CTD_06.cnv,CTD_06.cnv
686.37,691.554,2.138504,3.5302,1475.95,0.0141,0.10593,7.20965,0.0,34.6805,NA_NA_NA_NA_Nov14201006-03-53_CTD_06.cnv,CTD_06.cnv
686.817,692.005,2.139848,3.5581,1476.16,-0.0079,0.11502,7.2012,0.0,34.6848,NA_NA_NA_NA_Nov14201006-03-53_CTD_06.cnv,CTD_06.cnv
687.373,692.565,2.137638,3.5349,1476.02,0.0103,0.10832,7.20847,0.0,34.6763,NA_NA_NA_NA_Nov14201006-03-53_CTD_06.cnv,CTD_06.cnv
687.835,693.03,2.136362,3.5127,1475.9,0.0036,0.12355,7.19305,0.0,34.684,NA_NA_NA_NA_Nov14201006-03-53_CTD_06.cnv,CTD_06.cnv
688.302,693.501,2.139788,3.5645,1476.24,-0.0073,0.14575,7.19675,0.0,34.672,NA_NA_NA_NA_Nov14201006-03-53_CTD_06.cnv,CTD_06.cnv
688.859,694.062,2.139085,3.556,1476.12,0.0028,0.13042,7.19057,0.0,34.6815,NA_NA_NA_NA_Nov14201006-03-53_CTD_06.cnv,CTD_06.cnv
689.325,694.532,2.138294,3.5386,1476.01,-0.0032,0.1298,7.1927,0.0,34.6869,NA_NA_NA_NA_Nov14201006-03-53_CTD_06.cnv,CTD_06.cnv
689.847,695.057,2.140818,3.5727,1476.23,0.0044,0.1452,7.20008,0.0,34.686,NA_NA_NA_NA_Nov14201006-03-53_CTD_06.cnv,CTD_06.cnv
690.38,695.594,2.139752,3.5479,1476.08,-0.0045,0.15659,7.2029,0.0,34.666,NA_NA_NA_NA_Nov14201006-03-53_CTD_06.cnv,CTD_06.cnv
690.813,696.03,2.140204,3.5543,1476.14,-0.0139,0.14495,7.2052,0.0,34.6945,NA_NA_NA_NA_Nov14201006-03-53_CTD_06.cnv,CTD_06.cnv
691.356,696.577,2.137775,3.5375,1476.06,-0.0005,0.14128,7.20716,0.0,34.674,NA_NA_NA_NA_Nov14201006-03-53_CTD_06.cnv,CTD_06.cnv
691.796,697.021,2.142048,3.5646,1476.29,-0.0026,0.16112,7.19918,0.0,34.7015,NA_NA_NA_NA_Nov14201006-03-53_CTD_06.cnv,CTD_06.cnv
692.355,697.583,2.137879,3.5598,1476.14,-0.0,0.16965,7.20092,0.0,34.6695,NA_NA_NA_NA_Nov14201006-03-53_CTD_06.cnv,CTD_06.cnv
692.838,698.07,2.139363,3.5379,1476.13,-0.0072,0.15995,7.19838,0.0,34.6844,NA_NA_NA_NA_Nov14201006-03-53_CTD_06.cnv,CTD_06.cnv
693.322,698.557,2.138522,3.5251,1476.09,0.0033,0.18355,7.20378,0.0,34.6859,NA_NA_NA_NA_Nov14201006-03-53_CTD_06.cnv,CTD_06.cnv
693.883,699.122,2.139733,3.5459,1476.18,-0.0014,0.16814,7.19708,0.0,34.687,NA_NA_NA_NA_Nov14201006-03-53_CTD_06.cnv,CTD_06.cnv
694.302,699.544,2.140131,3.5475,1476.16,0.0246,0.18115,7.20259,0.0,34.7007,NA_NA_NA_NA_Nov14201006-03-53_CTD_06.cnv,CTD_06.cnv
694.842,700.088,2.138166,3.5406,1476.18,-0.0032,0.18165,7.19525,0.0,34.6721,NA_NA_NA_NA_Nov14201006-03-53_CTD_06.cnv,CTD_06.cnv
695.351,700.601,2.140744,3.5547,1476.24,-0.0056,0.17059,7.19154,0.0,34.6889,NA_NA_NA_NA_Nov14201006-03-53_CTD_06.cnv,CTD_06.cnv
695.847,701.1,2.141318,3.5595,1476.31,0.006,0.20105,7.1895,0.0,34.6845,NA_NA_NA_NA_Nov14201006-03-53_CTD_06.cnv,CTD_06.cnv
696.348,701.605,2.137608,3.5417,1476.2,-0.0085,0.19624,7.19944,0.0,34.6724,NA_NA_NA_NA_Nov14201006-03-53_CTD_06.cnv,CTD_06.cnv
696.872,702.134,2.138533,3.5384,1476.15,-0.0001,0.20121,7.20511,0.0,34.671,NA_NA_NA_NA_Nov14201006-03-53_CTD_06.cnv,CTD_06.cnv
697.325,702.589,2.136644,3.502,1476.11,-0.0006,0.21845,7.19974,0.0,34.6857,NA_NA_NA_NA_Nov14201006-03-53_CTD_06.cnv,CTD_06.cnv
697.841,703.109,2.140935,3.5674,1476.27,-0.0073,0.19771,7.20302,0.0,34.6773,NA_NA_NA_NA_Nov14201006-03-53_CTD_06.cnv,CTD_06.cnv
698.372,703.644,2.137398,3.5288,1476.18,0.0019,0.21569,7.19662,0.0,34.6688,NA_NA_NA_NA_Nov14201006-03-53_CTD_06.cnv,CTD_06.cnv
698.811,704.086,2.137776,3.5309,1476.15,0.0078,0.23508,7.19782,0.0,34.6695,NA_NA_NA_NA_Nov14201006-03-53_CTD_06.cnv,CTD_06.cnv
699.366,704.645,2.136784,3.5277,1476.12,-0.0024,0.24405,7.19936,0.0,34.6755,NA_NA_NA_NA_Nov14201006-03-53_CTD_06.cnv,CTD_06.cnv
699.806,705.089,2.138583,3.5628,1476.27,0.0045,0.22853,7.20437,0.0,34.6826,NA_NA_NA_NA_Nov14201006-03-53_CTD_06.cnv,CTD_06.cnv
700.323,705.61,2.141314,3.5724,1476.37,0.0124,0.2402,7.19957,0.0,34.6914,NA_NA_NA_NA_Nov14201006-03-53_CTD_06.cnv,CTD_06.cnv
700.873,706.163,2.139212,3.5378,1476.28,-0.0085,0.24296,7.20148,0.0,34.667,NA_NA_NA_NA_Nov14201006-03-53_CTD_06.cnv,CTD_06.cnv
701.385,706.679,2.138851,3.5626,1476.31,0.0045,0.24626,7.18816,0.0,34.6862,NA_NA_NA_NA_Nov14201006-03-53_CTD_06.cnv,CTD_06.cnv
701.837,707.134,2.140887,3.5648,1476.38,-0.0085,0.24233,7.20803,0.0,34.6936,NA_NA_NA_NA_Nov14201006-03-53_CTD_06.cnv,CTD_06.cnv
702.329,707.63,2.13964,3.5429,1476.36,-0.0101,0.24691,7.20386,0.0,34.6948,NA_NA_NA_NA_Nov14201006-03-53_CTD_06.cnv,CTD_06.cnv
702.834,708.139,2.137899,3.5353,1476.29,0.0048,0.23923,7.20129,0.0,34.6812,NA_NA_NA_NA_Nov14201006-03-53_CTD_06.cnv,CTD_06.cnv
703.313,708.621,2.138984,3.526,1476.29,-0.0103,0.26354,7.19703,0.0,34.6878,NA_NA_NA_NA_Nov14201006-03-53_CTD_06.cnv,CTD_06.cnv
703.843,709.155,2.137959,3.5309,1476.24,0.0024,0.26009,7.19899,0.0,34.6746,NA_NA_NA_NA_Nov14201006-03-53_CTD_06.cnv,CTD_06.cnv
704.358,709.674,2.140998,3.5623,1476.4,-0.0044,0.28454,7.19191,0.0,34.6837,NA_NA_NA_NA_Nov14201006-03-53_CTD_06.cnv,CTD_06.cnv
704.874,710.193,2.139515,3.5631,1476.45,0.0085,0.26629,7.20222,0.0,34.666,NA_NA_NA_NA_Nov14201006-03-53_CTD_06.cnv,CTD_06.cnv
705.313,710.636,2.139069,3.5457,1476.32,-0.0081,0.28028,7.20754,0.0,34.6801,NA_NA_NA_NA_Nov14201006-03-53_CTD_06.cnv,CTD_06.cnv
705.876,711.203,2.137417,3.5289,1476.32,0.002,0.2866,7.19836,0.0,34.6836,NA_NA_NA_NA_Nov14201006-03-53_CTD_06.cnv,CTD_06.cnv
706.342,711.672,2.137548,3.5345,1476.3,-0.0162,0.2731,7.21083,0.0,34.6754,NA_NA_NA_NA_Nov14201006-03-53_CTD_06.cnv,CTD_06.cnv
706.887,712.222,2.138056,3.5239,1476.4,0.0081,0.30692,7.2013,0.0,34.6837,NA_NA_NA_NA_Nov14201006-03-53_CTD_06.cnv,CTD_06.cnv
707.369,712.707,2.137989,3.5509,1476.49,0.0045,0.31678,7.21866,0.0,34.6764,NA_NA_NA_NA_Nov14201006-03-53_CTD_06.cnv,CTD_06.cnv
707.84,713.182,2.140234,3.5251,1476.28,-0.0099,0.30709,7.20104,0.0,34.6892,NA_NA_NA_NA_Nov14201006-03-53_CTD_06.cnv,CTD_06.cnv
708.365,713.711,2.14214,3.5688,1476.58,-0.0018,0.32105,7.20107,0.0,34.6872,NA_NA_NA_NA_Nov14201006-03-53_CTD_06.cnv,CTD_06.cnv
708.865,714.214,2.139612,3.5475,1476.43,0.0046,0.32668,7.19352,0.0,34.6839,NA_NA_NA_NA_Nov14201006-03-53_CTD_06.cnv,CTD_06.cnv
709.335,714.687,2.14076,3.5558,1476.46,-0.0057,0.34589,7.18605,0.0,34.6859,NA_NA_NA_NA_Nov14201006-03-53_CTD_06.cnv,CTD_06.cnv
709.868,715.224,2.135393,3.5176,1476.33,0.0033,0.327,7.20639,0.0,34.6785,NA_NA_NA_NA_Nov14201006-03-53_CTD_06.cnv,CTD_06.cnv
710.352,715.712,2.140084,3.5444,1476.47,0.0088,0.3129,7.20484,0.0,34.6783,NA_NA_NA_NA_Nov14201006-03-53_CTD_06.cnv,CTD_06.cnv
710.853,716.216,2.140563,3.5651,1476.57,0.024,0.33621,7.208,0.0,34.6731,NA_NA_NA_NA_Nov14201006-03-53_CTD_06.cnv,CTD_06.cnv
711.325,716.691,2.136665,3.5152,1476.36,0.0057,0.33792,7.19777,0.0,34.6788,NA_NA_NA_NA_Nov14201006-03-53_CTD_06.cnv,CTD_06.cnv
711.848,717.219,2.139205,3.5358,1476.56,-0.0051,0.33211,7.19388,0.0,34.6937,NA_NA_NA_NA_Nov14201006-03-53_CTD_06.cnv,CTD_06.cnv
712.335,717.709,2.1396,3.5814,1476.63,0.014,0.3488,7.1958,0.0,34.6738,NA_NA_NA_NA_Nov14201006-03-53_CTD_06.cnv,CTD_06.cnv
712.838,718.216,2.139544,3.5664,1476.5,-0.0047,0.34791,7.19837,0.0,34.6746,NA_NA_NA_NA_Nov14201006-03-53_CTD_06.cnv,CTD_06.cnv
713.372,718.754,2.13546,3.4925,1476.35,0.0038,0.34719,7.19466,0.0,34.6678,NA_NA_NA_NA_Nov14201006-03-53_CTD_06.cnv,CTD_06.cnv
713.903,719.288,2.137078,3.5186,1476.44,0.0023,0.35558,7.20242,0.0,34.6785,NA_NA_NA_NA_Nov14201006-03-53_CTD_06.cnv,CTD_06.cnv
714.365,719.754,2.139311,3.5565,1476.63,0.0076,0.36888,7.19727,0.0,34.6727,NA_NA_NA_NA_Nov14201006-03-53_CTD_06.cnv,CTD_06.cnv
714.876,720.268,2.138722,3.5337,1476.44,-0.0166,0.37227,7.20097,0.0,34.6677,NA_NA_NA_NA_Nov14201006-03-53_CTD_06.cnv,CTD_06.cnv
715.331,720.728,2.139612,3.5525,1476.64,0.0083,0.38217,7.20085,0.0,34.6916,NA_NA_NA_NA_Nov14201006-03-53_CTD_06.cnv,CTD_06.cnv
715.87,721.27,2.137262,3.5147,1476.42,-0.0049,0.37721,7.2027,0.0,34.6896,NA_NA_NA_NA_Nov14201006-03-53_CTD_06.cnv,CTD_06.cnv
716.355,721.759,2.13722,3.5694,1476.74,-0.0065,0.3607,7.19967,0.0,34.6793,NA_NA_NA_NA_Nov14201006-03-53_CTD_06.cnv,CTD_06.cnv
716.894,722.302,2.140581,3.5527,1476.61,0.003,0.37667,7.20051,0.0,34.6821,NA_NA_NA_NA_Nov14201006-03-53_CTD_06.cnv,CTD_06.cnv
717.374,722.785,2.137268,3.5382,1476.57,0.0032,0.38596,7.19972,0.0,34.691,NA_NA_NA_NA_Nov14201006-03-53_CTD_06.cnv,CTD_06.cnv
717.873,723.288,2.138602,3.5496,1476.61,-0.0127,0.40679,7.20068,0.0,34.6746,NA_NA_NA_NA_Nov14201006-03-53_CTD_06.cnv,CTD_06.cnv
718.333,723.751,2.139988,3.5583,1476.68,-0.0095,0.38183,7.19391,0.0,34.6863,NA_NA_NA_NA_Nov14201006-03-53_CTD_06.cnv,CTD_06.cnv
718.882,724.304,2.136369,3.5135,1476.46,0.0065,0.3878,7.1886,0.0,34.6661,NA_NA_NA_NA_Nov14201006-03-53_CTD_06.cnv,CTD_06.cnv
719.37,724.795,2.138274,3.5315,1476.55,0.0002,0.40523,7.2006,0.0,34.6771,NA_NA_NA_NA_Nov14201006-03-53_CTD_06.cnv,CTD_06.cnv
719.864,725.293,2.137934,3.5273,1476.51,0.0063,0.40599,7.19749,0.0,34.676,NA_NA_NA_NA_Nov14201006-03-53_CTD_06.cnv,CTD_06.cnv
720.347,725.78,2.140711,3.5881,1476.81,0.0077,0.4299,7.20034,0.0,34.6687,NA_NA_NA_NA_Nov14201006-03-53_CTD_06.cnv,CTD_06.cnv
720.869,726.306,2.139445,3.5515,1476.68,0.0036,0.42864,7.19889,0.0,34.6721,NA_NA_NA_NA_Nov14201006-03-53_CTD_06.cnv,CTD_06.cnv
721.34,726.78,2.13778,3.5195,1476.5,0.0088,0.43588,7.20249,0.0,34.6847,NA_NA_NA_NA_Nov14201006-03-53_CTD_06.cnv,CTD_06.cnv
721.857,727.301,2.139976,3.5272,1476.59,0.0004,0.4173,7.2017,0.0,34.6887,NA_NA_NA_NA_Nov14201006-03-53_CTD_06.cnv,CTD_06.cnv
722.397,727.845,2.138341,3.5387,1476.65,0.0033,0.43103,7.19528,0.0,34.6737,NA_NA_NA_NA_Nov14201006-03-53_CTD_06.cnv,CTD_06.cnv
722.872,728.323,2.136353,3.5217,1476.51,-0.0094,0.41615,7.19739,0.0,34.6685,NA_NA_NA_NA_Nov14201006-03-53_CTD_06.cnv,CTD_06.cnv
723.389,728.844,2.136782,3.5279,1476.56,-0.0098,0.43924,7.20426,0.0,34.6731,NA_NA_NA_NA_Nov14201006-03-53_CTD_06.cnv,CTD_06.cnv
723.845,729.304,2.140621,3.5779,1476.86,-0.0077,0.45057,7.20148,0.0,34.6882,NA_NA_NA_NA_Nov14201006-03-53_CTD_06.cnv,CTD_06.cnv
724.345,729.807,2.135514,3.5199,1476.6,-0.0061,0.45429,7.20397,0.0,34.6618,NA_NA_NA_NA_Nov14201006-03-53_CTD_06.cnv,CTD_06.cnv
724.824,730.29,2.13762,3.5545,1476.75,0.0068,0.45957,7.20103,0.0,34.6705,NA_NA_NA_NA_Nov14201006-03-53_CTD_06.cnv,CTD_06.cnv
725.411,730.881,2.139471,3.562,1476.71,-0.0027,0.44553,7.19827,0.0,34.6798,NA_NA_NA_NA_Nov14201006-03-53_CTD_06.cnv,CTD_06.cnv
725.845,731.318,2.139417,3.5202,1476.54,-0.0045,0.46153,7.20654,0.0,34.6732,NA_NA_NA_NA_Nov14201006-03-53_CTD_06.cnv,CTD_06.cnv
726.412,731.889,2.138053,3.5112,1476.6,-0.0194,0.50033,7.20298,0.0,34.6834,NA_NA_NA_NA_Nov14201006-03-53_CTD_06.cnv,CTD_06.cnv
726.825,732.305,2.137507,3.5353,1476.68,-0.0096,0.47959,7.19633,0.0,34.6765,NA_NA_NA_NA_Nov14201006-03-53_CTD_06.cnv,CTD_06.cnv
727.407,732.891,2.138718,3.5233,1476.69,0.0077,0.4835,7.19666,0.0,34.6842,NA_NA_NA_NA_Nov14201006-03-53_CTD_06.cnv,CTD_06.cnv
727.815,733.302,2.139256,3.5479,1476.72,0.0099,0.49683,7.20003,0.0,34.665,NA_NA_NA_NA_Nov14201006-03-53_CTD_06.cnv,CTD_06.cnv
728.345,733.836,2.137438,3.5177,1476.69,-0.0001,0.50437,7.21491,0.0,34.6811,NA_NA_NA_NA_Nov14201006-03-53_CTD_06.cnv,CTD_06.cnv
728.858,734.353,2.138491,3.5309,1476.74,0.0028,0.48565,7.2016,0.0,34.6794,NA_NA_NA_NA_Nov14201006-03-53_CTD_06.cnv,CTD_06.cnv
729.337,734.835,2.140275,3.5599,1476.86,-0.0101,0.5084,7.20161,0.0,34.6868,NA_NA_NA_NA_Nov14201006-03-53_CTD_06.cnv,CTD_06.cnv
729.879,735.382,2.140311,3.5653,1476.91,0.0057,0.50727,7.20201,0.0,34.688,NA_NA_NA_NA_Nov14201006-03-53_CTD_06.cnv,CTD_06.cnv
730.317,735.823,2.138716,3.5311,1476.75,-0.0023,0.50789,7.19854,0.0,34.6949,NA_NA_NA_NA_Nov14201006-03-53_CTD_06.cnv,CTD_06.cnv
730.868,736.377,2.137891,3.5068,1476.66,-0.0011,0.52538,7.20131,0.0,34.6768,NA_NA_NA_NA_Nov14201006-03-53_CTD_06.cnv,CTD_06.cnv
731.332,736.845,2.137197,3.5068,1476.67,-0.0034,0.4996,7.20007,0.0,34.6849,NA_NA_NA_NA_Nov14201006-03-53_CTD_06.cnv,CTD_06.cnv
731.862,737.378,2.139753,3.5254,1476.81,0.0073,0.52494,7.21018,0.0,34.6978,NA_NA_NA_NA_Nov14201006-03-53_CTD_06.cnv,CTD_06.cnv
732.414,737.935,2.138199,3.5451,1476.83,0.0178,0.53248,7.20255,0.0,34.6721,NA_NA_NA_NA_Nov14201006-03-53_CTD_06.cnv,CTD_06.cnv
732.836,738.36,2.134737,3.5175,1476.82,-0.0035,0.5346,7.19752,0.0,34.6736,NA_NA_NA_NA_Nov14201006-03-53_CTD_06.cnv,CTD_06.cnv
733.347,738.875,2.138374,3.5226,1476.78,0.0058,0.54153,7.20369,0.0,34.6938,NA_NA_NA_NA_Nov14201006-03-53_CTD_06.cnv,CTD_06.cnv
733.916,739.447,2.141553,3.5516,1476.91,0.0035,0.54012,7.19681,0.0,34.6829,NA_NA_NA_NA_Nov14201006-03-53_CTD_06.cnv,CTD_06.cnv
734.387,739.922,2.138307,3.5217,1476.78,0.0029,0.54382,7.19794,0.0,34.6789,NA_NA_NA_NA_Nov14201006-03-53_CTD_06.cnv,CTD_06.cnv
734.829,740.367,2.1382,3.5567,1476.94,0.0111,0.54263,7.20635,0.0,34.6765,NA_NA_NA_NA_Nov14201006-03-53_CTD_06.cnv,CTD_06.cnv
735.368,740.91,2.138503,3.5284,1476.8,0.0094,0.54808,7.20819,0.0,34.6833,NA_NA_NA_NA_Nov14201006-03-53_CTD_06.cnv,CTD_06.cnv
735.868,741.414,2.139328,3.5431,1476.83,-0.0099,0.56239,7.19491,0.0,34.6772,NA_NA_NA_NA_Nov14201006-03-53_CTD_06.cnv,CTD_06.cnv
736.36,741.909,2.136739,3.5328,1476.94,-0.001,0.56798,7.20154,0.0,34.7006,NA_NA_NA_NA_Nov14201006-03-53_CTD_06.cnv,CTD_06.cnv
736.863,742.416,2.138412,3.5341,1476.97,-0.0012,0.56848,7.19881,0.0,34.6848,NA_NA_NA_NA_Nov14201006-03-53_CTD_06.cnv,CTD_06.cnv
737.338,742.895,2.1389,3.5489,1476.91,0.0002,0.56707,7.19242,0.0,34.6875,NA_NA_NA_NA_Nov14201006-03-53_CTD_06.cnv,CTD_06.cnv
737.878,743.438,2.136773,3.531,1476.86,-0.0032,0.58485,7.19615,0.0,34.6714,NA_NA_NA_NA_Nov14201006-03-53_CTD_06.cnv,CTD_06.cnv
738.321,743.884,2.138626,3.5414,1476.93,-0.0103,0.56875,7.20357,0.0,34.6838,NA_NA_NA_NA_Nov14201006-03-53_CTD_06.cnv,CTD_06.cnv
738.89,744.458,2.139376,3.5435,1476.92,-0.0129,0.5901,7.19655,0.0,34.6759,NA_NA_NA_NA_Nov14201006-03-53_CTD_06.cnv,CTD_06.cnv
739.352,744.923,2.137667,3.5351,1476.86,0.0025,0.58972,7.20144,0.0,34.6672,NA_NA_NA_NA_Nov14201006-03-53_CTD_06.cnv,CTD_06.cnv
739.892,745.468,2.139779,3.58,1477.02,0.001,0.59668,7.20908,0.0,34.6739,NA_NA_NA_NA_Nov14201006-03-53_CTD_06.cnv,CTD_06.cnv
740.389,745.968,2.138283,3.5428,1476.95,0.0025,0.58383,7.1948,0.0,34.6725,NA_NA_NA_NA_Nov14201006-03-53_CTD_06.cnv,CTD_06.cnv
740.886,746.469,2.138089,3.5328,1476.93,-0.0003,0.60219,7.19321,0.0,34.6845,NA_NA_NA_NA_Nov14201006-03-53_CTD_06.cnv,CTD_06.cnv
741.416,747.003,2.137514,3.5112,1476.81,0.0041,0.60735,7.19835,0.0,34.6918,NA_NA_NA_NA_Nov14201006-03-53_CTD_06.cnv,CTD_06.cnv
741.901,747.491,2.138589,3.5495,1476.98,-0.02,0.60501,7.20065,0.0,34.6667,NA_NA_NA_NA_Nov14201006-03-53_CTD_06.cnv,CTD_06.cnv
742.388,747.982,2.138918,3.5461,1476.96,-0.0,0.62386,7.20267,0.0,34.6851,NA_NA_NA_NA_Nov14201006-03-53_CTD_06.cnv,CTD_06.cnv
742.894,748.491,2.142089,3.5711,1477.14,-0.0094,0.60932,7.20291,0.0,34.7048,NA_NA_NA_NA_Nov14201006-03-53_CTD_06.cnv,CTD_06.cnv
743.352,748.953,2.139203,3.5368,1476.98,0.0059,0.63312,7.18764,0.0,34.6995,NA_NA_NA_NA_Nov14201006-03-53_CTD_06.cnv,CTD_06.cnv
743.863,749.467,2.136922,3.4879,1476.82,0.0212,0.62873,7.19188,0.0,34.6903,NA_NA_NA_NA_Nov14201006-03-53_CTD_06.cnv,CTD_06.cnv
744.332,749.939,2.138631,3.5267,1476.96,0.0061,0.6234,7.20719,0.0,34.6919,NA_NA_NA_NA_Nov14201006-03-53_CTD_06.cnv,CTD_06.cnv
744.836,750.448,2.140334,3.5506,1477.01,0.003,0.65337,7.19705,0.0,34.688,NA_NA_NA_NA_Nov14201006-03-53_CTD_06.cnv,CTD_06.cnv
745.367,750.982,2.140473,3.5779,1477.16,-0.013,0.6407,7.21068,0.0,34.679,NA_NA_NA_NA_Nov14201006-03-53_CTD_06.cnv,CTD_06.cnv
745.869,751.488,2.140367,3.5445,1477.04,0.0004,0.66208,7.19679,0.0,34.6852,NA_NA_NA_NA_Nov14201006-03-53_CTD_06.cnv,CTD_06.cnv
746.351,751.974,2.139712,3.5707,1477.18,-0.0044,0.65315,7.20342,0.0,34.6692,NA_NA_NA_NA_Nov14201006-03-53_CTD_06.cnv,CTD_06.cnv
746.847,752.473,2.138724,3.533,1477.03,0.006,0.64166,7.1965,0.0,34.6821,NA_NA_NA_NA_Nov14201006-03-53_CTD_06.cnv,CTD_06.cnv
747.369,752.999,2.13698,3.4967,1476.91,-0.0101,0.66346,7.1988,0.0,34.6866,NA_NA_NA_NA_Nov14201006-03-53_CTD_06.cnv,CTD_06.cnv
747.918,753.552,2.139159,3.5338,1476.99,0.0008,0.65714,7.19508,0.0,34.6821,NA_NA_NA_NA_Nov14201006-03-53_CTD_06.cnv,CTD_06.cnv
748.365,754.003,2.138598,3.5363,1477.07,0.0036,0.68911,7.19656,0.0,34.6727,NA_NA_NA_NA_Nov14201006-03-53_CTD_06.cnv,CTD_06.cnv
748.89,754.531,2.133596,3.4824,1476.89,-0.0041,0.682,7.19263,0.0,34.6791,NA_NA_NA_NA_Nov14201006-03-53_CTD_06.cnv,CTD_06.cnv
749.358,755.003,2.137086,3.545,1477.08,0.0012,0.67618,7.20497,0.0,34.6817,NA_NA_NA_NA_Nov14201006-03-53_CTD_06.cnv,CTD_06.cnv
749.92,755.569,2.137344,3.5063,1476.97,-0.0126,0.6961,7.20577,0.0,34.6844,NA_NA_NA_NA_Nov14201006-03-53_CTD_06.cnv,CTD_06.cnv
750.361,756.013,2.139075,3.5736,1477.32,-0.0106,0.69603,7.2009,0.0,34.6842,NA_NA_NA_NA_Nov14201006-03-53_CTD_06.cnv,CTD_06.cnv
750.884,756.539,2.136175,3.5069,1476.97,0.0006,0.6756,7.20499,0.0,34.69,NA_NA_NA_NA_Nov14201006-03-53_CTD_06.cnv,CTD_06.cnv
751.365,757.024,2.140687,3.5683,1477.18,0.0013,0.69686,7.19193,0.0,34.6802,NA_NA_NA_NA_Nov14201006-03-53_CTD_06.cnv,CTD_06.cnv
751.898,757.561,2.137692,3.5386,1477.2,0.0064,0.71284,7.20189,0.0,34.6843,NA_NA_NA_NA_Nov14201006-03-53_CTD_06.cnv,CTD_06.cnv
752.37,758.037,2.136584,3.5384,1477.17,-0.007,0.70664,7.20699,0.0,34.6614,NA_NA_NA_NA_Nov14201006-03-53_CTD_06.cnv,CTD_06.cnv
752.906,758.576,2.141065,3.55,1477.21,0.0078,0.71371,7.1943,0.0,34.6738,NA_NA_NA_NA_Nov14201006-03-53_CTD_06.cnv,CTD_06.cnv
753.408,759.082,2.135988,3.4965,1476.92,0.0011,0.70823,7.19867,0.0,34.6811,NA_NA_NA_NA_Nov14201006-03-53_CTD_06.cnv,CTD_06.cnv
753.841,759.519,2.14109,3.5466,1477.21,-0.0095,0.71581,7.19223,0.0,34.6966,NA_NA_NA_NA_Nov14201006-03-53_CTD_06.cnv,CTD_06.cnv
754.408,760.089,2.138646,3.5093,1476.96,0.0164,0.72229,7.20052,0.0,34.701,NA_NA_NA_NA_Nov14201006-03-53_CTD_06.cnv,CTD_06.cnv
754.872,760.557,2.136498,3.5201,1477.05,0.0122,0.73176,7.20024,0.0,34.6815,NA_NA_NA_NA_Nov14201006-03-53_CTD_06.cnv,CTD_06.cnv
755.337,761.025,2.138899,3.5504,1477.2,-0.01,0.72808,7.20182,0.0,34.6921,NA_NA_NA_NA_Nov14201006-03-53_CTD_06.cnv,CTD_06.cnv
755.863,761.555,2.137745,3.5389,1477.29,0.0001,0.7317,7.1931,0.0,34.6757,NA_NA_NA_NA_Nov14201006-03-53_CTD_06.cnv,CTD_06.cnv
756.402,762.098,2.137601,3.5192,1477.18,0.0135,0.74225,7.19886,0.0,34.6778,NA_NA_NA_NA_Nov14201006-03-53_CTD_06.cnv,CTD_06.cnv
756.917,762.616,2.139606,3.5635,1477.28,-0.003,0.75681,7.2048,0.0,34.6909,NA_NA_NA_NA_Nov14201006-03-53_CTD_06.cnv,CTD_06.cnv
757.414,763.117,2.137189,3.558,1477.28,0.0093,0.74439,7.19872,0.0,34.6617,NA_NA_NA_NA_Nov14201006-03-53_CTD_06.cnv,CTD_06.cnv
757.91,763.617,2.139371,3.5484,1477.25,0.0075,0.74665,7.20209,0.0,34.6838,NA_NA_NA_NA_Nov14201006-03-53_CTD_06.cnv,CTD_06.cnv
758.402,764.113,2.140088,3.5512,1477.28,0.0107,0.76424,7.19435,0.0,34.6853,NA_NA_NA_NA_Nov14201006-03-53_CTD_06.cnv,CTD_06.cnv
758.861,764.574,2.13882,3.5596,1477.38,-0.0023,0.75156,7.19977,0.0,34.6758,NA_NA_NA_NA_Nov14201006-03-53_CTD_06.cnv,CTD_06.cnv
759.429,765.147,2.140834,3.5612,1477.31,0.0092,0.78583,7.2044,0.0,34.6745,NA_NA_NA_NA_Nov14201006-03-53_CTD_06.cnv,CTD_06.cnv
759.892,765.613,2.139098,3.5195,1477.12,0.0233,0.78027,7.19985,0.0,34.6808,NA_NA_NA_NA_Nov14201006-03-53_CTD_06.cnv,CTD_06.cnv
760.331,766.056,2.138292,3.5302,1477.25,-0.0167,0.77431,7.20425,0.0,34.695,NA_NA_NA_NA_Nov14201006-03-53_CTD_06.cnv,CTD_06.cnv
760.894,766.622,2.139682,3.5402,1477.27,-0.0062,0.78435,7.19808,0.0,34.6905,NA_NA_NA_NA_Nov14201006-03-53_CTD_06.cnv,CTD_06.cnv
761.377,767.109,2.137809,3.5231,1477.16,-0.0073,0.80581,7.20279,0.0,34.6756,NA_NA_NA_NA_Nov14201006-03-53_CTD_06.cnv,CTD_06.cnv
761.914,767.65,2.137483,3.5023,1477.09,-0.0127,0.79379,7.19643,0.0,34.6779,NA_NA_NA_NA_Nov14201006-03-53_CTD_06.cnv,CTD_06.cnv
762.416,768.156,2.138327,3.556,1477.33,-0.0043,0.78706,7.19688,0.0,34.6773,NA_NA_NA_NA_Nov14201006-03-53_CTD_06.cnv,CTD_06.cnv
762.844,768.587,2.135386,3.5347,1477.28,0.0067,0.79566,7.20004,0.0,34.676,NA_NA_NA_NA_Nov14201006-03-53_CTD_06.cnv,CTD_06.cnv
763.408,769.155,2.13973,3.5478,1477.28,-0.0018,0.79566,7.20768,0.0,34.6742,NA_NA_NA_NA_Nov14201006-03-53_CTD_06.cnv,CTD_06.cnv
763.848,769.598,2.140449,3.5756,1477.54,0.0031,0.82072,7.194,0.0,34.6788,NA_NA_NA_NA_Nov14201006-03-53_CTD_06.cnv,CTD_06.cnv
764.336,770.09,2.135497,3.523,1477.23,0.0089,0.80656,7.19743,0.0,34.6691,NA_NA_NA_NA_Nov14201006-03-53_CTD_06.cnv,CTD_06.cnv
764.889,770.647,2.138959,3.5553,1477.35,-0.0026,0.80716,7.1965,0.0,34.6711,NA_NA_NA_NA_Nov14201006-03-53_CTD_06.cnv,CTD_06.cnv
765.402,771.163,2.137059,3.5326,1477.34,-0.002,0.84428,7.20309,0.0,34.6775,NA_NA_NA_NA_Nov14201006-03-53_CTD_06.cnv,CTD_06.cnv
765.833,771.598,2.138774,3.5132,1477.21,0.0109,0.81902,7.20038,0.0,34.6883,NA_NA_NA_NA_Nov14201006-03-53_CTD_06.cnv,CTD_06.cnv
766.432,772.201,2.138833,3.5696,1477.49,0.0106,0.83173,7.20702,0.0,34.6796,NA_NA_NA_NA_Nov14201006-03-53_CTD_06.cnv,CTD_06.cnv
766.856,772.628,2.139514,3.5322,1477.37,-0.0051,0.8576,7.2048,0.0,34.6842,NA_NA_NA_NA_Nov14201006-03-53_CTD_06.cnv,CTD_06.cnv
767.366,773.142,2.139219,3.5376,1477.4,0.0049,0.84509,7.19825,0.0,34.6842,NA_NA_NA_NA_Nov14201006-03-53_CTD_06.cnv,CTD_06.cnv
767.884,773.664,2.138238,3.5398,1477.44,-0.0055,0.85451,7.19568,0.0,34.6553,NA_NA_NA_NA_Nov14201006-03-53_CTD_06.cnv,CTD_06.cnv
768.351,774.134,2.1376,3.5296,1477.42,0.0018,0.86011,7.20288,0.0,34.6968,NA_NA_NA_NA_Nov14201006-03-53_CTD_06.cnv,CTD_06.cnv
768.926,774.713,2.136505,3.5014,1477.22,-0.0011,0.84477,7.20431,0.0,34.6778,NA_NA_NA_NA_Nov14201006-03-53_CTD_06.cnv,CTD_06.cnv
769.363,775.154,2.141382,3.5725,1477.6,0.0021,0.8655,7.19725,0.0,34.6784,NA_NA_NA_NA_Nov14201006-03-53_CTD_06.cnv,CTD_06.cnv
769.899,775.694,2.138432,3.5322,1477.36,-0.0089,0.86842,7.19281,0.0,34.6918,NA_NA_NA_NA_Nov14201006-03-53_CTD_06.cnv,CTD_06.cnv
770.364,776.161,2.138942,3.5199,1477.36,-0.0025,0.87832,7.20281,0.0,34.6984,NA_NA_NA_NA_Nov14201006-03-53_CTD_06.cnv,CTD_06.cnv
770.859,776.66,2.139545,3.5567,1477.55,0.0069,0.87851,7.19802,0.0,34.6797,NA_NA_NA_NA_Nov14201006-03-53_CTD_06.cnv,CTD_06.cnv
771.394,777.199,2.137684,3.5102,1477.37,-0.0036,0.87995,7.19511,0.0,34.7017,NA_NA_NA_NA_Nov14201006-03-53_CTD_06.cnv,CTD_06.cnv
771.917,777.726,2.139624,3.5254,1477.52,-0.0087,0.89411,7.20278,0.0,34.693,NA_NA_NA_NA_Nov14201006-03-53_CTD_06.cnv,CTD_06.cnv
772.37,778.182,2.137714,3.5282,1477.45,0.0094,0.88218,7.20974,0.0,34.6881,NA_NA_NA_NA_Nov14201006-03-53_CTD_06.cnv,CTD_06.cnv
772.838,778.654,2.137436,3.5195,1477.4,0.0007,0.88872,7.20078,0.0,34.6866,NA_NA_NA_NA_Nov14201006-03-53_CTD_06.cnv,CTD_06.cnv
773.413,779.233,2.137466,3.5661,1477.62,0.0137,0.9079,7.2071,0.0,34.6834,NA_NA_NA_NA_Nov14201006-03-53_CTD_06.cnv,CTD_06.cnv
773.936,779.759,2.139789,3.5434,1477.51,-0.0088,0.89233,7.19627,0.0,34.6936,NA_NA_NA_NA_Nov14201006-03-53_CTD_06.cnv,CTD_06.cnv
774.366,780.193,2.141189,3.5543,1477.64,0.0054,0.89046,7.19511,0.0,34.6781,NA_NA_NA_NA_Nov14201006-03-53_CTD_06.cnv,CTD_06.cnv
774.898,780.729,2.138648,3.55,1477.5,0.0052,0.92077,7.20407,0.0,34.6446,NA_NA_NA_NA_Nov14201006-03-53_CTD_06.cnv,CTD_06.cnv
775.384,781.218,2.137906,3.559,1477.6,-0.0038,0.90285,7.1985,0.0,34.6747,NA_NA_NA_NA_Nov14201006-03-53_CTD_06.cnv,CTD_06.cnv
775.9,781.738,2.142429,3.5829,1477.7,0.0028,0.92134,7.18916,0.0,34.6909,NA_NA_NA_NA_Nov14201006-03-53_CTD_06.cnv,CTD_06.cnv
776.367,782.209,2.139386,3.552,1477.61,-0.0006,0.93316,7.20619,0.0,34.6775,NA_NA_NA_NA_Nov14201006-03-53_CTD_06.cnv,CTD_06.cnv
776.88,782.726,2.137393,3.5254,1477.51,0.0078,0.9485,7.20124,0.0,34.6786,NA_NA_NA_NA_Nov14201006-03-53_CTD_06.cnv,CTD_06.cnv
777.419,783.269,2.136023,3.5311,1477.48,0.0006,0.94272,7.20333,0.0,34.6793,NA_NA_NA_NA_Nov14201006-03-53_CTD_06.cnv,CTD_06.cnv
777.938,783.791,2.140248,3.5696,1477.67,-0.0102,0.9414,7.1973,0.0,34.6818,NA_NA_NA_NA_Nov14201006-03-53_CTD_06.cnv,CTD_06.cnv
778.424,784.281,2.139207,3.5386,1477.5,-0.0011,0.95462,7.19332,0.0,34.6902,NA_NA_NA_NA_Nov14201006-03-53_CTD_06.cnv,CTD_06.cnv
778.897,784.757,2.138026,3.5429,1477.55,-0.0092,0.94357,7.20105,0.0,34.6812,NA_NA_NA_NA_Nov14201006-03-53_CTD_06.cnv,CTD_06.cnv
779.357,785.221,2.134953,3.5157,1477.54,0.0075,0.94466,7.20544,0.0,34.6682,NA_NA_NA_NA_Nov14201006-03-53_CTD_06.cnv,CTD_06.cnv
779.932,785.8,2.13877,3.5593,1477.66,0.0033,0.96723,7.19982,0.0,34.6653,NA_NA_NA_NA_Nov14201006-03-53_CTD_06.cnv,CTD_06.cnv
780.386,786.257,2.135638,3.5143,1477.44,0.0117,0.95964,7.20974,0.0,34.665,NA_NA_NA_NA_Nov14201006-03-53_CTD_06.cnv,CTD_06.cnv
780.916,786.791,2.138334,3.5584,1477.69,0.0048,0.95242,7.19,0.0,34.6783,NA_NA_NA_NA_Nov14201006-03-53_CTD_06.cnv,CTD_06.cnv
781.36,787.238,2.13736,3.5208,1477.57,0.0023,0.98532,7.1977,0.0,34.6744,NA_NA_NA_NA_Nov14201006-03-53_CTD_06.cnv,CTD_06.cnv
781.854,787.735,2.140265,3.5718,1477.71,-0.0151,0.96773,7.19999,0.0,34.6882,NA_NA_NA_NA_Nov14201006-03-53_CTD_06.cnv,CTD_06.cnv
782.385,788.271,2.140144,3.5478,1477.68,-0.0117,0.98167,7.19919,0.0,34.6877,NA_NA_NA_NA_Nov14201006-03-53_CTD_06.cnv,CTD_06.cnv
782.864,788.753,2.140476,3.5517,1477.68,-0.0024,0.9882,7.19396,0.0,34.675,NA_NA_NA_NA_Nov14201006-03-53_CTD_06.cnv,CTD_06.cnv
783.411,789.304,2.136489,3.5113,1477.6,0.0004,0.98511,7.2068,0.0,34.6938,NA_NA_NA_NA_Nov14201006-03-53_CTD_06.cnv,CTD_06.cnv
783.87,789.767,2.137643,3.5027,1477.58,-0.0107,1.01973,7.20648,0.0,34.6785,NA_NA_NA_NA_Nov14201006-03-53_CTD_06.cnv,CTD_06.cnv
784.423,790.324,2.136432,3.5135,1477.56,0.0114,0.99545,7.19651,0.0,34.685,NA_NA_NA_NA_Nov14201006-03-53_CTD_06.cnv,CTD_06.cnv
784.86,790.763,2.137099,3.4885,1477.45,0.009,1.00761,7.20499,0.0,34.6907,NA_NA_NA_NA_Nov14201006-03-53_CTD_06.cnv,CTD_06.cnv
785.379,791.286,2.139033,3.523,1477.67,0.0043,1.00824,7.19975,0.0,34.6969,NA_NA_NA_NA_Nov14201006-03-53_CTD_06.cnv,CTD_06.cnv
785.913,791.824,2.137087,3.495,1477.48,0.002,1.02264,7.1972,0.0,34.6856,NA_NA_NA_NA_Nov14201006-03-53_CTD_06.cnv,CTD_06.cnv
786.394,792.309,2.138362,3.5344,1477.72,0.0006,1.01306,7.19848,0.0,34.694,NA_NA_NA_NA_Nov14201006-03-53_CTD_06.cnv,CTD_06.cnv
786.931,792.85,2.138604,3.5443,1477.68,0.0095,1.03028,7.19815,0.0,34.6797,NA_NA_NA_NA_Nov14201006-03-53_CTD_06.cnv,CTD_06.cnv
787.356,793.278,2.139305,3.5457,1477.77,-0.0091,1.03848,7.18952,0.0,34.6761,NA_NA_NA_NA_Nov14201006-03-53_CTD_06.cnv,CTD_06.cnv
787.943,793.869,2.136583,3.5267,1477.66,-0.0074,1.0171,7.20094,0.0,34.6646,NA_NA_NA_NA_Nov14201006-03-53_CTD_06.cnv,CTD_06.cnv
788.384,794.314,2.138761,3.5428,1477.71,0.0036,1.03657,7.18862,0.0,34.6645,NA_NA_NA_NA_Nov14201006-03-53_CTD_06.cnv,CTD_06.cnv
788.862,794.795,2.138091,3.5155,1477.63,-0.0029,1.04402,7.19197,0.0,34.678,NA_NA_NA_NA_Nov14201006-03-53_CTD_06.cnv,CTD_06.cnv
789.439,795.377,2.136411,3.5261,1477.67,0.0008,1.05494,7.19964,0.0,34.656,NA_NA_NA_NA_Nov14201006-03-53_CTD_06.cnv,CTD_06.cnv
789.874,795.814,2.141217,3.5545,1477.9,0.0099,1.03665,7.1958,0.0,34.692,NA_NA_NA_NA_Nov14201006-03-53_CTD_06.cnv,CTD_06.cnv
790.418,796.362,2.136916,3.5285,1477.77,-0.0004,1.05818,7.19975,0.0,34.6672,NA_NA_NA_NA_Nov14201006-03-53_CTD_06.cnv,CTD_06.cnv
790.864,796.812,2.135802,3.4952,1477.53,-0.002,1.05639,7.19903,0.0,34.6876,NA_NA_NA_NA_Nov14201006-03-53_CTD_06.cnv,CTD_06.cnv
791.372,797.323,2.13696,3.5192,1477.67,-0.0123,1.05438,7.20458,0.0,34.6869,NA_NA_NA_NA_Nov14201006-03-53_CTD_06.cnv,CTD_06.cnv
791.853,797.807,2.137536,3.5194,1477.74,-0.011,1.05649,7.20467,0.0,34.6947,NA_NA_NA_NA_Nov14201006-03-53_CTD_06.cnv,CTD_06.cnv
792.402,798.361,2.137883,3.5407,1477.89,-0.0041,1.06638,7.19776,0.0,34.6739,NA_NA_NA_NA_Nov14201006-03-53_CTD_06.cnv,CTD_06.cnv
792.922,798.884,2.13543,3.5159,1477.71,-0.0011,1.08854,7.21131,0.0,34.6752,NA_NA_NA_NA_Nov14201006-03-53_CTD_06.cnv,CTD_06.cnv
793.39,799.356,2.13746,3.5368,1477.86,0.0135,1.07297,7.20391,0.0,34.6838,NA_NA_NA_NA_Nov14201006-03-53_CTD_06.cnv,CTD_06.cnv
793.929,799.899,2.138898,3.5385,1477.89,-0.0018,1.08742,7.19544,0.0,34.6864,NA_NA_NA_NA_Nov14201006-03-53_CTD_06.cnv,CTD_06.cnv
794.419,800.392,2.139827,3.5642,1477.96,0.0061,1.09409,7.20995,0.0,34.6839,NA_NA_NA_NA_Nov14201006-03-53_CTD_06.cnv,CTD_06.cnv
794.912,800.889,2.136199,3.5139,1477.72,0.0007,1.1046,7.20052,0.0,34.6699,NA_NA_NA_NA_Nov14201006-03-53_CTD_06.cnv,CTD_06.cnv
795.439,801.42,2.136777,3.5257,1477.78,-0.0178,1.10493,7.20291,0.0,34.6828,NA_NA_NA_NA_Nov14201006-03-53_CTD_06.cnv,CTD_06.cnv
795.881,801.865,2.135486,3.4983,1477.62,-0.0099,1.09839,7.19581,0.0,34.676,NA_NA_NA_NA_Nov14201006-03-53_CTD_06.cnv,CTD_06.cnv
796.37,802.358,2.13942,3.5394,1477.94,-0.0068,1.12322,7.19549,0.0,34.6851,NA_NA_NA_NA_Nov14201006-03-53_CTD_06.cnv,CTD_06.cnv
796.855,802.846,2.137259,3.5454,1477.95,-0.0076,1.11345,7.21354,0.0,34.666,NA_NA_NA_NA_Nov14201006-03-53_CTD_06.cnv,CTD_06.cnv
797.39,803.385,2.138004,3.5574,1478.0,0.0046,1.12522,7.19068,0.0,34.6686,NA_NA_NA_NA_Nov14201006-03-53_CTD_06.cnv,CTD_06.cnv
797.896,803.895,2.138546,3.5364,1477.98,-0.002,1.10751,7.20247,0.0,34.689,NA_NA_NA_NA_Nov14201006-03-53_CTD_06.cnv,CTD_06.cnv
798.358,804.361,2.138128,3.5219,1477.86,-0.0152,1.12731,7.19946,0.0,34.6726,NA_NA_NA_NA_Nov14201006-03-53_CTD_06.cnv,CTD_06.cnv
798.902,804.908,2.138205,3.5232,1477.8,-0.0067,1.11716,7.2031,0.0,34.6914,NA_NA_NA_NA_Nov14201006-03-53_CTD_06.cnv,CTD_06.cnv
799.387,805.396,2.137818,3.522,1477.89,-0.0071,1.13639,7.19654,0.0,34.6743,NA_NA_NA_NA_Nov14201006-03-53_CTD_06.cnv,CTD_06.cnv
799.905,805.918,2.139154,3.5329,1477.87,-0.0064,1.13609,7.20527,0.0,34.6839,NA_NA_NA_NA_Nov14201006-03-53_CTD_06.cnv,CTD_06.cnv
800.449,806.467,2.135387,3.4999,1477.8,-0.014,1.14895,7.19443,0.0,34.6767,NA_NA_NA_NA_Nov14201006-03-53_CTD_06.cnv,CTD_06.cnv
800.936,806.957,2.140227,3.5792,1478.16,-0.0118,1.16798,7.20637,0.0,34.6774,NA_NA_NA_NA_Nov14201006-03-53_CTD_06.cnv,CTD_06.cnv
801.431,807.456,2.139959,3.5624,1478.17,-0.0014,1.16997,7.19449,0.0,34.6842,NA_NA_NA_NA_Nov14201006-03-53_CTD_06.cnv,CTD_06.cnv
801.935,807.963,2.135346,3.5042,1477.88,-0.0034,1.16228,7.20337,0.0,34.6779,NA_NA_NA_NA_Nov14201006-03-53_CTD_06.cnv,CTD_06.cnv
802.441,808.473,2.137326,3.5436,1478.02,0.0036,1.15567,7.20231,0.0,34.6748,NA_NA_NA_NA_Nov14201006-03-53_CTD_06.cnv,CTD_06.cnv
802.943,808.979,2.139105,3.5564,1478.05,-0.0006,1.16343,7.19951,0.0,34.6671,NA_NA_NA_NA_Nov14201006-03-53_CTD_06.cnv,CTD_06.cnv
803.37,809.409,2.137448,3.5099,1477.82,0.0168,1.1671,7.20306,0.0,34.6769,NA_NA_NA_NA_Nov14201006-03-53_CTD_06.cnv,CTD_06.cnv
803.903,809.945,2.135757,3.5063,1477.85,-0.0046,1.1803,7.1965,0.0,34.68,NA_NA_NA_NA_Nov14201006-03-53_CTD_06.cnv,CTD_06.cnv
804.432,810.479,2.137091,3.5258,1477.9,-0.0062,1.18761,7.20561,0.0,34.6737,NA_NA_NA_NA_Nov14201006-03-53_CTD_06.cnv,CTD_06.cnv
804.876,810.926,2.135906,3.5379,1478.02,0.0036,1.19355,7.19142,0.0,34.6722,NA_NA_NA_NA_Nov14201006-03-53_CTD_06.cnv,CTD_06.cnv
805.363,811.416,2.138699,3.5454,1478.06,0.0028,1.19884,7.20635,0.0,34.6771,NA_NA_NA_NA_Nov14201006-03-53_CTD_06.cnv,CTD_06.cnv
805.926,811.983,2.137326,3.5333,1477.99,-0.0025,1.19458,7.19824,0.0,34.6744,NA_NA_NA_NA_Nov14201006-03-53_CTD_06.cnv,CTD_06.cnv
806.389,812.449,2.135606,3.4905,1477.95,0.0069,1.19233,7.20127,0.0,34.689,NA_NA_NA_NA_Nov14201006-03-53_CTD_06.cnv,CTD_06.cnv
806.941,813.005,2.138679,3.5256,1477.94,0.004,1.20143,7.19947,0.0,34.6908,NA_NA_NA_NA_Nov14201006-03-53_CTD_06.cnv,CTD_06.cnv
807.355,813.423,2.13402,3.4965,1477.85,-0.0011,1.19053,7.19761,0.0,34.6764,NA_NA_NA_NA_Nov14201006-03-53_CTD_06.cnv,CTD_06.cnv
807.875,813.947,2.139975,3.5447,1478.11,-0.0042,1.21693,7.19507,0.0,34.6722,NA_NA_NA_NA_Nov14201006-03-53_CTD_06.cnv,CTD_06.cnv
808.438,814.514,2.135531,3.5162,1478.0,-0.0047,1.22715,7.19967,0.0,34.6759,NA_NA_NA_NA_Nov14201006-03-53_CTD_06.cnv,CTD_06.cnv
808.898,814.977,2.141961,3.5481,1478.18,-0.0037,1.20275,7.19763,0.0,34.6961,NA_NA_NA_NA_Nov14201006-03-53_CTD_06.cnv,CTD_06.cnv
809.393,815.476,2.136835,3.5151,1477.98,0.0084,1.2126,7.2059,0.0,34.6897,NA_NA_NA_NA_Nov14201006-03-53_CTD_06.cnv,CTD_06.cnv
809.946,816.033,2.136656,3.5138,1477.98,-0.0091,1.20954,7.19939,0.0,34.6791,NA_NA_NA_NA_Nov14201006-03-53_CTD_06.cnv,CTD_06.cnv
810.378,816.468,2.141751,3.5713,1478.34,0.0048,1.22991,7.20192,0.0,34.6787,NA_NA_NA_NA_Nov14201006-03-53_CTD_06.cnv,CTD_06.cnv
810.931,817.025,2.136019,3.5156,1478.02,-0.02,1.24644,7.19572,0.0,34.6692,NA_NA_NA_NA_Nov14201006-03-53_CTD_06.cnv,CTD_06.cnv
811.412,817.509,2.136539,3.5263,1478.03,-0.0076,1.22788,7.19648,0.0,34.6755,NA_NA_NA_NA_Nov14201006-03-53_CTD_06.cnv,CTD_06.cnv
811.888,817.989,2.138626,3.5407,1478.03,-0.0039,1.25415,7.20185,0.0,34.6698,NA_NA_NA_NA_Nov14201006-03-53_CTD_06.cnv,CTD_06.cnv
812.377,818.481,2.137654,3.5177,1478.13,-0.0028,1.25527,7.19661,0.0,34.6777,NA_NA_NA_NA_Nov14201006-03-53_CTD_06.cnv,CTD_06.cnv
812.886,818.995,2.137603,3.5573,1478.24,0.0116,1.24588,7.20304,0.0,34.6646,NA_NA_NA_NA_Nov14201006-03-53_CTD_06.cnv,CTD_06.cnv
813.405,819.517,2.138675,3.5264,1478.13,0.0119,1.25565,7.20258,0.0,34.696,NA_NA_NA_NA_Nov14201006-03-53_CTD_06.cnv,CTD_06.cnv
813.921,820.037,2.14011,3.5507,1478.27,0.0033,1.25959,7.20583,0.0,34.6841,NA_NA_NA_NA_Nov14201006-03-53_CTD_06.cnv,CTD_06.cnv
814.439,820.559,2.136847,3.5176,1478.2,0.0113,1.26549,7.20117,0.0,34.6715,NA_NA_NA_NA_Nov14201006-03-53_CTD_06.cnv,CTD_06.cnv
814.952,821.075,2.137273,3.5304,1478.29,-0.0015,1.27794,7.19779,0.0,34.677,NA_NA_NA_NA_Nov14201006-03-53_CTD_06.cnv,CTD_06.cnv
815.434,821.561,2.137933,3.5223,1478.1,-0.0164,1.2815,7.19969,0.0,34.6759,NA_NA_NA_NA_Nov14201006-03-53_CTD_06.cnv,CTD_06.cnv
815.911,822.041,2.137247,3.5237,1478.13,-0.0023,1.29592,7.20179,0.0,34.6812,NA_NA_NA_NA_Nov14201006-03-53_CTD_06.cnv,CTD_06.cnv
816.411,822.545,2.136394,3.5248,1478.11,-0.02,1.29028,7.20389,0.0,34.6715,NA_NA_NA_NA_Nov14201006-03-53_CTD_06.cnv,CTD_06.cnv
816.933,823.071,2.140185,3.5784,1478.41,0.0065,1.28986,7.20168,0.0,34.6774,NA_NA_NA_NA_Nov14201006-03-53_CTD_06.cnv,CTD_06.cnv
817.455,823.597,2.139905,3.5322,1478.29,0.0079,1.31205,7.19553,0.0,34.6877,NA_NA_NA_NA_Nov14201006-03-53_CTD_06.cnv,CTD_06.cnv
817.882,824.026,2.137697,3.5148,1478.14,0.0125,1.29987,7.19798,0.0,34.6979,NA_NA_NA_NA_Nov14201006-03-53_CTD_06.cnv,CTD_06.cnv
818.398,824.546,2.138394,3.5428,1478.26,-0.0015,1.31342,7.21402,0.0,34.6845,NA_NA_NA_NA_Nov14201006-03-53_CTD_06.cnv,CTD_06.cnv
818.894,825.046,2.14143,3.5527,1478.44,-0.0007,1.29943,7.20392,0.0,34.692,NA_NA_NA_NA_Nov14201006-03-53_CTD_06.cnv,CTD_06.cnv
819.442,825.598,2.141565,3.56,1478.46,0.006,1.32231,7.19814,0.0,34.6942,NA_NA_NA_NA_Nov14201006-03-53_CTD_06.cnv,CTD_06.cnv
819.88,826.039,2.139313,3.5875,1478.45,-0.0022,1.34717,7.19991,0.0,34.6556,NA_NA_NA_NA_Nov14201006-03-53_CTD_06.cnv,CTD_06.cnv
820.418,826.581,2.139216,3.5372,1478.31,0.0059,1.32946,7.21127,0.0,34.6869,NA_NA_NA_NA_Nov14201006-03-53_CTD_06.cnv,CTD_06.cnv
820.874,827.04,2.14076,3.5573,1478.41,0.0043,1.32081,7.19536,0.0,34.6984,NA_NA_NA_NA_Nov14201006-03-53_CTD_06.cnv,CTD_06.cnv
821.442,827.613,2.136613,3.5036,1478.25,0.0006,1.33766,7.19812,0.0,34.6846,NA_NA_NA_NA_Nov14201006-03-53_CTD_06.cnv,CTD_06.cnv
821.896,828.07,2.141434,3.5775,1478.47,-0.0011,1.3417,7.19604,0.0,34.6906,NA_NA_NA_NA_Nov14201006-03-53_CTD_06.cnv,CTD_06.cnv
822.387,828.564,2.137656,3.5397,1478.37,0.0072,1.33496,7.20535,0.0,34.6794,NA_NA_NA_NA_Nov14201006-03-53_CTD_06.cnv,CTD_06.cnv
822.891,829.072,2.137698,3.5453,1478.41,0.0013,1.34653,7.19542,0.0,34.6702,NA_NA_NA_NA_Nov14201006-03-53_CTD_06.cnv,CTD_06.cnv
823.406,829.591,2.139565,3.567,1478.53,0.0092,1.3484,7.19494,0.0,34.6853,NA_NA_NA_NA_Nov14201006-03-53_CTD_06.cnv,CTD_06.cnv
823.873,830.061,2.137649,3.5249,1478.32,-0.0017,1.35022,7.1912,0.0,34.6775,NA_NA_NA_NA_Nov14201006-03-53_CTD_06.cnv,CTD_06.cnv
824.46,830.653,2.138306,3.5645,1478.44,-0.0184,1.36877,7.20008,0.0,34.6748,NA_NA_NA_NA_Nov14201006-03-53_CTD_06.cnv,CTD_06.cnv
824.907,831.103,2.139412,3.5423,1478.32,0.0015,1.35908,7.19835,0.0,34.693,NA_NA_NA_NA_Nov14201006-03-53_CTD_06.cnv,CTD_06.cnv
825.375,831.574,2.141383,3.5576,1478.45,-0.0015,1.35959,7.19834,0.0,34.7062,NA_NA_NA_NA_Nov14201006-03-53_CTD_06.cnv,CTD_06.cnv
825.923,832.126,2.138591,3.5379,1478.29,-0.0002,1.37822,7.21048,0.0,34.672,NA_NA_NA_NA_Nov14201006-03-53_CTD_06.cnv,CTD_06.cnv
826.442,832.65,2.140785,3.586,1478.53,0.002,1.37505,7.20094,0.0,34.684,NA_NA_NA_NA_Nov14201006-03-53_CTD_06.cnv,CTD_06.cnv
826.866,833.076,2.136679,3.5296,1478.35,0.0004,1.38423,7.1977,0.0,34.6743,NA_NA_NA_NA_Nov14201006-03-53_CTD_06.cnv,CTD_06.cnv
827.427,833.642,2.14033,3.5686,1478.49,0.0073,1.39112,7.19432,0.0,34.6866,NA_NA_NA_NA_Nov14201006-03-53_CTD_06.cnv,CTD_06.cnv
827.927,834.145,2.137445,3.5353,1478.48,-0.0035,1.39894,7.19915,0.0,34.6961,NA_NA_NA_NA_Nov14201006-03-53_CTD_06.cnv,CTD_06.cnv
828.387,834.608,2.141826,3.5636,1478.44,0.0006,1.39952,7.20134,0.0,34.6847,NA_NA_NA_NA_Nov14201006-03-53_CTD_06.cnv,CTD_06.cnv
828.879,835.104,2.136224,3.538,1478.34,-0.0011,1.40261,7.20057,0.0,34.6614,NA_NA_NA_NA_Nov14201006-03-53_CTD_06.cnv,CTD_06.cnv
829.398,835.627,2.136745,3.5258,1478.39,-0.006,1.41917,7.20203,0.0,34.6866,NA_NA_NA_NA_Nov14201006-03-53_CTD_06.cnv,CTD_06.cnv
829.935,836.168,2.138317,3.5503,1478.43,0.0002,1.42089,7.20112,0.0,34.6855,NA_NA_NA_NA_Nov14201006-03-53_CTD_06.cnv,CTD_06.cnv
830.446,836.683,2.140885,3.5306,1478.5,-0.0066,1.43195,7.21198,0.0,34.6974,NA_NA_NA_NA_Nov14201006-03-53_CTD_06.cnv,CTD_06.cnv
830.92,837.16,2.137649,3.5442,1478.46,-0.003,1.43082,7.19884,0.0,34.6591,NA_NA_NA_NA_Nov14201006-03-53_CTD_06.cnv,CTD_06.cnv
831.441,837.684,2.13688,3.5344,1478.54,-0.0023,1.41828,7.19489,0.0,34.6815,NA_NA_NA_NA_Nov14201006-03-53_CTD_06.cnv,CTD_06.cnv
831.936,838.184,2.138719,3.5225,1478.4,0.0083,1.43917,7.20288,0.0,34.6857,NA_NA_NA_NA_Nov14201006-03-53_CTD_06.cnv,CTD_06.cnv
832.461,838.712,2.136546,3.5067,1478.43,-0.0005,1.43466,7.20083,0.0,34.6796,NA_NA_NA_NA_Nov14201006-03-53_CTD_06.cnv,CTD_06.cnv
832.954,839.209,2.139512,3.545,1478.58,-0.0062,1.46314,7.19985,0.0,34.69,NA_NA_NA_NA_Nov14201006-03-53_CTD_06.cnv,CTD_06.cnv
833.41,839.668,2.13666,3.524,1478.5,0.0164,1.44356,7.2048,0.0,34.673,NA_NA_NA_NA_Nov14201006-03-53_CTD_06.cnv,CTD_06.cnv
833.873,840.134,2.139257,3.5274,1478.4,0.0017,1.45194,7.20588,0.0,34.6952,NA_NA_NA_NA_Nov14201006-03-53_CTD_06.cnv,CTD_06.cnv
834.404,840.67,2.137754,3.5178,1478.38,-0.0165,1.4476,7.19599,0.0,34.6813,NA_NA_NA_NA_Nov14201006-03-53_CTD_06.cnv,CTD_06.cnv
834.927,841.196,2.137394,3.5133,1478.45,-0.008,1.47032,7.20547,0.0,34.6821,NA_NA_NA_NA_Nov14201006-03-53_CTD_06.cnv,CTD_06.cnv
835.37,841.642,2.139813,3.5447,1478.58,-0.0097,1.44182,7.19616,0.0,34.679,NA_NA_NA_NA_Nov14201006-03-53_CTD_06.cnv,CTD_06.cnv
835.961,842.238,2.139526,3.528,1478.53,-0.0036,1.48313,7.20168,0.0,34.6776,NA_NA_NA_NA_Nov14201006-03-53_CTD_06.cnv,CTD_06.cnv
836.377,842.657,2.139104,3.5504,1478.64,-0.0018,1.46768,7.19865,0.0,34.6793,NA_NA_NA_NA_Nov14201006-03-53_CTD_06.cnv,CTD_06.cnv
836.965,843.249,2.138584,3.5274,1478.47,0.0017,1.48988,7.19044,0.0,34.6765,NA_NA_NA_NA_Nov14201006-03-53_CTD_06.cnv,CTD_06.cnv
837.408,843.695,2.139652,3.5213,1478.51,0.0093,1.49526,7.19657,0.0,34.6909,NA_NA_NA_NA_Nov14201006-03-53_CTD_06.cnv,CTD_06.cnv
837.935,844.227,2.137592,3.5424,1478.6,0.0037,1.50179,7.19953,0.0,34.6638,NA_NA_NA_NA_Nov14201006-03-53_CTD_06.cnv,CTD_06.cnv
838.446,844.74,2.138476,3.5182,1478.5,-0.0012,1.49139,7.20936,0.0,34.6818,NA_NA_NA_NA_Nov14201006-03-53_CTD_06.cnv,CTD_06.cnv
838.957,845.256,2.138945,3.5384,1478.59,0.0005,1.49301,7.19976,0.0,34.6786,NA_NA_NA_NA_Nov14201006-03-53_CTD_06.cnv,CTD_06.cnv
839.382,845.683,2.136289,3.5227,1478.56,0.001,1.51079,7.19564,0.0,34.6732,NA_NA_NA_NA_Nov14201006-03-53_CTD_06.cnv,CTD_06.cnv
839.91,846.215,2.140326,3.5433,1478.67,-0.0023,1.49964,7.19942,0.0,34.6745,NA_NA_NA_NA_Nov14201006-03-53_CTD_06.cnv,CTD_06.cnv
840.384,846.693,2.136856,3.4913,1478.4,-0.0003,1.51701,7.19617,0.0,34.6746,NA_NA_NA_NA_Nov14201006-03-53_CTD_06.cnv,CTD_06.cnv
840.939,847.252,2.139025,3.5288,1478.64,-0.0098,1.50631,7.20001,0.0,34.6757,NA_NA_NA_NA_Nov14201006-03-53_CTD_06.cnv,CTD_06.cnv
841.46,847.777,2.138763,3.5421,1478.71,0.0031,1.52381,7.19667,0.0,34.6823,NA_NA_NA_NA_Nov14201006-03-53_CTD_06.cnv,CTD_06.cnv
841.944,848.265,2.138577,3.5603,1478.73,-0.0044,1.52569,7.19906,0.0,34.6746,NA_NA_NA_NA_Nov14201006-03-53_CTD_06.cnv,CTD_06.cnv
842.412,848.736,2.137478,3.5313,1478.65,-0.0098,1.52846,7.20569,0.0,34.6678,NA_NA_NA_NA_Nov14201006-03-53_CTD_06.cnv,CTD_06.cnv
842.919,849.247,2.138957,3.5395,1478.74,0.0019,1.53176,7.1989,0.0,34.6853,NA_NA_NA_NA_Nov14201006-03-53_CTD_06.cnv,CTD_06.cnv
843.431,849.762,2.139069,3.5386,1478.68,0.0036,1.5356,7.19989,0.0,34.6759,NA_NA_NA_NA_Nov14201006-03-53_CTD_06.cnv,CTD_06.cnv
843.968,850.303,2.138285,3.5409,1478.75,0.0008,1.5368,7.20022,0.0,34.6749,NA_NA_NA_NA_Nov14201006-03-53_CTD_06.cnv,CTD_06.cnv
844.467,850.806,2.140122,3.5492,1478.74,0.012,1.54621,7.20059,0.0,34.7036,NA_NA_NA_NA_Nov14201006-03-53_CTD_06.cnv,CTD_06.cnv
844.889,851.23,2.138401,3.5617,1478.73,-0.0026,1.53992,7.19633,0.0,34.6673,NA_NA_NA_NA_Nov14201006-03-53_CTD_06.cnv,CTD_06.cnv
845.401,851.747,2.139383,3.5362,1478.7,0.0023,1.55832,7.19676,0.0,34.6762,NA_NA_NA_NA_Nov14201006-03-53_CTD_06.cnv,CTD_06.cnv
845.899,852.248,2.140045,3.5372,1478.72,0.004,1.56011,7.19912,0.0,34.6867,NA_NA_NA_NA_Nov14201006-03-53_CTD_06.cnv,CTD_06.cnv
846.385,852.737,2.140407,3.5632,1478.8,0.0072,1.57278,7.20137,0.0,34.6789,NA_NA_NA_NA_Nov14201006-03-53_CTD_06.cnv,CTD_06.cnv
846.879,853.235,2.136535,3.5083,1478.65,0.0003,1.5692,7.20251,0.0,34.6733,NA_NA_NA_NA_Nov14201006-03-53_CTD_06.cnv,CTD_06.cnv
847.441,853.801,2.141698,3.5639,1478.91,-0.0022,1.56392,7.20126,0.0,34.6938,NA_NA_NA_NA_Nov14201006-03-53_CTD_06.cnv,CTD_06.cnv
847.952,854.316,2.138177,3.5363,1478.78,-0.0049,1.57472,7.20241,0.0,34.6901,NA_NA_NA_NA_Nov14201006-03-53_CTD_06.cnv,CTD_06.cnv
848.379,854.747,2.138617,3.5112,1478.71,-0.0007,1.60094,7.20338,0.0,34.6814,NA_NA_NA_NA_Nov14201006-03-53_CTD_06.cnv,CTD_06.cnv
848.916,855.287,2.137931,3.5423,1478.81,0.0022,1.57913,7.18915,0.0,34.6911,NA_NA_NA_NA_Nov14201006-03-53_CTD_06.cnv,CTD_06.cnv
849.415,855.79,2.138068,3.5361,1478.83,0.0186,1.58194,7.19401,0.0,34.6926,NA_NA_NA_NA_Nov14201006-03-53_CTD_06.cnv,CTD_06.cnv
849.932,856.311,2.135982,3.5406,1478.8,-0.0023,1.60006,7.20092,0.0,34.6677,NA_NA_NA_NA_Nov14201006-03-53_CTD_06.cnv,CTD_06.cnv
850.442,856.824,2.137632,3.529,1478.87,-0.0017,1.59956,7.20029,0.0,34.6863,NA_NA_NA_NA_Nov14201006-03-53_CTD_06.cnv,CTD_06.cnv
850.885,857.271,2.140277,3.5781,1479.07,-0.0057,1.61191,7.20122,0.0,34.6624,NA_NA_NA_NA_Nov14201006-03-53_CTD_06.cnv,CTD_06.cnv
851.463,857.853,2.13996,3.5538,1478.86,0.0018,1.62209,7.20395,0.0,34.6808,NA_NA_NA_NA_Nov14201006-03-53_CTD_06.cnv,CTD_06.cnv
851.964,858.357,2.138263,3.5362,1478.82,-0.0043,1.61528,7.19603,0.0,34.6676,NA_NA_NA_NA_Nov14201006-03-53_CTD_06.cnv,CTD_06.cnv
852.394,858.79,2.14107,3.5624,1478.9,-0.0085,1.6173,7.20359,0.0,34.6817,NA_NA_NA_NA_Nov14201006-03-53_CTD_06.cnv,CTD_06.cnv
852.902,859.302,2.139074,3.514,1478.8,0.0075,1.61967,7.19421,0.0,34.6959,NA_NA_NA_NA_Nov14201006-03-53_CTD_06.cnv,CTD_06.cnv
853.412,859.816,2.135348,3.5053,1478.69,0.0049,1.6174,7.20299,0.0,34.6727,NA_NA_NA_NA_Nov14201006-03-53_CTD_06.cnv,CTD_06.cnv
853.878,860.286,2.13916,3.5545,1478.87,0.0008,1.62314,7.1931,0.0,34.6642,NA_NA_NA_NA_Nov14201006-03-53_CTD_06.cnv,CTD_06.cnv
854.433,860.845,2.139016,3.5195,1478.83,0.0082,1.63678,7.19241,0.0,34.7037,NA_NA_NA_NA_Nov14201006-03-53_CTD_06.cnv,CTD_06.cnv
854.89,861.305,2.140352,3.5387,1478.91,-0.002,1.64456,7.20554,0.0,34.693,NA_NA_NA_NA_Nov14201006-03-53_CTD_06.cnv,CTD_06.cnv
855.461,861.88,2.138373,3.5031,1478.73,-0.02,1.6291,7.19439,0.0,34.6774,NA_NA_NA_NA_Nov14201006-03-53_CTD_06.cnv,CTD_06.cnv
855.912,862.334,2.141066,3.5843,1479.1,-0.0088,1.63328,7.19136,0.0,34.6825,NA_NA_NA_NA_Nov14201006-03-53_CTD_06.cnv,CTD_06.cnv
856.468,862.894,2.142043,3.5522,1479.03,-0.0045,1.65327,7.20411,0.0,34.6949,NA_NA_NA_NA_Nov14201006-03-53_CTD_06.cnv,CTD_06.cnv
856.928,863.357,2.137394,3.5201,1478.84,-0.006,1.65626,7.21199,0.0,34.6736,NA_NA_NA_NA_Nov14201006-03-53_CTD_06.cnv,CTD_06.cnv
857.438,863.871,2.138546,3.534,1478.96,0.0169,1.67015,7.19832,0.0,34.6938,NA_NA_NA_NA_Nov14201006-03-53_CTD_06.cnv,CTD_06.cnv
857.904,864.341,2.139981,3.5533,1478.93,-0.008,1.68741,7.19566,0.0,34.6721,NA_NA_NA_NA_Nov14201006-03-53_CTD_06.cnv,CTD_06.cnv
858.448,864.889,2.140117,3.5658,1479.02,0.0042,1.67407,7.20099,0.0,34.6816,NA_NA_NA_NA_Nov14201006-03-53_CTD_06.cnv,CTD_06.cnv
858.942,865.386,2.137416,3.5403,1478.97,0.0039,1.66519,7.19938,0.0,34.6822,NA_NA_NA_NA_Nov14201006-03-53_CTD_06.cnv,CTD_06.cnv
859.479,865.928,2.140611,3.5555,1479.06,0.0056,1.6772,7.19948,0.0,34.671,NA_NA_NA_NA_Nov14201006-03-53_CTD_06.cnv,CTD_06.cnv
859.949,866.401,2.141006,3.5813,1479.27,0.0,1.69412,7.20258,0.0,34.6875,NA_NA_NA_NA_Nov14201006-03-53_CTD_06.cnv,CTD_06.cnv
860.432,866.887,2.136981,3.5294,1478.94,0.0086,1.6857,7.2036,0.0,34.672,NA_NA_NA_NA_Nov14201006-03-53_CTD_06.cnv,CTD_06.cnv
860.899,867.357,2.137038,3.5453,1478.92,0.0096,1.68727,7.2035,0.0,34.6584,NA_NA_NA_NA_Nov14201006-03-53_CTD_06.cnv,CTD_06.cnv
861.445,867.907,2.138207,3.541,1479.07,0.0173,1.70281,7.20261,0.0,34.6872,NA_NA_NA_NA_Nov14201006-03-53_CTD_06.cnv,CTD_06.cnv
861.92,868.386,2.138245,3.555,1479.12,-0.0115,1.70064,7.20204,0.0,34.6875,NA_NA_NA_NA_Nov14201006-03-53_CTD_06.cnv,CTD_06.cnv
862.461,868.931,2.139475,3.5408,1479.08,-0.0076,1.69147,7.20259,0.0,34.6969,NA_NA_NA_NA_Nov14201006-03-53_CTD_06.cnv,CTD_06.cnv
862.939,869.412,2.139258,3.534,1478.98,0.0209,1.72004,7.19919,0.0,34.6969,NA_NA_NA_NA_Nov14201006-03-53_CTD_06.cnv,CTD_06.cnv
863.467,869.945,2.138804,3.5368,1479.04,0.0002,1.72641,7.19816,0.0,34.6931,NA_NA_NA_NA_Nov14201006-03-53_CTD_06.cnv,CTD_06.cnv
863.962,870.443,2.138541,3.5359,1478.95,-0.0069,1.72974,7.19367,0.0,34.6842,NA_NA_NA_NA_Nov14201006-03-53_CTD_06.cnv,CTD_06.cnv
864.415,870.899,2.140653,3.5818,1479.19,0.0054,1.74049,7.1907,0.0,34.6838,NA_NA_NA_NA_Nov14201006-03-53_CTD_06.cnv,CTD_06.cnv
864.889,871.377,2.140042,3.5535,1479.23,-0.0036,1.7279,7.1931,0.0,34.6879,NA_NA_NA_NA_Nov14201006-03-53_CTD_06.cnv,CTD_06.cnv
865.462,871.954,2.136944,3.4911,1478.81,0.0014,1.75109,7.19865,0.0,34.688,NA_NA_NA_NA_Nov14201006-03-53_CTD_06.cnv,CTD_06.cnv
865.982,872.478,2.138405,3.5313,1479.08,-0.0048,1.72952,7.19728,0.0,34.684,NA_NA_NA_NA_Nov14201006-03-53_CTD_06.cnv,CTD_06.cnv
866.409,872.908,2.139594,3.554,1479.17,0.0007,1.74706,7.19614,0.0,34.6827,NA_NA_NA_NA_Nov14201006-03-53_CTD_06.cnv,CTD_06.cnv
866.976,873.479,2.139635,3.5372,1478.99,-0.0065,1.73274,7.1984,0.0,34.6752,NA_NA_NA_NA_Nov14201006-03-53_CTD_06.cnv,CTD_06.cnv
867.39,873.896,2.136255,3.522,1478.93,0.015,1.74426,7.19494,0.0,34.6703,NA_NA_NA_NA_Nov14201006-03-53_CTD_06.cnv,CTD_06.cnv
867.969,874.479,2.138698,3.5271,1479.04,0.003,1.76657,7.19506,0.0,34.6802,NA_NA_NA_NA_Nov14201006-03-53_CTD_06.cnv,CTD_06.cnv
868.456,874.97,2.139712,3.5389,1479.2,0.0035,1.76445,7.20077,0.0,34.7009,NA_NA_NA_NA_Nov14201006-03-53_CTD_06.cnv,CTD_06.cnv
868.921,875.438,2.13802,3.5199,1479.0,-0.0026,1.74698,7.19493,0.0,34.676,NA_NA_NA_NA_Nov14201006-03-53_CTD_06.cnv,CTD_06.cnv
869.412,875.933,2.137737,3.5378,1479.06,-0.0052,1.77882,7.2076,0.0,34.6661,NA_NA_NA_NA_Nov14201006-03-53_CTD_06.cnv,CTD_06.cnv
869.897,876.421,2.136214,3.5169,1479.14,0.0079,1.76495,7.19579,0.0,34.685,NA_NA_NA_NA_Nov14201006-03-53_CTD_06.cnv,CTD_06.cnv
870.43,876.959,2.135119,3.5154,1478.99,-0.0003,1.77764,7.21116,0.0,34.6696,NA_NA_NA_NA_Nov14201006-03-53_CTD_06.cnv,CTD_06.cnv
870.911,877.443,2.13739,3.5226,1479.08,-0.0,1.79459,7.20015,0.0,34.6879,NA_NA_NA_NA_Nov14201006-03-53_CTD_06.cnv,CTD_06.cnv
871.424,877.96,2.137944,3.5383,1479.14,0.0032,1.77475,7.20811,0.0,34.6681,NA_NA_NA_NA_Nov14201006-03-53_CTD_06.cnv,CTD_06.cnv
871.893,878.432,2.135417,3.5289,1479.14,-0.0006,1.801,7.20284,0.0,34.6698,NA_NA_NA_NA_Nov14201006-03-53_CTD_06.cnv,CTD_06.cnv
872.418,878.961,2.138826,3.5663,1479.3,-0.0092,1.77568,7.21008,0.0,34.6757,NA_NA_NA_NA_Nov14201006-03-53_CTD_06.cnv,CTD_06.cnv
872.964,879.51,2.140464,3.569,1479.31,0.0017,1.78659,7.19423,0.0,34.688,NA_NA_NA_NA_Nov14201006-03-53_CTD_06.cnv,CTD_06.cnv
873.447,879.997,2.137092,3.5267,1479.17,-0.0047,1.80454,7.20844,0.0,34.6814,NA_NA_NA_NA_Nov14201006-03-53_CTD_06.cnv,CTD_06.cnv
873.961,880.515,2.140597,3.5521,1479.24,-0.0036,1.83012,7.20835,0.0,34.6967,NA_NA_NA_NA_Nov14201006-03-53_CTD_06.cnv,CTD_06.cnv
874.483,881.041,2.138011,3.546,1479.27,-0.0001,1.82854,7.20234,0.0,34.6673,NA_NA_NA_NA_Nov14201006-03-53_CTD_06.cnv,CTD_06.cnv
874.951,881.513,2.14113,3.5567,1479.33,-0.0026,1.81687,7.2059,0.0,34.6825,NA_NA_NA_NA_Nov14201006-03-53_CTD_06.cnv,CTD_06.cnv
875.459,882.024,2.140808,3.5668,1479.22,-0.0,1.83188,7.19789,0.0,34.6834,NA_NA_NA_NA_Nov14201006-03-53_CTD_06.cnv,CTD_06.cnv
875.909,882.477,2.140543,3.56,1479.25,-0.0027,1.83556,7.20283,0.0,34.704,NA_NA_NA_NA_Nov14201006-03-53_CTD_06.cnv,CTD_06.cnv
876.402,882.974,2.137806,3.5354,1479.26,-0.0023,1.83054,7.19691,0.0,34.6858,NA_NA_NA_NA_Nov14201006-03-53_CTD_06.cnv,CTD_06.cnv
876.939,883.514,2.136326,3.5,1479.07,0.0031,1.84576,7.19625,0.0,34.6811,NA_NA_NA_NA_Nov14201006-03-53_CTD_06.cnv,CTD_06.cnv
877.439,884.018,2.138774,3.5258,1479.19,-0.0003,1.84572,7.20631,0.0,34.682,NA_NA_NA_NA_Nov14201006-03-53_CTD_06.cnv,CTD_06.cnv
877.954,884.538,2.14056,3.5292,1479.21,0.0094,1.85464,7.20444,0.0,34.6829,NA_NA_NA_NA_Nov14201006-03-53_CTD_06.cnv,CTD_06.cnv
878.393,884.98,2.135465,3.5263,1479.21,0.0078,1.85915,7.19089,0.0,34.6646,NA_NA_NA_NA_Nov14201006-03-53_CTD_06.cnv,CTD_06.cnv
878.891,885.481,2.139743,3.5373,1479.33,-0.0112,1.86186,7.19047,0.0,34.6928,NA_NA_NA_NA_Nov14201006-03-53_CTD_06.cnv,CTD_06.cnv
879.431,886.025,2.138236,3.5163,1479.27,0.0021,1.85145,7.19987,0.0,34.6977,NA_NA_NA_NA_Nov14201006-03-53_CTD_06.cnv,CTD_06.cnv
879.92,886.518,2.138616,3.5677,1479.41,0.0032,1.89439,7.19784,0.0,34.6655,NA_NA_NA_NA_Nov14201006-03-53_CTD_06.cnv,CTD_06.cnv
880.484,887.086,2.139544,3.5195,1479.25,-0.0057,1.8831,7.20026,0.0,34.6878,NA_NA_NA_NA_Nov14201006-03-53_CTD_06.cnv,CTD_06.cnv
880.955,887.56,2.142721,3.5845,1479.48,-0.0119,1.87322,7.21175,0.0,34.6787,NA_NA_NA_NA_Nov14201006-03-53_CTD_06.cnv,CTD_06.cnv
881.393,888.001,2.143041,3.5843,1479.65,-0.0011,1.87791,7.20304,0.0,34.6853,NA_NA_NA_NA_Nov14201006-03-53_CTD_06.cnv,CTD_06.cnv
881.975,888.588,2.13975,3.538,1479.42,-0.0013,1.90263,7.20227,0.0,34.6923,NA_NA_NA_NA_Nov14201006-03-53_CTD_06.cnv,CTD_06.cnv
882.451,889.067,2.139474,3.5192,1479.31,-0.0008,1.90889,7.19803,0.0,34.6759,NA_NA_NA_NA_Nov14201006-03-53_CTD_06.cnv,CTD_06.cnv
882.892,889.511,2.138675,3.53,1479.34,-0.0015,1.88468,7.20249,0.0,34.6878,NA_NA_NA_NA_Nov14201006-03-53_CTD_06.cnv,CTD_06.cnv
883.482,890.106,2.137239,3.4996,1479.31,0.0012,1.90649,7.20739,0.0,34.6846,NA_NA_NA_NA_Nov14201006-03-53_CTD_06.cnv,CTD_06.cnv
883.923,890.549,2.136715,3.5035,1479.26,0.015,1.89573,7.2012,0.0,34.6827,NA_NA_NA_NA_Nov14201006-03-53_CTD_06.cnv,CTD_06.cnv
884.405,891.035,2.141836,3.5788,1479.59,-0.0049,1.90426,7.1926,0.0,34.6937,NA_NA_NA_NA_Nov14201006-03-53_CTD_06.cnv,CTD_06.cnv
884.895,891.529,2.139371,3.5359,1479.38,-0.0043,1.90735,7.20226,0.0,34.6784,NA_NA_NA_NA_Nov14201006-03-53_CTD_06.cnv,CTD_06.cnv
885.397,892.034,2.136287,3.4795,1479.19,0.0019,1.90828,7.20651,0.0,34.6848,NA_NA_NA_NA_Nov14201006-03-53_CTD_06.cnv,CTD_06.cnv
885.938,892.58,2.137592,3.5509,1479.42,0.0094,1.9167,7.1974,0.0,34.6762,NA_NA_NA_NA_Nov14201006-03-53_CTD_06.cnv,CTD_06.cnv
886.423,893.068,2.138821,3.5461,1479.43,0.0003,1.92322,7.19803,0.0,34.685,NA_NA_NA_NA_Nov14201006-03-53_CTD_06.cnv,CTD_06.cnv
886.894,893.543,2.135249,3.4969,1479.2,0.0098,1.93439,7.20337,0.0,34.688,NA_NA_NA_NA_Nov14201006-03-53_CTD_06.cnv,CTD_06.cnv
887.456,894.108,2.140868,3.548,1479.51,-0.0028,1.93986,7.19794,0.0,34.6823,NA_NA_NA_NA_Nov14201006-03-53_CTD_06.cnv,CTD_06.cnv
887.918,894.574,2.139382,3.5637,1479.53,0.0011,1.93812,7.20018,0.0,34.6734,NA_NA_NA_NA_Nov14201006-03-53_CTD_06.cnv,CTD_06.cnv
888.414,895.073,2.138802,3.5215,1479.35,-0.0161,1.94593,7.20078,0.0,34.6813,NA_NA_NA_NA_Nov14201006-03-53_CTD_06.cnv,CTD_06.cnv
888.922,895.585,2.142918,3.5664,1479.56,0.014,1.95078,7.20469,0.0,34.7054,NA_NA_NA_NA_Nov14201006-03-53_CTD_06.cnv,CTD_06.cnv
889.468,896.135,2.140603,3.5337,1479.48,-0.0075,1.94967,7.19675,0.0,34.6859,NA_NA_NA_NA_Nov14201006-03-53_CTD_06.cnv,CTD_06.cnv
889.949,896.62,2.139553,3.5573,1479.61,0.0033,1.95157,7.20071,0.0,34.6908,NA_NA_NA_NA_Nov14201006-03-53_CTD_06.cnv,CTD_06.cnv
890.444,897.118,2.138022,3.5193,1479.38,0.0075,1.97372,7.1986,0.0,34.6818,NA_NA_NA_NA_Nov14201006-03-53_CTD_06.cnv,CTD_06.cnv
890.964,897.642,2.136596,3.5058,1479.38,0.0066,1.97369,7.19598,0.0,34.6984,NA_NA_NA_NA_Nov14201006-03-53_CTD_06.cnv,CTD_06.cnv
891.484,898.166,2.137682,3.5194,1479.4,0.0092,1.97073,7.19247,0.0,34.6772,NA_NA_NA_NA_Nov14201006-03-53_CTD_06.cnv,CTD_06.cnv
891.955,898.641,2.137602,3.5353,1479.47,-0.0142,1.99189,7.20229,0.0,34.694,NA_NA_NA_NA_Nov14201006-03-53_CTD_06.cnv,CTD_06.cnv
892.408,899.097,2.139238,3.5255,1479.51,-0.0073,1.98584,7.20135,0.0,34.6875,NA_NA_NA_NA_Nov14201006-03-53_CTD_06.cnv,CTD_06.cnv
892.905,899.597,2.138962,3.5537,1479.67,0.0003,1.97406,7.20322,0.0,34.6824,NA_NA_NA_NA_Nov14201006-03-53_CTD_06.cnv,CTD_06.cnv
893.405,900.101,2.138945,3.5334,1479.38,0.003,1.99594,7.20117,0.0,34.6842,NA_NA_NA_NA_Nov14201006-03-53_CTD_06.cnv,CTD_06.cnv
893.928,900.628,2.139456,3.5419,1479.55,-0.0041,2.00389,7.19874,0.0,34.6863,NA_NA_NA_NA_Nov14201006-03-53_CTD_06.cnv,CTD_06.cnv
894.436,901.139,2.13964,3.551,1479.65,0.0122,1.99717,7.21083,0.0,34.6783,NA_NA_NA_NA_Nov14201006-03-53_CTD_06.cnv,CTD_06.cnv
894.972,901.679,2.141005,3.5548,1479.67,-0.0015,2.00551,7.20243,0.0,34.689,NA_NA_NA_NA_Nov14201006-03-53_CTD_06.cnv,CTD_06.cnv
895.453,902.164,2.139455,3.5559,1479.63,0.0043,2.02257,7.19117,0.0,34.6686,NA_NA_NA_NA_Nov14201006-03-53_CTD_06.cnv,CTD_06.cnv
895.971,902.686,2.136747,3.5285,1479.5,0.0073,2.00821,7.19297,0.0,34.6647,NA_NA_NA_NA_Nov14201006-03-53_CTD_06.cnv,CTD_06.cnv
896.426,903.144,2.138772,3.5498,1479.62,-0.006,2.01657,7.19899,0.0,34.6927,NA_NA_NA_NA_Nov14201006-03-53_CTD_06.cnv,CTD_06.cnv
896.978,903.7,2.135382,3.5059,1479.43,-0.0126,2.01653,7.19307,0.0,34.691,NA_NA_NA_NA_Nov14201006-03-53_CTD_06.cnv,CTD_06.cnv
897.451,904.177,2.138681,3.5378,1479.53,0.003,2.00581,7.20397,0.0,34.6661,NA_NA_NA_NA_Nov14201006-03-53_CTD_06.cnv,CTD_06.cnv
897.908,904.637,2.137674,3.5237,1479.49,0.0105,2.044,7.1996,0.0,34.6906,NA_NA_NA_NA_Nov14201006-03-53_CTD_06.cnv,CTD_06.cnv
898.401,905.134,2.139547,3.5435,1479.68,0.0156,2.01852,7.20529,0.0,34.6835,NA_NA_NA_NA_Nov14201006-03-53_CTD_06.cnv,CTD_06.cnv
898.991,905.728,2.140267,3.5579,1479.72,-0.0001,2.02235,7.19911,0.0,34.6852,NA_NA_NA_NA_Nov14201006-03-53_CTD_06.cnv,CTD_06.cnv
899.472,906.212,2.138861,3.5247,1479.51,-0.0028,2.05403,7.19521,0.0,34.6801,NA_NA_NA_NA_Nov14201006-03-53_CTD_06.cnv,CTD_06.cnv
899.998,906.742,2.137286,3.533,1479.6,0.0056,2.0447,7.20003,0.0,34.6796,NA_NA_NA_NA_Nov14201006-03-53_CTD_06.cnv,CTD_06.cnv
900.415,907.163,2.138155,3.5351,1479.68,-0.0087,2.04754,7.19254,0.0,34.6587,NA_NA_NA_NA_Nov14201006-03-53_CTD_06.cnv,CTD_06.cnv
900.945,907.696,2.134466,3.5073,1479.56,0.0076,2.0489,7.20693,0.0,34.6757,NA_NA_NA_NA_Nov14201006-03-53_CTD_06.cnv,CTD_06.cnv
901.436,908.19,2.138779,3.5416,1479.65,-0.0057,2.05521,7.19792,0.0,34.6734,NA_NA_NA_NA_Nov14201006-03-53_CTD_06.cnv,CTD_06.cnv
901.947,908.705,2.13663,3.5306,1479.76,0.0059,2.06149,7.20202,0.0,34.6854,NA_NA_NA_NA_Nov14201006-03-53_CTD_06.cnv,CTD_06.cnv
902.442,909.204,2.138037,3.5327,1479.65,-0.0056,2.07179,7.20416,0.0,34.695,NA_NA_NA_NA_Nov14201006-03-53_CTD_06.cnv,CTD_06.cnv
902.968,909.734,2.135857,3.4891,1479.5,-0.0115,2.07064,7.19949,0.0,34.6782,NA_NA_NA_NA_Nov14201006-03-53_CTD_06.cnv,CTD_06.cnv
903.471,910.24,2.137792,3.5415,1479.67,-0.0072,2.07904,7.19775,0.0,34.6747,NA_NA_NA_NA_Nov14201006-03-53_CTD_06.cnv,CTD_06.cnv
903.949,910.722,2.138122,3.5344,1479.73,0.009,2.05965,7.18951,0.0,34.6736,NA_NA_NA_NA_Nov14201006-03-53_CTD_06.cnv,CTD_06.cnv
904.468,911.245,2.137606,3.5434,1479.71,-0.0003,2.0963,7.19861,0.0,34.6803,NA_NA_NA_NA_Nov14201006-03-53_CTD_06.cnv,CTD_06.cnv
905.0,911.78,2.140028,3.544,1479.72,-0.0057,2.10289,7.19188,0.0,34.6773,NA_NA_NA_NA_Nov14201006-03-53_CTD_06.cnv,CTD_06.cnv
905.432,912.216,2.135767,3.5316,1479.73,-0.0099,2.09865,7.20214,0.0,34.677,NA_NA_NA_NA_Nov14201006-03-53_CTD_06.cnv,CTD_06.cnv
905.976,912.764,2.14049,3.5529,1479.84,0.0004,2.09351,7.20536,0.0,34.6829,NA_NA_NA_NA_Nov14201006-03-53_CTD_06.cnv,CTD_06.cnv
906.488,913.279,2.139166,3.5397,1479.83,-0.0015,2.1121,7.20287,0.0,34.6826,NA_NA_NA_NA_Nov14201006-03-53_CTD_06.cnv,CTD_06.cnv
906.94,913.735,2.139863,3.556,1479.92,0.0054,2.10322,7.20024,0.0,34.6706,NA_NA_NA_NA_Nov14201006-03-53_CTD_06.cnv,CTD_06.cnv
907.431,914.229,2.139085,3.5479,1479.8,0.0052,2.09937,7.19554,0.0,34.678,NA_NA_NA_NA_Nov14201006-03-53_CTD_06.cnv,CTD_06.cnv
907.99,914.793,2.134951,3.5018,1479.6,0.0066,2.11701,7.20155,0.0,34.6689,NA_NA_NA_NA_Nov14201006-03-53_CTD_06.cnv,CTD_06.cnv
908.441,915.247,2.136918,3.508,1479.72,0.0029,2.13588,7.20698,0.0,34.6831,NA_NA_NA_NA_Nov14201006-03-53_CTD_06.cnv,CTD_06.cnv
908.996,915.806,2.141714,3.5779,1479.94,-0.0079,2.13407,7.19871,0.0,34.6941,NA_NA_NA_NA_Nov14201006-03-53_CTD_06.cnv,CTD_06.cnv
909.417,916.23,2.139883,3.5739,1479.97,0.0038,2.14649,7.19828,0.0,34.6776,NA_NA_NA_NA_Nov14201006-03-53_CTD_06.cnv,CTD_06.cnv
909.998,916.815,2.139743,3.5473,1479.83,-0.0156,2.13416,7.19918,0.0,34.6801,NA_NA_NA_NA_Nov14201006-03-53_CTD_06.cnv,CTD_06.cnv
910.449,917.269,2.13869,3.541,1479.81,-0.0044,2.13242,7.19866,0.0,34.6807,NA_NA_NA_NA_Nov14201006-03-53_CTD_06.cnv,CTD_06.cnv
911.004,917.828,2.135157,3.5081,1479.61,-0.0002,2.13537,7.1977,0.0,34.6659,NA_NA_NA_NA_Nov14201006-03-53_CTD_06.cnv,CTD_06.cnv
911.42,918.247,2.139099,3.5537,1479.83,-0.0047,2.14723,7.19931,0.0,34.6806,NA_NA_NA_NA_Nov14201006-03-53_CTD_06.cnv,CTD_06.cnv
911.977,918.808,2.137885,3.5321,1479.8,0.0018,2.15201,7.19584,0.0,34.6721,NA_NA_NA_NA_Nov14201006-03-53_CTD_06.cnv,CTD_06.cnv
912.506,919.341,2.136312,3.4979,1479.68,-0.0116,2.17956,7.20608,0.0,34.6847,NA_NA_NA_NA_Nov14201006-03-53_CTD_06.cnv,CTD_06.cnv
912.951,919.79,2.138699,3.5427,1479.85,0.0027,2.16672,7.19549,0.0,34.6829,NA_NA_NA_NA_Nov14201006-03-53_CTD_06.cnv,CTD_06.cnv
913.441,920.283,2.140137,3.5662,1479.98,0.0001,2.16782,7.19705,0.0,34.6765,NA_NA_NA_NA_Nov14201006-03-53_CTD_06.cnv,CTD_06.cnv
913.982,920.828,2.139565,3.5496,1479.9,-0.0005,2.18584,7.18919,0.0,34.6702,NA_NA_NA_NA_Nov14201006-03-53_CTD_06.cnv,CTD_06.cnv
914.43,921.279,2.136554,3.5369,1479.88,0.0107,2.1795,7.2008,0.0,34.6806,NA_NA_NA_NA_Nov14201006-03-53_CTD_06.cnv,CTD_06.cnv
914.993,921.847,2.139842,3.5441,1479.95,-0.0143,2.1911,7.19513,0.0,34.6836,NA_NA_NA_NA_Nov14201006-03-53_CTD_06.cnv,CTD_06.cnv
915.458,922.315,2.13619,3.4986,1479.67,0.0054,2.18764,7.1998,0.0,34.6831,NA_NA_NA_NA_Nov14201006-03-53_CTD_06.cnv,CTD_06.cnv
915.965,922.826,2.136551,3.5334,1479.84,-0.009,2.19357,7.1958,0.0,34.671,NA_NA_NA_NA_Nov14201006-03-53_CTD_06.cnv,CTD_06.cnv
916.441,923.306,2.140616,3.5662,1480.01,0.0085,2.18828,7.20949,0.0,34.6722,NA_NA_NA_NA_Nov14201006-03-53_CTD_06.cnv,CTD_06.cnv
916.93,923.798,2.13835,3.5422,1479.95,-0.0084,2.19918,7.19155,0.0,34.6741,NA_NA_NA_NA_Nov14201006-03-53_CTD_06.cnv,CTD_06.cnv
917.478,924.35,2.140283,3.5578,1480.01,0.0147,2.20456,7.19383,0.0,34.6792,NA_NA_NA_NA_Nov14201006-03-53_CTD_06.cnv,CTD_06.cnv
917.946,924.821,2.138033,3.5479,1479.98,-0.0026,2.21741,7.20185,0.0,34.6769,NA_NA_NA_NA_Nov14201006-03-53_CTD_06.cnv,CTD_06.cnv
918.485,925.364,2.141996,3.5708,1480.11,-0.0035,2.21074,7.2007,0.0,34.6832,NA_NA_NA_NA_Nov14201006-03-53_CTD_06.cnv,CTD_06.cnv
918.943,925.826,2.138493,3.5181,1479.85,-0.0023,2.20591,7.2027,0.0,34.6886,NA_NA_NA_NA_Nov14201006-03-53_CTD_06.cnv,CTD_06.cnv
919.452,926.339,2.137335,3.517,1479.95,0.0057,2.22597,7.2042,0.0,34.694,NA_NA_NA_NA_Nov14201006-03-53_CTD_06.cnv,CTD_06.cnv
919.96,926.85,2.138097,3.5236,1479.93,0.0079,2.22584,7.20424,0.0,34.6979,NA_NA_NA_NA_Nov14201006-03-53_CTD_06.cnv,CTD_06.cnv
920.427,927.32,2.137219,3.4978,1479.83,-0.0038,2.23196,7.19773,0.0,34.6961,NA_NA_NA_NA_Nov14201006-03-53_CTD_06.cnv,CTD_06.cnv
920.949,927.846,2.141109,3.5728,1480.24,0.0174,2.23833,7.20516,0.0,34.681,NA_NA_NA_NA_Nov14201006-03-53_CTD_06.cnv,CTD_06.cnv
921.501,928.402,2.140579,3.5581,1480.15,-0.0016,2.25292,7.19941,0.0,34.7055,NA_NA_NA_NA_Nov14201006-03-53_CTD_06.cnv,CTD_06.cnv
921.97,928.874,2.142389,3.5541,1480.04,-0.004,2.23595,7.19718,0.0,34.6946,NA_NA_NA_NA_Nov14201006-03-53_CTD_06.cnv,CTD_06.cnv
922.412,929.32,2.141529,3.5507,1480.14,-0.0047,2.25896,7.21133,0.0,34.6828,NA_NA_NA_NA_Nov14201006-03-53_CTD_06.cnv,CTD_06.cnv
922.998,929.911,2.138236,3.5485,1480.13,-0.0011,2.26564,7.19251,0.0,34.6767,NA_NA_NA_NA_Nov14201006-03-53_CTD_06.cnv,CTD_06.cnv
923.438,930.353,2.136589,3.503,1479.83,0.0045,2.26718,7.19214,0.0,34.6889,NA_NA_NA_NA_Nov14201006-03-53_CTD_06.cnv,CTD_06.cnv
923.936,930.854,2.138754,3.5507,1480.1,0.0021,2.26437,7.19241,0.0,34.684,NA_NA_NA_NA_Nov14201006-03-53_CTD_06.cnv,CTD_06.cnv
924.462,931.385,2.138112,3.5467,1480.1,-0.0055,2.28543,7.20232,0.0,34.6863,NA_NA_NA_NA_Nov14201006-03-53_CTD_06.cnv,CTD_06.cnv
924.955,931.881,2.139688,3.527,1480.1,0.0041,2.28098,7.19962,0.0,34.6965,NA_NA_NA_NA_Nov14201006-03-53_CTD_06.cnv,CTD_06.cnv
925.479,932.409,2.138455,3.5386,1480.1,0.0091,2.29009,7.20832,0.0,34.6843,NA_NA_NA_NA_Nov14201006-03-53_CTD_06.cnv,CTD_06.cnv
925.96,932.894,2.138859,3.5474,1480.11,0.0044,2.2806,7.19557,0.0,34.6812,NA_NA_NA_NA_Nov14201006-03-53_CTD_06.cnv,CTD_06.cnv
926.427,933.364,2.138335,3.5199,1480.01,-0.0057,2.29447,7.20051,0.0,34.684,NA_NA_NA_NA_Nov14201006-03-53_CTD_06.cnv,CTD_06.cnv
926.985,933.927,2.141029,3.5652,1480.24,0.0069,2.30451,7.20463,0.0,34.6854,NA_NA_NA_NA_Nov14201006-03-53_CTD_06.cnv,CTD_06.cnv
927.46,934.404,2.13646,3.509,1480.09,-0.0035,2.29786,7.20783,0.0,34.6978,NA_NA_NA_NA_Nov14201006-03-53_CTD_06.cnv,CTD_06.cnv
927.937,934.885,2.13757,3.5484,1480.15,0.0006,2.30181,7.20057,0.0,34.6675,NA_NA_NA_NA_Nov14201006-03-53_CTD_06.cnv,CTD_06.cnv
928.465,935.417,2.137447,3.5325,1480.03,-0.0007,2.30145,7.20271,0.0,34.6615,NA_NA_NA_NA_Nov14201006-03-53_CTD_06.cnv,CTD_06.cnv
928.921,935.877,2.136974,3.5112,1480.05,0.0081,2.3161,7.20309,0.0,34.6798,NA_NA_NA_NA_Nov14201006-03-53_CTD_06.cnv,CTD_06.cnv
929.498,936.457,2.137027,3.5306,1480.05,-0.0143,2.32493,7.20835,0.0,34.6865,NA_NA_NA_NA_Nov14201006-03-53_CTD_06.cnv,CTD_06.cnv
929.946,936.909,2.138529,3.5595,1480.18,0.0049,2.32485,7.19317,0.0,34.6677,NA_NA_NA_NA_Nov14201006-03-53_CTD_06.cnv,CTD_06.cnv
930.442,937.409,2.138217,3.5498,1480.19,0.0119,2.34177,7.20683,0.0,34.6907,NA_NA_NA_NA_Nov14201006-03-53_CTD_06.cnv,CTD_06.cnv
930.916,937.886,2.137175,3.5135,1480.14,0.0041,2.32226,7.19665,0.0,34.6831,NA_NA_NA_NA_Nov14201006-03-53_CTD_06.cnv,CTD_06.cnv
931.483,938.457,2.137195,3.5332,1480.17,0.0176,2.33378,7.1989,0.0,34.6862,NA_NA_NA_NA_Nov14201006-03-53_CTD_06.cnv,CTD_06.cnv
931.922,938.899,2.136993,3.4915,1480.06,-0.0068,2.32631,7.20406,0.0,34.6895,NA_NA_NA_NA_Nov14201006-03-53_CTD_06.cnv,CTD_06.cnv
932.468,939.449,2.139891,3.5338,1480.17,0.0105,2.33985,7.20763,0.0,34.6791,NA_NA_NA_NA_Nov14201006-03-53_CTD_06.cnv,CTD_06.cnv
933.012,939.997,2.137735,3.5024,1480.05,0.013,2.34393,7.20542,0.0,34.6758,NA_NA_NA_NA_Nov14201006-03-53_CTD_06.cnv,CTD_06.cnv
933.452,940.44,2.136644,3.505,1480.12,0.0064,2.35342,7.19175,0.0,34.6902,NA_NA_NA_NA_Nov14201006-03-53_CTD_06.cnv,CTD_06.cnv
934.013,941.006,2.137884,3.5319,1480.24,-0.0134,2.36741,7.19954,0.0,34.6829,NA_NA_NA_NA_Nov14201006-03-53_CTD_06.cnv,CTD_06.cnv
934.429,941.424,2.138365,3.5442,1480.28,-0.0142,2.36431,7.19939,0.0,34.685,NA_NA_NA_NA_Nov14201006-03-53_CTD_06.cnv,CTD_06.cnv
934.924,941.923,2.14038,3.5503,1480.21,-0.0026,2.35243,7.20048,0.0,34.6731,NA_NA_NA_NA_Nov14201006-03-53_CTD_06.cnv,CTD_06.cnv
935.502,942.506,2.13891,3.5337,1480.27,-0.0131,2.36309,7.19946,0.0,34.6859,NA_NA_NA_NA_Nov14201006-03-53_CTD_06.cnv,CTD_06.cnv
935.992,942.999,2.138982,3.5214,1480.23,0.001,2.37496,7.19083,0.0,34.6888,NA_NA_NA_NA_Nov14201006-03-53_CTD_06.cnv,CTD_06.cnv
936.486,943.497,2.136018,3.5203,1480.2,-0.0055,2.37501,7.2025,0.0,34.6643,NA_NA_NA_NA_Nov14201006-03-53_CTD_06.cnv,CTD_06.cnv
936.942,943.956,2.138744,3.5373,1480.34,0.0057,2.37899,7.19823,0.0,34.6859,NA_NA_NA_NA_Nov14201006-03-53_CTD_06.cnv,CTD_06.cnv
937.499,944.517,2.141401,3.5791,1480.44,-0.004,2.38118,7.20675,0.0,34.6715,NA_NA_NA_NA_Nov14201006-03-53_CTD_06.cnv,CTD_06.cnv
937.985,945.007,2.137423,3.5222,1480.22,-0.0118,2.40499,7.18746,0.0,34.6767,NA_NA_NA_NA_Nov14201006-03-53_CTD_06.cnv,CTD_06.cnv
938.486,945.511,2.138732,3.5552,1480.34,-0.0047,2.39053,7.19944,0.0,34.6737,NA_NA_NA_NA_Nov14201006-03-53_CTD_06.cnv,CTD_06.cnv
938.978,946.006,2.13931,3.541,1480.33,0.0035,2.41218,7.20263,0.0,34.6854,NA_NA_NA_NA_Nov14201006-03-53_CTD_06.cnv,CTD_06.cnv
939.426,946.458,2.138078,3.5393,1480.36,-0.0108,2.38811,7.19408,0.0,34.6665,NA_NA_NA_NA_Nov14201006-03-53_CTD_06.cnv,CTD_06.cnv
940.001,947.037,2.137415,3.5108,1480.2,-0.0017,2.41106,7.19366,0.0,34.6783,NA_NA_NA_NA_Nov14201006-03-53_CTD_06.cnv,CTD_06.cnv
940.449,947.489,2.136451,3.5308,1480.26,-0.0074,2.40727,7.20461,0.0,34.6724,NA_NA_NA_NA_Nov14201006-03-53_CTD_06.cnv,CTD_06.cnv
941.008,948.052,2.134773,3.5122,1480.12,0.004,2.41375,7.20057,0.0,34.6594,NA_NA_NA_NA_Nov14201006-03-53_CTD_06.cnv,CTD_06.cnv
941.519,948.566,2.135926,3.5091,1480.18,0.0043,2.44017,7.20147,0.0,34.6843,NA_NA_NA_NA_Nov14201006-03-53_CTD_06.cnv,CTD_06.cnv
942.014,949.064,2.137181,3.5127,1480.21,0.0068,2.42305,7.20006,0.0,34.6847,NA_NA_NA_NA_Nov14201006-03-53_CTD_06.cnv,CTD_06.cnv
942.488,949.542,2.13639,3.5248,1480.2,-0.0053,2.43247,7.19651,0.0,34.6837,NA_NA_NA_NA_Nov14201006-03-53_CTD_06.cnv,CTD_06.cnv
942.968,950.025,2.141176,3.5509,1480.44,0.0012,2.44528,7.19549,0.0,34.6929,NA_NA_NA_NA_Nov14201006-03-53_CTD_06.cnv,CTD_06.cnv
943.461,950.522,2.136106,3.508,1480.22,0.0088,2.47122,7.20676,0.0,34.6739,NA_NA_NA_NA_Nov14201006-03-53_CTD_06.cnv,CTD_06.cnv
943.952,951.017,2.137059,3.5128,1480.22,-0.0096,2.44487,7.19434,0.0,34.6777,NA_NA_NA_NA_Nov14201006-03-53_CTD_06.cnv,CTD_06.cnv
944.439,951.508,2.141404,3.5805,1480.61,-0.0088,2.45491,7.19967,0.0,34.6772,NA_NA_NA_NA_Nov14201006-03-53_CTD_06.cnv,CTD_06.cnv
945.015,952.088,2.137149,3.5245,1480.37,-0.0039,2.44687,7.19586,0.0,34.686,NA_NA_NA_NA_Nov14201006-03-53_CTD_06.cnv,CTD_06.cnv
945.486,952.562,2.138354,3.522,1480.29,-0.0114,2.44664,7.19495,0.0,34.6912,NA_NA_NA_NA_Nov14201006-03-53_CTD_06.cnv,CTD_06.cnv
945.951,953.03,2.140354,3.5516,1480.51,0.0025,2.45266,7.19755,0.0,34.6894,NA_NA_NA_NA_Nov14201006-03-53_CTD_06.cnv,CTD_06.cnv
946.434,953.517,2.141129,3.5819,1480.59,-0.0033,2.46707,7.20453,0.0,34.6763,NA_NA_NA_NA_Nov14201006-03-53_CTD_06.cnv,CTD_06.cnv
946.975,954.062,2.13933,3.5734,1480.56,0.0059,2.47654,7.2036,0.0,34.6688,NA_NA_NA_NA_Nov14201006-03-53_CTD_06.cnv,CTD_06.cnv
947.433,954.524,2.137114,3.4917,1480.33,0.0098,2.48098,7.19474,0.0,34.6788,NA_NA_NA_NA_Nov14201006-03-53_CTD_06.cnv,CTD_06.cnv
948.022,955.117,2.13797,3.5345,1480.36,0.0036,2.48277,7.20316,0.0,34.6766,NA_NA_NA_NA_Nov14201006-03-53_CTD_06.cnv,CTD_06.cnv
948.488,955.586,2.135758,3.514,1480.41,0.0035,2.48575,7.20138,0.0,34.6876,NA_NA_NA_NA_Nov14201006-03-53_CTD_06.cnv,CTD_06.cnv
948.952,956.054,2.138952,3.5265,1480.43,-0.003,2.49164,7.20249,0.0,34.6873,NA_NA_NA_NA_Nov14201006-03-53_CTD_06.cnv,CTD_06.cnv
949.514,956.62,2.136585,3.5299,1480.49,0.0029,2.49514,7.19613,0.0,34.6735,NA_NA_NA_NA_Nov14201006-03-53_CTD_06.cnv,CTD_06.cnv
949.927,957.036,2.136753,3.5376,1480.45,0.0036,2.49076,7.20281,0.0,34.6676,NA_NA_NA_NA_Nov14201006-03-53_CTD_06.cnv,CTD_06.cnv
950.453,957.565,2.138921,3.5413,1480.52,0.0137,2.50755,7.20983,0.0,34.6871,NA_NA_NA_NA_Nov14201006-03-53_CTD_06.cnv,CTD_06.cnv
950.957,958.073,2.136107,3.5038,1480.36,-0.0011,2.51339,7.20209,0.0,34.661,NA_NA_NA_NA_Nov14201006-03-53_CTD_06.cnv,CTD_06.cnv
951.507,958.627,2.138498,3.5392,1480.5,-0.0,2.51325,7.19898,0.0,34.6782,NA_NA_NA_NA_Nov14201006-03-53_CTD_06.cnv,CTD_06.cnv
951.928,959.051,2.137847,3.5506,1480.57,-0.02,2.53432,7.20127,0.0,34.6822,NA_NA_NA_NA_Nov14201006-03-53_CTD_06.cnv,CTD_06.cnv
952.447,959.574,2.135692,3.5251,1480.37,-0.0024,2.52694,7.20432,0.0,34.6614,NA_NA_NA_NA_Nov14201006-03-53_CTD_06.cnv,CTD_06.cnv
952.959,960.09,2.13743,3.5321,1480.55,0.0127,2.51663,7.19104,0.0,34.6685,NA_NA_NA_NA_Nov14201006-03-53_CTD_06.cnv,CTD_06.cnv
953.477,960.611,2.138409,3.5523,1480.66,-0.0039,2.53355,7.20153,0.0,34.6749,NA_NA_NA_NA_Nov14201006-03-53_CTD_06.cnv,CTD_06.cnv
953.974,961.112,2.137969,3.5457,1480.62,0.0003,2.54392,7.20634,0.0,34.666,NA_NA_NA_NA_Nov14201006-03-53_CTD_06.cnv,CTD_06.cnv
954.477,961.619,2.140046,3.5749,1480.74,0.0007,2.55427,7.19135,0.0,34.6695,NA_NA_NA_NA_Nov14201006-03-53_CTD_06.cnv,CTD_06.cnv
955.011,962.157,2.139596,3.54,1480.6,0.0017,2.53573,7.20342,0.0,34.6822,NA_NA_NA_NA_Nov14201006-03-53_CTD_06.cnv,CTD_06.cnv
955.513,962.662,2.140754,3.5272,1480.66,-0.0058,2.54619,7.19468,0.0,34.698,NA_NA_NA_NA_Nov14201006-03-53_CTD_06.cnv,CTD_06.cnv
955.951,963.103,2.141454,3.5631,1480.71,-0.0154,2.5502,7.1938,0.0,34.6912,NA_NA_NA_NA_Nov14201006-03-53_CTD_06.cnv,CTD_06.cnv
956.441,963.597,2.137863,3.5588,1480.79,0.0175,2.5558,7.20319,0.0,34.6758,NA_NA_NA_NA_Nov14201006-03-53_CTD_06.cnv,CTD_06.cnv
956.972,964.132,2.140518,3.5481,1480.67,-0.0023,2.54511,7.19366,0.0,34.685,NA_NA_NA_NA_Nov14201006-03-53_CTD_06.cnv,CTD_06.cnv
957.51,964.674,2.137583,3.548,1480.73,0.0047,2.5693,7.19808,0.0,34.6866,NA_NA_NA_NA_Nov14201006-03-53_CTD_06.cnv,CTD_06.cnv
957.981,965.148,2.136878,3.5108,1480.46,0.0009,2.5648,7.20703,0.0,34.6695,NA_NA_NA_NA_Nov14201006-03-53_CTD_06.cnv,CTD_06.cnv
958.525,965.696,2.138808,3.5481,1480.63,-0.0013,2.58203,7.20371,0.0,34.6833,NA_NA_NA_NA_Nov14201006-03-53_CTD_06.cnv,CTD_06.cnv
958.976,966.15,2.137637,3.5282,1480.69,-0.0074,2.5791,7.2009,0.0,34.6948,NA_NA_NA_NA_Nov14201006-03-53_CTD_06.cnv,CTD_06.cnv
959.462,966.64,2.137268,3.5366,1480.63,-0.004,2.60305,7.19916,0.0,34.6697,NA_NA_NA_NA_Nov14201006-03-53_CTD_06.cnv,CTD_06.cnv
959.934,967.116,2.140501,3.5394,1480.69,-0.0024,2.58471,7.20018,0.0,34.6763,NA_NA_NA_NA_Nov14201006-03-53_CTD_06.cnv,CTD_06.cnv
960.463,967.649,2.138319,3.5197,1480.57,-0.0018,2.58898,7.19945,0.0,34.6849,NA_NA_NA_NA_Nov14201006-03-53_CTD_06.cnv,CTD_06.cnv
960.935,968.124,2.139003,3.5384,1480.71,0.0093,2.61222,7.19611,0.0,34.6931,NA_NA_NA_NA_Nov14201006-03-53_CTD_06.cnv,CTD_06.cnv
961.457,968.65,2.138032,3.5274,1480.57,-0.0026,2.61232,7.20301,0.0,34.6746,NA_NA_NA_NA_Nov14201006-03-53_CTD_06.cnv,CTD_06.cnv
962.007,969.204,2.140461,3.5578,1480.8,0.0025,2.60997,7.19407,0.0,34.6731,NA_NA_NA_NA_Nov14201006-03-53_CTD_06.cnv,CTD_06.cnv
962.521,969.722,2.136144,3.5426,1480.66,-0.0048,2.62338,7.19919,0.0,34.6704,NA_NA_NA_NA_Nov14201006-03-53_CTD_06.cnv,CTD_06.cnv
962.995,970.199,2.138634,3.5381,1480.7,-0.0092,2.63187,7.1953,0.0,34.6996,NA_NA_NA_NA_Nov14201006-03-53_CTD_06.cnv,CTD_06.cnv
963.516,970.724,2.134387,3.5068,1480.51,-0.0006,2.61512,7.18341,0.0,34.674,NA_NA_NA_NA_Nov14201006-03-53_CTD_06.cnv,CTD_06.cnv
964.0,971.211,2.138043,3.5395,1480.77,0.0013,2.63355,7.20044,0.0,34.6824,NA_NA_NA_NA_Nov14201006-03-53_CTD_06.cnv,CTD_06.cnv
964.491,971.705,2.141198,3.5788,1480.91,-0.0073,2.61504,7.19529,0.0,34.6908,NA_NA_NA_NA_Nov14201006-03-53_CTD_06.cnv,CTD_06.cnv
964.971,972.19,2.141153,3.5602,1480.78,-0.0007,2.64444,7.20135,0.0,34.6896,NA_NA_NA_NA_Nov14201006-03-53_CTD_06.cnv,CTD_06.cnv
965.438,972.66,2.137191,3.5295,1480.71,0.0066,2.63553,7.19655,0.0,34.6698,NA_NA_NA_NA_Nov14201006-03-53_CTD_06.cnv,CTD_06.cnv
965.997,973.223,2.1381,3.5356,1480.8,0.0208,2.64246,7.19885,0.0,34.6912,NA_NA_NA_NA_Nov14201006-03-53_CTD_06.cnv,CTD_06.cnv
966.516,973.745,2.140666,3.5725,1481.0,0.0132,2.66481,7.2015,0.0,34.7038,NA_NA_NA_NA_Nov14201006-03-53_CTD_06.cnv,CTD_06.cnv
966.954,974.187,2.138375,3.5427,1480.71,0.0054,2.66693,7.20481,0.0,34.6776,NA_NA_NA_NA_Nov14201006-03-53_CTD_06.cnv,CTD_06.cnv
967.503,974.739,2.137735,3.5299,1480.8,0.0049,2.66239,7.20781,0.0,34.6858,NA_NA_NA_NA_Nov14201006-03-53_CTD_06.cnv,CTD_06.cnv
968.032,975.273,2.137487,3.5351,1480.83,-0.0008,2.67032,7.19414,0.0,34.687,NA_NA_NA_NA_Nov14201006-03-53_CTD_06.cnv,CTD_06.cnv
968.515,975.76,2.135507,3.5165,1480.72,-0.0101,2.68118,7.2019,0.0,34.6805,NA_NA_NA_NA_Nov14201006-03-53_CTD_06.cnv,CTD_06.cnv
969.01,976.257,2.135242,3.5271,1480.82,-0.0028,2.67147,7.19972,0.0,34.6735,NA_NA_NA_NA_Nov14201006-03-53_CTD_06.cnv,CTD_06.cnv
969.488,976.739,2.136252,3.4891,1480.69,-0.0081,2.69215,7.18407,0.0,34.6786,NA_NA_NA_NA_Nov14201006-03-53_CTD_06.cnv,CTD_06.cnv
969.957,977.212,2.136592,3.5271,1480.71,-0.0094,2.69319,7.20748,0.0,34.6677,NA_NA_NA_NA_Nov14201006-03-53_CTD_06.cnv,CTD_06.cnv
970.439,977.698,2.138709,3.5526,1480.88,0.0134,2.68931,7.20063,0.0,34.6711,NA_NA_NA_NA_Nov14201006-03-53_CTD_06.cnv,CTD_06.cnv
971.015,978.278,2.135881,3.5272,1480.79,-0.005,2.68889,7.19478,0.0,34.6605,NA_NA_NA_NA_Nov14201006-03-53_CTD_06.cnv,CTD_06.cnv
971.509,978.775,2.139573,3.5662,1481.02,0.0046,2.69541,7.19141,0.0,34.6738,NA_NA_NA_NA_Nov14201006-03-53_CTD_06.cnv,CTD_06.cnv
972.034,979.304,2.138631,3.5542,1480.88,0.0007,2.70942,7.20444,0.0,34.684,NA_NA_NA_NA_Nov14201006-03-53_CTD_06.cnv,CTD_06.cnv
972.508,979.781,2.137635,3.5597,1480.99,-0.0085,2.72866,7.20145,0.0,34.6633,NA_NA_NA_NA_Nov14201006-03-53_CTD_06.cnv,CTD_06.cnv
972.946,980.222,2.143341,3.5831,1481.1,0.0048,2.71735,7.19545,0.0,34.7014,NA_NA_NA_NA_Nov14201006-03-53_CTD_06.cnv,CTD_06.cnv
973.487,980.768,2.136332,3.5243,1480.78,-0.0007,2.7254,7.20417,0.0,34.6761,NA_NA_NA_NA_Nov14201006-03-53_CTD_06.cnv,CTD_06.cnv
974.034,981.319,2.140459,3.5631,1480.98,0.005,2.71386,7.19788,0.0,34.6614,NA_NA_NA_NA_Nov14201006-03-53_CTD_06.cnv,CTD_06.cnv
974.437,981.725,2.13741,3.5226,1480.89,0.0037,2.72283,7.20223,0.0,34.6661,NA_NA_NA_NA_Nov14201006-03-53_CTD_06.cnv,CTD_06.cnv
974.988,982.28,2.140221,3.5397,1481.01,0.001,2.73231,7.19912,0.0,34.6863,NA_NA_NA_NA_Nov14201006-03-53_CTD_06.cnv,CTD_06.cnv
975.525,982.821,2.137804,3.5333,1480.9,-0.013,2.73563,7.20227,0.0,34.6725,NA_NA_NA_NA_Nov14201006-03-53_CTD_06.cnv,CTD_06.cnv
975.965,983.264,2.138771,3.5436,1480.87,0.0112,2.73872,7.20332,0.0,34.691,NA_NA_NA_NA_Nov14201006-03-53_CTD_06.cnv,CTD_06.cnv
976.48,983.782,2.138225,3.5441,1480.94,-0.0057,2.72055,7.20526,0.0,34.6798,NA_NA_NA_NA_Nov14201006-03-53_CTD_06.cnv,CTD_06.cnv
977.033,984.339,2.136777,3.5292,1480.94,0.0011,2.74618,7.2013,0.0,34.6733,NA_NA_NA_NA_Nov14201006-03-53_CTD_06.cnv,CTD_06.cnv
977.521,984.831,2.140733,3.5604,1481.07,0.0077,2.75866,7.1947,0.0,34.6881,NA_NA_NA_NA_Nov14201006-03-53_CTD_06.cnv,CTD_06.cnv
977.972,985.285,2.139619,3.5437,1480.91,-0.0078,2.76538,7.19949,0.0,34.6798,NA_NA_NA_NA_Nov14201006-03-53_CTD_06.cnv,CTD_06.cnv
978.463,985.78,2.137404,3.5441,1481.01,0.0006,2.75353,7.19937,0.0,34.6692,NA_NA_NA_NA_Nov14201006-03-53_CTD_06.cnv,CTD_06.cnv
978.958,986.278,2.13883,3.5278,1480.97,-0.0065,2.76425,7.20451,0.0,34.6957,NA_NA_NA_NA_Nov14201006-03-53_CTD_06.cnv,CTD_06.cnv
979.481,986.806,2.136602,3.519,1480.94,0.0078,2.78053,7.2019,0.0,34.6844,NA_NA_NA_NA_Nov14201006-03-53_CTD_06.cnv,CTD_06.cnv
980.038,987.366,2.139386,3.5587,1481.11,0.0033,2.78137,7.19275,0.0,34.6955,NA_NA_NA_NA_Nov14201006-03-53_CTD_06.cnv,CTD_06.cnv
980.526,987.858,2.137307,3.5163,1480.97,-0.0017,2.76339,7.1935,0.0,34.6938,NA_NA_NA_NA_Nov14201006-03-53_CTD_06.cnv,CTD_06.cnv
980.961,988.296,2.139043,3.551,1481.07,-0.0052,2.78777,7.20279,0.0,34.6868,NA_NA_NA_NA_Nov14201006-03-53_CTD_06.cnv,CTD_06.cnv
981.466,988.805,2.138368,3.5298,1480.97,0.0092,2.78859,7.19462,0.0,34.6731,NA_NA_NA_NA_Nov14201006-03-53_CTD_06.cnv,CTD_06.cnv
982.003,989.345,2.137297,3.5244,1480.97,-0.0045,2.78994,7.19147,0.0,34.6835,NA_NA_NA_NA_Nov14201006-03-53_CTD_06.cnv,CTD_06.cnv
982.534,989.881,2.139211,3.5309,1481.01,0.0012,2.81034,7.19783,0.0,34.6903,NA_NA_NA_NA_Nov14201006-03-53_CTD_06.cnv,CTD_06.cnv
983.032,990.382,2.140148,3.5488,1481.21,-0.0071,2.80121,7.19392,0.0,34.6822,NA_NA_NA_NA_Nov14201006-03-53_CTD_06.cnv,CTD_06.cnv
983.482,990.836,2.137366,3.5437,1481.09,0.0114,2.80875,7.19877,0.0,34.6687,NA_NA_NA_NA_Nov14201006-03-53_CTD_06.cnv,CTD_06.cnv
984.008,991.365,2.138235,3.5622,1481.27,-0.0093,2.81243,7.19731,0.0,34.6859,NA_NA_NA_NA_Nov14201006-03-53_CTD_06.cnv,CTD_06.cnv
984.538,991.899,2.137218,3.5442,1481.14,0.0081,2.81789,7.19628,0.0,34.6772,NA_NA_NA_NA_Nov14201006-03-53_CTD_06.cnv,CTD_06.cnv
984.983,992.348,2.141637,3.5559,1481.14,-0.0013,2.82133,7.21064,0.0,34.6846,NA_NA_NA_NA_Nov14201006-03-53_CTD_06.cnv,CTD_06.cnv
985.483,992.851,2.138296,3.5461,1481.12,0.0094,2.81387,7.20235,0.0,34.6678,NA_NA_NA_NA_Nov14201006-03-53_CTD_06.cnv,CTD_06.cnv
986.027,993.399,2.139568,3.5436,1481.29,-0.0084,2.83391,7.20603,0.0,34.6926,NA_NA_NA_NA_Nov14201006-03-53_CTD_06.cnv,CTD_06.cnv
986.52,993.896,2.138865,3.531,1481.08,0.0048,2.8299,7.20596,0.0,34.6953,NA_NA_NA_NA_Nov14201006-03-53_CTD_06.cnv,CTD_06.cnv
987.012,994.391,2.136508,3.5475,1481.17,-0.0079,2.8282,7.19877,0.0,34.6835,NA_NA_NA_NA_Nov14201006-03-53_CTD_06.cnv,CTD_06.cnv
987.473,994.856,2.138995,3.5386,1481.2,0.0058,2.83519,7.19583,0.0,34.6877,NA_NA_NA_NA_Nov14201006-03-53_CTD_06.cnv,CTD_06.cnv
987.991,995.377,2.136261,3.5328,1481.03,-0.0057,2.8554,7.2061,0.0,34.6586,NA_NA_NA_NA_Nov14201006-03-53_CTD_06.cnv,CTD_06.cnv
988.478,995.868,2.136102,3.5152,1481.06,-0.0094,2.84973,7.20078,0.0,34.6713,NA_NA_NA_NA_Nov14201006-03-53_CTD_06.cnv,CTD_06.cnv
988.95,996.343,2.139403,3.5642,1481.29,0.0122,2.8595,7.19501,0.0,34.6814,NA_NA_NA_NA_Nov14201006-03-53_CTD_06.cnv,CTD_06.cnv
989.538,996.936,2.14012,3.5519,1481.27,-0.0005,2.85729,7.19204,0.0,34.6778,NA_NA_NA_NA_Nov14201006-03-53_CTD_06.cnv,CTD_06.cnv
989.988,997.389,2.135353,3.5263,1481.08,0.0069,2.86578,7.19464,0.0,34.6715,NA_NA_NA_NA_Nov14201006-03-53_CTD_06.cnv,CTD_06.cnv
990.45,997.855,2.137119,3.5311,1481.16,-0.004,2.84477,7.20837,0.0,34.6662,NA_NA_NA_NA_Nov14201006-03-53_CTD_06.cnv,CTD_06.cnv
990.956,998.364,2.139971,3.5373,1481.22,-0.005,2.86114,7.19337,0.0,34.6892,NA_NA_NA_NA_Nov14201006-03-53_CTD_06.cnv,CTD_06.cnv
991.513,998.925,2.138878,3.5236,1481.18,-0.0106,2.86846,7.1969,0.0,34.6874,NA_NA_NA_NA_Nov14201006-03-53_CTD_06.cnv,CTD_06.cnv
991.947,999.363,2.138549,3.5337,1481.2,-0.004,2.88796,7.19455,0.0,34.6751,NA_NA_NA_NA_Nov14201006-03-53_CTD_06.cnv,CTD_06.cnv
992.469,999.888,2.137028,3.5267,1481.21,-0.0003,2.89664,7.20092,0.0,34.6822,NA_NA_NA_NA_Nov14201006-03-53_CTD_06.cnv,CTD_06.cnv
992.952,1000.375,2.137827,3.5258,1481.16,0.0065,2.89487,7.20782,0.0,34.689,NA_NA_NA_NA_Nov14201006-03-53_CTD_06.cnv,CTD_06.cnv
993.449,1000.876,2.137185,3.5337,1481.18,0.004,2.89621,7.1994,0.0,34.6752,NA_NA_NA_NA_Nov14201006-03-53_CTD_06.cnv,CTD_06.cnv
993.983,1001.413,2.137414,3.5512,1481.27,-0.0064,2.88621,7.20011,0.0,34.6584,NA_NA_NA_NA_Nov14201006-03-53_CTD_06.cnv,CTD_06.cnv
994.494,1001.928,2.137857,3.5273,1481.15,-0.0005,2.90761,7.20756,0.0,34.6751,NA_NA_NA_NA_Nov14201006-03-53_CTD_06.cnv,CTD_06.cnv
994.994,1002.432,2.137904,3.5498,1481.27,-0.0043,2.92286,7.20037,0.0,34.679,NA_NA_NA_NA_Nov14201006-03-53_CTD_06.cnv,CTD_06.cnv
995.505,1002.946,2.139308,3.5358,1481.37,0.0057,2.92089,7.19717,0.0,34.6974,NA_NA_NA_NA_Nov14201006-03-53_CTD_06.cnv,CTD_06.cnv
995.983,1003.428,2.137396,3.5492,1481.36,-0.0098,2.93264,7.1878,0.0,34.6595,NA_NA_NA_NA_Nov14201006-03-53_CTD_06.cnv,CTD_06.cnv
996.5,1003.949,2.139513,3.5399,1481.34,0.0098,2.94073,7.20033,0.0,34.6911,NA_NA_NA_NA_Nov14201006-03-53_CTD_06.cnv,CTD_06.cnv
997.047,1004.5,2.135269,3.5058,1481.07,-0.0033,2.93606,7.19362,0.0,34.6713,NA_NA_NA_NA_Nov14201006-03-53_CTD_06.cnv,CTD_06.cnv
997.511,1004.967,2.14036,3.5468,1481.22,0.0055,2.934,7.19904,0.0,34.6792,NA_NA_NA_NA_Nov14201006-03-53_CTD_06.cnv,CTD_06.cnv
998.03,1005.49,2.13884,3.5423,1481.28,-0.0081,2.95562,7.20186,0.0,34.6711,NA_NA_NA_NA_Nov14201006-03-53_CTD_06.cnv,CTD_06.cnv
998.541,1006.004,2.138503,3.5451,1481.48,-0.0194,2.94817,7.21389,0.0,34.681,NA_NA_NA_NA_Nov14201006-03-53_CTD_06.cnv,CTD_06.cnv
999.029,1006.496,2.137501,3.51,1481.16,-0.0158,2.96012,7.20476,0.0,34.6872,NA_NA_NA_NA_Nov14201006-03-53_CTD_06.cnv,CTD_06.cnv
999.481,1006.951,2.139301,3.5433,1481.33,0.0081,2.96482,7.19885,0.0,34.6709,NA_NA_NA_NA_Nov14201006-03-53_CTD_06.cnv,CTD_06.cnv
999.962,1007.436,2.137962,3.542,1481.35,-0.0075,2.96279,7.20244,0.0,34.6838,NA_NA_NA_NA_Nov14201006-03-53_CTD_06.cnv,CTD_06.cnv
