SourceFile,SourceFolder,SourceSubFolder,Station,Ship,Cruise,Depth,Latitude(decimal),Longitude(decimal),Datetime,Data_File,FileName,Temperature_SN,Conductivity_SN,No. of Parameters,No. of Records
1075.HDR,CMLRE_CTD,cr202\CR202-ctd,,FORV Sagar Sampada,202,238,17.343333,83.552222,10-04-2002 13:45,Sea-Bird SBE 9 Raw Data File,C:\CTDDATA\1074.DAT,2881.0,2504.0,7.0,927.0
1076.HDR,CMLRE_CTD,cr202\CR202-ctd,,FORV Sagar Sampada,202,323,17.280833,83.494444,10-04-2002 17:17,Sea-Bird SBE 9 Raw Data File,C:\CTDDATA\1075.DAT,2881.0,2504.0,7.0,1641.0
1077.HDR,CMLRE_CTD,cr202\CR202-ctd,,FORV Sagar Sampada,202,349,17.095,83.276111,11-04-2002 09:17,Sea-Bird SBE 9 Raw Data File,C:\CTDDATA\1076.DAT,2881.0,2504.0,7.0,1362.0
1140.DAT,CMLRE_CTD,cr204\ctd204,,FORV Sagar Sampada,202 204,375 M,8.774833,75.8055,21-06-2002 11:54,Sea-Bird SBE 9 Raw Data File,C:\CTDDATA\1140.DAT,2881.0,2504.0,,
1140A.DAT,CMLRE_CTD,cr204\ctd204,,FORV Sagar Sampada,202 204,428 M,8.732,75.853,21-06-2002 18:51,Sea-Bird SBE 9 Raw Data File,C:\CTDDATA\1140A.DAT,2881.0,2504.0,,
1153.HDR,CMLRE_CTD,cr205\CTD205,1153,FORV SAGAR SAMPADA       SS,205,40,11.0,80.2,18-07-2002 00:46,Sea-Bird SBE 9 Raw Data File,C:\CTDDATA\1153.dat,2881.0,2504.0,11.0,29.0
1154A.HDR,CMLRE_CTD,cr205\CTD205,1154a,FORV SAGAR SAMPADA,205,1482,11.017778,80.911667,18-07-2002 09:46,Sea-Bird SBE 9 Raw Data File,C:\CTDDATA\1154a.dat,2881.0,2504.0,12.0,1000.0
1154B.HDR,CMLRE_CTD,cr205\CTD205,1154b,FORV SAGAR SAMPADA,205,"1437, time 1530",11.0,81.0,18-07-2002 15:49,Sea-Bird SBE 9 Raw Data File,C:\CTDDATA\1154b.dat,2881.0,2504.0,12.0,999.0
1154C.HDR,CMLRE_CTD,cr205\CTD205,,FORV SAGAR SAMPADA,,,,,18-07-2002 22:36,Sea-Bird SBE 9 Raw Data File,C:\CTDDATA\1154c.dat,2881.0,2504.0,12.0,316.0
1154MIC1.HDR,CMLRE_CTD,cr205\CTD205,1154micr,FORV SAGAR SAMPADA,205,1427,11.0,81.0,18-07-2002 13:26,Sea-Bird SBE 9 Raw Data File,C:\CTDDATA\1154micro.dat,2881.0,2504.0,12.0,150.0
1154MICR.HDR,CMLRE_CTD,cr205\CTD205,1154micr,FORV SAGAR SAMPADA,205,1427,11.0,81.0,18-07-2002 13:26,Sea-Bird SBE 9 Raw Data File,C:\CTDDATA\1154micro.dat,2881.0,2504.0,12.0,150.0
1154PAPA.HDR,CMLRE_CTD,cr205\CTD205,1,FORV SAGAR SAMPADA,205,1482,11.017778,80.911667,18-07-2002 09:20,Sea-Bird SBE 9 Raw Data File,C:\CTDDATA\1154papa.dat,2881.0,2504.0,12.0,72.0
1154PP.HDR,CMLRE_CTD,cr205\CTD205,1154pp,FORV SAGAR SAMPADA,203b,1399,11.0,80.573611,18-07-2002 05:29,Sea-Bird SBE 9 Raw Data File,C:\CTDDATA\1154pp.dat,2881.0,2504.0,12.0,118.0
1155PAPA.HDR,CMLRE_CTD,cr205\CTD205,1155papa,FORV SAGAR SAMPADA,205,3609,11.0,82.008611,19-07-2002 08:36,Sea-Bird SBE 9 Raw Data File,C:\CTDDATA\1155papa.dat,2881.0,2504.0,12.0,77.0
1156.HDR,CMLRE_CTD,cr205\CTD205,1156,FORV SAGAR SAMPADA,205,3545,11.0,83.0,19-07-2002 20:43,Sea-Bird SBE 9 Raw Data File,C:\CTDDATA\1156.dat,2881.0,2504.0,11.0,999.0
1156PAPA.HDR,CMLRE_CTD,cr205\CTD205,1156,FORV SAGAR SAMPADA,205,3545,11.0,83.0,19-07-2002 20:26,Sea-Bird SBE 9 Raw Data File,C:\CTDDATA\1156papa.dat,2881.0,2504.0,13.0,123.0
1157.HDR,CMLRE_CTD,cr205\CTD205,1157,FORV SAGAR SAMPADA,205,3503m,11.0,84.0,20-07-2002 10:00,Sea-Bird SBE 9 Raw Data File,C:\CTDDATA\1157.dat,2881.0,2504.0,12.0,1026.0
1157MIC1.HDR,CMLRE_CTD,cr205\CTD205,1157micro,FORV SAGAR SAMPADA,,,,,20-07-2002 13:10,Sea-Bird SBE 9 Raw Data File,C:\CTDDATA\1157micro.dat,2881.0,2504.0,12.0,147.0
1157MICR.HDR,CMLRE_CTD,cr205\CTD205,1157micro,FORV SAGAR SAMPADA,,,,,20-07-2002 13:10,Sea-Bird SBE 9 Raw Data File,C:\CTDDATA\1157micro.dat,2881.0,2504.0,13.0,147.0
1157PAPA.HDR,CMLRE_CTD,cr205\CTD205,1157papa,FORV SAGAR SAMPADA,205,3503m,11.0,84.0,20-07-2002 09:37,Sea-Bird SBE 9 Raw Data File,C:\CTDDATA\1157papa.dat,2881.0,2504.0,12.0,73.0
1157PP.HDR,CMLRE_CTD,cr205\CTD205,1157pp,FORV SAGAR SAMPADA,205,3503m,11.0,84.0,20-07-2002 09:19,Sea-Bird SBE 9 Raw Data File,C:\CTDDATA\1157pp.HDR,2881.0,2504.0,,
1158A.HDR,CMLRE_CTD,cr205\CTD205,1158A,FORV SAGAR SAMPADA,205,3311,13.0,84.0,21-07-2002 05:32,Sea-Bird SBE 9 Raw Data File,C:\CTDDATA\1158A.dat,2881.0,2504.0,12.0,1005.0
1158B.HDR,CMLRE_CTD,cr205\CTD205,1158B,FORV SAGAR SAMPADA,205,3296,13.0,84.0,21-07-2002 12:07,Sea-Bird SBE 9 Raw Data File,C:\CTDDATA\1158B.dat,2881.0,2504.0,12.0,1003.0
1158C.HDR,CMLRE_CTD,cr205\CTD205,1158,FORV SAGAR SAMPADA,205,3282,,,21-07-2002 18:32,Sea-Bird SBE 9 Raw Data File,C:\CTDDATA\1158c.dat,2881.0,2504.0,12.0,1002.0
1158D.HDR,CMLRE_CTD,cr205\CTD205,1158c,FORV SAGAR SAMPADA,203,3294,13.0,84.0,22-07-2002 00:15,Sea-Bird SBE 9 Raw Data File,C:\CTDDATA\1158d.dat,2881.0,2504.0,12.0,1003.0
1158MIC1.HDR,CMLRE_CTD,cr205\CTD205,,FORV SAGAR SAMPADA,,,,,21-07-2002 14:00,Sea-Bird SBE 9 Raw Data File,C:\CTDDATA\1158micro.dat,2881.0,2504.0,12.0,73.0
1158MICR.HDR,CMLRE_CTD,cr205\CTD205,,FORV SAGAR SAMPADA,,,,,21-07-2002 14:00,Sea-Bird SBE 9 Raw Data File,C:\CTDDATA\1158micro.dat,2881.0,2504.0,12.0,73.0
1158PP.HDR,CMLRE_CTD,cr205\CTD205,1158PP,FORV SAGAR SAMPADA,205,3311,13.0,84.0,21-07-2002 05:14,Sea-Bird SBE 9 Raw Data File,C:\CTDDATA\1158PP.dat,2881.0,2504.0,12.0,120.0
1159.HDR,CMLRE_CTD,cr205\CTD205,1159,FORV SAGAR SAMPADA,205,3366,13.021667,82.9425,22-07-2002 13:33,Sea-Bird SBE 9 Raw Data File,C:\CTDDATA\1159.dat,2881.0,2504.0,12.0,1004.0
1159PAP.HDR,CMLRE_CTD,cr205\CTD205,1159,FORV SAGAR SAMPADA,205,,13.021667,82.9425,22-07-2002 13:17,Sea-Bird SBE 9 Raw Data File,C:\CTDDATA\1159pap.HDR,2881.0,2504.0,,
1159PP.HDR,CMLRE_CTD,cr205\CTD205,1159,FORV SAGAR SAMPADA,205,3366,13.021667,82.9425,22-07-2002 14:32,Sea-Bird SBE 9 Raw Data File,C:\CTDDATA\1159pp.HDR,2881.0,2504.0,,
1160.HDR,CMLRE_CTD,cr205\CTD205,1160,FORV SAGAR SAMPADA,205,3441,13.0,82.0,22-07-2002 23:28,Sea-Bird SBE 9 Raw Data File,C:\CTDDATA\1160.dat,2881.0,2504.0,12.0,57804.0
1161.HDR,CMLRE_CTD,cr205\CTD205,1161pp,FORV SAGAR SAMPADA,205,260,13.0,80.39,23-07-2002 10:21,Sea-Bird SBE 9 Raw Data File,C:\CTDDATA\1161.dat,2881.0,2504.0,12.0,74.0
1161A.HDR,CMLRE_CTD,cr205\CTD205,1161A,FORV SAGAR SAMPADA,205,250,13.0,80.39,23-07-2002 10:44,Sea-Bird SBE 9 Raw Data File,C:\CTDDATA\1161a.dat,2881.0,2504.0,12.0,249.0
1161MIC1.HDR,CMLRE_CTD,cr205\CTD205,1161,FORV SAGAR SAMPADA,205,277,13.0,80.666667,23-07-2002 11:42,Sea-Bird SBE 9 Raw Data File,C:\CTDDATA\1161micro.dat,2881.0,2504.0,12.0,153.0
1161MICR.HDR,CMLRE_CTD,cr205\CTD205,1161,FORV SAGAR SAMPADA,205,277,13.0,80.666667,23-07-2002 11:42,Sea-Bird SBE 9 Raw Data File,C:\CTDDATA\1161micro.dat,2881.0,2504.0,12.0,153.0
1161PP.HDR,CMLRE_CTD,cr205\CTD205,1161,FORV SAGAR SAMPADA,205,277,13.0,80.666667,23-07-2002 11:29,Sea-Bird SBE 9 Raw Data File,C:\CTDDATA\1161pp.dat,2881.0,2504.0,12.0,109.0
1162.HDR,CMLRE_CTD,cr205\CTD205,1162,FORV SAGAR SAMPADA,205,50,13.0,80.416667,23-07-2002 16:02,Sea-Bird SBE 9 Raw Data File,C:\CTDDATA\1162.dat,2881.0,2504.0,12.0,49.0
1162MDU.HDR,CMLRE_CTD,cr205\CTD205,1162,FORV SAGAR SAMPADA,205,50,13.0,80.416667,23-07-2002 16:23,Sea-Bird SBE 9 Raw Data File,C:\CTDDATA\1162mdu.dat,2881.0,2504.0,12.0,48.0
1163.HDR,CMLRE_CTD,cr205\CTD205,1163,FORV SAGAR SAMPADA,205,253,15.0,80.25,24-07-2002 05:43,Sea-Bird SBE 9 Raw Data File,C:\CTDDATA\1163.dat,2881.0,2504.0,12.0,229.0
1163B.HDR,CMLRE_CTD,cr205\CTD205,1163b,FORV SAGAR SAMPADA,205,1206,15.0,80.55,24-07-2002 12:04,Sea-Bird SBE 9 Raw Data File,C:\CTDDATA\1163b.dat,2881.0,2504.0,12.0,999.0
1163C.HDR,CMLRE_CTD,cr205\CTD205,1163c,FORV SAGAR SAMPADA,205,265,15.0,80.416667,24-07-2002 19:34,Sea-Bird SBE 9 Raw Data File,C:\CTDDATA\1163c.dat,2881.0,2504.0,12.0,251.0
1163MIC1.HDR,CMLRE_CTD,cr205\CTD205,1163b,FORV SAGAR SAMPADA,205,1206,15.0,80.55,24-07-2002 13:39,Sea-Bird SBE 9 Raw Data File,C:\CTDDATA\1163micro.dat,2881.0,2504.0,12.0,147.0
1163MICR.HDR,CMLRE_CTD,cr205\CTD205,1163b,FORV SAGAR SAMPADA,205,1206,15.0,80.55,24-07-2002 13:39,Sea-Bird SBE 9 Raw Data File,C:\CTDDATA\1163micro.dat,2881.0,2504.0,12.0,147.0
1163PAPA.HDR,CMLRE_CTD,cr205\CTD205,1163pp,FORV SAGAR SAMPADA,205,276,15.0,80.27,24-07-2002 06:57,Sea-Bird SBE 9 Raw Data File,C:\CTDDATA\1163papa.dat,2881.0,2504.0,12.0,73.0
1163PP.HDR,CMLRE_CTD,cr205\CTD205,1163pp,FORV SAGAR SAMPADA,205,248,15.0,80.25,24-07-2002 05:17,Sea-Bird SBE 9 Raw Data File,C:\CTDDATA\1163pp.dat,2881.0,2504.0,12.0,126.0
1164.HDR,CMLRE_CTD,cr205\CTD205,1164,FORV SAGAR SAMPADA,205,60,15.0,80.18,25-07-2002 00:29,Sea-Bird SBE 9 Raw Data File,C:\CTDDATA\1164.dat,2881.0,2504.0,12.0,49.0
1165.HDR,CMLRE_CTD,cr205\CTD205,1165,FORV SAGAR SAMPADA,205,2841,15.0,82.0,25-07-2002 10:58,Sea-Bird SBE 9 Raw Data File,C:\CTDDATA\1165.dat,2881.0,2504.0,12.0,74.0
1165A.HDR,CMLRE_CTD,cr205\CTD205,1165a,FORV SAGAR SAMPADA,205,2848,15.0,82.0,25-07-2002 11:24,Sea-Bird SBE 9 Raw Data File,C:\CTDDATA\1165a.dat,2881.0,2504.0,12.0,866.0
1167.HDR,CMLRE_CTD,cr205\CTD205,1167,FORV SAGAR SAMPADA,205,1167,15.0,84.0,26-07-2002 04:06,Sea-Bird SBE 9 Raw Data File,C:\CTDDATA\1167.dat,2881.0,2504.0,11.0,997.0
1167PAPA.HDR,CMLRE_CTD,cr205\CTD205,1167pp,FORV SAGAR SAMPADA,205,3117,15.004,84.176,26-07-2002 07:45,Sea-Bird SBE 9 Raw Data File,C:\CTDDATA\1167papa.dat,2881.0,2504.0,12.0,75.0
1167PP.HDR,CMLRE_CTD,cr205\CTD205,1167pp,FORV SAGAR SAMPADA,205,3117,15.0,84.0,26-07-2002 06:44,Sea-Bird SBE 9 Raw Data File,C:\CTDDATA\1167pp.dat,2881.0,2504.0,12.0,118.0
1168.HDR,CMLRE_CTD,cr205\CTD205,1168,FORV SAGAR SAMPADA,205,60,19.0,85.0,30-07-2002 09:03,Sea-Bird SBE 9 Raw Data File,C:\CTDDATA\1168.dat,2881.0,2504.0,12.0,52.0
1168MICR.HDR,CMLRE_CTD,cr205\CTD205,1168micro,FORV SAGAR SAMPADA,205,60,19.0,85.0,30-07-2002 09:47,Sea-Bird SBE 9 Raw Data File,C:\CTDDATA\1168micro.dat,2881.0,2504.0,11.0,47.0
1168PP.HDR,CMLRE_CTD,cr205\CTD205,1168pp,FORV SAGAR SAMPADA,205,60,19.0,85.0,30-07-2002 09:17,Sea-Bird SBE 9 Raw Data File,C:\CTDDATA\1168pp.dat,2881.0,2504.0,11.0,46.0
1169.HDR,CMLRE_CTD,cr205\CTD205,1169,FORV SAGAR SAMPADA,205,1860,19.0,85.0,30-07-2002 18:47,Sea-Bird SBE 9 Raw Data File,C:\CTDDATA\1169.dat,2881.0,2504.0,11.0,1866.0
1169TEST.HDR,CMLRE_CTD,cr205\CTD205,1169,FORV SAGAR SAMPADA,205,1860,19.0,85.0,30-07-2002 20:10,Sea-Bird SBE 9 Raw Data File,C:\CTDDATA\1169test.HDR,2881.0,2504.0,,
1170.HDR,CMLRE_CTD,cr205\CTD205,1170,FORV SAGAR SAMPADA,205,21,20.29,87.0,31-07-2002 14:20,Sea-Bird SBE 9 Raw Data File,C:\CTDDATA\1170.dat,2881.0,2504.0,12.0,14.0
1170MI2.HDR,CMLRE_CTD,cr205\CTD205,1170,FORV SAGAR SAMPADA,205,21,20.29,87.0,31-07-2002 14:54,Sea-Bird SBE 9 Raw Data File,C:\CTDDATA\1170mi2.dat,2881.0,2504.0,12.0,2.0
1170MICR.HDR,CMLRE_CTD,cr205\CTD205,1170,FORV SAGAR SAMPADA,205,21,20.29,87.0,31-07-2002 14:46,Sea-Bird SBE 9 Raw Data File,C:\CTDDATA\1170micr.dat,2881.0,2504.0,12.0,19.0
1170PP.HDR,CMLRE_CTD,cr205\CTD205,1170pp,FORV SAGAR SAMPADA,205,,19.0,86.0,31-07-2002 09:12,Sea-Bird SBE 9 Raw Data File,C:\CTDDATA\1170pp.dat,2881.0,2504.0,13.0,31.0
1171.HDR,CMLRE_CTD,cr205\CTD205,1171,FORV SAGAR SAMPADA,205,115,20.483333,87.983333,01-08-2002 00:01,Sea-Bird SBE 9 Raw Data File,C:\CTDDATA\1171.dat,2881.0,2504.0,12.0,103.0
1171PP.HDR,CMLRE_CTD,cr205\CTD205,1171pp,FORV SAGAR SAMPADA,205,115,20.0,87.0,01-08-2002 00:42,Sea-Bird SBE 9 Raw Data File,C:\CTDDATA\1171pp.dat,2881.0,2504.0,12.0,9.0
1172.HDR,CMLRE_CTD,cr205\CTD205,1172,FORV SAGAR SAMPADA,205,236,20.528056,88.990556,01-08-2002 08:36,Sea-Bird SBE 9 Raw Data File,C:\CTDDATA\1172.dat,2881.0,2504.0,12.0,200.0
1172A.HDR,CMLRE_CTD,cr205\CTD205,1172a,FORV SAGAR SAMPADA,205,237,20.5,88.983333,01-08-2002 09:03,Sea-Bird SBE 9 Raw Data File,C:\CTDDATA\1172a.dat,2881.0,2504.0,12.0,220.0
1172MICR.HDR,CMLRE_CTD,cr205\CTD205,,FORV SAGAR SAMPADA,,,,,01-08-2002 09:59,Sea-Bird SBE 9 Raw Data File,C:\CTDDATA\1172micro.HDR,2881.0,2504.0,,
1172PAPA.HDR,CMLRE_CTD,cr205\CTD205,,FORV SAGAR SAMPADA,,,,,01-08-2002 09:27,Sea-Bird SBE 9 Raw Data File,C:\CTDDATA\1172papa.HDR,2881.0,2504.0,,
1173.HDR,CMLRE_CTD,cr205\CTD205,1173,FORV SAGAR SAMPADA,205,1786,19.016667,88.983333,02-08-2002 00:18,Sea-Bird SBE 9 Raw Data File,C:\CTDDATA\1173.dat,2881.0,2504.0,12.0,997.0
1173A.HDR,CMLRE_CTD,cr205\CTD205,,FORV SAGAR SAMPADA,,,,,02-08-2002 01:45,Sea-Bird SBE 9 Raw Data File,C:\CTDDATA\1173a.dat,2881.0,2504.0,11.0,38.0
1174.HDR,CMLRE_CTD,cr205\CTD205,1174,FORV SAGAR SAMPADA,205,2202,19.0,88.0,02-08-2002 14:15,Sea-Bird SBE 9 Raw Data File,C:\CTDDATA\1174.dat,2881.0,2504.0,11.0,4314.0
1174PP.HDR,CMLRE_CTD,cr205\CTD205,1174pp,FORV SAGAR SAMPADA,205,2195,19.0,88.0,02-08-2002 15:18,Sea-Bird SBE 9 Raw Data File,C:\CTDDATA\1174pp.dat,2881.0,2504.0,11.0,118.0
1175.HDR,CMLRE_CTD,cr205\CTD205,1175,FORV SAGAR SAMPADA,205,1981,19.0,87.0,03-08-2002 04:54,Sea-Bird SBE 9 Raw Data File,C:\CTDDATA\1175.dat,2881.0,2504.0,12.0,1003.0
1175J.HDR,CMLRE_CTD,cr205\CTD205,,FORV SAGAR SAMPADA,,,,,03-08-2002 07:16,Sea-Bird SBE 9 Raw Data File,C:\CTDDATA\1175j.dat,2881.0,2504.0,12.0,8.0
1175MDU.HDR,CMLRE_CTD,cr205\CTD205,1175,FORV SAGAR SAMPADA,205,1978,19.0,86.0,03-08-2002 05:55,Sea-Bird SBE 9 Raw Data File,C:\CTDDATA\1175mdu.dat,2881.0,2504.0,12.0,118.0
1175PP.HDR,CMLRE_CTD,cr205\CTD205,1175,FORV SAGAR SAMPADA,205,1976,19.0,86.0,03-08-2002 06:12,Sea-Bird SBE 9 Raw Data File,C:\CTDDATA\1175pp.dat,2881.0,2504.0,12.0,74.0
1176.HDR,CMLRE_CTD,cr205\CTD205,1176,FORV SAGAR SAMPADA,205,2563,17.0,87.0,04-08-2002 03:23,Sea-Bird SBE 9 Raw Data File,C:\CTDDATA\1176.dat,2881.0,2504.0,12.0,1001.0
1176MIC.HDR,CMLRE_CTD,cr205\CTD205,1176,FORV SAGAR SAMPADA,205,2563,17.0,87.0,04-08-2002 04:26,Sea-Bird SBE 9 Raw Data File,C:\CTDDATA\1176MIC.HDR,2881.0,2504.0,,
1176MIC1.HDR,CMLRE_CTD,cr205\CTD205,1176,FORV SAGAR SAMPADA,205,2563,17.0,87.0,04-08-2002 05:14,Sea-Bird SBE 9 Raw Data File,C:\CTDDATA\1176MIC1.dat,2881.0,2504.0,11.0,17.0
1176PAPA.HDR,CMLRE_CTD,cr205\CTD205,,FORV SAGAR SAMPADA,,,,,04-08-2002 05:46,Sea-Bird SBE 9 Raw Data File,C:\CTDDATA\1176PAPA.dat,2881.0,2504.0,12.0,350.0
1176PP.HDR,CMLRE_CTD,cr205\CTD205,,FORV SAGAR SAMPADA,,,,,04-08-2002 05:29,Sea-Bird SBE 9 Raw Data File,C:\CTDDATA\1176PP.HDR,2881.0,2504.0,,
1177.HDR,CMLRE_CTD,cr205\CTD205,1177,FORV SAGAR SAMPADA,205,2699,17.0,86.0,04-08-2002 16:03,Sea-Bird SBE 9 Raw Data File,C:\CTDDATA\1177.dat,2881.0,2504.0,12.0,1007.0
1178.HDR,CMLRE_CTD,cr205\CTD205,1178,FORV SAGAR SAMPADA,205,2748,17.0,85.0,05-08-2002 03:50,Sea-Bird SBE 9 Raw Data File,C:\CTDDATA\1178.dat,2881.0,2504.0,12.0,999.0
1179.hdr,CMLRE_CTD,cr206\CR206CTD,,FORV Sagar Sampada,202 206,796M,14.263333,73.140167,21-08-2002 19:08,Sea-Bird SBE 9 Raw Data File,C:\CTDDATA\1146.DAT,2881.0,2504.0,7.0,251.0
1180.HDR,CMLRE_CTD,cr206\CR206CTD,,FORV Sagar Sampada,206,220M,14.703667,73.133667,22-08-2002 16:14,Sea-Bird SBE 9 Raw Data File,C:\CTDDATA\1180.DAT,2881.0,2504.0,7.0,67.0
1181.hdr,CMLRE_CTD,cr206\CR206CTD,1181,FORV SAGAR SAMPADA,206,579,15.440278,72.769167,23-08-2002 11:31,Sea-Bird SBE 9 Raw Data File,C:\CTDDATA\1177.dat,2881.0,2504.0,7.0,178.0
1201A.HDR,CMLRE_CTD,cr207\CR207 ctd,1201,FORV SAGAR SAMPADA,207,2629,7.0,90.0,16-09-2002 02:47,Sea-Bird SBE 9 Raw Data File,C:\CTDDATA\1201A.dat,2881.0,2504.0,9.0,1005.0
1201B.HDR,CMLRE_CTD,cr207\CR207 ctd,1201,FORV SAGAR SAMPADA,cr207,2669,7.0,90.0,16-09-2002 07:06,Sea-Bird SBE 9 Raw Data File,C:\CTDDATA\1201b.dat,2881.0,2504.0,10.0,1007.0
1201C.HDR,CMLRE_CTD,cr207\CR207 ctd,1201c,FORV SAGAR SAMPADA,207,3014,6.95,90.066667,16-09-2002 12:06,Sea-Bird SBE 9 Raw Data File,C:\CTDDATA\1201c.dat,2881.0,2504.0,10.0,1006.0
1201D.HDR,CMLRE_CTD,cr207\CR207 ctd,1201d,FORV SAGAR SAMPADA,207,3031,6.916667,90.15,16-09-2002 18:10,Sea-Bird SBE 9 Raw Data File,C:\CTDDATA\1201d.dat,2881.0,2504.0,9.0,1002.0
1201PAPA.HDR,CMLRE_CTD,cr207\CR207 ctd,1201,FORV SAGAR SAMPADA,cr207,2669,7.0,90.0,16-09-2002 06:43,Sea-Bird SBE 9 Raw Data File,C:\CTDDATA\1201papa.dat,2881.0,2504.0,10.0,82.0
1201PP.HDR,CMLRE_CTD,cr207\CR207 ctd,1201pp,FORV SAGAR SAMPADA,,,,,16-09-2002 04:35,Sea-Bird SBE 9 Raw Data File,C:\CTDDATA\1201pp.dat,2881.0,2504.0,10.0,119.0
1202.HDR,CMLRE_CTD,cr207\CR207 ctd,1202,FORV SAGAR SAMPADA,207,4080,7.0,92.0,17-09-2002 10:38,Sea-Bird SBE 9 Raw Data File,C:\CTDDATA\1202.dat,2881.0,2504.0,10.0,1009.0
1202PAPA.HDR,CMLRE_CTD,cr207\CR207 ctd,1202,FORV SAGAR SAMPADA,207,4071,7.0,92.0,17-09-2002 10:17,Sea-Bird SBE 9 Raw Data File,C:\CTDDATA\1202papa.dat,2881.0,2504.0,10.0,75.0
1202PP.HDR,CMLRE_CTD,cr207\CR207 ctd,1202,FORV SAGAR SAMPADA,207,4071,7.0,92.0,17-09-2002 09:37,Sea-Bird SBE 9 Raw Data File,C:\CTDDATA\1202pp.HDR,2881.0,2504.0,,
1203.HDR,CMLRE_CTD,cr207\CR207 ctd,1203,FORV SAGAR SAMPADA,207,868,7.0,94.0,18-09-2002 04:54,Sea-Bird SBE 9 Raw Data File,C:\CTDDATA\1203.dat,2881.0,2504.0,10.0,123.0
1203A.HDR,CMLRE_CTD,cr207\CR207 ctd,1203,FORV SAGAR SAMPADA,207,868,7.0,94.0,18-09-2002 05:11,Sea-Bird SBE 9 Raw Data File,C:\CTDDATA\1203a.dat,2881.0,2504.0,10.0,807.0
1203PAPA.HDR,CMLRE_CTD,cr207\CR207 ctd,1203papa,FORV SAGAR SAMPADA,207,1098,7.0,94.0,18-09-2002 06:47,Sea-Bird SBE 9 Raw Data File,C:\CTDDATA\1203papa.dat,2881.0,2504.0,10.0,76.0
1204A.HDR,CMLRE_CTD,cr207\CR207 ctd,1204a,FORV SAGAR SAMPADA,207,1899,7.0,94.75,18-09-2002 12:28,Sea-Bird SBE 9 Raw Data File,C:\CTDDATA\1204a.dat,2881.0,2504.0,9.0,1002.0
1204B.HDR,CMLRE_CTD,cr207\CR207 ctd,1204B,FORV SAGAR SAMPADA,207,1769,6.983333,94.85,18-09-2002 18:13,Sea-Bird SBE 9 Raw Data File,C:\CTDDATA\1204B.dat,2881.0,2504.0,10.0,1003.0
1204C.HDR,CMLRE_CTD,cr207\CR207 ctd,1204c,FORV SAGAR SAMPADA,207,2468,7.0,94.49,19-09-2002 00:48,Sea-Bird SBE 9 Raw Data File,C:\CTDDATA\1204c.dat,2881.0,2504.0,10.0,1008.0
1204D.HDR,CMLRE_CTD,cr207\CR207 ctd,,FORV SAGAR SAMPADA,207,2637,7.0,94.883333,19-09-2002 07:07,Sea-Bird SBE 9 Raw Data File,C:\CTDDATA\1204d.dat,2881.0,2504.0,11.0,1002.0
1204DPAP.HDR,CMLRE_CTD,cr207\CR207 ctd,,FORV SAGAR SAMPADA,207,2624,7.0,94.883333,19-09-2002 06:35,Sea-Bird SBE 9 Raw Data File,C:\CTDDATA\1204dpapa.dat,2881.0,2504.0,10.0,76.0
1204PAPA.HDR,CMLRE_CTD,cr207\CR207 ctd,,FORV SAGAR SAMPADA,,,,,18-09-2002 14:14,Sea-Bird SBE 9 Raw Data File,C:\CTDDATA\1204papa.dat,2881.0,2504.0,10.0,71.0
1205.HDR,CMLRE_CTD,cr207\CR207 ctd,1205,FORV SAGAR SAMPADA,207,1606,10.0,95.0,20-09-2002 08:35,Sea-Bird SBE 9 Raw Data File,C:\CTDDATA\1205.dat,2881.0,2504.0,10.0,117.0
1205A.HDR,CMLRE_CTD,cr207\CR207 ctd,1205a,FORV SAGAR SAMPADA,207,1730,10.0,94.0,20-09-2002 08:59,Sea-Bird SBE 9 Raw Data File,C:\CTDDATA\1205a.dat,2881.0,2504.0,10.0,1001.0
1206.HDR,CMLRE_CTD,cr207\CR207 ctd,1206,FORV SAGAR SAMPADA,207,1704,10.0,94.0,20-09-2002 22:50,Sea-Bird SBE 9 Raw Data File,C:\CTDDATA\1206.dat,2881.0,2504.0,10.0,1001.0
1207.HDR,CMLRE_CTD,cr207\CR207 ctd,1207,FORV SAGAR SAMPADA,207,1833,9.59,91.58,21-09-2002 22:10,Sea-Bird SBE 9 Raw Data File,C:\CTDDATA\1207.dat,2881.0,2504.0,11.0,1005.0
1208A.HDR,CMLRE_CTD,cr207\CR207 ctd,1208,FORV SAGAR SAMPADA,207,3312,10.0,89.966667,22-09-2002 21:10,Sea-Bird SBE 9 Raw Data File,C:\CTDDATA\1208A.dat,2881.0,2504.0,10.0,1007.0
1208B.HDR,CMLRE_CTD,cr207\CR207 ctd,1208b,FORV SAGAR SAMPADA,207,3091,10.0,90.0,23-09-2002 00:03,Sea-Bird SBE 9 Raw Data File,C:\CTDDATA\1208b.dat,2881.0,2504.0,10.0,999.0
1208C.HDR,CMLRE_CTD,cr207\CR207 ctd,,FORV SAGAR SAMPADA,207,3302,10.0,90.033333,23-09-2002 06:12,Sea-Bird SBE 9 Raw Data File,C:\CTDDATA\1208c.dat,2881.0,2504.0,10.0,1008.0
1208PAP1.HDR,CMLRE_CTD,cr207\CR207 ctd,1208c,FORV SAGAR SAMPADA,207,,10.0,90.0,23-09-2002 08:04,Sea-Bird SBE 9 Raw Data File,C:\CTDDATA\1208papa75.HDR,2881.0,2504.0,,
1208PAPA.HDR,CMLRE_CTD,cr207\CR207 ctd,,FORV SAGAR SAMPADA,207,3313,10.0,89.966667,22-09-2002 20:42,Sea-Bird SBE 9 Raw Data File,C:\CTDDATA\1208papa.HDR,2881.0,2504.0,,
1208PAPI.HDR,CMLRE_CTD,cr207\CR207 ctd,,FORV SAGAR SAMPADA,207,3312,10.0,89.966667,22-09-2002 20:56,Sea-Bird SBE 9 Raw Data File,C:\CTDDATA\1208papi.HDR,2881.0,2504.0,,
1208PP3.HDR,CMLRE_CTD,cr207\CR207 ctd,1208C,FORV SAGAR SAMPADA,207,,10.0,90.0,23-09-2002 05:24,Sea-Bird SBE 9 Raw Data File,C:\CTDDATA\1208PP3.HDR,2881.0,2504.0,,
1209.HDR,CMLRE_CTD,cr207\CR207 ctd,1209,FORV SAGAR SAMPADA,207,928,12.8,94.583333,28-09-2002 14:49,Sea-Bird SBE 9 Raw Data File,C:\CTDDATA\1209.dat,2881.0,2504.0,10.0,750.0
1209A.HDR,CMLRE_CTD,cr207\CR207 ctd,1209A,FORV SAGAR SAMPADA,207,1177,13.0,95.0,28-09-2002 19:50,Sea-Bird SBE 9 Raw Data File,C:\CTDDATA\1209A.dat,2881.0,2504.0,9.0,1003.0
1209APAP.HDR,CMLRE_CTD,cr207\CR207 ctd,1209papa,FORV SAGAR SAMPADA,207,1261,13.0,95.0,28-09-2002 19:35,Sea-Bird SBE 9 Raw Data File,C:\CTDDATA\1209Apapa.HDR,2881.0,2504.0,,
1209B.HDR,CMLRE_CTD,cr207\CR207 ctd,1209b,FORV SAGAR SAMPADA,207,1462,13.0,95.0,29-09-2002 00:01,Sea-Bird SBE 9 Raw Data File,C:\CTDDATA\1209b.dat,2881.0,2504.0,11.0,998.0
1209BLMP.HDR,CMLRE_CTD,cr207\CR207 ctd,1209bloom,FORV SAGAR SAMPADA,207,915,12.48,94.35,28-09-2002 14:27,Sea-Bird SBE 9 Raw Data File,C:\CTDDATA\1209blmpp.HDR,2881.0,2504.0,,
1209C.HDR,CMLRE_CTD,cr207\CR207 ctd,1209C,FORV SAGAR SAMPADA,207,1294,13.0,95.0,29-09-2002 06:39,Sea-Bird SBE 9 Raw Data File,C:\CTDDATA\1209C.dat,2881.0,2504.0,9.0,1009.0
1209CPP.HDR,CMLRE_CTD,cr207\CR207 ctd,1209c pp,FORV SAGAR SAMPADA,207,1268,13.0,95.0,29-09-2002 05:00,Sea-Bird SBE 9 Raw Data File,C:\CTDDATA\1209cpp.HDR,2881.0,2504.0,,
1209P.HDR,CMLRE_CTD,cr207\CR207 ctd,1209P,FORV SAGAR SAMPADA,207,1471,13.6,95.0,29-09-2002 12:08,Sea-Bird SBE 9 Raw Data File,C:\CTDDATA\1209P.dat,2881.0,2504.0,9.0,1000.0
1209PAPP.HDR,CMLRE_CTD,cr207\CR207 ctd,1209papp,FORV SAGAR SAMPADA,207,1268,13.0,95.0,29-09-2002 06:17,Sea-Bird SBE 9 Raw Data File,C:\CTDDATA\1209papp.HDR,2881.0,2504.0,,
1209PBLO.HDR,CMLRE_CTD,cr207\CR207 ctd,,FORV SAGAR SAMPADA,207,,,,28-09-2002 14:09,Sea-Bird SBE 9 Raw Data File,C:\CTDDATA\1209pblo.dat,2881.0,2504.0,9.0,73.0
1210.HDR,CMLRE_CTD,cr207\CR207 ctd,1210,FORV SAGAR SAMPADA,207,1338,12.983333,94.0,30-09-2002 01:04,Sea-Bird SBE 9 Raw Data File,C:\CTDDATA\1210.dat,2881.0,2504.0,10.0,1001.0
12101.HDR,CMLRE_CTD,cr207\CR207 ctd,,FORV SAGAR SAMPADA,207,,,,01-10-2002 13:23,Sea-Bird SBE 9 Raw Data File,C:\CTDDATA\12101.dat,2881.0,2504.0,10.0,18.0
1211.HDR,CMLRE_CTD,cr207\CR207 ctd,1211,FORV SAGAR SAMPADA,207,1988,12.983333,92.0,30-09-2002 20:47,Sea-Bird SBE 9 Raw Data File,C:\CTDDATA\1211.dat,2881.0,2504.0,10.0,1008.0
1212A.HDR,CMLRE_CTD,cr207\CR207 ctd,1212a,FORV SAGAR SAMPADA,207,2974,13.0,90.0,01-10-2002 13:39,Sea-Bird SBE 9 Raw Data File,C:\CTDDATA\1212a.dat,2881.0,2504.0,10.0,1001.0
1212B.HDR,CMLRE_CTD,cr207\CR207 ctd,1212b,FORV SAGAR SAMPADA,207,2985,13.0,90.0,01-10-2002 18:24,Sea-Bird SBE 9 Raw Data File,C:\CTDDATA\1212b.dat,2881.0,2504.0,11.0,999.0
1212C.HDR,CMLRE_CTD,cr207\CR207 ctd,1212c,FORV SAGAR SAMPADA,207,2969,13.0,90.0,02-10-2002 00:52,Sea-Bird SBE 9 Raw Data File,C:\CTDDATA\1212c.dat,2881.0,2504.0,10.0,998.0
1212CPAP.HDR,CMLRE_CTD,cr207\CR207 ctd,,FORV SAGAR SAMPADA,207,,,,02-10-2002 00:26,Sea-Bird SBE 9 Raw Data File,C:\CTDDATA\1212cpapa.HDR,2881.0,2504.0,,
1212D.HDR,CMLRE_CTD,cr207\CR207 ctd,1212D,FORV SAGAR SAMPADA,207,2964,13.0,89.983333,02-10-2002 05:27,Sea-Bird SBE 9 Raw Data File,C:\CTDDATA\1212D.dat,2881.0,2504.0,10.0,1006.0
1212DPP.HDR,CMLRE_CTD,cr207\CR207 ctd,,FORV SAGAR SAMPADA,207,2966,13.051389,89.983333,02-10-2002 05:08,Sea-Bird SBE 9 Raw Data File,C:\CTDDATA\1212Dpp.HDR,2881.0,2504.0,,
1212PAPA.HDR,CMLRE_CTD,cr207\CR207 ctd,1212papa,FORV SAGAR SAMPADA,207,1026,13.0,90.0,01-10-2002 13:07,Sea-Bird SBE 9 Raw Data File,C:\CTDDATA\1212papa.HDR,2881.0,2504.0,,
1213A.HDR,CMLRE_CTD,cr207\CR207 ctd,1213a,FORV SAGAR SAMPADA,207,2713,15.0,91.0,03-10-2002 00:38,Sea-Bird SBE 9 Raw Data File,C:\CTDDATA\1213a.dat,2881.0,2504.0,10.0,3755.0
1213APAP.HDR,CMLRE_CTD,cr207\CR207 ctd,1213apapa,FORV SAGAR SAMPADA,207,,15.0,91.0,03-10-2002 00:12,Sea-Bird SBE 9 Raw Data File,C:\CTDDATA\1213apapa.HDR,2881.0,2504.0,,
1213B.HDR,CMLRE_CTD,cr207\CR207 ctd,1213b,FORV SAGAR SAMPADA,207,,15.0,91.0,03-10-2002 06:39,Sea-Bird SBE 9 Raw Data File,C:\CTDDATA\1213b.dat,2881.0,2504.0,9.0,999.0
1213C.HDR,CMLRE_CTD,cr207\CR207 ctd,1213C,FORV SAGAR SAMPADA,207,2714,15.0,91.0,03-10-2002 12:06,Sea-Bird SBE 9 Raw Data File,C:\CTDDATA\1213C.dat,2881.0,2504.0,9.0,1007.0
1213D.HDR,CMLRE_CTD,cr207\CR207 ctd,1213d,FORV SAGAR SAMPADA,207,2746,15.0,91.0,03-10-2002 17:37,Sea-Bird SBE 9 Raw Data File,C:\CTDDATA\1213d.dat,2881.0,2504.0,9.0,4357.0
1213PP.HDR,CMLRE_CTD,cr207\CR207 ctd,1213pp,FORV SAGAR SAMPADA,207,,15.0,91.0,03-10-2002 05:12,Sea-Bird SBE 9 Raw Data File,C:\CTDDATA\1213pp.HDR,2881.0,2504.0,,
1214A.HDR,CMLRE_CTD,cr207\CR207 ctd,1214a,FORV SAGAR SAMPADA,207,2703,15.0,90.0,04-10-2002 05:55,Sea-Bird SBE 9 Raw Data File,C:\CTDDATA\1214a.dat,2881.0,2504.0,10.0,1005.0
1214APAP.HDR,CMLRE_CTD,cr207\CR207 ctd,,FORV SAGAR SAMPADA,207,,,,04-10-2002 05:16,Sea-Bird SBE 9 Raw Data File,C:\CTDDATA\1214apapa.HDR,2881.0,2504.0,,
1214APP.HDR,CMLRE_CTD,cr207\CR207 ctd,1214App,FORV SAGAR SAMPADA,207,2707,15.0,90.0,04-10-2002 04:45,Sea-Bird SBE 9 Raw Data File,C:\CTDDATA\1214app.dat,2881.0,2504.0,9.0,119.0
1214APP1.HDR,CMLRE_CTD,cr207\CR207 ctd,,FORV SAGAR SAMPADA,207,,,,04-10-2002 05:28,Sea-Bird SBE 9 Raw Data File,C:\CTDDATA\1214app1.HDR,2881.0,2504.0,,
1214B.HDR,CMLRE_CTD,cr207\CR207 ctd,1214b,FORV SAGAR SAMPADA,207,2692,15.0,90.0,04-10-2002 12:07,Sea-Bird SBE 9 Raw Data File,C:\CTDDATA\1214b.dat,2881.0,2504.0,10.0,1007.0
1214BAPA.HDR,CMLRE_CTD,cr207\CR207 ctd,,FORV SAGAR SAMPADA,207,,,,04-10-2002 19:26,Sea-Bird SBE 9 Raw Data File,C:\CTDDATA\1214bapap.HDR,2881.0,2504.0,,
1214C.HDR,CMLRE_CTD,cr207\CR207 ctd,1214c,FORV SAGAR SAMPADA,207,2714,15.0,90.0,04-10-2002 17:51,Sea-Bird SBE 9 Raw Data File,C:\CTDDATA\1214c.dat,2881.0,2504.0,10.0,1054.0
1214D.HDR,CMLRE_CTD,cr207\CR207 ctd,1214d,FORV SAGAR SAMPADA,207,2702,15.0,89.866667,05-10-2002 00:03,Sea-Bird SBE 9 Raw Data File,C:\CTDDATA\1214d.dat,2881.0,2504.0,10.0,1002.0
1215.HDR,CMLRE_CTD,cr207\CR207 ctd,1215,FORV SAGAR SAMPADA,207,2549,15.0,89.0,05-10-2002 09:16,Sea-Bird SBE 9 Raw Data File,C:\CTDDATA\1215.dat,2881.0,2504.0,9.0,1021.0
6766.HDR,CMLRE_CTD,cr207\CR207 ctd,,FORV SAGAR SAMPADA,,,,,14-09-2002 10:11,Sea-Bird SBE 9 Raw Data File,C:\CTDDATA\6766.HDR,2881.0,2504.0,,
1216.DAT,CMLRE_CTD,cr208\ctd,,FORV Sagar Sampada,206,65M,17.200167,82.916944,17-10-2002 16:47,Sea-Bird SBE 9 Raw Data File,C:\CTDDATA\1216.DAT,2881.0,2504.0,,
1217.DAT,CMLRE_CTD,cr208\ctd,,FORV Sagar Sampada,206,65M,17.110333,82.753611,18-10-2002 09:53,Sea-Bird SBE 9 Raw Data File,C:\CTDDATA\1217.DAT,2881.0,2504.0,,
otc3.HDR,CMLRE_CTD,cr210\ctd,otc3,FORV SAGAR SAMPADA,210,1380,8.309444,78.693333,26-12-2002 07:22,Sea-Bird SBE 9 Raw Data File,C:\CTDDATA\otc3.HDR,2881.0,2504.0,,
otc4.HDR,CMLRE_CTD,cr210\ctd,otc4,FORV SAGAR SAMPADA,210,1149,8.301389,78.508333,27-12-2002 07:08,Sea-Bird SBE 9 Raw Data File,C:\CTDDATA\otc4.HDR,2881.0,2504.0,,
otc5.HDR,CMLRE_CTD,cr210\ctd,otc5,FORV SAGAR SAMPADA,210,1195,8.225833,78.505833,28-12-2002 07:05,Sea-Bird SBE 9 Raw Data File,C:\CTDDATA\otc5.HDR,2881.0,2504.0,,
otc6.HDR,CMLRE_CTD,cr210\ctd,otc6,FORV SAGAR SAMPADA,210,,8.226667,78.584167,29-12-2002 07:15,Sea-Bird SBE 9 Raw Data File,C:\CTDDATA\otc6.HDR,2881.0,2504.0,,
otc6b.HDR,CMLRE_CTD,cr210\ctd,otc6b,FORV SAGAR SAMPADA,210,1469,8.218167,78.685833,29-12-2002 17:34,Sea-Bird SBE 9 Raw Data File,C:\CTDDATA\otc6b.HDR,2881.0,2504.0,,
otc7.HDR,CMLRE_CTD,cr210\ctd,otc7,FORV SAGAR SAMPADA,210,1371,8.140556,78.588889,30-12-2002 07:13,Sea-Bird SBE 9 Raw Data File,C:\CTDDATA\otc7.HDR,2881.0,2504.0,,
otc7pp.HDR,CMLRE_CTD,cr210\ctd,otc7pp,FORV SAGAR SAMPADA,210,1371,8.140556,78.588889,30-12-2002 10:13,Sea-Bird SBE 9 Raw Data File,C:\CTDDATA\otc7pp.HDR,2881.0,2504.0,,
otc8.HDR,CMLRE_CTD,cr210\ctd,otc8,FORV SAGAR SAMPADA,210,1522,8.138889,78.827222,31-12-2002 13:07,Sea-Bird SBE 9 Raw Data File,C:\CTDDATA\otc8.HDR,2881.0,2504.0,,
otc9.HDR,CMLRE_CTD,cr210\ctd,otc9,FORV SAGAR SAMPADA,210,1211,8.137778,78.503611,31-12-2002 17:26,Sea-Bird SBE 9 Raw Data File,C:\CTDDATA\otc9.dat,2881.0,2504.0,9.0,997.0
otec1.HDR,CMLRE_CTD,cr210\ctd,otec1,FORV SAGAR SAMPADA,208 210,1306,8.306667,78.585,24-12-2002 08:12,Sea-Bird SBE 9 Raw Data File,C:\CTDDATA\otec1.HDR,2881.0,2504.0,,
otec1b.HDR,CMLRE_CTD,cr210\ctd,otec1b,FORV SAGAR SAMPADA,208 210,1306,8.306667,78.585,24-12-2002 09:54,Sea-Bird SBE 9 Raw Data File,C:\CTDDATA\otec1b.HDR,2881.0,2504.0,,
otec2.HDR,CMLRE_CTD,cr210\ctd,otec2,FORV SAGAR SAMPADA,208 210,1298,8.301389,78.587222,25-12-2002 07:09,Sea-Bird SBE 9 Raw Data File,C:\CTDDATA\otec2.HDR,2881.0,2504.0,,
1262.DAT,CMLRE_CTD,cr211\CTD,1262,FORV SAGAR SAMPADA,210,50,8.0,77.0,14-01-2003 12:00,Sea-Bird SBE 9 Raw Data File,C:\CTDDATA\1262.dat,2881.0,2504.0,,
1263.DAT,CMLRE_CTD,cr211\CTD,1263,FORV SAGAR SAMPADA,210,1491,8.0,76.0,14-01-2003 20:54,Sea-Bird SBE 9 Raw Data File,C:\CTDDATA\1263.dat,2881.0,2504.0,,
1264.DAT,CMLRE_CTD,cr211\CTD,,FORV SAGAR SAMPADA,210,814,8.183333,76.4,15-01-2003 07:26,Sea-Bird SBE 9 Raw Data File,C:\CTDDATA\1264.dat,2881.0,2504.0,,
1265.DAT,CMLRE_CTD,cr211\CTD,1265,FORV SAGAR SAMPADA,210,2664,9.0,75.0,15-01-2003 17:41,Sea-Bird SBE 9 Raw Data File,C:\CTDDATA\1265.dat,2881.0,2504.0,,
1266.DAT,CMLRE_CTD,cr211\CTD,1266,FORV SAGAR SAMPADA,210 211,99,9.003611,76.0025,16-01-2003 02:26,Sea-Bird SBE 9 Raw Data File,C:\CTDDATA\1266.dat,2881.0,2504.0,,
1267.DAT,CMLRE_CTD,cr211\CTD,1267,FORV SAGAR SAMPADA,210,62,10.0,75.0,16-01-2003 11:41,Sea-Bird SBE 9 Raw Data File,C:\CTDDATA\1267.dat,2881.0,2504.0,,
1268.DAT,CMLRE_CTD,cr211\CTD,1268,FORV SAGAR SAMPADA,211,2206,10.0,75.0,16-01-2003 17:30,Sea-Bird SBE 9 Raw Data File,C:\CTDDATA\1268.dat,2881.0,2504.0,,
1269.DAT,CMLRE_CTD,cr211\CTD,1269,FORV SAGAR SAMPADA,211,883,11.0,75.0,17-01-2003 01:39,Sea-Bird SBE 9 Raw Data File,C:\CTDDATA\1269.dat,2881.0,2504.0,,
1270.DAT,CMLRE_CTD,cr211\CTD,1270,FORV SAGAR SAMPADA,211,47,11.0,75.5,17-01-2003 06:14,Sea-Bird SBE 9 Raw Data File,C:\CTDDATA\1270.dat,2881.0,2504.0,,
1271.DAT,CMLRE_CTD,cr211\CTD,1271,FORV SAGAR SAMPADA,211,70,12.0,74.733333,17-01-2003 17:04,Sea-Bird SBE 9 Raw Data File,C:\CTDDATA\1271.dat,2881.0,2504.0,,
1272.DAT,CMLRE_CTD,cr211\CTD,1272,FORV SAGAR SAMPADA,211,117,13.0,74.0,18-01-2003 03:11,Sea-Bird SBE 9 Raw Data File,C:\CTDDATA\1272.dat,2881.0,2504.0,,
1273.DAT,CMLRE_CTD,cr211\CTD,,FORV SAGAR SAMPADA,211,55,14.0,73.0,18-01-2003 10:32,Sea-Bird SBE 9 Raw Data File,C:\CTDDATA\1273.dat,2881.0,2504.0,,
1274.DAT,CMLRE_CTD,cr211\CTD,1274,FORV SAGAR SAMPADA,211,31,14.666667,74.0,18-01-2003 11:32,Sea-Bird SBE 9 Raw Data File,C:\CTDDATA\1274.dat,2881.0,2504.0,,
1275.DAT,CMLRE_CTD,cr211\CTD,1275,FORV SAGAR SAMPADA,211,53,14.65,73.866667,18-01-2003 16:47,Sea-Bird SBE 9 Raw Data File,C:\CTDDATA\1175.dat,2881.0,2504.0,,
1276.DAT,CMLRE_CTD,cr211\CTD,1276a,FORV SAGAR SAMPADA,211,79,14.666667,73.6,18-01-2003 20:07,Sea-Bird SBE 9 Raw Data File,C:\CTDDATA\1276a.dat,2881.0,2504.0,,
1277.DAT,CMLRE_CTD,cr211\CTD,1277,FORV SAGAR SAMPADA,211,102,14.666667,73.4,18-01-2003 22:18,Sea-Bird SBE 9 Raw Data File,C:\CTDDATA\1277.dat,2881.0,2504.0,,
1278.DAT,CMLRE_CTD,cr211\CTD,1278,FORV SAGAR SAMPADA,211,172,14.65,73.2,19-01-2003 01:15,Sea-Bird SBE 9 Raw Data File,C:\CTDDATA\1278.dat,2881.0,2504.0,,
1279_02.DAT,CMLRE_CTD,cr211\CTD,1279_02,FORV SAGAR SAMPADA,211,3381,20.960333,64.054833,25-01-2003 06:20,Sea-Bird SBE 9 Raw Data File,C:\CTDDATA\1279_02.dat,2881.0,2504.0,,
1279_03.DAT,CMLRE_CTD,cr211\CTD,1279_03,FORV SAGAR SAMPADA,211,3365,20.925667,64.126,25-01-2003 12:22,Sea-Bird SBE 9 Raw Data File,C:\CTDDATA\1279_03.dat,2881.0,2504.0,,
1279_04.DAT,CMLRE_CTD,cr211\CTD,1279_04,FORV SAGAR SAMPADA,211,3382,20.999833,63.997667,25-01-2003 18:25,Sea-Bird SBE 9 Raw Data File,C:\CTDDATA\1279_04.dat,2881.0,2504.0,,
1279_05.DAT,CMLRE_CTD,cr211\CTD,1279_05,FORV SAGAR SAMPADA,211,3383,21.000333,64.001667,26-01-2003 00:15,Sea-Bird SBE 9 Raw Data File,C:\CTDDATA\1279_05.dat,2881.0,2504.0,,
1279_06.DAT,CMLRE_CTD,cr211\CTD,1279_06,FORV SAGAR SAMPADA,211,3381,20.997333,63.999833,26-01-2003 06:13,Sea-Bird SBE 9 Raw Data File,C:\CTDDATA\1279_06.dat,2881.0,2504.0,,
1279_07.DAT,CMLRE_CTD,cr211\CTD,1279_07,FORV SAGAR SAMPADA,211,3383,21.000167,63.999667,26-01-2003 12:06,Sea-Bird SBE 9 Raw Data File,C:\CTDDATA\1279_07.dat,2881.0,2504.0,,
1279_08.DAT,CMLRE_CTD,cr211\CTD,1279_08,FORV SAGAR SAMPADA,211,3382,21.005167,64.004,26-01-2003 18:06,Sea-Bird SBE 9 Raw Data File,C:\CTDDATA\1279_08.dat,2881.0,2504.0,,
1279_09.DAT,CMLRE_CTD,cr211\CTD,1279_09,FORV SAGAR SAMPADA,211,3383,21.001,63.998,27-01-2003 00:46,Sea-Bird SBE 9 Raw Data File,C:\CTDDATA\1279_09.dat,2881.0,2504.0,,
1279_10.DAT,CMLRE_CTD,cr211\CTD,1279_10,FORV SAGAR SAMPADA,211,3386,20.914667,63.996167,27-01-2003 06:08,Sea-Bird SBE 9 Raw Data File,C:\CTDDATA\1279_10.dat,2881.0,2504.0,,
1279_11.DAT,CMLRE_CTD,cr211\CTD,1279_11,FORV SAGAR SAMPADA,211,3373,20.8105,64.0105,27-01-2003 12:00,Sea-Bird SBE 9 Raw Data File,C:\CTDDATA\1279_11.dat,2881.0,2504.0,,
1279_12.DAT,CMLRE_CTD,cr211\CTD,1279_12,FORV SAGAR SAMPADA,211,3383,21.006333,63.9985,27-01-2003 18:08,Sea-Bird SBE 9 Raw Data File,C:\CTDDATA\1279_12.dat,2881.0,2504.0,,
1279_13.DAT,CMLRE_CTD,cr211\CTD,1279_13,FORV SAGAR SAMPADA,211,3383,21.000667,64.000167,28-01-2003 00:15,Sea-Bird SBE 9 Raw Data File,C:\CTDDATA\1279_13.dat,2881.0,2504.0,,
1279_14.DAT,CMLRE_CTD,cr211\CTD,1279_14,FORV SAGAR SAMPADA,211,3382,20.994667,63.988333,28-01-2003 06:07,Sea-Bird SBE 9 Raw Data File,C:\CTDDATA\1279_14.dat,2881.0,2504.0,,
1279_15.DAT,CMLRE_CTD,cr211\CTD,1279_15,FORV SAGAR SAMPADA,211,3382,21.000667,63.999167,28-01-2003 12:10,Sea-Bird SBE 9 Raw Data File,C:\CTDDATA\1279_15.dat,2881.0,2504.0,,
1279_16.DAT,CMLRE_CTD,cr211\CTD,1279_16,FORV SAGAR SAMPADA,211,3382,21.0005,64.004333,28-01-2003 18:08,Sea-Bird SBE 9 Raw Data File,C:\CTDDATA\1279_16.dat,2881.0,2504.0,,
1279_17.DAT,CMLRE_CTD,cr211\CTD,1279_17,FORV SAGAR SAMPADA,211,3385,20.981333,63.9845,29-01-2003 01:01,Sea-Bird SBE 9 Raw Data File,C:\CTDDATA\1279_17.dat,2881.0,2504.0,,
1279_18.DAT,CMLRE_CTD,cr211\CTD,1279_18,FORV SAGAR SAMPADA,211,3387,20.981167,63.9095,29-01-2003 06:04,Sea-Bird SBE 9 Raw Data File,C:\CTDDATA\1279_18.dat,2881.0,2504.0,,
1279_19.DAT,CMLRE_CTD,cr211\CTD,1279_19,FORV SAGAR SAMPADA,211,3387,20.9785,63.8415,29-01-2003 11:57,Sea-Bird SBE 9 Raw Data File,C:\CTDDATA\1279_19.dat,2881.0,2504.0,,
1279_20.DAT,CMLRE_CTD,cr211\CTD,1279_20,FORV SAGAR SAMPADA,211,3382,21.001167,64.010167,29-01-2003 18:02,Sea-Bird SBE 9 Raw Data File,C:\CTDDATA\1279_20.dat,2881.0,2504.0,,
1280.DAT,CMLRE_CTD,cr211\CTD,1280,FORV SAGAR SAMPADA,211,2980,20.9985,64.999333,30-01-2003 03:36,Sea-Bird SBE 9 Raw Data File,C:\CTDDATA\1280.dat,2881.0,2504.0,,
1281.DAT,CMLRE_CTD,cr211\CTD,1281,FORV SAGAR SAMPADA,211,2477,20.998,66.001,30-01-2003 13:52,Sea-Bird SBE 9 Raw Data File,C:\CTDDATA\1281.dat,2881.0,2504.0,,
1282.DAT,CMLRE_CTD,cr211\CTD,1282,FORV SAGAR SAMPADA,211,2420,20.999667,67.000667,30-01-2003 23:42,Sea-Bird SBE 9 Raw Data File,C:\CTDDATA\1282.dat,2881.0,2504.0,,
1283.DAT,CMLRE_CTD,cr211\CTD,1283,FORV SAGAR SAMPADA,211,2684,21.000333,68.002833,31-01-2003 09:54,Sea-Bird SBE 9 Raw Data File,C:\CTDDATA\1283.dat,2881.0,2504.0,,
1284.DAT,CMLRE_CTD,cr211\CTD,1284,FORV SAGAR SAMPADA,211,1049,21.003833,68.994333,31-01-2003 20:43,Sea-Bird SBE 9 Raw Data File,C:\CTDDATA\1284.dat,2881.0,2504.0,,
1285.DAT,CMLRE_CTD,cr211\CTD,1285,FORV SAGAR SAMPADA,211,54,21.006333,69.735333,01-02-2003 05:16,Sea-Bird SBE 9 Raw Data File,C:\CTDDATA\1285.dat,2881.0,2504.0,,
1286.DAT,CMLRE_CTD,cr211\CTD,1286,FORV SAGAR SAMPADA,211,35,20.577167,70.785667,03-02-2003 00:05,Sea-Bird SBE 9 Raw Data File,C:\CTDDATA\1286.dat,2881.0,2504.0,,
1287.DAT,CMLRE_CTD,cr211\CTD,1287,FORV SAGAR SAMPADA,211,52,20.424,70.772,03-02-2003 01:44,Sea-Bird SBE 9 Raw Data File,C:\CTDDATA\1287.dat,2881.0,2504.0,,
1288.DAT,CMLRE_CTD,cr211\CTD,1288,FORV SAGAR SAMPADA,211,75,20.212,70.760667,03-02-2003 04:11,Sea-Bird SBE 9 Raw Data File,C:\CTDDATA\1288.dat,2881.0,2504.0,,
1289.DAT,CMLRE_CTD,cr211\CTD,1289,FORV SAGAR SAMPADA,211,89,19.005,70.781,03-02-2003 13:37,Sea-Bird SBE 9 Raw Data File,C:\CTDDATA\1289.dat,2881.0,2504.0,,
1290.DAT,CMLRE_CTD,cr211\CTD,1290,FORV SAGAR SAMPADA,211,100,18.130833,70.780167,03-02-2003 21:04,Sea-Bird SBE 9 Raw Data File,C:\CTDDATA\1290.dat,2881.0,2504.0,,
1291.DAT,CMLRE_CTD,cr211\CTD,1291,FORV SAGAR SAMPADA,211,148,17.995,70.782667,04-02-2003 00:25,Sea-Bird SBE 9 Raw Data File,C:\CTDDATA\1291.dat,2881.0,2504.0,,
1293.DAT,CMLRE_CTD,cr211\CTD,1293,FORV SAGAR SAMPADA,211,123,17.8485,70.882333,04-02-2003 05:10,Sea-Bird SBE 9 Raw Data File,C:\CTDDATA\1293.dat,2881.0,2504.0,,
1294.DAT,CMLRE_CTD,cr211\CTD,1294,FORV SAGAR SAMPADA,211,100,17.880167,70.912333,04-02-2003 07:12,Sea-Bird SBE 9 Raw Data File,C:\CTDDATA\1294.dat,2881.0,2504.0,,
1295.DAT,CMLRE_CTD,cr211\CTD,1295,FORV SAGAR SAMPADA,211,75,18.000667,72.210833,04-02-2003 18:02,Sea-Bird SBE 9 Raw Data File,C:\CTDDATA\1295.dat,2881.0,2504.0,,
1296.DAT,CMLRE_CTD,cr211\CTD,1296,FORV SAGAR SAMPADA,211,51,17.999833,72.384333,04-02-2003 19:57,Sea-Bird SBE 9 Raw Data File,C:\CTDDATA\1296.dat,2881.0,2504.0,,
1297.DAT,CMLRE_CTD,cr211\CTD,1297,FORV SAGAR SAMPADA,211,33,17.994167,72.783667,04-02-2003 23:57,Sea-Bird SBE 9 Raw Data File,C:\CTDDATA\1297.dat,2881.0,2504.0,,
1298.DAT,CMLRE_CTD,cr211\CTD,1298,FORV SAGAR SAMPADA,211,105,17.002333,72.166667,05-02-2003 09:06,Sea-Bird SBE 9 Raw Data File,C:\CTDDATA\1298.dat,2881.0,2504.0,,
1299.DAT,CMLRE_CTD,cr211\CTD,1299,FORV SAGAR SAMPADA,211,102,16.0,72.8375,05-02-2003 18:38,Sea-Bird SBE 9 Raw Data File,C:\CTDDATA\1299.dat,2881.0,2504.0,,
1300.DAT,CMLRE_CTD,cr211\CTD,1300,FORV SAGAR SAMPADA,211,75,15.995833,73.053667,05-02-2003 21:27,Sea-Bird SBE 9 Raw Data File,C:\CTDDATA\1300.dat,2881.0,2504.0,,
1301.DAT,CMLRE_CTD,cr211\CTD,1301,FORV SAGAR SAMPADA,211,52,15.9955,73.228333,05-02-2003 23:20,Sea-Bird SBE 9 Raw Data File,C:\CTDDATA\1301.dat,2881.0,2504.0,,
1302.DAT,CMLRE_CTD,cr211\CTD,1302,FORV SAGAR SAMPADA,211,33,15.998167,73.361333,06-02-2003 01:10,Sea-Bird SBE 9 Raw Data File,C:\CTDDATA\1302.dat,2881.0,2504.0,,
1303.DAT,CMLRE_CTD,cr211\CTD,1303,FORV SAGAR SAMPADA,211,119,12.9975,74.000167,07-02-2003 00:32,Sea-Bird SBE 9 Raw Data File,C:\CTDDATA\1303.dat,2881.0,2504.0,,
1304.DAT,CMLRE_CTD,cr211\CTD,1304,FORV SAGAR SAMPADA,211,57,11.0015,75.427333,07-02-2003 20:43,Sea-Bird SBE 9 Raw Data File,C:\CTDDATA\1304.dat,2881.0,2504.0,,
HDR 01.HDR,CMLRE_CTD,cr212\ctd212,,FORV SAGAR SAMPADA,212,20,10.016667,76.06,21-02-2003 21:39,Sea-Bird SBE 9 Raw Data File,C:\CTDDATA\cr001.dat,2881.0,2504.0,9.0,9.0
HDR 02.hdr,CMLRE_CTD,cr212\ctd212,,FORV SAGAR SAMPADA,212,20,9.998667,76.1475,21-02-2003 21:56,Sea-Bird SBE 9 Raw Data File,C:\CTDDATA\cr002.dat,2881.0,2504.0,9.0,9.0
HDR 03.HDR,CMLRE_CTD,cr212\ctd212,,FORV SAGAR SAMPADA,212,18,9.9515,76.147167,21-02-2003 22:56,Sea-Bird SBE 9 Raw Data File,C:\CTDDATA\cr003.dat,2881.0,2504.0,9.0,9.0
HDR 04.HDR,CMLRE_CTD,cr212\ctd212,cr004,FORV SAGAR SAMPADA,212,25,11.014,75.749333,22-02-2003 09:15,Sea-Bird SBE 9 Raw Data File,C:\CTDDATA\cr004.dat,2881.0,2504.0,9.0,14.0
HDR 05.HDR,CMLRE_CTD,cr212\ctd212,5,FORV SAGAR SAMPADA,212,20,11.047167,75.7685,22-02-2003 11:29,Sea-Bird SBE 9 Raw Data File,C:\CTDDATA\cr005.dat,2881.0,2504.0,9.0,11.0
HDR 06.HDR,CMLRE_CTD,cr212\ctd212,cr006,FORV SAGAR SAMPADA,212,20,11.1,75.7525,22-02-2003 13:15,Sea-Bird SBE 9 Raw Data File,C:\CTDDATA\cr006.dat,2881.0,2504.0,9.0,10.0
HDR 07.HDR,CMLRE_CTD,cr212\ctd212,cr007,FORV SAGAR SAMPADA,212,522,10.925167,75.111333,22-02-2003 19:21,Sea-Bird SBE 9 Raw Data File,C:\CTDDATA\cr007.dat,2881.0,2504.0,9.0,27.0
HDR 08.HDR,CMLRE_CTD,cr212\ctd212,cr008,FORV SAGAR SAMPADA,212,1711,12.102833,73.873167,23-02-2003 10:43,Sea-Bird SBE 9 Raw Data File,C:\CTDDATA\cr008.dat,2881.0,2504.0,9.0,76.0
HDR 09.HDR,CMLRE_CTD,cr212\ctd212,cr009,FORV SAGAR SAMPADA,212,350,14.019167,73.231833,24-02-2003 12:06,Sea-Bird SBE 9 Raw Data File,C:\CTDDATA\cr009.dat,2881.0,2504.0,9.0,74.0
HDR1318.hdr,CMLRE_CTD,cr212\ctd212,1318,FORV SAGAR SAMPADA,212,439,16.374833,72.0635,27-02-2003 14:20,Sea-Bird SBE 9 Raw Data File,C:\CTDDATA\1318.dat,2881.0,2504.0,9.0,19.0
HDR1319.hdr,CMLRE_CTD,cr212\ctd212,1319,FORV SAGAR SAMPADA,212,3270,17.318667,70.197833,28-02-2003 12:05,Sea-Bird SBE 9 Raw Data File,C:\CTDDATA\1319.dat,2881.0,2504.0,9.0,84.0
HDR1320.hdr,CMLRE_CTD,cr212\ctd212,1320,FORV SAGAR SAMPADA,212,3296,18.8045,68.479,01-03-2003 10:07,Sea-Bird SBE 9 Raw Data File,C:\CTDDATA\1320.dat,2881.0,2504.0,9.0,83.0
HDR1321.hdr,CMLRE_CTD,cr212\ctd212,1321,FORV SAGAR SAMPADA,212,3141,19.082667,66.862667,02-03-2003 10:53,Sea-Bird SBE 9 Raw Data File,C:\CTDDATA\1321.dat,2881.0,2504.0,9.0,41.0
HDR1322.hdr,CMLRE_CTD,cr212\ctd212,1322,FORV SAGAR SAMPADA,212,2766,20.7095,66.977167,03-03-2003 09:59,Sea-Bird SBE 9 Raw Data File,C:\CTDDATA\1322.dat,2881.0,2504.0,9.0,40.0
HDR1323.hdr,CMLRE_CTD,cr212\ctd212,1323,FORV SAGAR SAMPADA,212,2942,20.551333,67.116,03-03-2003 14:54,Sea-Bird SBE 9 Raw Data File,C:\CTDDATA\1323.dat,2881.0,2504.0,9.0,65.0
HDR1324.hdr,CMLRE_CTD,cr212\ctd212,1324,FORV SAGAR SAMPADA,212,3014,20.478667,67.509333,04-03-2003 09:44,Sea-Bird SBE 9 Raw Data File,C:\CTDDATA\1324.dat,2881.0,2504.0,9.0,36.0
HDR1325.hdr,CMLRE_CTD,cr212\ctd212,1325,FORV SAGAR SAMPADA,212,2919,18.9585,69.350167,05-03-2003 09:31,Sea-Bird SBE 9 Raw Data File,C:\CTDDATA\1325.dat,2881.0,2504.0,9.0,58.0
0001.DAT,CMLRE_CTD,cr214\CTD,,FORV Sagar Sampada,206,65M,14.824722,80.267667,13-06-2003 00:57,Sea-Bird SBE 9 Raw Data File,C:\CTDDATA\001.DAT,2881.0,2504.0,,
0002.DAT,CMLRE_CTD,cr214\CTD,,FORV Sagar Sampada,206,500,8.693333,75.836833,13-06-2003 08:21,Sea-Bird SBE 9 Raw Data File,C:\CTDDATA\002.DAT,2881.0,2504.0,,
0003.DAT,CMLRE_CTD,cr214\CTD,3,FORV SAGAR SAMPADA,213 214,1035,8.614722,75.895833,13-06-2003 11:51,Sea-Bird SBE 9 Raw Data File,C:\CTDDATA\003.dat,2881.0,2504.0,,
0004.DAT,CMLRE_CTD,cr214\CTD,4,FORV SAGAR SAMPADA,208,100,10.521111,92.672778,22-06-2003 07:23,Sea-Bird SBE 9 Raw Data File,C:\CTDDATA\0004.dat,2881.0,2504.0,,
0005.DAT,CMLRE_CTD,cr214\CTD,5,FORV SAGAR SAMPADA,208 214,330,10.343333,92.671667,22-06-2003 11:25,Sea-Bird SBE 9 Raw Data File,C:\CTDDATA\0005.dat,2881.0,2504.0,,
0006.DAT,CMLRE_CTD,cr214\CTD,,FORV SAGAR SAMPADA,208,735,10.177222,92.67,22-06-2003 14:55,Sea-Bird SBE 9 Raw Data File,C:\CTDDATA\0006.dat,2881.0,2504.0,,
0007.DAT,CMLRE_CTD,cr214\CTD,,FORV SAGAR SAMPADA,208,983,10.008333,92.675833,22-06-2003 19:16,Sea-Bird SBE 9 Raw Data File,C:\CTDDATA\0007.dat,2881.0,2504.0,,
0008.DAT,CMLRE_CTD,cr214\CTD,,FORV SAGAR SAMPADA,208,135,9.342222,92.673056,23-06-2003 04:40,Sea-Bird SBE 9 Raw Data File,C:\CTDDATA\0008.dat,2881.0,2504.0,,
0009.DAT,CMLRE_CTD,cr214\CTD,,FORV Sagar Sampada,206,362,9.503889,92.667167,23-06-2003 07:04,Sea-Bird SBE 9 Raw Data File,C:\CTDDATA\0009.DAT,2881.0,2504.0,,
0010.DAT,CMLRE_CTD,cr214\CTD,10,FORV SAGAR SAMPADA,208,474,9.673333,92.666,23-06-2003 09:51,Sea-Bird SBE 9 Raw Data File,C:\CTDDATA\0010.dat,2881.0,2504.0,,
0011.DAT,CMLRE_CTD,cr214\CTD,,FORV SAGAR SAMPADA,208,693,9.859167,92.691944,23-06-2003 13:52,Sea-Bird SBE 9 Raw Data File,C:\CTDDATA\0011.dat,2881.0,2504.0,,
1370.HDR,CMLRE_CTD,cr216\CR216,1370,FORV SAGAR SAMPADA,208,300,11.6825,79.987222,16-08-2003 07:40,Sea-Bird SBE 9 Raw Data File,C:\CTDDATA\1370.dat,2881.0,2504.0,9.0,203.0
1371.HDR,CMLRE_CTD,cr216\CR216,,FORV SAGAR SAMPADA,208,549 M,11.742833,80.019833,16-08-2003 13:52,Sea-Bird SBE 9 Raw Data File,C:\CTDDATA\1371.dat,2881.0,2504.0,9.0,498.0
1372.HDR,CMLRE_CTD,cr216\CR216,1372 (3rd operation),FORV SAGAR SAMPADA,216,960M,11.781667,80.157667,16-08-2003 15:05,Sea-Bird SBE 9 Raw Data File,C:\CTDDATA\1372.dat,2881.0,2504.0,9.0,901.0
1373.HDR,CMLRE_CTD,cr216\CR216,,FORV SAGAR SAMPADA,216,236,10.676333,80.337167,17-08-2003 01:56,Sea-Bird SBE 9 Raw Data File,C:\CTDDATA\1373.dat,2881.0,2504.0,9.0,214.0
1374.HDR,CMLRE_CTD,cr216\CR216,1374,FORV SAGAR SAMPADA,216,535M,10.639833,80.483333,17-08-2003 07:47,Sea-Bird SBE 9 Raw Data File,C:\CTDDATA\1374.dat,2881.0,2504.0,9.0,501.0
1375.HDR,CMLRE_CTD,cr216\CR216,,FORV SAGAR SAMPADA,216,1191M,10.585278,80.658889,17-08-2003 14:53,Sea-Bird SBE 9 Raw Data File,C:\CTDDATA\1375.HDR,2881.0,2504.0,,
1376.HDR,CMLRE_CTD,cr216\CR216,1376,FORV SAGAR SAMPADA,216,934M,13.0605,80.744667,18-08-2003 17:02,Sea-Bird SBE 9 Raw Data File,C:\CTDDATA\1376.dat,2881.0,2504.0,10.0,853.0
1377.HDR,CMLRE_CTD,cr216\CR216,1377,FORV SAGAR SAMPADA,216,509M,12.994833,80.730833,19-08-2003 02:04,Sea-Bird SBE 9 Raw Data File,C:\CTDDATA\1377.dat,2881.0,2504.0,10.0,503.0
1378.HDR,CMLRE_CTD,cr216\CR216,,FORV SAGAR SAMPADA,216,276M,12.998833,80.688889,19-08-2003 08:10,Sea-Bird SBE 9 Raw Data File,C:\CTDDATA\1378.dat,2881.0,2504.0,10.0,200.0
1379.HDR,CMLRE_CTD,cr216\CR216,1379,FORV SAGAR SAMPADA,216,239,14.004444,80.4475,24-08-2003 01:13,Sea-Bird SBE 9 Raw Data File,C:\CTDDATA\1379.dat,2881.0,2504.0,10.0,205.0
1380.HDR,CMLRE_CTD,cr216\CR216,1380,FORV SAGAR SAMPADA,216,826M,14.019,80.47,24-08-2003 06:48,Sea-Bird SBE 9 Raw Data File,C:\CTDDATA\1380.dat,2881.0,2504.0,9.0,502.0
1381.HDR,CMLRE_CTD,cr216\CR216,1381,FORV SAGAR SAMPADA,216,984,14.078056,80.504444,24-08-2003 09:59,Sea-Bird SBE 9 Raw Data File,C:\CTDDATA\1381.dat,2881.0,2504.0,9.0,900.0
1382.HDR,CMLRE_CTD,cr216\CR216,1382,FORV SAGAR SAMPADA,216,355M,14.3595,80.336833,24-08-2003 16:19,Sea-Bird SBE 9 Raw Data File,C:\CTDDATA\1382.dat,2881.0,2504.0,9.0,271.0
1383.HDR,CMLRE_CTD,cr216\CR216,1383,FORV SAGAR SAMPADA,216,718,14.345833,80.355167,25-08-2003 03:00,Sea-Bird SBE 9 Raw Data File,C:\CTDDATA\1383.dat,2881.0,2504.0,9.0,517.0
1384.HDR,CMLRE_CTD,cr216\CR216,1384,FORV SAGAR SAMPADA,216,1280,14.338889,80.405333,25-08-2003 06:35,Sea-Bird SBE 9 Raw Data File,C:\CTDDATA\1384.dat,2881.0,2504.0,9.0,1008.0
1385.HDR,CMLRE_CTD,cr216\CR216,1385,FORV SAGAR SAMPADA,216,229,14.704722,80.373611,25-08-2003 11:53,Sea-Bird SBE 9 Raw Data File,C:\CTDDATA\1385.dat,2881.0,2504.0,9.0,203.0
1386.HDR,CMLRE_CTD,cr216\CR216,1386 benthic,FORV SAGAR SAMPADA,216,801M,14.77,80.423056,25-08-2003 14:33,Sea-Bird SBE 9 Raw Data File,C:\CTDDATA\1386.dat,2881.0,2504.0,9.0,502.0
1387.HDR,CMLRE_CTD,cr216\CR216,1387,FORV SAGAR SAMPADA,216,234,16.034722,81.504167,26-08-2003 08:16,Sea-Bird SBE 9 Raw Data File,C:\CTDDATA\1387.dat,2881.0,2504.0,9.0,202.0
1388.HDR,CMLRE_CTD,cr216\CR216,1388,FORV SAGAR SAMPADA,216,620M,15.951667,81.556944,26-08-2003 10:49,Sea-Bird SBE 9 Raw Data File,C:\CTDDATA\1388.dat,2881.0,2504.0,9.0,505.0
1389.HDR,CMLRE_CTD,cr216\CR216,1389,FORV SAGAR SAMPADA,216,1047M,15.968,81.968833,26-08-2003 18:12,Sea-Bird SBE 9 Raw Data File,C:\CTDDATA\1389.dat,2881.0,2504.0,9.0,1001.0
1390.HDR,CMLRE_CTD,cr216\CR216,1390,FORV SAGAR SAMPADA,216,243,16.956167,82.978667,27-08-2003 09:30,Sea-Bird SBE 9 Raw Data File,C:\CTDDATA\1390.dat,2881.0,2504.0,9.0,201.0
1391.HDR,CMLRE_CTD,cr216\CR216,1391,FORV SAGAR SAMPADA,216,1140,14.623333,80.404444,30-08-2003 10:47,Sea-Bird SBE 9 Raw Data File,C:\CTDDATA\1391.dat,2881.0,2504.0,9.0,1002.0
CR218.HDR,CMLRE_CTD,cr218,1,FORV SAGAR SAMPADA,217 218,34,12.5,74.483333,07-11-2003 07:25,Sea-Bird SBE 9 Raw Data File,C:\CTDDATA\cr218.dat,2881.0,2504.0,9.0,12.0
09.HDR,CMLRE_CTD,cr219,9,FORV SAGAR SAMPADA,219,186 M,9.9,75.6,06-12-2003 09:40,Sea-Bird SBE 9 Raw Data File,C:\CTDDATA\09.dat,2881.0,2504.0,9.0,348.0
10.HDR,CMLRE_CTD,cr219,10,FORV SAGAR SAMPADA,219,448 M,9.9,75.566667,06-12-2003 06:44,Sea-Bird SBE 9 Raw Data File,C:\CTDDATA\10.dat,2881.0,2504.0,9.0,755.0
11.HDR,CMLRE_CTD,cr219,trial,FORV SAGAR SAMPADA,208 219trial,919m,9.851667,95.485,18-11-2003 07:50,Sea-Bird SBE 9 Raw Data File,C:\219trial.dat,2881.0,2504.0,9.0,1654.0
12.HDR,CMLRE_CTD,cr219,12,FORV SAGAR SAMPADA,219,285,10.983333,75.1,20-11-2003 19:07,Sea-Bird SBE 9 Raw Data File,C:\CTDDATA\12.dat,2881.0,2504.0,9.0,501.0
13.HDR,CMLRE_CTD,cr219,13,FORV SAGAR SAMPADA,208 219,613 M,10.983333,75.066667,20-11-2003 15:29,Sea-Bird SBE 9 Raw Data File,C:\CTDDATA\13.dat,2881.0,2504.0,9.0,1106.0
14.HDR,CMLRE_CTD,cr219,12,FORV SAGAR SAMPADA,208,955,10.983333,74.983333,20-11-2003 08:46,Sea-Bird SBE 9 Raw Data File,C:\CTDDATA\cr219\12.dat,2881.0,2504.0,9.0,1856.0
15.HDR,CMLRE_CTD,cr219,15,FORV SAGAR SAMPADA,219,215,11.936667,74.446944,21-11-2003 17:10,Sea-Bird SBE 9 Raw Data File,C:\CTDDATA\15.dat,2881.0,2504.0,9.0,397.0
16.HDR,CMLRE_CTD,cr219,16,FORV SAGAR SAMPADA,219,654 M,11.916667,74.374444,21-11-2003 12:49,Sea-Bird SBE 9 Raw Data File,C:\CTDDATA\16.dat,2881.0,2504.0,9.0,1256.0
17.HDR,CMLRE_CTD,cr219,17,FORV SAGAR SAMPADA,219,979 M,11.933333,74.3,21-11-2003 07:38,Sea-Bird SBE 9 Raw Data File,C:\CTDDATA\17.dat,2881.0,2504.0,9.0,1843.0
18.HDR,CMLRE_CTD,cr219,18,FORV SAGAR SAMPADA,219,215 M,12.85,74.0,04-12-2003 22:11,Sea-Bird SBE 9 Raw Data File,C:\CTDDATA\18.dat,2881.0,2504.0,9.0,393.0
19.HDR,CMLRE_CTD,cr219,19,FORV SAGAR SAMPADA,219,438 M,12.883333,73.933333,04-12-2003 19:11,Sea-Bird SBE 9 Raw Data File,C:\CTDDATA\19.dat,2881.0,2504.0,9.0,851.0
20.HDR,CMLRE_CTD,cr219,20,FORV SAGAR SAMPADA,219,993 M,12.883333,73.783333,04-12-2003 13:45,Sea-Bird SBE 9 Raw Data File,C:\CTDDATA\20.dat,2881.0,2504.0,9.0,1953.0
21.HDR,CMLRE_CTD,cr219,21,FORV SAGAR SAMPADA,219,211 M,13.5,73.433333,22-11-2003 20:30,Sea-Bird SBE 9 Raw Data File,C:\CTDDATA\21.dat,2881.0,2504.0,9.0,400.0
22.HDR,CMLRE_CTD,cr219,22,FORV SAGAR SAMPADA,219,520,13.5,73.4,22-11-2003 17:07,Sea-Bird SBE 9 Raw Data File,C:\CTDDATA\22.dat,2881.0,2504.0,9.0,1003.0
23.HDR,CMLRE_CTD,cr219,23,FORV SAGAR SAMPADA,219,1122 M,13.483333,73.266667,22-11-2003 10:47,Sea-Bird SBE 9 Raw Data File,C:\CTDDATA\23.dat,2881.0,2504.0,9.0,2001.0
24.HDR,CMLRE_CTD,cr219,24,FORV SAGAR SAMPADA,219,213 M,14.516667,73.183333,23-11-2003 16:05,Sea-Bird SBE 9 Raw Data File,C:\CTDDATA\24.dat,2881.0,2504.0,9.0,398.0
25.HDR,CMLRE_CTD,cr219,25,FORV SAGAR SAMPADA,219,449 M,14.533333,73.116667,23-11-2003 13:04,Sea-Bird SBE 9 Raw Data File,C:\CTDDATA\25.dat,2881.0,2504.0,9.0,904.0
26.HDR,CMLRE_CTD,cr219,26,FORV SAGAR SAMPADA,219,998 M,14.533333,72.966667,23-11-2003 06:28,Sea-Bird SBE 9 Raw Data File,C:\CTDDATA\26.dat,2881.0,2504.0,9.0,1898.0
27.HDR,CMLRE_CTD,cr219,27,FORV SAGAR SAMPADA,219,223 M,15.4,72.85,03-12-2003 15:13,Sea-Bird SBE 9 Raw Data File,C:\CTDDATA\27.dat,2881.0,2504.0,9.0,403.0
28.HDR,CMLRE_CTD,cr219,28,FORV SAGAR SAMPADA,219,518 M,15.416667,72.783333,03-12-2003 10:27,Sea-Bird SBE 9 Raw Data File,C:\CTDDATA\28.dat,2881.0,2504.0,9.0,1004.0
29.HDR,CMLRE_CTD,cr219,29,FORV SAGAR SAMPADA,219,1069 M,15.416667,72.616667,03-12-2003 03:54,Sea-Bird SBE 9 Raw Data File,C:\CTDDATA\29.dat,2881.0,2504.0,9.0,2001.0
30.HDR,CMLRE_CTD,cr219,,FORV SAGAR SAMPADA,219,206,16.116667,72.45,24-11-2003 07:17,Sea-Bird SBE 9 Raw Data File,C:\CTDDATA\30.dat,2881.0,2504.0,9.0,380.0
31.HDR,CMLRE_CTD,cr219,31,FORV SAGAR SAMPADA,219,500 M,16.133333,72.383333,24-11-2003 09:41,Sea-Bird SBE 9 Raw Data File,C:\CTDDATA\31.dat,2881.0,2504.0,9.0,951.0
32.HDR,CMLRE_CTD,cr219,32,FORV SAGAR SAMPADA,219,998 M,16.133333,72.3,24-11-2003 13:39,Sea-Bird SBE 9 Raw Data File,C:\CTDDATA\32.dat,2881.0,2504.0,9.0,1949.0
33.HDR,CMLRE_CTD,cr219,33,FORV SAGAR SAMPADA,219,237,13.266667,71.75,25-11-2003 16:26,Sea-Bird SBE 9 Raw Data File,C:\CTDDATA\33.dat,2881.0,2504.0,9.0,405.0
34.HDR,CMLRE_CTD,cr219,34,FORV SAGAR SAMPADA,219,540 M,17.283333,71.633333,25-11-2003 12:31,Sea-Bird SBE 9 Raw Data File,C:\CTDDATA\34.dat,2881.0,2504.0,9.0,1007.0
35.HDR,CMLRE_CTD,cr219,35,FORV SAGAR SAMPADA,219,1005,17.258611,71.511389,25-11-2003 06:24,Sea-Bird SBE 9 Raw Data File,C:\CTDDATA\35.dat,2881.0,2504.0,9.0,1997.0
36.HDR,CMLRE_CTD,cr219,36,FORV SAGAR SAMPADA,219,240 M,18.483333,70.45,26-11-2003 08:31,Sea-Bird SBE 9 Raw Data File,C:\CTDDATA\36.dat,2881.0,2504.0,9.0,463.0
37.HDR,CMLRE_CTD,cr219,37,FORV SAGAR SAMPADA,219,580 M,18.483333,70.366667,26-11-2003 10:47,Sea-Bird SBE 9 Raw Data File,C:\CTDDATA\37.dat,2881.0,2504.0,9.0,1007.0
38.HDR,CMLRE_CTD,cr219,38,FORV SAGAR SAMPADA,219,922 M,18.483333,70.283333,26-11-2003 14:28,Sea-Bird SBE 9 Raw Data File,C:\CTDDATA\38.dat,2881.0,2504.0,9.0,1756.0
39.HDR,CMLRE_CTD,cr219,39,FORV SAGAR SAMPADA,219,205,19.733333,69.5,27-11-2003 06:16,Sea-Bird SBE 9 Raw Data File,C:\CTDDATA\39.dat,2881.0,2504.0,9.0,385.0
40.HDR,CMLRE_CTD,cr219,40,FORV SAGAR SAMPADA,219,401 M,19.75,69.416667,27-11-2003 10:45,Sea-Bird SBE 9 Raw Data File,C:\CTDDATA\40.dat,2881.0,2504.0,9.0,700.0
41.HDR,CMLRE_CTD,cr219,41,FORV SAGAR SAMPADA,219,1032 M,19.75,69.283333,27-11-2003 13:30,Sea-Bird SBE 9 Raw Data File,C:\CTDDATA\41.dat,2881.0,2504.0,9.0,2004.0
42.HDR,CMLRE_CTD,cr219,42,FORV SAGAR SAMPADA,219,218 M,20.733333,69.233333,28-11-2003 05:44,Sea-Bird SBE 9 Raw Data File,C:\CTDDATA\42.dat,2881.0,2504.0,9.0,404.0
43.HDR,CMLRE_CTD,cr219,43,FORV SAGAR SAMPADA,219,509  M,20.75,69.15,28-11-2003 09:17,Sea-Bird SBE 9 Raw Data File,C:\CTDDATA\43.dat,2881.0,2504.0,9.0,1007.0
44.HDR,CMLRE_CTD,cr219,44,FORV SAGAR SAMPADA,219,1004 M,20.733333,69.033333,28-11-2003 14:39,Sea-Bird SBE 9 Raw Data File,C:\CTDDATA\44.dat,2881.0,2504.0,9.0,1998.0
45.HDR,CMLRE_CTD,cr219,45,FORV SAGAR SAMPADA,219,240 M,21.5,68.016667,29-11-2003 17:18,Sea-Bird SBE 9 Raw Data File,C:\CTDDATA\45.dat,2881.0,2504.0,9.0,401.0
46.HDR,CMLRE_CTD,cr219,46,FORV SAGAR SAMPADA,219,486,21.510556,67.818889,29-11-2003 10:49,Sea-Bird SBE 9 Raw Data File,C:\CTDDATA\46.dat,2881.0,2504.0,9.0,900.0
47.HDR,CMLRE_CTD,cr219,47,FORV SAGAR SAMPADA,219,1030 M,21.506111,67.776389,29-11-2003 05:15,Sea-Bird SBE 9 Raw Data File,C:\CTDDATA\47.dat,2881.0,2504.0,9.0,1976.0
1436.dat,CMLRE_CTD,cr220\ctd,1436,FORV SAGAR SAMPADA,220,3272 M,7.999,89.997667,23-12-2003 15:09,Sea-Bird SBE 9 Raw Data File,C:\station1436.dat,2881.0,2504.0,,
1437.dat,CMLRE_CTD,cr220\ctd,1437,FORV SAGAR SAMPADA,220,3489,8.06,91.006667,24-12-2003 02:41,Sea-Bird SBE 9 Raw Data File,C:\1437.dat,2881.0,2504.0,,
1437pp.dat,CMLRE_CTD,cr220\ctd,1437pp,FORV SAGAR SAMPADA,220,3510,8.083333,90.983333,24-12-2003 05:25,Sea-Bird SBE 9 Raw Data File,C:\CTDDATA\1437pp.dat,2881.0,2504.0,,
1437pp2.dat,CMLRE_CTD,cr220\ctd,1437pp2,FORV SAGAR SAMPADA,220,3510,8.083333,90.983333,24-12-2003 05:45,Sea-Bird SBE 9 Raw Data File,C:\CTDDATA\1437pp2.dat,2881.0,2504.0,,
1437pp3.dat,CMLRE_CTD,cr220\ctd,1437pp3,FORV SAGAR SAMPADA,220,3510,8.083333,90.983333,24-12-2003 05:57,Sea-Bird SBE 9 Raw Data File,C:\CTDDATA\1437pp3.dat,2881.0,2504.0,,
1438.dat,CMLRE_CTD,cr220\ctd,1438,FORV SAGAR SAMPADA,220,3198,7.983333,91.983333,24-12-2003 15:39,Sea-Bird SBE 9 Raw Data File,C:\CTDDATA\1438.dat,2881.0,2504.0,,
1439.dat,CMLRE_CTD,cr220\ctd,1439,FORV SAGAR SAMPADA,220,717,7.983333,92.933333,25-12-2003 03:22,Sea-Bird SBE 9 Raw Data File,C:\CTDDATA\1439.dat,2881.0,2504.0,,
1439micr.dat,CMLRE_CTD,cr220\ctd,1439micr1,FORV SAGAR SAMPADA,220,427,7.983333,92.933333,25-12-2003 04:57,Sea-Bird SBE 9 Raw Data File,C:\CTDDATA\1439micr.dat,2881.0,2504.0,,
1439pp.dat,CMLRE_CTD,cr220\ctd,1439,FORV SAGAR SAMPADA,220,467,7.983333,92.933333,25-12-2003 04:29,Sea-Bird SBE 9 Raw Data File,C:\CTDDATA\1439pp.dat,2881.0,2504.0,,
1439pp1.dat,CMLRE_CTD,cr220\ctd,1439pp1,FORV SAGAR SAMPADA,220,427,7.983333,92.933333,25-12-2003 04:45,Sea-Bird SBE 9 Raw Data File,C:\CTDDATA\1439pp1.dat,2881.0,2504.0,,
1440.dat,CMLRE_CTD,cr220\ctd,1440,FORV SAGAR SAMPADA,220,1581m,7.983333,93.983333,25-12-2003 15:59,Sea-Bird SBE 9 Raw Data File,C:\CTDDATA\1440.dat,2881.0,2504.0,,
1441.dat,CMLRE_CTD,cr220\ctd,1441,FORV SAGAR SAMPADA,220,2742 m,7.983333,95.0,26-12-2003 03:23,Sea-Bird SBE 9 Raw Data File,C:\CTDDATA\1441.dat,2881.0,2504.0,,
1441pp.dat,CMLRE_CTD,cr220\ctd,1441pp,FORV SAGAR SAMPADA,220,2741 m,7.983333,94.983333,26-12-2003 05:09,Sea-Bird SBE 9 Raw Data File,C:\CTDDATA\1441pp.dat,2881.0,2504.0,,
1442.dat,CMLRE_CTD,cr220\ctd,1442,FORV SAGAR SAMPADA       nio,220 station7,1600,9.996667,95.002,26-12-2003 23:46,Sea-Bird SBE 9 Raw Data File,C:\CTDDATA\1442.dat,2881.0,2504.0,,
1442micr.dat,CMLRE_CTD,cr220\ctd,1442pp1,FORV SAGAR SAMPADA,220,3080m,9.966667,94.6,27-12-2003 05:45,Sea-Bird SBE 9 Raw Data File,C:\CTDDATA\1442micr.dat,2881.0,2504.0,,
1442pp.dat,CMLRE_CTD,cr220\ctd,1442pp1,FORV SAGAR SAMPADA,220,3080m,9.966667,94.6,27-12-2003 05:14,Sea-Bird SBE 9 Raw Data File,C:\CTDDATA\1442pp.dat,2881.0,2504.0,,
1443.dat,CMLRE_CTD,cr220\ctd,1443,FORV SAGAR SAMPADA       NIO-RC,220 station 8,1695m,10.0,93.983333,27-12-2003 11:20,Sea-Bird SBE 9 Raw Data File,C:\CTDDATA\1443.dat,2881.0,2504.0,,
1443b.dat,CMLRE_CTD,cr220\ctd,1443,FORV SAGAR SAMPADA       NIO-RC,220 station 8,1695m,10.0,93.983333,27-12-2003 12:04,Sea-Bird SBE 9 Raw Data File,C:\CTDDATA\1443b.dat,2881.0,2504.0,,
1444.dat,CMLRE_CTD,cr220\ctd,1444,FORV SAGAR SAMPADA       NIO,220,1350,9.983333,93.0,27-12-2003 20:59,Sea-Bird SBE 9 Raw Data File,C:\CTDDATA\1444.dat,2881.0,2504.0,,
1444pp.dat,CMLRE_CTD,cr220\ctd,1444pp,FORV SAGAR SAMPADA,220,1175,10.0,92.333333,28-12-2003 04:59,Sea-Bird SBE 9 Raw Data File,C:\CTDDATA\1444pp.dat,2881.0,2504.0,,
1444u.dat,CMLRE_CTD,cr220\ctd,1444,FORV SAGAR SAMPADA       NIO,220,1350,9.983333,93.0,27-12-2003 21:28,Sea-Bird SBE 9 Raw Data File,C:\CTDDATA\1444u.dat,2881.0,2504.0,,
1445.dat,CMLRE_CTD,cr220\ctd,1445,FORV SAGAR SAMPADA,220,1220 m,9.983333,92.05,28-12-2003 08:12,Sea-Bird SBE 9 Raw Data File,C:\CTDDATA\1445.dat,2881.0,2504.0,,
1445mic.dat,CMLRE_CTD,cr220\ctd,1445mic,FORV SAGAR SAMPADA,220,1561,9.0,92.0,28-12-2003 09:59,Sea-Bird SBE 9 Raw Data File,C:\CTDDATA\1445mic.dat,2881.0,2504.0,,
1446.dat,CMLRE_CTD,cr220\ctd,1446,FORV SAGAR SAMPADA       NIO,220,275,11.983333,94.983333,29-12-2003 21:25,Sea-Bird SBE 9 Raw Data File,C:\CTDDATA\1446.dat,2881.0,2504.0,,
1446bd1.dat,CMLRE_CTD,cr220\ctd,bd1,FORV SAGAR SAMPADA,220,2355,11.494167,94.0,29-12-2003 10:53,Sea-Bird SBE 9 Raw Data File,C:\CTDDATA\bd1.dat,2881.0,2504.0,,
1446bd1a.dat,CMLRE_CTD,cr220\ctd,bd1,FORV SAGAR SAMPADA,220,2355,11.494167,94.0,29-12-2003 11:08,Sea-Bird SBE 9 Raw Data File,C:\CTDDATA\bd1a.dat,2881.0,2504.0,,
1447.dat,CMLRE_CTD,cr220\ctd,1446,FORV SAGAR SAMPADA       NIO,220,275,11.983333,94.983333,29-12-2003 21:25,Sea-Bird SBE 9 Raw Data File,C:\CTDDATA\1446.dat,2881.0,2504.0,,
1448.dat,CMLRE_CTD,cr220\ctd,1448,FORV SAGAR SAMPADA,220,1910,12.1,94.016667,30-12-2003 08:42,Sea-Bird SBE 9 Raw Data File,C:\CTDDATA\1448.dat,2881.0,2504.0,,
1448mic.dat,CMLRE_CTD,cr220\ctd,1448mic,FORV SAGAR SAMPADA,220,2089,12.0,94.0,30-12-2003 10:19,Sea-Bird SBE 9 Raw Data File,C:\CTDDATA\1448mic.dat,2881.0,2504.0,,
1448pp.dat,CMLRE_CTD,cr220\ctd,1447pp,FORV SAGAR SAMPADA,220,1456 m,12.0,94.292333,30-12-2003 05:02,Sea-Bird SBE 9 Raw Data File,C:\CTDDATA\1447pp.dat,2881.0,2504.0,,
1449bd2.dat,CMLRE_CTD,cr220\ctd,1449bd2,FORV SAGAR SAMPADA,220 NIO,2195 m,12.766667,93.983333,30-12-2003 18:24,Sea-Bird SBE 9 Raw Data File,C:\CTDDATA\1449bd2.dat,2881.0,2504.0,,
1450bd3.dat,CMLRE_CTD,cr220\ctd,1450bd3,FORV SAGAR SAMPADA,220,2024,12.983333,93.566667,30-12-2003 22:48,Sea-Bird SBE 9 Raw Data File,C:\CTDDATA\1450bd3.dat,2881.0,2504.0,,
1451bd4.dat,CMLRE_CTD,cr220\ctd,1451bd4,FORV SAGAR SAMPADA       NIO,220 team 220,852,13.000833,93.333667,31-12-2003 02:29,Sea-Bird SBE 9 Raw Data File,C:\CTDDATA\1451bd4.dat,2881.0,2504.0,,
1452bd5.dat,CMLRE_CTD,cr220\ctd,1452bd5,FORV SAGAR SAMPADA       NIO,220 team 220,705,12.4885,93.355,31-12-2003 07:45,Sea-Bird SBE 9 Raw Data File,C:\CTDDATA\1452bd5.dat,2881.0,2504.0,,
1453bd6.dat,CMLRE_CTD,cr220\ctd,1453bd6,FORV SAGAR SAMPADA,220,1991,12.483333,93.566667,31-12-2003 10:44,Sea-Bird SBE 9 Raw Data File,C:\CTDDATA\1453bd6.dat,2881.0,2504.0,,
1454.dat,CMLRE_CTD,cr220\ctd,1454,FORV SAGAR SAMPADA,220,1355 m,12.00444,93.333333,31-12-2003 15:56,Sea-Bird SBE 9 Raw Data File,C:\CTDDATA\1454.dat,2881.0,2504.0,,
1455bd7.dat,CMLRE_CTD,cr220\ctd,1455 bd 7,FORV SAGAR SAMPADA,220,473,11.508056,93.424444,31-12-2003 22:03,Sea-Bird SBE 9 Raw Data File,C:\CTDDATA\1455bd7.dat,2881.0,2504.0,,
1456bd8.dat,CMLRE_CTD,cr220\ctd,1456bd8,FORV SAGAR SAMPADA,220,602,11.5,93.0,01-01-2004 02:41,Sea-Bird SBE 9 Raw Data File,C:\CTDDATA\1456bd8.dat,2881.0,2504.0,,
1457.dat,CMLRE_CTD,cr220\ctd,1457,FORV SAGAR SAMPADA,208,2300,13.733333,95.0,05-01-2004 18:42,Sea-Bird SBE 9 Raw Data File,C:\CTDDATA\1457.dat,2881.0,2504.0,,
1458.dat,CMLRE_CTD,cr220\ctd,1458,FORV SAGAR SAMPADA,208,1350,13.733333,94.0,06-01-2004 05:52,Sea-Bird SBE 9 Raw Data File,C:\CTDDATA\1458.dat,2881.0,2504.0,,
1458pp.dat,CMLRE_CTD,cr220\ctd,1458,FORV SAGAR SAMPADA,208,1350 M,13.733333,96.0,06-01-2004 05:10,Sea-Bird SBE 9 Raw Data File,C:\CTDDATA\1458.dat,2881.0,2504.0,,
1459.dat,CMLRE_CTD,cr220\ctd,1459,FORV SAGAR SAMPADA,208,598 m,13.833333,92.833333,06-01-2004 17:15,Sea-Bird SBE 9 Raw Data File,C:\CTDDATA\1459.dat,2881.0,2504.0,,
1460.dat,CMLRE_CTD,cr220\ctd,1460,FORV SAGAR SAMPADA,220,1450,13.833333,92.0,07-01-2004 00:45,Sea-Bird SBE 9 Raw Data File,C:\CTDDATA\1460.dat,2881.0,2504.0,,
1460mic.dat,CMLRE_CTD,cr220\ctd,1460pp,FORV SAGAR SAMPADA,208,,13.833333,91.733333,07-01-2004 05:36,Sea-Bird SBE 9 Raw Data File,C:\CTDDATA\1460mic.dat,2881.0,2504.0,,
1460pp.dat,CMLRE_CTD,cr220\ctd,1460pp,FORV SAGAR SAMPADA,208,,13.833333,91.733333,07-01-2004 05:08,Sea-Bird SBE 9 Raw Data File,C:\CTDDATA\1460pp.dat,2881.0,2504.0,,
1461.dat,CMLRE_CTD,cr220\ctd,1461,FORV SAGAR SAMPADA,208,3000 m,13.833333,91.0,07-01-2004 12:22,Sea-Bird SBE 9 Raw Data File,C:\CTDDATA\1461.dat,2881.0,2504.0,,
1462.dat,CMLRE_CTD,cr220\ctd,1462,FORV SAGAR SAMPADA,208,3800 M,13.833333,90.0,07-01-2004 22:14,Sea-Bird SBE 9 Raw Data File,C:\CTDDATA\1462.dat,2881.0,2504.0,,
1463bd9.dat,CMLRE_CTD,cr220\ctd,1463bd9,FORV SAGAR SAMPADA,208,1500 m,13.0,92.0,08-01-2004 17:30,Sea-Bird SBE 9 Raw Data File,C:\CTDDATA\1463bd9.dat,2881.0,2504.0,,
1464bd10.dat,CMLRE_CTD,cr220\ctd,1464 BD 10,FORV SAGAR SAMPADA       NIO,208 220,950,13.0,92.333333,08-01-2004 21:40,Sea-Bird SBE 9 Raw Data File,C:\CTDDATA\1464bd10.dat,2881.0,2504.0,,
1465bd11.dat,CMLRE_CTD,cr220\ctd,1465bd11,FORV SAGAR SAMPADA       NIO,208 220,1400 M,12.5,92.166667,09-01-2004 02:43,Sea-Bird SBE 9 Raw Data File,C:\CTDDATA\1465bd11.dat,2881.0,2504.0,,
1466bd12.dat,CMLRE_CTD,cr220\ctd,1466bd12,FORV SAGAR SAMPADA       NIO,208 220,2500,12.333333,91.833333,09-01-2004 06:16,Sea-Bird SBE 9 Raw Data File,C:\CTDDATA\1466bd12.dat,2881.0,2504.0,,
1467bd13.dat,CMLRE_CTD,cr220\ctd,1467bd13,FORV SAGAR SAMPADA,208,3000,12.5,91.5,09-01-2004 09:27,Sea-Bird SBE 9 Raw Data File,C:\CTDDATA\1467bd13.dat,2881.0,2504.0,,
1468.dat,CMLRE_CTD,cr220\ctd,1468,FORV SAGAR SAMPADA       NIO,208 220,3000,12.0,90.0,09-01-2004 22:39,Sea-Bird SBE 9 Raw Data File,C:\CTDDATA\1468.dat,2881.0,2504.0,,
1468pp.dat,CMLRE_CTD,cr220\ctd,1468pp,FORV SAGAR SAMPADA,208,3000m,12.0,92.333333,10-01-2004 05:10,Sea-Bird SBE 9 Raw Data File,C:\CTDDATA\1468pp.dat,2881.0,2504.0,,
1469.dat,CMLRE_CTD,cr220\ctd,1469,FORV SAGAR SAMPADA       NIO,208 220,3000m,12.0,91.0,10-01-2004 11:48,Sea-Bird SBE 9 Raw Data File,C:\CTDDATA\1469.dat,2881.0,2504.0,,
1469mic.dat,CMLRE_CTD,cr220\ctd,1469micr,FORV SAGAR SAMPADA,208,3000 m,12.0,91.0,10-01-2004 13:33,Sea-Bird SBE 9 Raw Data File,C:\CTDDATA\1469mic.dat,2881.0,2504.0,,
1470.dat,CMLRE_CTD,cr220\ctd,1470,FORV SAGAR SAMPADA       NIO,208 220,1250,12.0,92.0,10-01-2004 23:43,Sea-Bird SBE 9 Raw Data File,C:\CTDDATA\1470.dat,2881.0,2504.0,,
1471bd14.dat,CMLRE_CTD,cr220\ctd,1471bd14,FORV SAGAR SAMPADA,208,800 m,11.5,92.0,11-01-2004 06:03,Sea-Bird SBE 9 Raw Data File,C:\CTDDATA\1471bd14.dat,2881.0,2504.0,,
1472bd15.dat,CMLRE_CTD,cr220\ctd,1472bd15,FORV SAGAR SAMPADA,208,1000,11.5,91.666667,11-01-2004 09:26,Sea-Bird SBE 9 Raw Data File,C:\CTDDATA\1472bd15.dat,2881.0,2504.0,,
1473bd16.dat,CMLRE_CTD,cr220\ctd,1473bd16,FORV SAGAR SAMPADA,208,,11.5,91.333333,11-01-2004 13:07,Sea-Bird SBE 9 Raw Data File,C:\CTDDATA\1473bd16.dat,2881.0,2504.0,,
1474.dat,CMLRE_CTD,cr220\ctd,1474,FORV SAGAR SAMPADA,208,3500 m,10.0,91.0,12-01-2004 03:20,Sea-Bird SBE 9 Raw Data File,C:\CTDDATA\1474.dat,2881.0,2504.0,,
1474micr.dat,CMLRE_CTD,cr220\ctd,1474micr,FORV SAGAR SAMPADA,208,,,,12-01-2004 05:48,Sea-Bird SBE 9 Raw Data File,C:\CTDDATA\1474micr.dat,2881.0,2504.0,,
1474pp.dat,CMLRE_CTD,cr220\ctd,1474pp,FORV SAGAR SAMPADA,208,,,,12-01-2004 05:07,Sea-Bird SBE 9 Raw Data File,C:\CTDDATA\1474pp.dat,2881.0,2504.0,,
NSD01.HDR,CMLRE_CTD,cr221\CTD DATA,NSD1,FORV SAGAR SAMPADA,208 221,200,8.5,76.35,03-02-2004 06:03,Sea-Bird SBE 9 Raw Data File,C:\CTDDATA\NSD1.dat,2881.0,2504.0,9.0,189.0
NSD02.HDR,CMLRE_CTD,cr221\CTD DATA,NSD2,FORV SAGAR SAMPADA,208 221,150,8.5,76.4,03-02-2004 06:58,Sea-Bird SBE 9 Raw Data File,C:\CTDDATA\NSD2.dat,2881.0,2504.0,9.0,135.0
NSD03.HDR,CMLRE_CTD,cr221\CTD DATA,NSD3,FORV SAGAR SAMPADA,208 221,100,8.5,76.433333,03-02-2004 09:34,Sea-Bird SBE 9 Raw Data File,C:\CTDDATA\NSD3.dat,2881.0,2504.0,9.0,91.0
NSD04.HDR,CMLRE_CTD,cr221\CTD DATA,NSD4,FORV SAGAR SAMPADA,208 221,75,8.5,76.483333,03-02-2004 11:05,Sea-Bird SBE 9 Raw Data File,C:\CTDDATA\NSD4.dat,2881.0,2504.0,9.0,64.0
NSD05.HDR,CMLRE_CTD,cr221\CTD DATA,NSD5,FORV SAGAR SAMPADA,208 221,50,8.5,76.727167,03-02-2004 14:02,Sea-Bird SBE 9 Raw Data File,C:\CTDDATA\NSD5.dat,2881.0,2504.0,9.0,40.0
NSD06.HDR,CMLRE_CTD,cr221\CTD DATA,NSD6,FORV SAGAR SAMPADA,208 cr221,22,8.5,76.8425,03-02-2004 15:32,Sea-Bird SBE 9 Raw Data File,C:\CTDDATA\NSD6.dat,2881.0,2504.0,9.0,14.0
NSD07.HDR,CMLRE_CTD,cr221\CTD DATA,NSD7,FORV SAGAR SAMPADA,208 221,21.2,9.0,76.415333,04-02-2004 08:07,Sea-Bird SBE 9 Raw Data File,C:\CTDDATA\NSD7.dat,2881.0,2504.0,9.0,15.0
NSD08.HDR,CMLRE_CTD,cr221\CTD DATA,NSD8,FORV SAGAR SAMPADA       CRUISE NO221,208,50,9.1,76.263,04-02-2004 05:07,Sea-Bird SBE 9 Raw Data File,C:\CTDDATA\NSD8.dat,2881.0,2504.0,9.0,42.0
NSD09.HDR,CMLRE_CTD,cr221\CTD DATA,NSD9,FORV SAGAR SAMPADA,208 221,77,9.0,76.040667,04-02-2004 13:32,Sea-Bird SBE 9 Raw Data File,C:\CTDDATA\NSD9.dat,2881.0,2504.0,9.0,70.0
NSD10.HDR,CMLRE_CTD,cr221\CTD DATA,NSD10,FORV SAGAR SAMPADA,208 221,91,9.0,75.993,04-02-2004 14:48,Sea-Bird SBE 9 Raw Data File,C:\CTDDATA\NSD10.dat,2881.0,2504.0,9.0,82.0
NSD11.HDR,CMLRE_CTD,cr221\CTD DATA,NSD,FORV SAGAR SAMPADA,208 221,153.3,9.006333,75.957167,04-02-2004 15:45,Sea-Bird SBE 9 Raw Data File,C:\CTDDATA\NSD11.dat,2881.0,2504.0,9.0,146.0
NSD12.HDR,CMLRE_CTD,cr221\CTD DATA,NSD12,FORV SAGAR SAMPADA,208 221,210,9.0095,75.941667,04-02-2004 17:00,Sea-Bird SBE 9 Raw Data File,C:\CTDDATA\NSD12.dat,2881.0,2504.0,9.0,197.0
NSD13.HDR,CMLRE_CTD,cr221\CTD DATA,NSD13,FORV SAGAR SAMPADA,208 221,200,9.333333,75.833333,04-02-2004 21:26,Sea-Bird SBE 9 Raw Data File,C:\CTDDATA\NSD13.dat,2881.0,2504.0,9.0,190.0
NSD14.HDR,CMLRE_CTD,cr221\CTD DATA,NSD14,FORV SAGAR SAMPADA,221,138,9.332667,75.8635,04-02-2004 22:57,Sea-Bird SBE 9 Raw Data File,C:\CTDDATA\NSD14.dat,2881.0,2504.0,9.0,123.0
NSD15.HDR,CMLRE_CTD,cr221\CTD DATA,NSD15,FORV SAGAR SAMPADA,221,101,9.3345,75.892167,05-02-2004 05:20,Sea-Bird SBE 9 Raw Data File,C:\CTDDATA\NSD15.dat,2881.0,2504.0,9.0,89.0
NSD16.HDR,CMLRE_CTD,cr221\CTD DATA,NSD16,FORV SAGAR SAMPADA,221,77,9.320833,75.955278,05-02-2004 08:16,Sea-Bird SBE 9 Raw Data File,C:\CTDDATA\NSD16.dat,2881.0,2504.0,9.0,68.0
NSD17.HDR,CMLRE_CTD,cr221\CTD DATA,NSD17,FORV SAGAR SAMPADA,221,49,9.322333,76.095667,05-02-2004 11:02,Sea-Bird SBE 9 Raw Data File,C:\CTDDATA\NSD17.dat,2881.0,2504.0,9.0,41.0
NSD18.HDR,CMLRE_CTD,cr221\CTD DATA,NSD18,FORV SAGAR SAMPADA,221 221,20.9,9.329167,76.2415,05-02-2004 13:14,Sea-Bird SBE 9 Raw Data File,C:\CTDDATA\NSD18.dat,2881.0,2504.0,9.0,15.0
NSD19.HDR,CMLRE_CTD,cr221\CTD DATA,NSD19,FORV SAGAR SAMPADA,221,202,10.000667,75.596,06-02-2004 05:44,Sea-Bird SBE 9 Raw Data File,C:\CTDDATA\NSD19.dat,2881.0,2504.0,9.0,194.0
NSD20.HDR,CMLRE_CTD,cr221\CTD DATA,NSD20,FORV SAGAR SAMPADA,221,135,9.985833,75.593333,06-02-2004 07:38,Sea-Bird SBE 9 Raw Data File,C:\CTDDATA\NSD20.dat,2881.0,2504.0,9.0,129.0
NSD21.HDR,CMLRE_CTD,cr221\CTD DATA,NSD21,FORV SAGAR SAMPADA,221,98,9.991333,75.641667,06-02-2004 08:34,Sea-Bird SBE 9 Raw Data File,C:\CTDDATA\NSD21.dat,2881.0,2504.0,9.0,90.0
NSD22.HDR,CMLRE_CTD,cr221\CTD DATA,NSD 22,FORV SAGAR SAMPADA,221,77,9.9935,75.6885,06-02-2004 10:16,Sea-Bird SBE 9 Raw Data File,C:\CTDDATA\NSD22.dat,2881.0,2504.0,9.0,68.0
NSD23.HDR,CMLRE_CTD,cr221\CTD DATA,NSD23,FORV SAGAR SAMPADA,221,49.5,9.990333,75.810667,06-02-2004 12:29,Sea-Bird SBE 9 Raw Data File,C:\CTDDATA\NSD23.dat,2881.0,2504.0,9.0,43.0
NSD24.HDR,CMLRE_CTD,cr221\CTD DATA,NSD24,FORV SAGAR SAMPADA       FOR V SAGAR SAMPADA,221 221,18,10.000667,76.088833,06-02-2004 16:17,Sea-Bird SBE 9 Raw Data File,C:\CTDDATA\NSD24.dat,2881.0,2504.0,9.0,14.0
NSD25.HDR,CMLRE_CTD,cr221\CTD DATA,NSD 25,FORV SAGAR SAMPADA,221,176,10.491333,75.418833,07-02-2004 05:49,Sea-Bird SBE 9 Raw Data File,C:\CTDDATA\NSD25.dat,2881.0,2504.0,9.0,164.0
NSD26.HDR,CMLRE_CTD,cr221\CTD DATA,NSD 26,FORV SAGAR SAMPADA,221,146,10.5,75.424,07-02-2004 06:37,Sea-Bird SBE 9 Raw Data File,C:\CTDDATA\NSD26.dat,2881.0,2504.0,9.0,135.0
NSD27.HDR,CMLRE_CTD,cr221\CTD DATA,NSD27,FORV SAGAR SAMPADA,221,,10.5,75.5075,07-02-2004 08:04,Sea-Bird SBE 9 Raw Data File,C:\CTDDATA\NSD27.dat,2881.0,2504.0,9.0,90.0
NSD28.HDR,CMLRE_CTD,cr221\CTD DATA,NSD28,FORV SAGAR SAMPADA,221,,10.5025,75.546833,07-02-2004 09:42,Sea-Bird SBE 9 Raw Data File,C:\CTDDATA\NSD28.dat,2881.0,2504.0,9.0,65.0
NSD29.HDR,CMLRE_CTD,cr221\CTD DATA,NSD29,FORV SAGAR SAMPADA,221,48.4,10.507,75.676667,07-02-2004 12:56,Sea-Bird SBE 9 Raw Data File,C:\CTDDATA\NSD29.dat,2881.0,2504.0,9.0,39.0
NSD30.HDR,CMLRE_CTD,cr221\CTD DATA,NSD30,FORV SAGAR SAMPADA,221,22.7,10.5,75.902667,07-02-2004 15:59,Sea-Bird SBE 9 Raw Data File,C:\CTDDATA\NSD30.dat,2881.0,2504.0,9.0,17.0
NSD31.HDR,CMLRE_CTD,cr221\CTD DATA,NSD31,FORV SAGAR SAMPADA,221,23.7,10.994,75.7275,07-02-2004 22:07,Sea-Bird SBE 9 Raw Data File,C:\CTDDATA\NSD31.dat,2881.0,2504.0,9.0,17.0
NSD32.HDR,CMLRE_CTD,cr221\CTD DATA,NSD32,FORV SAGAR SAMPADA,221,47.7,10.995167,75.449667,08-02-2004 05:54,Sea-Bird SBE 9 Raw Data File,C:\CTDDATA\NSD32.dat,2881.0,2504.0,9.0,41.0
NSD33.HDR,CMLRE_CTD,cr221\CTD DATA,NSD33,FORV SAGAR SAMPADA,221,75,11.005667,75.259167,08-02-2004 08:50,Sea-Bird SBE 9 Raw Data File,C:\CTDDATA\NSD33.dat,2881.0,2504.0,9.0,68.0
NSD34.HDR,CMLRE_CTD,cr221\CTD DATA,NSD34,FORV SAGAR SAMPADA,221,104.2,11.0,75.183167,08-02-2004 10:38,Sea-Bird SBE 9 Raw Data File,C:\CTDDATA\NSD34.dat,2881.0,2504.0,9.0,97.0
NSD35.HDR,CMLRE_CTD,cr221\CTD DATA,NSD35,FORV SAGAR SAMPADA,221,150,11.007,75.119833,08-02-2004 12:28,Sea-Bird SBE 9 Raw Data File,C:\CTDDATA\NSD35.dat,2881.0,2504.0,9.0,139.0
NSD36.HDR,CMLRE_CTD,cr221\CTD DATA,NSD36,FORV SAGAR SAMPADA,221,212,11.0,75.109667,08-02-2004 12:58,Sea-Bird SBE 9 Raw Data File,C:\CTDDATA\NSD36.dat,2881.0,2504.0,9.0,198.0
NSD37.HDR,CMLRE_CTD,cr221\CTD DATA,37,FORV SAGAR SAMPADA,221,214,11.1475,74.995833,08-02-2004 15:35,Sea-Bird SBE 9 Raw Data File,C:\CTDDATA\NSD37.dat,2881.0,2504.0,9.0,202.0
NSD38.HDR,CMLRE_CTD,cr221\CTD DATA,NSD38,FORV SAGAR SAMPADA,221,155,11.154167,75.001333,08-02-2004 17:35,Sea-Bird SBE 9 Raw Data File,C:\CTDDATA\NSD38.dat,2881.0,2504.0,9.0,145.0
NSD39.HDR,CMLRE_CTD,cr221\CTD DATA,NSD39,FORV SAGAR SAMPADA,221,101,11.152833,75.063833,08-02-2004 18:53,Sea-Bird SBE 9 Raw Data File,C:\CTDDATA\NSD39.dat,2881.0,2504.0,9.0,91.0
NSD40.HDR,CMLRE_CTD,cr221\CTD DATA,NSD40,FORV SAGAR SAMPADA,221,75,11.155333,75.133333,08-02-2004 20:29,Sea-Bird SBE 9 Raw Data File,C:\CTDDATA\NSD40.dat,2881.0,2504.0,9.0,81.0
NSD41.HDR,CMLRE_CTD,cr221\CTD DATA,NSD41,FORV SAGAR SAMPADA,221,50,11.166333,75.329,09-02-2004 05:50,Sea-Bird SBE 9 Raw Data File,C:\CTDDATA\NSD41.dat,2881.0,2504.0,9.0,42.0
NSD42.HDR,CMLRE_CTD,cr221\CTD DATA,nsd 42,FORV SAGAR SAMPADA,221,21,11.157833,75.678333,09-02-2004 11:05,Sea-Bird SBE 9 Raw Data File,C:\CTDDATA\NSD42.dat,2881.0,2504.0,9.0,16.0
NSD43.HDR,CMLRE_CTD,cr221\CTD DATA,NSD43,FORV SAGAR SAMPADA,221,19,11.517667,75.503056,09-02-2004 15:58,Sea-Bird SBE 9 Raw Data File,C:\CTDDATA\NSD43.dat,2881.0,2504.0,9.0,26.0
NSD44.HDR,CMLRE_CTD,cr221\CTD DATA,NSD44,FORV SAGAR SAMPADA,221,49,11.5015,75.181667,09-02-2004 20:40,Sea-Bird SBE 9 Raw Data File,C:\CTDDATA\NSD44.dat,2881.0,2504.0,9.0,41.0
NSD45.HDR,CMLRE_CTD,cr221\CTD DATA,NSD45,FORV SAGAR SAMPADA,221,73,11.508833,74.8725,10-02-2004 05:59,Sea-Bird SBE 9 Raw Data File,C:\CTDDATA\NSD45.dat,2881.0,2504.0,9.0,65.0
NSD46.HDR,CMLRE_CTD,cr221\CTD DATA,NSD46,FORV SAGAR SAMPADA,221,100.1,11.508667,74.780833,10-02-2004 09:02,Sea-Bird SBE 9 Raw Data File,C:\CTDDATA\NSD46.dat,2881.0,2504.0,9.0,90.0
NSD47.HDR,CMLRE_CTD,cr221\CTD DATA,NSD47,FORV SAGAR SAMPADA,221,151.4,11.506167,74.729333,10-02-2004 09:57,Sea-Bird SBE 9 Raw Data File,C:\CTDDATA\NSD47.dat,2881.0,2504.0,9.0,137.0
NSD48.HDR,CMLRE_CTD,cr221\CTD DATA,NSD48,FORV SAGAR SAMPADA,221,206,11.482833,74.729,10-02-2004 11:16,Sea-Bird SBE 9 Raw Data File,C:\CTDDATA\NSD48.dat,2881.0,2504.0,9.0,190.0
NSD49.HDR,CMLRE_CTD,cr221\CTD DATA,NSD49,FORV SAGAR SAMPADA,221,206,11.983333,74.427667,10-02-2004 17:08,Sea-Bird SBE 9 Raw Data File,C:\CTDDATA\NSD49.dat,2881.0,2504.0,9.0,193.0
NSD50.HDR,CMLRE_CTD,cr221\CTD DATA,NSD50,FORV SAGAR SAMPADA,221,146.2,11.98,74.472167,10-02-2004 18:30,Sea-Bird SBE 9 Raw Data File,C:\CTDDATA\NSD50.dat,2881.0,2504.0,9.0,138.0
NSD51.HDR,CMLRE_CTD,cr221\CTD DATA,NSD51,FORV SAGAR SAMPADA,221,101,12.002167,74.586,10-02-2004 20:16,Sea-Bird SBE 9 Raw Data File,C:\CTDDATA\NSD51.dat,2881.0,2504.0,9.0,88.0
NSD52.HDR,CMLRE_CTD,cr221\CTD DATA,NSD52,FORV SAGAR SAMPADA,221,75.5,11.996333,74.6795,10-02-2004 21:52,Sea-Bird SBE 9 Raw Data File,C:\CTDDATA\NSD52.dat,2881.0,2504.0,9.0,63.0
NSD53.HDR,CMLRE_CTD,cr221\CTD DATA,NSD 53,FORV SAGAR SAMPADA,221,50,12.0,74.904,11-02-2004 05:53,Sea-Bird SBE 9 Raw Data File,C:\CTDDATA\NSD53.dat,2881.0,2504.0,9.0,44.0
NSD54.HDR,CMLRE_CTD,cr221\CTD DATA,NSD54,FORV SAGAR SAMPADA,221,18,12.003,75.0985,11-02-2004 09:43,Sea-Bird SBE 9 Raw Data File,C:\CTDDATA\NSD54.dat,2881.0,2504.0,,
sac1.dat,CMLRE_CTD,cr222,sac1,FORV SAGAR SAMPADA,208 222,,10.721,74.786667,22-02-2004 09:06,Sea-Bird SBE 9 Raw Data File,C:\CTDDATA\sac1.dat,2881.0,2504.0,,
sac10.dat,CMLRE_CTD,cr222,sac10,FORV SAGAR SAMPADA,222,,20.984444,66.867778,02-03-2004 10:34,Sea-Bird SBE 9 Raw Data File,C:\CTDDATA\sac10.dat,2881.0,2504.0,,
sac10pp.dat,CMLRE_CTD,cr222,sac10pp,FORV SAGAR SAMPADA,222,,21.009444,66.083167,02-03-2004 05:59,Sea-Bird SBE 9 Raw Data File,C:\CTDDATA\sac10pp.dat,2881.0,2504.0,,
sac11.dat,CMLRE_CTD,cr222,sac11,FORV SAGAR SAMPADA,222,,21.4,65.733333,03-03-2004 11:12,Sea-Bird SBE 9 Raw Data File,C:\CTDDATA\sac11.dat,2881.0,2504.0,,
sac12.dat,CMLRE_CTD,cr222,sac12,FORV SAGAR SAMPADA,222,,22.4,66.283333,04-03-2004 11:00,Sea-Bird SBE 9 Raw Data File,C:\CTDDATA\sac12.dat,2881.0,2504.0,,
sac13.dat,CMLRE_CTD,cr222,sac13,FORV SAGAR SAMPADA,222,,22.42,66.920556,05-03-2004 10:07,Sea-Bird SBE 9 Raw Data File,C:\CTDDATA\sac13.dat,2881.0,2504.0,,
sac13pp.dat,CMLRE_CTD,cr222,sac13pp,FORV SAGAR SAMPADA,222,,22.414444,66.915833,05-03-2004 05:43,Sea-Bird SBE 9 Raw Data File,C:\CTDDATA\sac13.dat,2881.0,2504.0,,
sac14.dat,CMLRE_CTD,cr222,sac14,FORV SAGAR SAMPADA,222,,20.483333,68.8,06-03-2004 10:58,Sea-Bird SBE 9 Raw Data File,C:\CTDDATA\sac14.dat,2881.0,2504.0,,
sac15.dat,CMLRE_CTD,cr222,sac15,FORV SAGAR SAMPADA,222,,19.066667,68.666667,07-03-2004 10:52,Sea-Bird SBE 9 Raw Data File,C:\CTDDATA\sac15.dat,2881.0,2504.0,,
sac15pp.dat,CMLRE_CTD,cr222,sac14pp,FORV SAGAR SAMPADA,222,,19.066667,68.683333,07-03-2004 05:56,Sea-Bird SBE 9 Raw Data File,C:\CTDDATA\sac15pp.dat,2881.0,2504.0,,
sac16.dat,CMLRE_CTD,cr222,sac16,FORV SAGAR SAMPADA,222,,15.133333,73.216667,10-03-2004 13:59,Sea-Bird SBE 9 Raw Data File,C:\CTDDATA\sac16.dat,2881.0,2504.0,,
sac1pp.dat,CMLRE_CTD,cr222,sac1pp,FORV SAGAR SAMPADA,208 222,,10.715,74.788889,22-02-2004 06:00,Sea-Bird SBE 9 Raw Data File,C:\CTDDATA\sac1pp.dat,2881.0,2504.0,,
sac2.dat,CMLRE_CTD,cr222,sac2pp,FORV SAGAR SAMPADA,222,,12.013056,76.4,23-02-2004 09:12,Sea-Bird SBE 9 Raw Data File,C:\CTDDATA\sac2.dat,2881.0,2504.0,,
sac2pp.dat,CMLRE_CTD,cr222,stn sac2pp,FORV SAGAR SAMPADA,222,,11.993333,74.433056,23-02-2004 05:59,Sea-Bird SBE 9 Raw Data File,C:\CTDDATA\sac2 pp.dat,2881.0,2504.0,,
sac3.dat,CMLRE_CTD,cr222,sac3,FORV SAGAR SAMPADA,222,,12.633333,72.1,24-02-2004 10:06,Sea-Bird SBE 9 Raw Data File,C:\CTDDATA\sac3.dat,2881.0,2504.0,,
sac4.dat,CMLRE_CTD,cr222,SAC4,FORV SAGAR SAMPADA,222,,13.8,70.716667,25-02-2004 08:53,Sea-Bird SBE 9 Raw Data File,C:\CTDDATA\sac4.dat,2881.0,2504.0,,
sac4PP.dat,CMLRE_CTD,cr222,SAC4PP,FORV SAGAR SAMPADA,222,,13.812778,70.728889,25-02-2004 06:02,Sea-Bird SBE 9 Raw Data File,C:\CTDDATA\sac4PP.dat,2881.0,2504.0,,
sac5.dat,CMLRE_CTD,cr222,sac5,FORV SAGAR SAMPADA,222,,14.833333,74.0,26-02-2004 12:45,Sea-Bird SBE 9 Raw Data File,C:\CTDDATA\sac5.dat,2881.0,2504.0,,
sac6.dat,CMLRE_CTD,cr222,sac6,FORV SAGAR SAMPADA,222,,17.201389,72.169722,27-02-2004 10:57,Sea-Bird SBE 9 Raw Data File,C:\CTDDATA\sac6.dat,2881.0,2504.0,,
sac6pp.dat,CMLRE_CTD,cr222,SAC6PP,FORV SAGAR SAMPADA,222,,16.187222,72.405,27-02-2004 06:05,Sea-Bird SBE 9 Raw Data File,C:\CTDDATA\sac6pp.dat,2881.0,2504.0,,
sac7.dat,CMLRE_CTD,cr222,sac7,FORV SAGAR SAMPADA,222,,17.109833,69.8145,28-02-2004 13:19,Sea-Bird SBE 9 Raw Data File,C:\CTDDATA\sac7.dat,2881.0,2504.0,,
sac7pp.dat,CMLRE_CTD,cr222,sac7pp,FORV SAGAR SAMPADA,222,,16.966667,70.05,28-02-2004 06:03,Sea-Bird SBE 9 Raw Data File,C:\CTDDATA\sac7pp.dat,2881.0,2504.0,,
sac8.dat,CMLRE_CTD,cr222,sac8,FORV SAGAR SAMPADA,222,,19.766944,68.698611,29-02-2004 11:24,Sea-Bird SBE 9 Raw Data File,C:\CTDDATA\sac8.dat,2881.0,2504.0,,
sac9.dat,CMLRE_CTD,cr222,9,FORV SAGAR SAMPADA,222,,20.905278,67.0925,01-03-2004 11:21,Sea-Bird SBE 9 Raw Data File,C:\CTDDATA\sac9.dat,2881.0,2504.0,,
1476.HDR,CMLRE_CTD,cr223,1055,FORV SAGAR SAMPADA,223,,7.999167,76.4995,19-03-2004 08:05,Sea-Bird SBE 9 Raw Data File,C:\CTDDATA\1476.HDR,2881.0,2504.0,,
1476A.HDR,CMLRE_CTD,cr223,1055,FORV SAGAR SAMPADA,223,,7.999167,76.4995,19-03-2004 08:05,Sea-Bird SBE 9 Raw Data File,C:\CTDDATA\1476.dat,2881.0,2504.0,10.0,750.0
1476b.HDR,CMLRE_CTD,cr223,1055,FORV SAGAR SAMPADA,223,,7.999167,76.4995,19-03-2004 11:25,Sea-Bird SBE 9 Raw Data File,C:\CTDDATA\1476b.dat,2881.0,2504.0,10.0,852.0
1476c.HDR,CMLRE_CTD,cr223,,FORV SAGAR SAMPADA,CR199 223,,,,19-03-2004 20:14,Sea-Bird SBE 9 Raw Data File,C:\CTDDATA\TEST2.DAT,2881.0,2504.0,10.0,751.0
1476MI.HDR,CMLRE_CTD,cr223,1055,FORV SAGAR SAMPADA,223,,7.999167,76.4995,19-03-2004 06:56,Sea-Bird SBE 9 Raw Data File,C:\CTDDATA\cr223\1476mi.dat,2881.0,2504.0,10.0,200.0
1477.HDR,CMLRE_CTD,cr223,1477,FORV SAGAR SAMPADA,CR199 223,,8.0,75.9995,20-03-2004 03:07,Sea-Bird SBE 9 Raw Data File,C:\CTDDATA\1477.DAT,2881.0,2504.0,10.0,1002.0
1477A.HDR,CMLRE_CTD,cr223,1477,FORV SAGAR SAMPADA,CR223 223,,8.0,75.9995,20-03-2004 05:01,Sea-Bird SBE 9 Raw Data File,C:\CTDDATA\1477A.DAT,2881.0,2504.0,10.0,190.0
1478.HDR,CMLRE_CTD,cr223,1478,FORV SAGAR SAMPADA,CR223 223,2873,8.0,75.9995,20-03-2004 14:21,Sea-Bird SBE 9 Raw Data File,C:\CTDDATA\1478.DAT,2881.0,2504.0,10.0,1002.0
1478A.HDR,CMLRE_CTD,cr223,1478A,FORV SAGAR SAMPADA,CR223 223,2873,8.0,75.9995,20-03-2004 16:01,Sea-Bird SBE 9 Raw Data File,C:\CTDDATA\1478A.DAT,2881.0,2504.0,10.0,200.0
1479.HDR,CMLRE_CTD,cr223,1479,FORV SAGAR SAMPADA,CR223 223,2182 M,7.983333,74.001667,21-03-2004 01:39,Sea-Bird SBE 9 Raw Data File,C:\CTDDATA\1479.DAT,2881.0,2504.0,10.0,1004.0
1479A.HDR,CMLRE_CTD,cr223,1479a,FORV SAGAR SAMPADA,CR223 223,2182 M,7.983333,74.001667,21-03-2004 03:39,Sea-Bird SBE 9 Raw Data File,C:\CTDDATA\1479A.DAT,2881.0,2504.0,10.0,200.0
1480.HDR,CMLRE_CTD,cr223,1480,FORV SAGAR SAMPADA,CR223 223,1800 M,7.983333,73.001667,21-03-2004 14:19,Sea-Bird SBE 9 Raw Data File,C:\CTDDATA\1480.DAT,2881.0,2504.0,10.0,999.0
1480S.HDR,CMLRE_CTD,cr223,1480s,FORV SAGAR SAMPADA,CR223 223,1800 M,7.983333,73.001667,21-03-2004 15:57,Sea-Bird SBE 9 Raw Data File,C:\CTDDATA\1480S.DAT,2881.0,2504.0,10.0,202.0
1481.HDR,CMLRE_CTD,cr223,1481,FORV SAGAR SAMPADA,CR223,2900 M,8.097333,71.848833,22-03-2004 05:25,Sea-Bird SBE 9 Raw Data File,C:\CTDDATA\1481.DAT,2881.0,2504.0,10.0,1004.0
1481B.HDR,CMLRE_CTD,cr223,1481b,FORV SAGAR SAMPADA,CR223,2900 M,8.097333,71.848833,22-03-2004 11:31,Sea-Bird SBE 9 Raw Data File,C:\CTDDATA\1481B.DAT,2881.0,2504.0,10.0,1002.0
1481C.HDR,CMLRE_CTD,cr223,1481c,FORV SAGAR SAMPADA,CR223,2900 M,8.097333,71.848833,22-03-2004 16:56,Sea-Bird SBE 9 Raw Data File,C:\CTDDATA\1481C.DAT,2881.0,2504.0,10.0,1001.0
1481M1.HDR,CMLRE_CTD,cr223,1481M1,FORV SAGAR SAMPADA,CR223,2900 M,8.097333,71.848833,22-03-2004 06:40,Sea-Bird SBE 9 Raw Data File,C:\CTDDATA\1481M1.DAT,2881.0,2504.0,10.0,201.0
1481PP.HDR,CMLRE_CTD,cr223,1481,FORV SAGAR SAMPADA,CR223,2900 M,8.097333,71.848833,22-03-2004 05:04,Sea-Bird SBE 9 Raw Data File,C:\CTDDATA\1481PP.HDR,2881.0,2504.0,,
1481S.HDR,CMLRE_CTD,cr223,1481b,FORV SAGAR SAMPADA,CR223,2900 M,8.097333,71.848833,22-03-2004 13:07,Sea-Bird SBE 9 Raw Data File,C:\CTDDATA\1481S.DAT,2881.0,2504.0,9.0,1.0
1482A.HDR,CMLRE_CTD,cr223,1482pp,FORV SAGAR SAMPADA,CR223,4521,9.833333,69.243333,24-03-2004 05:38,Sea-Bird SBE 9 Raw Data File,C:\CTDDATA\1482A.DAT,2881.0,2504.0,10.0,1003.0
1482B-UP.HDR,CMLRE_CTD,cr223,1482up,FORV SAGAR SAMPADA,CR223,4521,9.833333,69.243333,24-03-2004 14:00,Sea-Bird SBE 9 Raw Data File,C:\CTDDATA\1482B-UP.HDR,2881.0,2504.0,,
1482B.HDR,CMLRE_CTD,cr223,1482b,FORV SAGAR SAMPADA,CR223,4521,9.833333,69.243333,24-03-2004 11:23,Sea-Bird SBE 9 Raw Data File,C:\CTDDATA\1482B.DAT,2881.0,2504.0,10.0,2983.0
1482C.HDR,CMLRE_CTD,cr223,1482C,FORV SAGAR SAMPADA,CR223,4521,9.833333,69.243333,24-03-2004 17:19,Sea-Bird SBE 9 Raw Data File,C:\CTDDATA\1482C.DAT,2881.0,2504.0,10.0,1018.0
1482MI.HDR,CMLRE_CTD,cr223,1482pp,FORV SAGAR SAMPADA,CR223,4521,9.833333,69.243333,24-03-2004 06:56,Sea-Bird SBE 9 Raw Data File,C:\CTDDATA\1482MI.DAT,2881.0,2504.0,10.0,200.0
1482PP.HDR,CMLRE_CTD,cr223,1482pp,FORV SAGAR SAMPADA,CR223,,9.833333,69.243333,24-03-2004 04:58,Sea-Bird SBE 9 Raw Data File,C:\CTDDATA\1482PP.HDR,2881.0,2504.0,,
1483.HDR,CMLRE_CTD,cr223,1483,FORV SAGAR SAMPADA,CR223,4526,10.001944,70.000833,25-03-2004 02:41,Sea-Bird SBE 9 Raw Data File,C:\CTDDATA\1483.DAT,2881.0,2504.0,10.0,997.0
1483S.HDR,CMLRE_CTD,cr223,1483S,FORV SAGAR SAMPADA,CR223,4526,10.001944,70.000833,25-03-2004 04:25,Sea-Bird SBE 9 Raw Data File,C:\CTDDATA\1483S.DAT,2881.0,2504.0,10.0,199.0
1484.HDR,CMLRE_CTD,cr223,1484,FORV SAGAR SAMPADA,CR223,3400,10.001944,71.004167,25-03-2004 13:29,Sea-Bird SBE 9 Raw Data File,C:\CTDDATA\1484.DAT,2881.0,2504.0,10.0,999.0
1484S.HDR,CMLRE_CTD,cr223,1484S,FORV SAGAR SAMPADA,CR223,3400,10.001944,71.004167,25-03-2004 15:02,Sea-Bird SBE 9 Raw Data File,C:\CTDDATA\1484S.DAT,2881.0,2504.0,10.0,198.0
1485.HDR,CMLRE_CTD,cr223,1485,FORV SAGAR SAMPADA,CR223,1965,9.846833,71.999833,26-03-2004 00:25,Sea-Bird SBE 9 Raw Data File,C:\CTDDATA\1485.DAT,2881.0,2504.0,10.0,1002.0
1485S.HDR,CMLRE_CTD,cr223,1485S,FORV SAGAR SAMPADA,CR223,3400,9.846833,71.999833,26-03-2004 00:03,Sea-Bird SBE 9 Raw Data File,C:\CTDDATA\1485S.HDR,2881.0,2504.0,,
1486.HDR,CMLRE_CTD,cr223,1486,FORV SAGAR SAMPADA,CR223,1965,9.846833,72.999833,26-03-2004 10:23,Sea-Bird SBE 9 Raw Data File,C:\CTDDATA\1486.DAT,2881.0,2504.0,10.0,1001.0
1486S.HDR,CMLRE_CTD,cr223,1486S,FORV SAGAR SAMPADA,CR223,1965,9.846833,72.999833,26-03-2004 11:55,Sea-Bird SBE 9 Raw Data File,C:\CTDDATA\1486S.HDR,2881.0,2504.0,,
1487.HDR,CMLRE_CTD,cr223,1487,FORV SAGAR SAMPADA,CR223,1965,9.872333,73.922667,26-03-2004 20:09,Sea-Bird SBE 9 Raw Data File,C:\CTDDATA\1487.DAT,2881.0,2504.0,10.0,1001.0
1487S.HDR,CMLRE_CTD,cr223,1487S,FORV SAGAR SAMPADA,CR223,1965,9.872333,73.922667,26-03-2004 21:45,Sea-Bird SBE 9 Raw Data File,C:\CTDDATA\1487S.DAT,2881.0,2504.0,10.0,200.0
1488.HDR,CMLRE_CTD,cr223,1488,FORV SAGAR SAMPADA,CR223,922,9.981,74.856667,27-03-2004 07:29,Sea-Bird SBE 9 Raw Data File,C:\CTDDATA\1488.HDR,2881.0,2504.0,,
1488AUP.HDR,CMLRE_CTD,cr223,1488,FORV SAGAR SAMPADA,CR223,922,9.981,74.856667,27-03-2004 08:01,Sea-Bird SBE 9 Raw Data File,C:\CTDDATA\1488AUP.DAT,2881.0,2504.0,10.0,432.0
1488B.HDR,CMLRE_CTD,cr223,1488B,FORV SAGAR SAMPADA,CR223,2300,9.981,74.856667,27-03-2004 11:30,Sea-Bird SBE 9 Raw Data File,C:\CTDDATA\1488B.DAT,2881.0,2504.0,10.0,997.0
1488BUP.HDR,CMLRE_CTD,cr223,1488B,FORV SAGAR SAMPADA,CR223,2300,9.981,74.856667,27-03-2004 11:51,Sea-Bird SBE 9 Raw Data File,C:\CTDDATA\1488BUP.HDR,2881.0,2504.0,,
1488D.HDR,CMLRE_CTD,cr223,1488C,FORV SAGAR SAMPADA,CR223,2300,9.981,74.856667,27-03-2004 16:03,Sea-Bird SBE 9 Raw Data File,C:\CTDDATA\1488D.DAT,2881.0,2504.0,10.0,996.0
1488M.HDR,CMLRE_CTD,cr223,1488M,FORV SAGAR SAMPADA,CR223,922,9.981,74.856667,27-03-2004 08:34,Sea-Bird SBE 9 Raw Data File,C:\CTDDATA\1488M.DAT,2881.0,2504.0,10.0,383.0
1488PP.HDR,CMLRE_CTD,cr223,1488pp,FORV SAGAR SAMPADA,CR223,922,9.981,74.856667,27-03-2004 05:54,Sea-Bird SBE 9 Raw Data File,C:\CTDDATA\1488PP.DAT,2881.0,2504.0,9.0,121.0
1488S.HDR,CMLRE_CTD,cr223,1488B,FORV SAGAR SAMPADA,CR223,2300,9.981,74.856667,27-03-2004 13:08,Sea-Bird SBE 9 Raw Data File,C:\CTDDATA\1488S.DAT,2881.0,2504.0,10.0,400.0
1489.HDR,CMLRE_CTD,cr223,1489,FORV SAGAR SAMPADA,CR223,1700,10.014667,75.24,27-03-2004 21:46,Sea-Bird SBE 9 Raw Data File,C:\CTDDATA\1489.DAT,2881.0,2504.0,10.0,1001.0
1489M.HDR,CMLRE_CTD,cr223,1489,FORV SAGAR SAMPADA,CR223,1400,10.764667,75.078333,28-03-2004 07:41,Sea-Bird SBE 9 Raw Data File,C:\CTDDATA\1489M.HDR,2881.0,2504.0,,
1490A.HDR,CMLRE_CTD,cr223,1490A,FORV SAGAR SAMPADA,CR223,1300M,10.791111,75.077,28-03-2004 08:30,Sea-Bird SBE 9 Raw Data File,C:\CTDDATA\1490A.DAT,2881.0,2504.0,10.0,1005.0
1490B.HDR,CMLRE_CTD,cr223,1490B,FORV SAGAR SAMPADA,CR223,1300M,10.791111,75.077,28-03-2004 11:37,Sea-Bird SBE 9 Raw Data File,C:\CTDDATA\1490B.DAT,2881.0,2504.0,10.0,1000.0
1490C.HDR,CMLRE_CTD,cr223,1490c,FORV SAGAR SAMPADA,CR223,1300M,10.791111,75.077,28-03-2004 16:33,Sea-Bird SBE 9 Raw Data File,C:\CTDDATA\1490C.DAT,2881.0,2504.0,10.0,999.0
1490PP.HDR,CMLRE_CTD,cr223,1489,FORV SAGAR SAMPADA,CR223,1400,10.764667,75.078333,28-03-2004 06:25,Sea-Bird SBE 9 Raw Data File,C:\CTDDATA\1490PP.HDR,2881.0,2504.0,,
1490S.HDR,CMLRE_CTD,cr223,1490s,FORV SAGAR SAMPADA,CR223,1300M,10.791111,75.077,28-03-2004 13:05,Sea-Bird SBE 9 Raw Data File,C:\CTDDATA\1490S.DAT,2881.0,2504.0,10.0,203.0
1491.HDR,CMLRE_CTD,cr223,1491,FORV SAGAR SAMPADA,CR223,1365 m,11.179444,73.9985,29-03-2004 05:24,Sea-Bird SBE 9 Raw Data File,C:\CTDDATA\1491.DAT,2881.0,2504.0,10.0,1000.0
1491S.HDR,CMLRE_CTD,cr223,1491S,FORV SAGAR SAMPADA,CR223,1365 m,11.179444,73.9985,29-03-2004 06:57,Sea-Bird SBE 9 Raw Data File,C:\CTDDATA\1491S.DAT,2881.0,2504.0,10.0,199.0
1492.HDR,CMLRE_CTD,cr223,1492,FORV SAGAR SAMPADA,CR223,1700,11.249667,72.992833,29-03-2004 15:54,Sea-Bird SBE 9 Raw Data File,C:\CTDDATA\1492.DAT,2881.0,2504.0,10.0,1005.0
1492S.HDR,CMLRE_CTD,cr223,1492S,FORV SAGAR SAMPADA,CR223,1700,11.249667,72.992833,29-03-2004 17:21,Sea-Bird SBE 9 Raw Data File,C:\CTDDATA\1492S.HDR,2881.0,2504.0,,
1493A.HDR,CMLRE_CTD,cr223,1493M,FORV SAGAR SAMPADA,CR223,1700,11.226,71.293,30-03-2004 08:51,Sea-Bird SBE 9 Raw Data File,C:\CTDDATA\1493A.DAT,2881.0,2504.0,12.0,1003.0
1493B.HDR,CMLRE_CTD,cr223,1493b,FORV SAGAR SAMPADA,CR223,1300 M,11.226,71.293,30-03-2004 11:33,Sea-Bird SBE 9 Raw Data File,C:\CTDDATA\1493B.DAT,2881.0,2504.0,12.0,1000.0
1493C.HDR,CMLRE_CTD,cr223,1493c,FORV SAGAR SAMPADA,CR223,1300 M,11.226,71.293,30-03-2004 16:23,Sea-Bird SBE 9 Raw Data File,C:\CTDDATA\1493C.DAT,2881.0,2504.0,12.0,1000.0
1493MI.HDR,CMLRE_CTD,cr223,1493mi,FORV SAGAR SAMPADA,CR223,1700,11.226,71.355333,30-03-2004 07:57,Sea-Bird SBE 9 Raw Data File,C:\CTDDATA\1493MI.DAT,2881.0,2504.0,12.0,201.0
1493PP.HDR,CMLRE_CTD,cr223,1493pp,FORV SAGAR SAMPADA,CR223,1700,11.226,71.355333,30-03-2004 06:28,Sea-Bird SBE 9 Raw Data File,C:\CTDDATA\1493PP.DAT,2881.0,2504.0,12.0,120.0
1493S.HDR,CMLRE_CTD,cr223,1493SONY,FORV SAGAR SAMPADA,CR223,1300 M,11.226,71.293,30-03-2004 13:00,Sea-Bird SBE 9 Raw Data File,C:\CTDDATA\1493S.DAT,2881.0,2504.0,12.0,200.0
1494.HDR,CMLRE_CTD,cr223,1494,FORV SAGAR SAMPADA,CR223,1500 M,11.316667,71.998333,31-03-2004 00:36,Sea-Bird SBE 9 Raw Data File,C:\CTDDATA\1494.DAT,2881.0,2504.0,12.0,999.0
1494S.HDR,CMLRE_CTD,cr223,1494S,FORV SAGAR SAMPADA,CR223,1500 M,11.316667,71.998333,31-03-2004 02:12,Sea-Bird SBE 9 Raw Data File,C:\CTDDATA\1494S.DAT,2881.0,2504.0,12.0,200.0
1495A.HDR,CMLRE_CTD,cr223,1495A,FORV SAGAR SAMPADA,CR223,216,13.0,74.0,01-04-2004 07:57,Sea-Bird SBE 9 Raw Data File,C:\CTDDATA\1495A.DAT,2881.0,2504.0,12.0,199.0
1495B.HDR,CMLRE_CTD,cr223,1495B,FORV SAGAR SAMPADA,CR223,216,13.0,74.0,01-04-2004 11:30,Sea-Bird SBE 9 Raw Data File,C:\CTDDATA\1495B.DAT,2881.0,2504.0,12.0,602.0
1495C.HDR,CMLRE_CTD,cr223,1495c,FORV SAGAR SAMPADA,CR223,650M,13.0,73.788833,01-04-2004 16:56,Sea-Bird SBE 9 Raw Data File,C:\CTDDATA\1495C.DAT,2881.0,2504.0,12.0,648.0
1495MI.HDR,CMLRE_CTD,cr223,1495mi,FORV SAGAR SAMPADA,CR223,216,13.0,74.0,01-04-2004 07:02,Sea-Bird SBE 9 Raw Data File,C:\CTDDATA\1495MI.DAT,2881.0,2504.0,12.0,201.0
1495PP.HDR,CMLRE_CTD,cr223,1495pp,FORV SAGAR SAMPADA,CR223,1500 M,13.0,74.0,01-04-2004 05:07,Sea-Bird SBE 9 Raw Data File,C:\CTDDATA\1495PP.HDR,2881.0,2504.0,,
1495S.HDR,CMLRE_CTD,cr223,1495S,FORV SAGAR SAMPADA,CR223,650M,13.0,74.0,01-04-2004 12:30,Sea-Bird SBE 9 Raw Data File,C:\CTDDATA\1495S.DAT,2881.0,2504.0,12.0,200.0
1496.HDR,CMLRE_CTD,cr223,1496,FORV SAGAR SAMPADA,CR223,1950M,13.0,72.998167,02-04-2004 00:57,Sea-Bird SBE 9 Raw Data File,C:\CTDDATA\1496.DAT,2881.0,2504.0,12.0,1002.0
1496S.HDR,CMLRE_CTD,cr223,1496,FORV SAGAR SAMPADA,CR223,1950M,13.0,72.998167,02-04-2004 02:29,Sea-Bird SBE 9 Raw Data File,C:\CTDDATA\1496S.DAT,2881.0,2504.0,12.0,199.0
1497.HDR,CMLRE_CTD,cr223,1497,FORV SAGAR SAMPADA,CR223,1000M,13.0,72.0175,02-04-2004 10:37,Sea-Bird SBE 9 Raw Data File,C:\CTDDATA\1497.DAT,2881.0,2504.0,12.0,802.0
1497S.HDR,CMLRE_CTD,cr223,1497s,FORV SAGAR SAMPADA,CR223,1000M,13.0,72.0175,02-04-2004 11:53,Sea-Bird SBE 9 Raw Data File,C:\CTDDATA\1497S.DAT,2881.0,2504.0,12.0,199.0
1498.HDR,CMLRE_CTD,cr223,1498,FORV SAGAR SAMPADA,CR223,1000M,13.0,71.0,02-04-2004 19:56,Sea-Bird SBE 9 Raw Data File,C:\CTDDATA\1498.DAT,2881.0,2504.0,12.0,1000.0
1499A.HDR,CMLRE_CTD,cr223,1499a,FORV SAGAR SAMPADA,CR223,4234,13.0,70.015,03-04-2004 07:28,Sea-Bird SBE 9 Raw Data File,C:\CTDDATA\1499A.DAT,2881.0,2504.0,22.0,1009.0
1499B.HDR,CMLRE_CTD,cr223,1499B,FORV SAGAR SAMPADA,CR223,4234,13.0,70.015,03-04-2004 11:03,Sea-Bird SBE 9 Raw Data File,C:\CTDDATA\1499B.DAT,2881.0,2504.0,19.0,2407.0
1499C.HDR,CMLRE_CTD,cr223,1499c,FORV SAGAR SAMPADA,CR223,4234,12.733333,77.983333,03-04-2004 16:40,Sea-Bird SBE 9 Raw Data File,C:\CTDDATA\1499C.DAT,2881.0,2504.0,19.0,1006.0
1499S.HDR,CMLRE_CTD,cr223,1499s,FORV SAGAR SAMPADA,CR223,4234,13.0,70.015,03-04-2004 14:23,Sea-Bird SBE 9 Raw Data File,C:\CTDDATA\1499S.DAT,2881.0,2504.0,19.0,202.0
1500A.HDR,CMLRE_CTD,cr223,1500,FORV SAGAR SAMPADA,CR223,3440M,15.002,69.998833,05-04-2004 07:01,Sea-Bird SBE 9 Raw Data File,C:\CTDDATA\1500.DAT,2881.0,2504.0,19.0,1010.0
1500B.HDR,CMLRE_CTD,cr223,1500B,FORV SAGAR SAMPADA,CR223,3440M,15.002,69.998833,05-04-2004 11:58,Sea-Bird SBE 9 Raw Data File,C:\CTDDATA\1500B.DAT,2881.0,2504.0,19.0,1009.0
1500M.HDR,CMLRE_CTD,cr223,1500pp,FORV SAGAR SAMPADA,CR223,3440M,15.002,69.998833,05-04-2004 05:54,Sea-Bird SBE 9 Raw Data File,C:\CTDDATA\1500M.DAT,2881.0,2504.0,19.0,200.0
1500PP.HDR,CMLRE_CTD,cr223,1500pp,FORV SAGAR SAMPADA,CR223,3440M,15.002,69.998833,05-04-2004 05:25,Sea-Bird SBE 9 Raw Data File,C:\CTDDATA\1500PP.DAT,2881.0,2504.0,19.0,119.0
1500s.HDR,CMLRE_CTD,cr223,1055,FORV SAGAR SAMPADA,223,,7.999167,76.4995,05-04-2004 12:23,Sea-Bird SBE 9 Raw Data File,C:\CTDDATA\1500s.HDR,2881.0,2504.0,,
1501.HDR,CMLRE_CTD,cr223,1501,FORV SAGAR SAMPADA,223,,14.983333,70.983333,06-04-2004 03:03,Sea-Bird SBE 9 Raw Data File,C:\CTDDATA\1501.dat,2881.0,2504.0,19.0,1000.0
1501s.HDR,CMLRE_CTD,cr223,1501s,FORV SAGAR SAMPADA,223,,14.999833,71.003167,06-04-2004 04:32,Sea-Bird SBE 9 Raw Data File,C:\CTDDATA\1501s.dat,2881.0,2504.0,19.0,200.0
1502.HDR,CMLRE_CTD,cr223,1502,FORV SAGAR SAMPADA,223,,15.0,72.0,06-04-2004 12:44,Sea-Bird SBE 9 Raw Data File,C:\CTDDATA\1502.dat,2881.0,2504.0,22.0,1010.0
1503A.HDR,CMLRE_CTD,cr223,1503m,FORV SAGAR SAMPADA,223,,15.0,72.964667,07-04-2004 05:49,Sea-Bird SBE 9 Raw Data File,C:\CTDDATA\1503m.dat,2881.0,2504.0,22.0,199.0
1503B.HDR,CMLRE_CTD,cr223,1503B,FORV SAGAR SAMPADA,223,,15.0,73.0,07-04-2004 11:53,Sea-Bird SBE 9 Raw Data File,C:\CTDDATA\1503B.dat,2881.0,2504.0,19.0,7.0
1503S.HDR,CMLRE_CTD,cr223,1503B,FORV SAGAR SAMPADA,223,,15.0,73.0,07-04-2004 11:54,Sea-Bird SBE 9 Raw Data File,C:\CTDDATA\1503 A.dat,2881.0,2504.0,19.0,148.0
1504.HDR,CMLRE_CTD,cr223,1504,FORV SAGAR SAMPADA,CR223,150m,14.983333,73.083333,07-04-2004 22:10,Sea-Bird SBE 9 Raw Data File,C:\CTDDATA\1504.DAT,2881.0,2504.0,19.0,47.0
TEST.HDR,CMLRE_CTD,cr223,1062b,FORV SAGAR SAMPADA,CR199,1835,10.004444,95.002778,19-03-2004 19:39,Sea-Bird SBE 9 Raw Data File,C:\CTDDATA\TEST.HDR,2881.0,2504.0,,
test1.HDR,CMLRE_CTD,cr223,1055,FORV SAGAR SAMPADA,223,,7.999167,76.4995,19-03-2004 21:30,Sea-Bird SBE 9 Raw Data File,C:\CTDDATA\test1.HDR,2881.0,2504.0,,
TEST2.HDR,CMLRE_CTD,cr223,,FORV SAGAR SAMPADA,CR199 223,,,,19-03-2004 20:14,Sea-Bird SBE 9 Raw Data File,C:\CTDDATA\TEST2.HDR,2881.0,2504.0,,
1505.HDR,CMLRE_CTD,cr224,1505,FORV SAGAR SAMPADA,223,,16.983333,69.033333,13-04-2004 11:19,Sea-Bird SBE 9 Raw Data File,C:\CTDDATA\1505.dat,2881.0,2504.0,20.0,1996.0
1506a.HDR,CMLRE_CTD,cr224,1506a,FORV SAGAR SAMPADA,223,,17.0,69.985167,13-04-2004 22:39,Sea-Bird SBE 9 Raw Data File,C:\CTDDATA\1506a.dat,2881.0,2504.0,20.0,2000.0
1506B.HDR,CMLRE_CTD,cr224,1506b,FORV SAGAR SAMPADA,CR224,3540,17.0,70.0,14-04-2004 07:23,Sea-Bird SBE 9 Raw Data File,C:\CTDDATA\1506B.DAT,2881.0,2504.0,20.0,1001.0
1506D.HDR,CMLRE_CTD,cr224,1506cup,FORV SAGAR SAMPADA,CR224,3540,16.866667,70.054333,14-04-2004 16:23,Sea-Bird SBE 9 Raw Data File,C:\CTDDATA\1506D.DAT,2881.0,2504.0,20.0,1006.0
1507.HDR,CMLRE_CTD,cr224,1507,FORV SAGAR SAMPADA,CR224,2432,17.0,71.0,15-04-2004 03:55,Sea-Bird SBE 9 Raw Data File,C:\CTDDATA\1507.DAT,2881.0,2504.0,20.0,999.0
1511.HDR,CMLRE_CTD,cr224,1511,FORV SAGAR SAMPADA,CR224,78,19.0,71.0,17-04-2004 17:54,Sea-Bird SBE 9 Raw Data File,C:\CTDDATA\1511.DAT,2881.0,2504.0,20.0,70.0
1512T.HDR,CMLRE_CTD,cr224,1512b,FORV SAGAR SAMPADA,CR224,200,19.0,70.013583,20-04-2004 11:59,Sea-Bird SBE 9 Raw Data File,C:\CTDDATA\1512T.DAT,2881.0,2504.0,20.0,399.0
1441.dat,CMLRE_CTD,cr225,,FORV SAGAR SAMPADA,CR225,>1000,13.181167,80.76,21-05-2004 07:23,Sea-Bird SBE 9 Raw Data File,C:\CTDDATA\GRAB59.DAT,2881.0,2504.0,,
1442.dat,CMLRE_CTD,cr225,,FORV SAGAR SAMPADA,CR225,485m,13.138167,80.702167,21-05-2004 13:57,Sea-Bird SBE 9 Raw Data File,C:\CTDDATA\GRAB58.DAT,2881.0,2504.0,,
1443.dat,CMLRE_CTD,cr225,,FORV SAGAR SAMPADA,CR225,190m,13.143167,80.587,21-05-2004 20:21,Sea-Bird SBE 9 Raw Data File,C:\CTDDATA\GRAB57.DAT,2881.0,2504.0,,
1444.dat,CMLRE_CTD,cr225,,FORV SAGAR SAMPADA,CR225,246m,14.200333,80.412,22-05-2004 08:21,Sea-Bird SBE 9 Raw Data File,C:\CTDDATA\GRAB60.DAT,2881.0,2504.0,,
1445.dat,CMLRE_CTD,cr225,,FORV SAGAR SAMPADA,CR225,710m,14.204833,80.452333,22-05-2004 11:29,Sea-Bird SBE 9 Raw Data File,C:\CTDDATA\GRAB61.DAT,2881.0,2504.0,,
1523.dat,CMLRE_CTD,cr225,,FORV SAGAR SAMPADA,CR225,,8.967222,75.436167,12-05-2004 12:09,Sea-Bird SBE 9 Raw Data File,C:\CTDDATA\GRAB8.DAT,2881.0,2504.0,,
1524.dat,CMLRE_CTD,cr225,grab7,FORV SAGAR SAMPADA,223,,8.940833,75.416667,12-05-2004 17:49,Sea-Bird SBE 9 Raw Data File,C:\CTDDATA\grab7.dat,2881.0,2504.0,,
1525.dat,CMLRE_CTD,cr225,grab6,FORV SAGAR SAMPADA,223,,8.998333,75.925556,12-05-2004 23:52,Sea-Bird SBE 9 Raw Data File,C:\CTDDATA\grab6.dat,2881.0,2504.0,,
1526.dat,CMLRE_CTD,cr225,,FORV SAGAR SAMPADA,CR225,,,,13-05-2004 14:26,Sea-Bird SBE 9 Raw Data File,C:\CTDDATA\GRAB5.DAT,2881.0,2504.0,,
1527.dat,CMLRE_CTD,cr225,,FORV SAGAR SAMPADA,CR225,,,,13-05-2004 20:30,Sea-Bird SBE 9 Raw Data File,C:\CTDDATA\GRAB4.DAT,2881.0,2504.0,,
1528.dat,CMLRE_CTD,cr225,,FORV SAGAR SAMPADA,CR225,,,,13-05-2004 23:41,Sea-Bird SBE 9 Raw Data File,C:\CTDDATA\GRAB3.DAT,2881.0,2504.0,,
1529.dat,CMLRE_CTD,cr225,,FORV SAGAR SAMPADA,CR225,,,,14-05-2004 10:53,Sea-Bird SBE 9 Raw Data File,C:\CTDDATA\GRAB2.DAT,2881.0,2504.0,,
1530.dat,CMLRE_CTD,cr225,,FORV SAGAR SAMPADA,CR225,,,,14-05-2004 15:12,Sea-Bird SBE 9 Raw Data File,C:\CTDDATA\GRAB1.DAT,2881.0,2504.0,,
1531.dat,CMLRE_CTD,cr225,,FORV SAGAR SAMPADA,CR225,,,,14-05-2004 19:47,Sea-Bird SBE 9 Raw Data File,C:\CTDDATA\GRAB0.DAT,2881.0,2504.0,,
1532.dat,CMLRE_CTD,cr225,,FORV SAGAR SAMPADA,CR225,,,,18-05-2004 10:23,Sea-Bird SBE 9 Raw Data File,C:\CTDDATA\GRAB50.DAT,2881.0,2504.0,,
1533.dat,CMLRE_CTD,cr225,,FORV SAGAR SAMPADA,CR225,,,,19-05-2004 01:12,Sea-Bird SBE 9 Raw Data File,C:\CTDDATA\GRAB49.DAT,2881.0,2504.0,,
1534.dat,CMLRE_CTD,cr225,,FORV SAGAR SAMPADA,CR225,,10.597167,,19-05-2004 06:28,Sea-Bird SBE 9 Raw Data File,C:\CTDDATA\GRAB48.DAT,2881.0,2504.0,,
1535.dat,CMLRE_CTD,cr225,,FORV SAGAR SAMPADA,CR225,,,,19-05-2004 16:57,Sea-Bird SBE 9 Raw Data File,C:\CTDDATA\GRAB47.DAT,2881.0,2504.0,,
1536.dat,CMLRE_CTD,cr225,,FORV SAGAR SAMPADA,CR225,,,,19-05-2004 20:09,Sea-Bird SBE 9 Raw Data File,C:\CTDDATA\GRAB52.DAT,2881.0,2504.0,,
1537.dat,CMLRE_CTD,cr225,,FORV SAGAR SAMPADA,CR225,,,,20-05-2004 02:26,Sea-Bird SBE 9 Raw Data File,C:\CTDDATA\GRAB53.DAT,2881.0,2504.0,,
1538.dat,CMLRE_CTD,cr225,,FORV SAGAR SAMPADA,CR225,,,,20-05-2004 10:59,Sea-Bird SBE 9 Raw Data File,C:\CTDDATA\GRAB54.DAT,2881.0,2504.0,,
1539.dat,CMLRE_CTD,cr225,,FORV SAGAR SAMPADA,CR225,,,,20-05-2004 16:10,Sea-Bird SBE 9 Raw Data File,C:\CTDDATA\GRAB55.DAT,2881.0,2504.0,,
1540.dat,CMLRE_CTD,cr225,,FORV SAGAR SAMPADA,CR225,>950,12.365833,80.634167,20-05-2004 20:47,Sea-Bird SBE 9 Raw Data File,C:\CTDDATA\GRAB56.DAT,2881.0,2504.0,,
1546.dat,CMLRE_CTD,cr225,,FORV SAGAR SAMPADA,CR225,>1200,14.166667,80.4825,22-05-2004 17:02,Sea-Bird SBE 9 Raw Data File,C:\CTDDATA\GRAB62.DAT,2881.0,2504.0,,
1547.dat,CMLRE_CTD,cr225,,FORV SAGAR SAMPADA,CR225,990,19.998167,87.448,26-05-2004 09:19,Sea-Bird SBE 9 Raw Data File,C:\CTDDATA\GRAB83.DAT,2881.0,2504.0,,
1548.dat,CMLRE_CTD,cr225,,FORV SAGAR SAMPADA,CR225,491,20.0595,87.198833,26-05-2004 17:12,Sea-Bird SBE 9 Raw Data File,C:\CTDDATA\GRAB82.DAT,2881.0,2504.0,,
1549.dat,CMLRE_CTD,cr225,,FORV SAGAR SAMPADA,CR225,273,20.088167,87.183,26-05-2004 19:47,Sea-Bird SBE 9 Raw Data File,C:\CTDDATA\GRAB81.DAT,2881.0,2504.0,,
1550.dat,CMLRE_CTD,cr225,,FORV SAGAR SAMPADA,CR225,1300m,19.082833,85.6965,27-05-2004 11:23,Sea-Bird SBE 9 Raw Data File,C:\CTDDATA\GRAB77.DAT,2881.0,2504.0,,
1551.dat,CMLRE_CTD,cr225,,FORV SAGAR SAMPADA,CR225,510m,19.084667,85.547333,27-05-2004 18:57,Sea-Bird SBE 9 Raw Data File,C:\CTDDATA\GRAB76.DAT,2881.0,2504.0,,
1552.dat,CMLRE_CTD,cr225,,FORV SAGAR SAMPADA,CR225,270m,19.052167,85.4515,27-05-2004 22:02,Sea-Bird SBE 9 Raw Data File,C:\CTDDATA\GRAB75.DAT,2881.0,2504.0,,
1553.dat,CMLRE_CTD,cr225,,FORV SAGAR SAMPADA,CR225,900m,18.051333,84.323,28-05-2004 15:10,Sea-Bird SBE 9 Raw Data File,C:\CTDDATA\GRAB74.DAT,2881.0,2504.0,,
1554.dat,CMLRE_CTD,cr225,,FORV SAGAR SAMPADA,CR225,620m,18.020667,84.303333,28-05-2004 18:38,Sea-Bird SBE 9 Raw Data File,C:\CTDDATA\GRAB73.DAT,2881.0,2504.0,,
1555.dat,CMLRE_CTD,cr225,,FORV SAGAR SAMPADA,CR225,220m,18.023333,84.259333,28-05-2004 19:56,Sea-Bird SBE 9 Raw Data File,C:\CTDDATA\GRAB72.DAT,2881.0,2504.0,,
1556.dat,CMLRE_CTD,cr225,,FORV SAGAR SAMPADA,CR225,892m,17.03,83.361944,31-05-2004 06:19,Sea-Bird SBE 9 Raw Data File,C:\CTDDATA\GRAB71.DAT,2881.0,2504.0,,
1557.dat,CMLRE_CTD,cr225,,FORV SAGAR SAMPADA,CR225,498m,17.001667,83.211,31-05-2004 12:24,Sea-Bird SBE 9 Raw Data File,C:\CTDDATA\GRAB70DAT.DAT,2881.0,2504.0,,
1558.dat,CMLRE_CTD,cr225,,FORV SAGAR SAMPADA,CR225,223m,17.003167,83.03,31-05-2004 17:08,Sea-Bird SBE 9 Raw Data File,C:\CTDDATA\GRAB69DAT.DAT,2881.0,2504.0,,
1559.dat,CMLRE_CTD,cr225,,FORV SAGAR SAMPADA,CR225,910m,16.029667,82.053333,01-06-2004 07:51,Sea-Bird SBE 9 Raw Data File,C:\CTDDATA\GRAB68.DAT,2881.0,2504.0,,
1560.dat,CMLRE_CTD,cr225,,FORV SAGAR SAMPADA,CR225,498m,16.080833,81.832333,01-06-2004 15:03,Sea-Bird SBE 9 Raw Data File,C:\CTDDATA\GRAB67.DAT,2881.0,2504.0,,
1561.dat,CMLRE_CTD,cr225,,FORV SAGAR SAMPADA,CR225,217m,16.004667,81.491667,01-06-2004 22:04,Sea-Bird SBE 9 Raw Data File,C:\CTDDATA\GRAB66.DAT,2881.0,2504.0,,
1562.dat,CMLRE_CTD,cr225,,FORV SAGAR SAMPADA,CR225,272m,15.256167,80.530667,02-06-2004 11:27,Sea-Bird SBE 9 Raw Data File,C:\CTDDATA\GRAB63.DAT,2881.0,2504.0,,
1563.dat,CMLRE_CTD,cr225,,FORV SAGAR SAMPADA,CR225,560m,15.2525,80.5585,02-06-2004 13:46,Sea-Bird SBE 9 Raw Data File,C:\CTDDATA\GRAB64.DAT,2881.0,2504.0,,
1564.dat,CMLRE_CTD,cr225,,FORV SAGAR SAMPADA,CR225,815m,15.2905,80.596833,02-06-2004 18:26,Sea-Bird SBE 9 Raw Data File,C:\CTDDATA\GRAB65.DAT,2881.0,2504.0,,
1523.HDR,CMLRE_CTD,cr226,1523,,226,,11.5,93.017,11-06-2004 15:50,Sea-Bird SBE 9 Data File,C:\CTDDATA\1523.dat,2881.0,2504.0,8.0,976.0
1524.HDR,CMLRE_CTD,cr226,1524,,226,,11.9985,93.333,11-06-2004 23:20,Sea-Bird SBE 9 Data File,C:\CTDDATA\1524.dat,2881.0,2504.0,8.0,995.0
1525.HDR,CMLRE_CTD,cr226,1525,,226,,12.5,93.333333,12-06-2004 07:19,Sea-Bird SBE 9 Data File,C:\CTDDATA\1525.dat,2881.0,2504.0,8.0,601.0
1526.HDR,CMLRE_CTD,cr226,1526,,226,,12.5,93.583333,12-06-2004 14:21,Sea-Bird SBE 9 Data File,C:\CTDDATA\1526.dat,2881.0,2504.0,8.0,998.0
1527.HDR,CMLRE_CTD,cr226,1527,,226,,12.5005,94.008,12-06-2004 20:03,Sea-Bird SBE 9 Data File,C:\CTDDATA\1527.dat,2881.0,2504.0,8.0,992.0
1528.HDR,CMLRE_CTD,cr226,1528,,226,,13.006,93.330167,13-06-2004 06:51,Sea-Bird SBE 9 Data File,C:\CTDDATA\1528.dat,2881.0,2504.0,8.0,598.0
1529.HDR,CMLRE_CTD,cr226,1529,,226,,13.006167,93.584167,13-06-2004 11:30,Sea-Bird SBE 9 Data File,C:\CTDDATA\1529.dat,2881.0,2504.0,8.0,998.0
1530.HDR,CMLRE_CTD,cr226,1530,,226,,13.755,95.008333,14-06-2004 03:23,Sea-Bird SBE 9 Data File,C:\CTDDATA\1530.dat,2881.0,2504.0,8.0,500.0
1531.HDR,CMLRE_CTD,cr226,1531,,226,,13.7465,93.988833,14-06-2004 15:55,Sea-Bird SBE 9 Data File,C:\CTDDATA\1531.dat,2881.0,2504.0,8.0,999.0
1532.HDR,CMLRE_CTD,cr226,1532,,226,,13.75,93.0,15-06-2004 04:41,Sea-Bird SBE 9 Data File,C:\CTDDATA\1532.dat,2881.0,2504.0,8.0,17.0
1533.HDR,CMLRE_CTD,cr226,1533,,226,,13.75,93.333333,15-06-2004 10:51,Sea-Bird SBE 9 Data File,C:\CTDDATA\1533.dat,2881.0,2504.0,8.0,168.0
1534.HDR,CMLRE_CTD,cr226,1534,,226,,12.0035,94.995333,16-06-2004 12:38,Sea-Bird SBE 9 Data File,C:\CTDDATA\1534.dat,2881.0,2504.0,8.0,997.0
1535.HDR,CMLRE_CTD,cr226,1535,,226,,12.027333,93.9975,17-06-2004 02:59,Sea-Bird SBE 9 Data File,C:\CTDDATA\1535.dat,2881.0,2504.0,8.0,994.0
1536.HDR,CMLRE_CTD,cr226,1536,,226,,11.495667,94.002667,17-06-2004 16:14,Sea-Bird SBE 9 Data File,C:\CTDDATA\1536.dat,2881.0,2504.0,8.0,997.0
1537.HDR,CMLRE_CTD,cr226,1537,,226,,11.5,93.5,18-06-2004 01:24,Sea-Bird SBE 9 Data File,C:\CTDDATA\1537.dat,2881.0,2504.0,8.0,347.0
1538.HDR,CMLRE_CTD,cr226,1538,,226,,10.0,95.0,19-06-2004 00:59,Sea-Bird SBE 9 Data File,C:\CTDDATA\1538.dat,2881.0,2504.0,8.0,997.0
1539.HDR,CMLRE_CTD,cr226,1539,,226,,10.0,94.0,19-06-2004 18:11,Sea-Bird SBE 9 Data File,C:\CTDDATA\1539.dat,2881.0,2504.0,8.0,997.0
1540.HDR,CMLRE_CTD,cr226,1540,,226,,10.0,93.0,20-06-2004 11:42,Sea-Bird SBE 9 Data File,C:\CTDDATA\1540.dat,2881.0,2504.0,8.0,997.0
1541.HDR,CMLRE_CTD,cr226,1541,,226,,10.0,92.0,21-06-2004 05:45,Sea-Bird SBE 9 Data File,C:\CTDDATA\1541.dat,2881.0,2504.0,8.0,996.0
1542.HDR,CMLRE_CTD,cr226,1542,,226,,7.999333,94.509,26-06-2004 04:55,Sea-Bird SBE 9 Data File,C:\CTDDATA\1542.dat,2881.0,2504.0,8.0,998.0
21.HDR,CMLRE_CTD,cr228,21,,228,,13.523667,73.430333,19-09-2004 16:25,Sea-Bird SBE 9 Data File,C:\CTDDATA\21.dat,2881.0,2504.0,19.0,200.0
22.HDR,CMLRE_CTD,cr228,22,,228,,13.495333,73.415667,19-09-2004 11:47,Sea-Bird SBE 9 Data File,C:\CTDDATA\22.dat,2881.0,2504.0,19.0,499.0
23.HDR,CMLRE_CTD,cr228,23,,228,,13.483333,73.283333,19-09-2004 05:48,Sea-Bird SBE 9 Data File,C:\CTDDATA\23.dat,2881.0,2504.0,19.0,998.0
24.HDR,CMLRE_CTD,cr228,24,,228,,14.536167,73.174667,18-09-2004 18:06,Sea-Bird SBE 9 Data File,C:\CTDDATA\24.dat,2881.0,2504.0,19.0,200.0
25.HDR,CMLRE_CTD,cr228,25,,228,,14.536167,73.114333,18-09-2004 13:18,Sea-Bird SBE 9 Data File,C:\CTDDATA\25.dat,2881.0,2504.0,19.0,501.0
26.HDR,CMLRE_CTD,cr228,26,,228,,14.516667,72.966667,18-09-2004 06:30,Sea-Bird SBE 9 Data File,C:\CTDDATA\26.dat,2881.0,2504.0,19.0,950.0
27.HDR,CMLRE_CTD,cr228,27,,228,,15.428056,72.858833,17-09-2004 18:00,Sea-Bird SBE 9 Data File,C:\CTDDATA\27.dat,2881.0,2504.0,19.0,200.0
28.HDR,CMLRE_CTD,cr228,28,,228,,15.436833,72.776667,17-09-2004 13:58,Sea-Bird SBE 9 Data File,C:\CTDDATA\28.dat,2881.0,2504.0,19.0,499.0
29.HDR,CMLRE_CTD,cr228,29,,228,,15.4275,72.628611,17-09-2004 07:56,Sea-Bird SBE 9 Data File,C:\CTDDATA\29.dat,2881.0,2504.0,19.0,998.0
30.HDR,CMLRE_CTD,cr228,30,,228,,16.129167,72.460667,16-09-2004 13:20,Sea-Bird SBE 9 Data File,C:\CTDDATA\30.dat,2881.0,2504.0,19.0,188.0
31.HDR,CMLRE_CTD,cr228,31,,228,,16.133333,72.4,16-09-2004 17:36,Sea-Bird SBE 9 Data File,C:\CTDDATA\31.dat,2881.0,2504.0,19.0,418.0
32.HDR,CMLRE_CTD,cr228,32,,228,,16.131667,72.331167,16-09-2004 22:45,Sea-Bird SBE 9 Data File,C:\CTDDATA\32.dat,2881.0,2504.0,19.0,874.0
33.HDR,CMLRE_CTD,cr228,33,,228,,17.266667,71.75,16-09-2004 00:03,Sea-Bird SBE 9 Data File,C:\CTDDATA\33.dat,2881.0,2504.0,19.0,199.0
34.HDR,CMLRE_CTD,cr228,34,,288,,17.266667,71.633333,15-09-2004 20:01,Sea-Bird SBE 9 Data File,C:\CTDDATA\34.dat,2881.0,2504.0,19.0,499.0
35.HDR,CMLRE_CTD,cr228,35,,228,,17.233333,71.483333,15-09-2004 12:43,Sea-Bird SBE 9 Data File,C:\CTDDATA\35.dat,2881.0,2504.0,19.0,974.0
36.HDR,CMLRE_CTD,cr228,36,,228,,18.504667,70.457333,11-09-2004 21:41,Sea-Bird SBE 9 Data File,C:\CTDDATA\36.dat,2881.0,2504.0,19.0,196.0
37.HDR,CMLRE_CTD,cr228,37,,228,,18.645556,70.381389,11-09-2004 15:23,Sea-Bird SBE 9 Data File,C:\CTDDATA\37.dat,2881.0,2504.0,19.0,500.0
38.HDR,CMLRE_CTD,cr228,,,,,18.498667,70.279167,11-09-2004 11:25,Sea-Bird SBE 9 Data File,C:\CTDDATA\38.dat,2881.0,2504.0,19.0,849.0
39.HDR,CMLRE_CTD,cr228,39,,228,,19.766167,69.497667,10-09-2004 19:10,Sea-Bird SBE 9 Data File,C:\CTDDATA\39.dat,2881.0,2504.0,19.0,183.0
40.HDR,CMLRE_CTD,cr228,,,,,19.75,69.413333,10-09-2004 13:39,Sea-Bird SBE 9 Data File,C:\CTDDATA\40.dat,2881.0,2504.0,19.0,495.0
41.HDR,CMLRE_CTD,cr228,41,,228,,19.752222,69.3375,10-09-2004 07:37,Sea-Bird SBE 9 Data File,C:\CTDDATA\41.dat,2881.0,2504.0,19.0,796.0
42.HDR,CMLRE_CTD,cr228,42,,228,,20.742222,69.260556,07-09-2004 15:20,Sea-Bird SBE 9 Data File,C:\CTDDATA\42.dat,2881.0,2504.0,19.0,193.0
43.HDR,CMLRE_CTD,cr228,43,,228,,20.735667,69.1825,07-09-2004 19:12,Sea-Bird SBE 9 Data File,C:\CTDDATA\43.dat,2881.0,2504.0,19.0,491.0
44.HDR,CMLRE_CTD,cr228,44,,228,,20.752778,69.0875,09-09-2004 14:04,Sea-Bird SBE 9 Data File,C:\CTDDATA\44.dat,2881.0,2504.0,19.0,797.0
45.HDR,CMLRE_CTD,cr228,45,,228,,21.535,68.006,09-09-2004 00:08,Sea-Bird SBE 9 Data File,C:\CTDDATA\45.dat,2881.0,2504.0,19.0,194.0
46.HDR,CMLRE_CTD,cr228,46,,228,,21.497333,67.804667,08-09-2004 19:11,Sea-Bird SBE 9 Data File,C:\CTDDATA\46.dat,2881.0,2504.0,19.0,449.0
47.HDR,CMLRE_CTD,cr228,47,,228,,21.4975,67.781167,08-09-2004 12:04,Sea-Bird SBE 9 Data File,C:\CTDDATA\47.dat,2881.0,2504.0,19.0,799.0
1543.dat,CMLRE_CTD,cr229,1453,,,,8.327778,76.3,29-09-2004 11:39,Sea-Bird SBE 9 Data File,C:\CTDDATA\1453.dat,2881.0,2504.0,,
1545.dat,CMLRE_CTD,cr229,1454,Sagar Sampada,229,,8.0,75.0,30-09-2004 03:33,Sea-Bird SBE 9 Data File,C:\CTDDATA\1454.dat,2881.0,2504.0,,
1545a.dat,CMLRE_CTD,cr229,,,229,,8.0,75.0,30-09-2004 04:00,Sea-Bird SBE 9 Data File,C:\CTDDATA\1454a.dat,2881.0,2504.0,,
1546.dat,CMLRE_CTD,cr229,1546,,,,7.59,74.0,30-09-2004 15:27,Sea-Bird SBE 9 Data File,C:\CTDDATA\1546.dat,2881.0,2504.0,,
1547.dat,CMLRE_CTD,cr229,1547,,,,8.0,73.0,01-10-2004 04:37,Sea-Bird SBE 9 Data File,C:\CTDDATA\1547.dat,2881.0,2504.0,,
1547a.dat,CMLRE_CTD,cr229,1547a,,,,8.0,73.0,01-10-2004 04:03,Sea-Bird SBE 9 Data File,C:\CTDDATA\1547a.dat,2881.0,2504.0,,
1547b.dat,CMLRE_CTD,cr229,1547b,sagar Sampada,229,,8.0,75.766667,01-10-2004 10:01,Sea-Bird SBE 9 Data File,C:\CTDDATA\1547b.dat,2881.0,2504.0,,
1547c.dat,CMLRE_CTD,cr229,1547c,Forv sagar sapmada,229,,8.019722,73.215278,01-10-2004 15:59,Sea-Bird SBE 9 Data File,C:\CTDDATA\1547c.dat,2881.0,2504.0,,
1548.dat,CMLRE_CTD,cr229,1548,,,,8.0,72.0,02-10-2004 06:58,Sea-Bird SBE 9 Data File,C:\CTDDATA\1548.dat,2881.0,2504.0,,
1549.dat,CMLRE_CTD,cr229,1549,,,,9.9775,69.018333,03-10-2004 18:25,Sea-Bird SBE 9 Data File,C:\CTDDATA\1549.dat,2881.0,2504.0,,
1550.dat,CMLRE_CTD,cr229,1550,Sagar Sampada,229,,9.983333,70.0,04-10-2004 04:41,Sea-Bird SBE 9 Data File,C:\CTDDATA\1550.dat,2881.0,2504.0,,
1550a.dat,CMLRE_CTD,cr229,1550a,,,,10.0,70.03,04-10-2004 05:10,Sea-Bird SBE 9 Data File,C:\CTDDATA\1550a.dat,2881.0,2504.0,,
1550b.dat,CMLRE_CTD,cr229,1550b,,,,9.967778,70.098889,04-10-2004 10:01,Sea-Bird SBE 9 Data File,C:\CTDDATA\1550b.dat,2881.0,2504.0,,
1550c.dat,CMLRE_CTD,cr229,1550c,,,,9.919722,70.210278,04-10-2004 16:03,Sea-Bird SBE 9 Data File,C:\CTDDATA\1550c.dat,2881.0,2504.0,,
1551.dat,CMLRE_CTD,cr229,1551,,,,10.006944,71.002778,05-10-2004 02:13,Sea-Bird SBE 9 Data File,C:\CTDDATA\1551.dat,2881.0,2504.0,,
1552.dat,CMLRE_CTD,cr229,1552,Sagar Sampada,229,,9.983333,72.0,05-10-2004 12:28,Sea-Bird SBE 9 Data File,C:\CTDDATA\1552.dat,2881.0,2504.0,,
1553.dat,CMLRE_CTD,cr229,1553,,,,10.006333,72.983333,05-10-2004 22:46,Sea-Bird SBE 9 Data File,C:\CTDDATA\1553.dat,2881.0,2504.0,,
1554.dat,CMLRE_CTD,cr229,1554,,,,10.000278,74.008611,06-10-2004 09:50,Sea-Bird SBE 9 Data File,C:\CTDDATA\1554.dat,2881.0,2504.0,,
1555.dat,CMLRE_CTD,cr229,1555,,229,,10.0,75.0,06-10-2004 20:05,Sea-Bird SBE 9 Data File,C:\CTDDATA\1555.dat,2881.0,2504.0,,
1556.dat,CMLRE_CTD,cr229,1556,,,,9.993611,75.33,07-10-2004 05:16,Sea-Bird SBE 9 Data File,C:\CTDDATA\1556.dat,2881.0,2504.0,,
1556pp.dat,CMLRE_CTD,cr229,1556pp,,,,10.0,75.32,07-10-2004 04:14,Sea-Bird SBE 9 Data File,C:\CTDDATA\1556pp.dat,2881.0,2504.0,,
1557.dat,CMLRE_CTD,cr229,1557,,,,12.969444,73.932222,09-10-2004 01:54,Sea-Bird SBE 9 Data File,C:\CTDDATA\1557.dat,2881.0,2504.0,,
1558.dat,CMLRE_CTD,cr229,1558,,,,13.004167,73.004167,09-10-2004 11:21,Sea-Bird SBE 9 Data File,C:\CTDDATA\1558.dat,2881.0,2504.0,,
1559.dat,CMLRE_CTD,cr229,1559,,229,1500i,13.0,71.866667,09-10-2004 23:14,Sea-Bird SBE 9 Data File,C:\CTDDATA\1559.dat,2881.0,2504.0,,
1560A.dat,CMLRE_CTD,cr229,1560A,,,,12.59,71.18,10-10-2004 05:52,Sea-Bird SBE 9 Data File,C:\CTDDATA\1560A.dat,2881.0,2504.0,,
1560b.dat,CMLRE_CTD,cr229,1560b,,,,13.067,71.315833,10-10-2004 10:30,Sea-Bird SBE 9 Data File,C:\CTDDATA\1560b.dat,2881.0,2504.0,,
1560c.dat,CMLRE_CTD,cr229,1560c,,,,13.001944,71.333333,10-10-2004 16:07,Sea-Bird SBE 9 Data File,C:\CTDDATA\1560c.dat,2881.0,2504.0,,
1560micro.dat,CMLRE_CTD,cr229,1560micro,,,,13.016111,71.314722,10-10-2004 09:36,Sea-Bird SBE 9 Data File,C:\CTDDATA\1560micro.dat,2881.0,2504.0,,
1560pp.dat,CMLRE_CTD,cr229,1560pp,,,,13.008056,71.323333,10-10-2004 05:18,Sea-Bird SBE 9 Data File,C:\CTDDATA\1560pp.dat,2881.0,2504.0,,
1561.dat,CMLRE_CTD,cr229,1561,,,,13.0,69.59,11-10-2004 06:40,Sea-Bird SBE 9 Data File,C:\CTDDATA\1561.dat,2881.0,2504.0,,
1562.dat,CMLRE_CTD,cr229,1562,,229,,11.483333,71.003889,11-10-2004 22:08,Sea-Bird SBE 9 Data File,C:\CTDDATA\1562.dat,2881.0,2504.0,,
1563.dat,CMLRE_CTD,cr229,1563,,,,11.483333,71.7,12-10-2004 06:11,Sea-Bird SBE 9 Data File,C:\CTDDATA\1563.dat,2881.0,2504.0,,
1563b.dat,CMLRE_CTD,cr229,1563b,,,,11.464167,71.754167,12-10-2004 10:08,Sea-Bird SBE 9 Data File,C:\CTDDATA\1563b.dat,2881.0,2504.0,,
1563c.dat,CMLRE_CTD,cr229,1563c,,,,11.22,71.45,12-10-2004 16:01,Sea-Bird SBE 9 Data File,C:\CTDDATA\1563c.dat,2881.0,2504.0,,
1563micro.dat,CMLRE_CTD,cr229,1563micro,,,,11.471111,71.748889,12-10-2004 09:40,Sea-Bird SBE 9 Data File,C:\CTDDATA\1563micro.dat,2881.0,2504.0,,
1563pp.dat,CMLRE_CTD,cr229,1563pp,,229,,11.483333,71.7,12-10-2004 05:20,Sea-Bird SBE 9 Data File,C:\CTDDATA\1563pp.dat,2881.0,2504.0,,
1564.dat,CMLRE_CTD,cr229,1564,,,,11.451944,73.071667,13-10-2004 06:41,Sea-Bird SBE 9 Data File,C:\CTDDATA\1564.dat,2881.0,2504.0,,
1565.dat,CMLRE_CTD,cr229,1565,,,,11.512778,74.003333,13-10-2004 16:35,Sea-Bird SBE 9 Data File,C:\CTDDATA\1565.dat,2881.0,2504.0,,
1566a.dat,CMLRE_CTD,cr229,1566a,,,,11.0375,74.966667,14-10-2004 06:51,Sea-Bird SBE 9 Data File,C:\CTDDATA\1566a.dat,2881.0,2504.0,,
1566b.dat,CMLRE_CTD,cr229,1566b,Sagar Sampada,229,,11.016667,74.966667,14-10-2004 10:12,Sea-Bird SBE 9 Data File,C:\CTDDATA\1566b.dat,2881.0,2504.0,,
1566c.dat,CMLRE_CTD,cr229,,,229,,10.9,75.175556,14-10-2004 16:03,Sea-Bird SBE 9 Data File,C:\CTDDATA\1566c.dat,2881.0,2504.0,,
1566micro.dat,CMLRE_CTD,cr229,1566micro,,,,11.045833,74.984722,14-10-2004 09:38,Sea-Bird SBE 9 Data File,C:\CTDDATA\1566micro.dat,2881.0,2504.0,,
1566pp.dat,CMLRE_CTD,cr229,1566pp,,,,11.82,75.713333,14-10-2004 05:18,Sea-Bird SBE 9 Data File,C:\CTDDATA\1566pp.dat,2881.0,2504.0,,
229app.dat,CMLRE_CTD,cr229,229a,,,,8.587222,76.574444,29-09-2004 05:21,Sea-Bird SBE 9 Data File,C:\CTDDATA\229app.dat,2881.0,2504.0,,
229pp.dat,CMLRE_CTD,cr229,229pp,,,,8.587222,76.59,29-09-2004 07:26,Sea-Bird SBE 9 Data File,C:\CTDDATA\229pp.dat,2881.0,2504.0,,
168.dat,CMLRE_CTD,cruise170,168,,170,80,8.5,76.5,12-08-1998 09:00,,168.dat,,,,
172.dat,CMLRE_CTD,cruise170,172,,170,,8.066667,75.5,12-10-1998 16:40,,172.dat,,,,
173.dat,CMLRE_CTD,cruise170,173,,170,,8.5,74.5,12-10-1998 00:00,,173.dat,,,,
174.dat,CMLRE_CTD,cruise170,174,,170,,8.5,72.166667,12-11-1998 00:00,,174.dat,,,,
179.dat,CMLRE_CTD,cruise170,179,,170,,12.5,74.166667,14-12-1998 00:00,,179.dat,,,,
182.dat,CMLRE_CTD,cruise170,182,,170,,11.5,74.5,16-12-1998 00:00,,182.dat,,,,
183.dat,CMLRE_CTD,cruise170,183,,170,,10.5,75.5,17-12-1998 00:00,,183.dat,,,,
184.dat,CMLRE_CTD,cruise170,184,,170,,10.5,74.5,17-12-1998 00:00,,184.dat,,,,
185.dat,CMLRE_CTD,cruise170,185,,170,,10.5,73.5,17-12-1998 00:00,,185.dat,,,,
186.dat,CMLRE_CTD,cruise170,186,,170,,10.416667,71.416667,18-12-1998 00:00,,186.dat,,,,
Station_01.hdr,SK 303 CTD  Data,,,,,,20.744333,65.325833,22-02-2013 20:06,Sea-Bird SBE 9 Data File,E:\SK 303 CTD  Data\Station_01.hdr,5216.0,3690.0,,
Station_02.hdr,SK 303 CTD  Data,,,,,,19.082333,66.598667,23-02-2013 13:59,Sea-Bird SBE 9 Data File,E:\SK 303 CTD  Data\Station_02.hdr,5216.0,3690.0,,
Station_03.hdr,SK 303 CTD  Data,,,,,,17.829167,68.3025,24-02-2013 08:58,Sea-Bird SBE 9 Data File,E:\SK 303 CTD  Data\Station_03.hdr,5216.0,3690.0,,
Station_01.hdr,SK 303 CTD  Data,Processing Data,303 Station 01,ORV Sagar kanya ORV SAGAR KANYA,,,20.744333,65.325833,22-02-2013 20:06,Sea-Bird SBE 9 Data File,E:\SK 303 CTD  Data\Station_01.hex,5216.0,3690.0,11.0,176617.0
Station_02.hdr,SK 303 CTD  Data,Processing Data,303 Station 02,ORV Sagar kanya,,,19.082333,66.598667,23-02-2013 13:59,Sea-Bird SBE 9 Data File,E:\SK 303 CTD  Data\Station_02.hex,5216.0,3690.0,11.0,178227.0
Station_03.hdr,SK 303 CTD  Data,Processing Data,303 Station 3,ORV Sagar kanya ORV SAGAR KANYA,,,17.829167,68.3025,24-02-2013 08:58,Sea-Bird SBE 9 Data File,E:\SK 303 CTD  Data\Station_03.hex,5216.0,3690.0,11.0,103509.0
19-02-2013.hdr,SK 303 TSG,,,ORV SAGAR KANYA,,,15.933983,72.531233,19-02-2013 08:15,Sea-Bird SBE 21 Data File,C:\TSG Datas\SK 303 TSG\19-02-2013.hdr,3332.0,3332.0,,
20-02-2013.hdr,SK 303 TSG,,,ORV SAGAR KANYA,,,17.73155,68.9578,20-02-2013 07:45,Sea-Bird SBE 21 Data File,C:\TSG Datas\SK 303 TSG\20-02-2013.hdr,3332.0,3332.0,,
21-02-2013.hdr,SK 303 TSG,,,ORV SAGAR KANYA,,,20.329767,65.883383,21-02-2013 07:52,Sea-Bird SBE 21 Data File,C:\TSG Datas\SK 303 TSG\21-02-2013.hdr,3332.0,3332.0,,
22-02-2013.hdr,SK 303 TSG,,,ORV SAGAR KANYA,,,20.8585,65.377417,22-02-2013 08:14,Sea-Bird SBE 21 Data File,C:\TSG Datas\SK 303 TSG\22-02-2013.hdr,3332.0,3332.0,,
23-02-2013.hdr,SK 303 TSG,,,ORV SAGAR KANYA,,,19.634633,66.177583,23-02-2013 08:19,Sea-Bird SBE 21 Data File,C:\TSG Datas\SK 303 TSG\23-02-2013.hdr,3332.0,3332.0,,
24-02-2013.hdr,SK 303 TSG,,,ORV SAGAR KANYA,,,17.834417,68.302817,24-02-2013 08:32,Sea-Bird SBE 21 Data File,C:\TSG Datas\SK 303 TSG\24-02-2013.hdr,3332.0,3332.0,,
25-02-2013.hdr,SK 303 TSG,,,ORV SAGAR KANYA,,,16.63205,70.932883,25-02-2013 08:03,Sea-Bird SBE 21 Data File,C:\TSG Datas\SK 303 TSG\25-02-2013.hdr,3332.0,3332.0,,
19-02-2013.hdr,SK 303 TSG,Process,,ORV SAGAR KANYA,,,15.933983,72.531233,19-02-2013 08:15,Sea-Bird SBE 21 Data File,C:\TSG Datas\SK 303 TSG\19-02-2013.hex,3332.0,3332.0,8.0,2819.0
20-02-2013.hdr,SK 303 TSG,Process,,ORV SAGAR KANYA,,,17.73155,68.9578,20-02-2013 07:45,Sea-Bird SBE 21 Data File,C:\TSG Datas\SK 303 TSG\20-02-2013.hex,3332.0,3332.0,8.0,2892.0
21-02-2013.hdr,SK 303 TSG,Process,,ORV SAGAR KANYA,,,20.329767,65.883383,21-02-2013 07:52,Sea-Bird SBE 21 Data File,C:\TSG Datas\SK 303 TSG\21-02-2013.hex,3332.0,3332.0,8.0,2919.0
22-02-2013.hdr,SK 303 TSG,Process,,ORV SAGAR KANYA,,,20.8585,65.377417,22-02-2013 08:14,Sea-Bird SBE 21 Data File,C:\TSG Datas\SK 303 TSG\22-02-2013.hex,3332.0,3332.0,8.0,2888.0
23-02-2013.hdr,SK 303 TSG,Process,,ORV SAGAR KANYA,,,19.634633,66.177583,23-02-2013 08:19,Sea-Bird SBE 21 Data File,C:\TSG Datas\SK 303 TSG\23-02-2013.hex,3332.0,3332.0,8.0,2902.0
24-02-2013.hdr,SK 303 TSG,Process,,ORV SAGAR KANYA,,,17.834417,68.302817,24-02-2013 08:32,Sea-Bird SBE 21 Data File,C:\TSG Datas\SK 303 TSG\24-02-2013.hex,3332.0,3332.0,8.0,2821.0
25-02-2013.hdr,SK 303 TSG,Process,,ORV SAGAR KANYA,,,16.63205,70.932883,25-02-2013 08:03,Sea-Bird SBE 21 Data File,C:\TSG Datas\SK 303 TSG\25-02-2013.hex,3332.0,3332.0,8.0,1849.0
