SourceFile,SourceFolder,InputFile,Station,Ship,Cruise,Depth,Latitude(decimal),Longitude(decimal),Datetime,Ship_CD,Country_CD,Inst_Code,EEZ
sk103.csv,CTD_NIO_1m,SK_103_1,1,ORV Sagar Kanya,103,65,15.368,73.311,26-06-1995 23:50,SK,41,NIO,1
sk103.csv,CTD_NIO_1m,SK_103_2,2,ORV Sagar Kanya,103,95,15.382,73.115,27-06-1995 02:17,SK,41,NIO,1
sk103.csv,CTD_NIO_1m,SK_103_3,3,ORV Sagar Kanya,103,210,15.372,72.832,27-06-1995 05:19,SK,41,NIO,1
sk103.csv,CTD_NIO_1m,SK_103_4,4,ORV Sagar Kanya,103,600,15.303,72.767,27-06-1995 07:44,SK,41,NIO,1
sk103.csv,CTD_NIO_1m,SK_103_5,5,ORV Sagar Kanya,103,930,15.273,72.687,27-06-1995 10:15,SK,41,NIO,1
sk103.csv,CTD_NIO_1m,SK_103_6,6,ORV Sagar Kanya,103,1400,15.202,72.55,27-06-1995 13:34,SK,41,NIO,1
sk103.csv,CTD_NIO_1m,SK_103_7,7,ORV Sagar Kanya,103,1700,15.14,72.405,27-06-1995 16:57,SK,41,NIO,1
sk103.csv,CTD_NIO_1m,SK_103_8,8,ORV Sagar Kanya,103,2000,14.994,71.993,27-06-1995 21:20,SK,41,NIO,1
sk103.csv,CTD_NIO_1m,SK_103_9,9,ORV Sagar Kanya,103,2600,15.002,71.0,28-06-1995 05:24,SK,41,NIO,1
sk103.csv,CTD_NIO_1m,SK_103_10,10,ORV Sagar Kanya,103,2600,15.0,70.0,28-06-1995 13:48,SK,41,NIO,1
sk103.csv,CTD_NIO_1m,SK_103_11,11,ORV Sagar Kanya,103,2600,15.007,69.0,29-06-1995 01:07,SK,41,NIO,0
sk103.csv,CTD_NIO_1m,SK_103_12,12,ORV Sagar Kanya,103,0,15.0,68.002,29-06-1995 11:34,SK,41,NIO,0
sk103.csv,CTD_NIO_1m,SK_103_13,13,ORV Sagar Kanya,103,0,15.005,67.005,30-06-1995 08:01,SK,41,NIO,0
sk103.csv,CTD_NIO_1m,SK_103_14,14,ORV Sagar Kanya,103,0,15.002,66.002,30-06-1995 19:52,SK,41,NIO,0
sk103.csv,CTD_NIO_1m,SK_103_15,15,ORV Sagar Kanya,103,0,15.011,64.992,07-01-1995 07:04,SK,41,NIO,0
sk103.csv,CTD_NIO_1m,SK_103_16,16,ORV Sagar Kanya,103,0,15.002,64.007,07-01-1995 19:40,SK,41,NIO,0
sk103.csv,CTD_NIO_1m,SK_103_17,17,ORV Sagar Kanya,103,3900,15.005,63.002,07-02-1995 06:27,SK,41,NIO,0
sk103.csv,CTD_NIO_1m,SK_103_18,18,ORV Sagar Kanya,103,3950,15.05,62.066,07-02-1995 21:27,SK,41,NIO,0
sk103.csv,CTD_NIO_1m,SK_103_22,22,ORV Sagar Kanya,103,0,18.015,61.418,07-04-1995 13:47,SK,41,NIO,0
sk103.csv,CTD_NIO_1m,SK_103_23,23,ORV Sagar Kanya,103,0,19.009,62.009,07-04-1995 22:14,SK,41,NIO,0
sk103.csv,CTD_NIO_1m,SK_103_25,25,ORV Sagar Kanya,103,0,19.752,64.622,07-05-1995 20:13,SK,41,NIO,0
sk103.csv,CTD_NIO_1m,SK_103_26,26,ORV Sagar Kanya,103,0,19.0,67.0,07-06-1995 13:32,SK,41,NIO,0
sk103.csv,CTD_NIO_1m,SK_103_27,27,ORV Sagar Kanya,103,0,17.0,68.009,07-07-1995 09:02,SK,41,NIO,0
sk103.csv,CTD_NIO_1m,SK_103_29,29,ORV Sagar Kanya,103,0,15.185,71.503,07-08-1995 19:15,SK,41,NIO,1
sk103.csv,CTD_NIO_1m,SK_103_32,32,ORV Sagar Kanya,103,365,8.781,75.802,07-10-1995 23:03,SK,41,NIO,1
sk103.csv,CTD_NIO_1m,SK_103_33,33,ORV Sagar Kanya,103,310,8.841,75.963,07-11-1995 01:44,SK,41,NIO,1
sk103.csv,CTD_NIO_1m,SK_103_34,34,ORV Sagar Kanya,103,55,8.928,76.141,07-11-1995 04:29,SK,41,NIO,1
sk103.csv,CTD_NIO_1m,SK_103_35,35,ORV Sagar Kanya,103,40,8.986,76.319,07-11-1995 06:24,SK,41,NIO,1
sk103.csv,CTD_NIO_1m,SK_103_36,36,ORV Sagar Kanya,103,25,9.58,76.114,07-11-1995 10:44,SK,41,NIO,1
sk103.csv,CTD_NIO_1m,SK_103_37,37,ORV Sagar Kanya,103,33,10.184,75.889,07-11-1995 15:31,SK,41,NIO,1
sk103.csv,CTD_NIO_1m,SK_103_38,38,ORV Sagar Kanya,103,33,10.784,75.686,07-11-1995 20:34,SK,41,NIO,1
sk103.csv,CTD_NIO_1m,SK_103_39,39,ORV Sagar Kanya,103,33,10.632,75.604,07-11-1995 22:51,SK,41,NIO,1
sk103.csv,CTD_NIO_1m,SK_103_40,40,ORV Sagar Kanya,103,110,10.568,75.418,07-12-1995 01:03,SK,41,NIO,1
sk103.csv,CTD_NIO_1m,SK_103_41,41,ORV Sagar Kanya,103,260,10.5,75.25,07-12-1995 03:00,SK,41,NIO,1
sk103.csv,CTD_NIO_1m,SK_103_44,44,ORV Sagar Kanya,103,58,11.233,75.187,07-12-1995 17:15,SK,41,NIO,1
sk103.csv,CTD_NIO_1m,SK_103_45,45,ORV Sagar Kanya,103,40,11.364,75.37,07-12-1995 19:30,SK,41,NIO,1
sk103.csv,CTD_NIO_1m,SK_103_46,46,ORV Sagar Kanya,103,25,11.448,75.5,07-12-1995 21:57,SK,41,NIO,1
sk103.csv,CTD_NIO_1m,SK_103_47,47,ORV Sagar Kanya,103,30,11.852,75.15,13-07-1995 01:48,SK,41,NIO,1
sk103.csv,CTD_NIO_1m,SK_103_48,48,ORV Sagar Kanya,103,50,11.783,75.032,13-07-1995 03:18,SK,41,NIO,1
sk103.csv,CTD_NIO_1m,SK_103_49,49,ORV Sagar Kanya,103,62,11.742,74.826,13-07-1995 05:23,SK,41,NIO,1
sk103.csv,CTD_NIO_1m,SK_103_50,50,ORV Sagar Kanya,103,620,11.634,74.651,13-07-1995 07:38,SK,41,NIO,1
sk103.csv,CTD_NIO_1m,SK_103_51,51,ORV Sagar Kanya,103,750,11.601,74.573,13-07-1995 09:04,SK,41,NIO,1
sk103.csv,CTD_NIO_1m,SK_103_53,53,ORV Sagar Kanya,103,36,12.207,74.953,13-07-1995 19:52,SK,41,NIO,1
sk103.csv,CTD_NIO_1m,SK_103_54,54,ORV Sagar Kanya,103,36,13.77,74.307,14-07-1995 07:26,SK,41,NIO,1
sk103.csv,CTD_NIO_1m,SK_103_55,55,ORV Sagar Kanya,103,35,14.628,73.979,14-07-1995 14:21,SK,41,NIO,1
sk104.csv,CTD_NIO_1m,SK_104_1,1,ORV Sagar Kanya,104,50,15.417,73.5,19-07-1995 21:00,SK,41,NIO,1
sk104.csv,CTD_NIO_1m,SK_104_2,2,ORV Sagar Kanya,104,110,15.418,73.003,20-07-1995 02:30,SK,41,NIO,1
sk104.csv,CTD_NIO_1m,SK_104_4,4,ORV Sagar Kanya,104,1700,15.415,72.0,20-07-1995 14:24,SK,41,NIO,1
sk104.csv,CTD_NIO_1m,SK_104_5,5,ORV Sagar Kanya,104,2000,15.415,71.5,20-07-1995 20:08,SK,41,NIO,1
sk104.csv,CTD_NIO_1m,SK_104_8,8,ORV Sagar Kanya,104,1900,12.5,73.5,22-07-1995 01:29,SK,41,NIO,1
sk104.csv,CTD_NIO_1m,SK_104_17,13,ORV Sagar Kanya,104,180,11.0,75.125,24-07-1995 06:56,SK,41,NIO,1
sk104.csv,CTD_NIO_1m,SK_104_18,14,ORV Sagar Kanya,104,100,10.497,75.505,24-07-1995 11:23,SK,41,NIO,1
sk104.csv,CTD_NIO_1m,SK_104_26,19,ORV Sagar Kanya,104,2210,10.042,73.53,26-07-1995 19:34,SK,41,NIO,1
sk104.csv,CTD_NIO_1m,SK_104_29,22,ORV Sagar Kanya,104,2300,10.225,72.0,27-07-1995 05:19,SK,41,NIO,1
sk104.csv,CTD_NIO_1m,SK_104_30,23,ORV Sagar Kanya,104,3700,10.313,71.008,27-07-1995 13:33,SK,41,NIO,1
sk104.csv,CTD_NIO_1m,SK_104_32,25,ORV Sagar Kanya,104,4400,10.503,69.0,28-07-1995 06:08,SK,41,NIO,1
sk104.csv,CTD_NIO_1m,SK_104_35,28,ORV Sagar Kanya,104,4400,10.787,66.0,29-07-1995 10:10,SK,41,NIO,0
sk104.csv,CTD_NIO_1m,SK_104_44,32,ORV Sagar Kanya,104,4200,12.005,63.998,31-07-1995 07:10,SK,41,NIO,0
sk104.csv,CTD_NIO_1m,SK_104_47,34,ORV Sagar Kanya,104,4100,13.003,63.998,31-07-1995 16:57,SK,41,NIO,0
sk104.csv,CTD_NIO_1m,SK_104_48,36,ORV Sagar Kanya,104,3900,14.008,64.003,08-02-1995 01:07,SK,41,NIO,0
sk104.csv,CTD_NIO_1m,SK_104_65,57,ORV Sagar Kanya,104,120,18.005,70.803,08-09-1995 19:23,SK,41,NIO,1
sk104.csv,CTD_NIO_1m,SK_104_9,0009A,ORV Sagar Kanya,104,225,12.5,74.207,22-07-1995 15:07,SK,41,NIO,1
sk104.csv,CTD_NIO_1m,SK_104_12,0009D,ORV Sagar Kanya,104,225,12.458,74.243,22-07-1995 20:54,SK,41,NIO,1
sk104.csv,CTD_NIO_1m,SK_104_13,0009E,ORV Sagar Kanya,104,225,12.417,74.287,23-07-1995 03:34,SK,41,NIO,1
sk104.csv,CTD_NIO_1m,SK_104_20,0015B,ORV Sagar Kanya,104,275,9.99,75.61,24-07-1995 17:30,SK,41,NIO,1
sk104.csv,CTD_NIO_1m,SK_104_21,0015C,ORV Sagar Kanya,104,300,10.047,75.608,24-07-1995 19:49,SK,41,NIO,1
sk104.csv,CTD_NIO_1m,SK_104_22,0015D,ORV Sagar Kanya,104,300,10.042,75.597,24-07-1995 22:01,SK,41,NIO,1
sk104.csv,CTD_NIO_1m,SK_104_36,0030A,ORV Sagar Kanya,104,4300,10.967,64.32,30-07-1995 03:38,SK,41,NIO,0
sk104.csv,CTD_NIO_1m,SK_104_37,0030B,ORV Sagar Kanya,104,4300,10.968,64.342,30-07-1995 04:53,SK,41,NIO,0
sk104.csv,CTD_NIO_1m,SK_104_40,0030E,ORV Sagar Kanya,104,4400,10.958,64.537,30-07-1995 15:25,SK,41,NIO,0
sk104.csv,CTD_NIO_1m,SK_104_41,0030F,ORV Sagar Kanya,104,4400,10.962,64.563,30-07-1995 17:05,SK,41,NIO,0
sk104.csv,CTD_NIO_1m,SK_104_45,0032A,ORV Sagar Kanya,104,4200,12.017,64.047,31-07-1995 09:08,SK,41,NIO,0
sk104.csv,CTD_NIO_1m,SK_104_51,0038C,ORV Sagar Kanya,104,3900,15.017,64.217,08-02-1995 16:30,SK,41,NIO,0
sk104.csv,CTD_NIO_1m,SK_104_52,0038D,ORV Sagar Kanya,104,3900,15.03,64.223,08-02-1995 18:08,SK,41,NIO,0
sk104.csv,CTD_NIO_1m,SK_104_54,0040A,ORV Sagar Kanya,104,3500,16.003,64.005,08-03-1995 11:50,SK,41,NIO,0
sk104.csv,CTD_NIO_1m,SK_104_55,0040B,ORV Sagar Kanya,104,3749,16.032,64.04,08-03-1995 13:31,SK,41,NIO,0
sk104.csv,CTD_NIO_1m,SK_104_58,0054A,ORV Sagar Kanya,104,320,15.388,72.825,08-07-1995 16:07,SK,41,NIO,1
sk104.csv,CTD_NIO_1m,SK_104_61,0054D,ORV Sagar Kanya,104,165,15.275,72.958,08-07-1995 22:59,SK,41,NIO,1
sk104.csv,CTD_NIO_1m,SK_104_62,0054E,ORV Sagar Kanya,104,160,15.22,72.967,08-08-1995 05:07,SK,41,NIO,1
sk104.csv,CTD_NIO_1m,SK_104_66,0058A,ORV Sagar Kanya,104,1500,18.667,70.0,08-10-1995 02:57,SK,41,NIO,1
sk104.csv,CTD_NIO_1m,SK_104_68,0058C,ORV Sagar Kanya,104,1000,18.663,70.102,08-10-1995 09:44,SK,41,NIO,1
sk104.csv,CTD_NIO_1m,SK_104_69,0058D,ORV Sagar Kanya,104,1000,18.682,70.135,08-10-1995 10:56,SK,41,NIO,1
sk104.csv,CTD_NIO_1m,SK_104_52,0038D,ORV Sagar Kanya,104,3900,15.03,64.223,08-02-1995 18:08,SK,41,NIO,0
sk104.csv,CTD_NIO_1m,SK_104_54,0040A,ORV Sagar Kanya,104,3500,16.003,64.005,08-03-1995 11:50,SK,41,NIO,0
sk105a.csv,CTD_NIO_1m,SK_105A_1,1,ORV Sagar Kanya,105A,1099,12.498,72.5,20-09-1995 03:30,SK,41,NIO,1
sk105a.csv,CTD_NIO_1m,SK_105A_2,2,ORV Sagar Kanya,105A,1798,11.498,72.498,20-09-1995 12:36,SK,41,NIO,1
sk105a.csv,CTD_NIO_1m,SK_105A_3,3,ORV Sagar Kanya,105A,1000,12.5,74.0,23-09-1995 10:10,SK,41,NIO,1
sk109.csv,CTD_NIO_1m,SK_109_1,1,ORV Sagar Kanya,109,3000,5.0,60.0,01-09-1996 11:37,SK,41,NIO,0
sk109.csv,CTD_NIO_1m,SK_109_2,2,ORV Sagar Kanya,109,4200,4.008,60.008,01-09-1996 20:30,SK,41,NIO,0
sk109.csv,CTD_NIO_1m,SK_109_3,3,ORV Sagar Kanya,109,4000,3.008,60.001,01-10-1996 04:57,SK,41,NIO,0
sk109.csv,CTD_NIO_1m,SK_109_4,4,ORV Sagar Kanya,109,4000,2.007,60.008,01-10-1996 13:00,SK,41,NIO,0
sk109.csv,CTD_NIO_1m,SK_109_5,5,ORV Sagar Kanya,109,4000,1.505,60.0,01-10-1996 18:00,SK,41,NIO,0
sk109.csv,CTD_NIO_1m,SK_109_6,6,ORV Sagar Kanya,109,4200,1.015,60.0,01-10-1996 22:48,SK,41,NIO,0
sk109.csv,CTD_NIO_1m,SK_109_7,7,ORV Sagar Kanya,109,4000,0.505,60.0,01-11-1996 03:33,SK,41,NIO,0
sk109.csv,CTD_NIO_1m,SK_109_8,8,ORV Sagar Kanya,109,3900,0.0,60.0,01-11-1996 08:25,SK,41,NIO,0
sk109.csv,CTD_NIO_1m,SK_109_9,9,ORV Sagar Kanya,109,4100,-0.495,59.995,01-11-1996 12:55,SK,41,NIO,0
sk109.csv,CTD_NIO_1m,SK_109_10,10,ORV Sagar Kanya,109,4100,-1.0,60.0,01-11-1996 18:40,SK,41,NIO,0
sk109.csv,CTD_NIO_1m,SK_109_11,11,ORV Sagar Kanya,109,4300,-1.507,60.0,01-12-1996 00:01,SK,41,NIO,0
sk109.csv,CTD_NIO_1m,SK_109_12,12,ORV Sagar Kanya,109,4000,-2.002,60.0,01-12-1996 04:40,SK,41,NIO,0
sk109.csv,CTD_NIO_1m,SK_109_13,13,ORV Sagar Kanya,109,4350,-3.003,60.0,01-12-1996 11:50,SK,41,NIO,0
sk109.csv,CTD_NIO_1m,SK_109_14,14,ORV Sagar Kanya,109,3600,-4.0,60.0,01-12-1996 19:30,SK,41,NIO,0
sk109.csv,CTD_NIO_1m,SK_109_15,15,ORV Sagar Kanya,109,4300,-5.0,60.0,13-01-1996 03:12,SK,41,NIO,0
sk109.csv,CTD_NIO_1m,SK_109_16,16,ORV Sagar Kanya,109,4000,-5.002,65.0,14-01-1996 13:00,SK,41,NIO,0
sk109.csv,CTD_NIO_1m,SK_109_17,17,ORV Sagar Kanya,109,4000,-4.008,65.024,15-01-1996 01:13,SK,41,NIO,0
sk109.csv,CTD_NIO_1m,SK_109_18,18,ORV Sagar Kanya,109,4100,-3.003,65.0,15-01-1996 23:25,SK,41,NIO,0
sk109.csv,CTD_NIO_1m,SK_109_19,19,ORV Sagar Kanya,109,4000,-2.0,65.0,16-01-1996 15:20,SK,41,NIO,0
sk109.csv,CTD_NIO_1m,SK_109_20,20,ORV Sagar Kanya,109,4300,-1.5,65.0,17-01-1996 03:45,SK,41,NIO,0
sk109.csv,CTD_NIO_1m,SK_109_21,21,ORV Sagar Kanya,109,3500,-1.003,64.972,17-01-1996 14:00,SK,41,NIO,0
sk109.csv,CTD_NIO_1m,SK_109_22,22,ORV Sagar Kanya,109,3100,-0.5,65.0,17-01-1996 23:20,SK,41,NIO,0
sk109.csv,CTD_NIO_1m,SK_109_23,23,ORV Sagar Kanya,109,3900,0.003,64.975,18-01-1996 07:45,SK,41,NIO,0
sk109.csv,CTD_NIO_1m,SK_109_24,24,ORV Sagar Kanya,109,3800,0.515,64.997,18-01-1996 14:25,SK,41,NIO,0
sk109.csv,CTD_NIO_1m,SK_109_25,25,ORV Sagar Kanya,109,3600,1.0,65.008,18-01-1996 23:15,SK,41,NIO,0
sk109.csv,CTD_NIO_1m,SK_109_26,26,ORV Sagar Kanya,109,3000,1.507,64.997,19-01-1996 05:05,SK,41,NIO,0
sk109.csv,CTD_NIO_1m,SK_109_27,27,ORV Sagar Kanya,109,3200,2.015,64.975,19-01-1996 12:10,SK,41,NIO,0
sk109.csv,CTD_NIO_1m,SK_109_28,28,ORV Sagar Kanya,109,2800,3.008,64.995,19-01-1996 21:45,SK,41,NIO,0
sk109.csv,CTD_NIO_1m,SK_109_29,29,ORV Sagar Kanya,109,3335,4.0,65.0,20-01-1996 07:40,SK,41,NIO,0
sk109.csv,CTD_NIO_1m,SK_109_30,30,ORV Sagar Kanya,109,2290,5.0,65.0,20-01-1996 17:45,SK,41,NIO,0
sk109.csv,CTD_NIO_1m,SK_109_31,31,ORV Sagar Kanya,109,4050,5.0,69.0,22-01-1996 06:00,SK,41,NIO,0
sk109.csv,CTD_NIO_1m,SK_109_32,32,ORV Sagar Kanya,109,4000,4.0,69.0,22-01-1996 16:35,SK,41,NIo,0
sk109.csv,CTD_NIO_1m,SK_109_33,33,ORV Sagar Kanya,109,5200,-4.995,76.007,26-01-1996 04:50,SK,41,NIO,0
sk109.csv,CTD_NIO_1m,SK_109_34,34,ORV Sagar Kanya,109,4800,-4.0,75.997,26-01-1996 13:35,SK,41,NIO,0
sk109.csv,CTD_NIO_1m,SK_109_35,35,ORV Sagar Kanya,109,5000,-2.995,76.0,26-01-1996 22:30,SK,41,NIO,0
sk109.csv,CTD_NIO_1m,SK_109_36,36,ORV Sagar Kanya,109,4600,-2.0,76.0,27-01-1996 07:47,SK,41,NIO,0
sk109.csv,CTD_NIO_1m,SK_109_37,37,ORV Sagar Kanya,109,4600,-1.049,75.995,27-01-1996 13:24,SK,41,NIO,0
sk109.csv,CTD_NIO_1m,SK_109_38,38,ORV Sagar Kanya,109,4650,-0.995,76.02,27-01-1996 18:15,SK,41,NIO,0
sk109.csv,CTD_NIO_1m,SK_109_39,39,ORV Sagar Kanya,109,4400,-0.5,76.0,27-01-1996 23:30,SK,41,NIO,0
sk109.csv,CTD_NIO_1m,SK_109_40,40,ORV Sagar Kanya,109,4200,0.002,76.008,28-01-1996 05:20,SK,41,NIO,0
sk109.csv,CTD_NIO_1m,SK_109_41,41,ORV Sagar Kanya,109,4250,0.518,76.002,28-01-1996 11:23,SK,41,NIO,0
sk109.csv,CTD_NIO_1m,SK_109_42,42,ORV Sagar Kanya,109,4100,1.0,75.975,28-01-1996 18:00,SK,41,NIO,0
sk109.csv,CTD_NIO_1m,SK_109_43,43,ORV Sagar Kanya,109,3700,1.5,76.0,29-01-1996 00:45,SK,41,NIO,0
sk109.csv,CTD_NIO_1m,SK_109_44,44,ORV Sagar Kanya,109,3000,2.002,76.0,29-01-1996 06:45,SK,41,NIO,0
sk109.csv,CTD_NIO_1m,SK_109_45,45,ORV Sagar Kanya,109,3500,3.002,76.022,29-01-1996 16:40,SK,41,NIO,0
sk109.csv,CTD_NIO_1m,SK_109_46,46,ORV Sagar Kanya,109,3000,4.012,76.007,30-01-1996 03:25,SK,41,NIO,0
sk109.csv,CTD_NIO_1m,SK_109_47,47,ORV Sagar Kanya,109,2100,5.005,75.578,30-01-1996 14:00,SK,41,NI,0
sk110.csv,CTD_NIO_1m,SK_110_1,0001A,ORV Sagar Kanya,110,2700,19.997,65.998,03-03-1996 17:55,SK,41,NIO,0
sk110.csv,CTD_NIO_1m,SK_110_2,0002A,ORV Sagar Kanya,110,3100,20.24,67.305,03-04-1996 10:20,SK,41,NIO,1
sk110.csv,CTD_NIO_1m,SK_110_3,0003A,ORV Sagar Kanya,110,3000,19.563,65.5,03-04-1996 19:15,SK,41,NIO,0
sk110.csv,CTD_NIO_1m,SK_110_4,0003B,ORV Sagar Kanya,110,3000,19.533,65.463,03-04-1996 22:15,SK,41,NIO,0
sk110.csv,CTD_NIO_1m,SK_110_5,0004A,ORV Sagar Kanya,110,3100,18.972,66.475,03-05-1996 09:00,SK,41,NIO,0
sk110.csv,CTD_NIO_1m,SK_110_6,0004B,ORV Sagar Kanya,110,2978,18.942,66.442,03-05-1996 13:00,SK,41,NIO,0
sk110.csv,CTD_NIO_1m,SK_110_7,0004C,ORV Sagar Kanya,110,2900,18.92,66.38,03-05-1996 15:15,SK,41,NIO,0
sk110.csv,CTD_NIO_1m,SK_110_8,0004D,ORV Sagar Kanya,110,2900,18.895,66.342,03-05-1996 18:15,SK,41,NIO,0
sk110.csv,CTD_NIO_1m,SK_110_9,0004E,ORV Sagar Kanya,110,2900,18.872,66.305,03-05-1996 21:10,SK,41,NIO,0
sk110.csv,CTD_NIO_1m,SK_110_10,0004F,ORV Sagar Kanya,110,2900,18.838,66.282,03-06-1996 00:15,SK,41,NIO,0
sk110.csv,CTD_NIO_1m,SK_110_11,0005A,ORV Sagar Kanya,110,3200,18.48,67.508,03-06-1996 09:15,SK,41,NIO,1
sk110.csv,CTD_NIO_1m,SK_110_12,0005B,ORV Sagar Kanya,110,3200,18.445,67.387,03-06-1996 12:30,SK,41,NIO,1
sk110.csv,CTD_NIO_1m,SK_110_13,0005C,ORV Sagar Kanya,110,3200,18.42,67.55,03-06-1996 15:15,SK,41,NIO,1
sk110.csv,CTD_NIO_1m,SK_110_14,0005D,ORV Sagar Kanya,110,3200,18.413,67.553,03-06-1996 16:00,SK,41,NIO,1
sk110.csv,CTD_NIO_1m,SK_110_15,0005E,ORV Sagar Kanya,110,3200,18.4,67.602,03-06-1996 17:40,SK,41,NIO,1
sk110.csv,CTD_NIO_1m,SK_110_16,0006A,ORV Sagar Kanya,110,3200,18.247,68.015,03-06-1996 21:00,SK,41,NIO,1
sk110.csv,CTD_NIO_1m,SK_110_17,0006B,ORV Sagar Kanya,110,3200,18.22,68.037,03-06-1996 23:30,SK,41,NIO,1
sk110.csv,CTD_NIO_1m,SK_110_18,0007A,ORV Sagar Kanya,110,3300,17.527,69.513,03-07-1996 10:05,SK,41,NIO,1
sk110.csv,CTD_NIO_1m,SK_110_19,0007B,ORV Sagar Kanya,110,3300,17.482,69.502,03-07-1996 13:15,SK,41,NIO,1
sk110.csv,CTD_NIO_1m,SK_110_20,0007C,ORV Sagar Kanya,110,3300,17.445,69.482,03-07-1996 16:00,SK,41,NIO,1
sk110.csv,CTD_NIO_1m,SK_110_21,0007D,ORV Sagar Kanya,110,3300,17.385,69.442,03-07-1996 19:05,SK,41,NIO,1
sk110.csv,CTD_NIO_1m,SK_110_22,0007E,ORV Sagar Kanya,110,3300,17.33,69.398,03-07-1996 22:00,SK,41,NIO,1
sk110.csv,CTD_NIO_1m,SK_110_23,0007F,ORV Sagar Kanya,110,3300,17.292,69.375,03-07-1996 23:55,SK,41,NIO,1
sk110.csv,CTD_NIO_1m,SK_110_24,0008A,ORV Sagar Kanya,110,3000,17.083,70.502,03-08-1996 07:30,SK,41,NIO,1
sk110.csv,CTD_NIO_1m,SK_110_25,0008B,ORV Sagar Kanya,110,3000,17.6,70.525,03-08-1996 10:30,SK,41,NIO,1
sk110.csv,CTD_NIO_1m,SK_110_26,0008C,ORV Sagar Kanya,110,3000,17.035,70.542,03-08-1996 13:30,SK,41,NIO,1
sk110.csv,CTD_NIO_1m,SK_110_27,0008D,ORV Sagar Kanya,110,3000,16.997,70.548,03-08-1996 16:30,SK,41,NIO,1
sk110.csv,CTD_NIO_1m,SK_110_28,0008E,ORV Sagar Kanya,110,3000,16.952,70.543,03-08-1996 19:20,SK,41,NIO,1
sk110.csv,CTD_NIO_1m,SK_110_29,0008F,ORV Sagar Kanya,110,3000,16.897,71.523,03-08-1996 22:30,SK,41,NIO,1
sk110a.csv,CTD_NIO_1m,SK_110A_1,1,ORV Sagar Kanya,110A,4156,16.517,70.462,14-04-1996 14:30,SK,41,NIO,1
sk110a.csv,CTD_NIO_1m,SK_110A_2,2,ORV Sagar Kanya,110A,88,19.2,70.567,15-04-1996 10:30,SK,41,NIO,1
sk110a.csv,CTD_NIO_1m,SK_110A_3,3,ORV Sagar Kanya,110A,84,19.505,70.482,15-04-1996 14:30,SK,41,NIO,1
sk110a.csv,CTD_NIO_1m,SK_110A_4,4,ORV Sagar Kanya,110A,3570,16.758,69.847,16-04-1996 10:30,SK,41,NIO,1
sk110a.csv,CTD_NIO_1m,SK_110A_5,5,ORV Sagar Kanya,110A,113,15.608,72.937,17-04-1996 09:45,SK,41,NIO,1
sk110a.csv,CTD_NIO_1m,SK_110A_6,6,ORV Sagar Kanya,110A,126,15.353,72.817,17-04-1996 14:30,SK,41,NIO,1
sk110a.csv,CTD_NIO_1m,SK_110A_7,7,ORV Sagar Kanya,110A,356,12.585,72.675,18-04-1996 10:30,SK,41,NIO,1
sk110a.csv,CTD_NIO_1m,SK_110A_8,8,ORV Sagar Kanya,110A,248,12.732,72.418,18-04-1996 16:00,SK,41,NIO,1
sk113.csv,CTD_NIO_1m,SK_113_1,1,ORV Sagar Kanya,113,45,19.808,86.492,23-05-1996 13:00,SK,41,NIO,1
sk113.csv,CTD_NIO_1m,SK_113_2,2,ORV Sagar Kanya,113,45,20.303,87.198,23-05-1996 19:35,SK,41,NIO,1
sk113.csv,CTD_NIO_1m,SK_113_3,3,ORV Sagar Kanya,113,80,20.693,88.0,24-05-1996 02:20,SK,41,NIO,1
sk113.csv,CTD_NIO_1m,SK_113_4,4,ORV Sagar Kanya,113,400,20.198,88.595,24-05-1996 09:35,SK,41,NIO,1
sk113.csv,CTD_NIO_1m,SK_113_5,5,ORV Sagar Kanya,113,1700,19.598,89.307,24-05-1996 17:45,SK,41,NIO,1
sk113.csv,CTD_NIO_1m,SK_113_6,6,ORV Sagar Kanya,113,1700,19.018,90.0,25-05-1996 02:00,SK,41,NIO,1
sk113.csv,CTD_NIO_1m,SK_113_7,7,ORV Sagar Kanya,113,222,19.998,87.997,25-05-1996 19:20,SK,41,NIO,1
sk113.csv,CTD_NIO_1m,SK_113_8,8,ORV Sagar Kanya,113,2156,19.0,88.0,26-05-1996 06:00,SK,41,NIO,1
sk113.csv,CTD_NIO_1m,SK_113_9,9,ORV Sagar Kanya,113,2200,18.0,88.0,26-05-1996 15:55,SK,41,NIO,1
sk113.csv,CTD_NIO_1m,SK_113_10,10,ORV Sagar Kanya,113,2500,17.0,88.0,27-05-1996 05:00,SK,41,NIO,0
sk113.csv,CTD_NIO_1m,SK_113_11,11,ORV Sagar Kanya,113,2734,16.0,88.0,27-05-1996 16:40,SK,41,NIO,0
sk113.csv,CTD_NIO_1m,SK_113_12,12,ORV Sagar Kanya,113,2800,15.0,88.0,28-05-1996 07:20,SK,41,NIO,0
sk113.csv,CTD_NIO_1m,SK_113_13,13,ORV Sagar Kanya,113,3000,14.0,88.0,28-05-1996 17:20,SK,41,NIO,0
sk113.csv,CTD_NIO_1m,SK_113_14,14,ORV Sagar Kanya,113,3000,13.0,88.0,29-05-1996 04:10,SK,41,NIO,0
sk113.csv,CTD_NIO_1m,SK_113_15,15,ORV Sagar Kanya,113,3100,12.0,88.0,29-05-1996 13:55,SK,41,NIO,0
sk113.csv,CTD_NIO_1m,SK_113_16,16,ORV Sagar Kanya,113,3100,11.0,88.0,30-05-1996 01:00,SK,41,NIO,0
sk113.csv,CTD_NIO_1m,SK_113_17,17,ORV Sagar Kanya,113,3400,10.0,88.0,30-05-1996 11:30,SK,41,NIO,0
sk113.csv,CTD_NIO_1m,SK_113_18,18,ORV Sagar Kanya,113,3500,9.0,88.0,30-05-1996 23:30,SK,41,NIO,0
sk113.csv,CTD_NIO_1m,SK_113_20,20,ORV Sagar Kanya,113,3700,7.0,88.0,31-05-1996 22:20,SK,41,NIO,0
sk113.csv,CTD_NIO_1m,SK_113_21,21,ORV Sagar Kanya,113,3850,6.0,88.0,06-01-1996 07:25,SK,41,NIO,0
sk113.csv,CTD_NIO_1m,SK_113_22,22,ORV Sagar Kanya,113,4000,5.0,88.0,06-01-1996 17:30,SK,41,NIO,0
sk113.csv,CTD_NIO_1m,SK_113_23,23,ORV Sagar Kanya,113,3900,4.0,88.0,06-02-1996 04:50,SK,41,NIO,0
sk113.csv,CTD_NIO_1m,SK_113_24,24,ORV Sagar Kanya,113,650,11.5,80.5,06-05-1996 10:25,SK,41,NIO,1
sk113.csv,CTD_NIO_1m,SK_113_25,25,ORV Sagar Kanya,113,3200,11.5,81.0,06-05-1996 17:00,SK,41,NIO,1
sk113.csv,CTD_NIO_1m,SK_113_26,26,ORV Sagar Kanya,113,3520,11.5,82.0,06-06-1996 02:40,SK,41,NIO,1
sk113.csv,CTD_NIO_1m,SK_113_27,27,ORV Sagar Kanya,113,3500,11.5,83.0,06-06-1996 14:00,SK,41,NIO,1
sk113.csv,CTD_NIO_1m,SK_113_28,28,ORV Sagar Kanya,113,3520,11.5,84.0,06-07-1996 05:40,SK,41,NIO,1
sk113.csv,CTD_NIO_1m,SK_113_29,29,ORV Sagar Kanya,113,3450,11.5,85.0,06-07-1996 20:00,SK,41,NIO,0
sk113.csv,CTD_NIO_1m,SK_113_30,30,ORV Sagar Kanya,113,3500,11.5,86.0,06-08-1996 06:00,SK,41,NIO,0
sk113.csv,CTD_NIO_1m,SK_113_31,31,ORV Sagar Kanya,113,3400,11.5,87.0,06-08-1996 19:15,SK,41,NIO,0
sk113.csv,CTD_NIO_1m,SK_113_32,32,ORV Sagar Kanya,113,3300,11.5,88.0,06-09-1996 03:45,SK,41,NIO,0
sk113.csv,CTD_NIO_1m,SK_113_33,33,ORV Sagar Kanya,113,3200,11.5,89.0,06-09-1996 13:10,SK,41,NIO,1
sk113.csv,CTD_NIO_1m,SK_113_34,34,ORV Sagar Kanya,113,3100,11.5,90.0,06-09-1996 22:15,SK,41,NIO,1
sk113.csv,CTD_NIO_1m,SK_113_35,35,ORV Sagar Kanya,113,3200,11.5,91.0,06-10-1996 01:00,SK,41,NIO,1
sk113.csv,CTD_NIO_1m,SK_113_36,36,ORV Sagar Kanya,113,900,11.502,91.993,06-10-1996 18:10,SK,41,NIO,1
sk113.csv,CTD_NIO_1m,SK_113_37,37,ORV Sagar Kanya,113,3100,12.298,91.0,06-11-1996 05:03,SK,41,NIO,1
sk113.csv,CTD_NIO_1m,SK_113_38,38,ORV Sagar Kanya,113,2900,13.2,89.998,06-11-1996 15:55,SK,41,NIO,1
sk113.csv,CTD_NIO_1m,SK_113_39,39,ORV Sagar Kanya,113,2900,14.0,89.0,06-12-1996 02:30,SK,41,NIO,0
sk113.csv,CTD_NIO_1m,SK_113_40,40,ORV Sagar Kanya,113,2800,14.797,88.0,06-12-1996 12:25,SK,41,NIO,0
sk113.csv,CTD_NIO_1m,SK_113_41,41,ORV Sagar Kanya,113,2800,15.7,87.0,06-12-1996 23:25,SK,41,NIO,0
sk113.csv,CTD_NIO_1m,SK_113_42,42,ORV Sagar Kanya,113,2800,16.422,85.967,13-06-1996 18:00,SK,41,NIO,1
sk113.csv,CTD_NIO_1m,SK_113_43,43,ORV Sagar Kanya,113,2800,16.765,85.348,13-06-1996 17:50,SK,41,NIO,1
sk113.csv,CTD_NIO_1m,SK_113_44,44,ORV Sagar Kanya,113,2700,16.498,88.0,14-06-1996 15:00,SK,41,NIO,0
sk113.csv,CTD_NIO_1m,SK_113_45,45,ORV Sagar Kanya,113,2700,15.702,88.998,15-06-1996 01:30,SK,41,NIO,0
sk113.csv,CTD_NIO_1m,SK_113_46,46,ORV Sagar Kanya,113,2200,17.798,89.0,15-06-1996 17:10,SK,41,NIO,0
sk113.csv,CTD_NIO_1m,SK_113_47,47,ORV Sagar Kanya,113,2400,17.388,87.472,17-06-1996 16:40,SK,41,NIO,1
sk113.csv,CTD_NIO_1m,SK_113_48,48,ORV Sagar Kanya,113,2600,17.708,86.708,18-06-1996 02:00,SK,41,NIO,1
sk113.csv,CTD_NIO_1m,SK_113_49,49,ORV Sagar Kanya,113,2700,18.0,86.315,18-06-1996 09:20,SK,41,NIO,1
sk113.csv,CTD_NIO_1m,SK_113_50,50,ORV Sagar Kanya,113,1200,18.867,85.472,18-06-1996 20:30,SK,41,NIO,1
sk113.csv,CTD_NIO_1m,SK_113_51,51,ORV Sagar Kanya,113,200,18.992,85.288,18-06-1996 23:35,SK,41,NIO,1
sk113.csv,CTD_NIO_1m,SK_113_52,52,ORV Sagar Kanya,113,900,19.685,86.695,19-06-1996 11:05,SK,41,NIO,1
sk113.csv,CTD_NIO_1m,SK_113_53,53,ORV Sagar Kanya,113,200,19.78,86.6,19-06-1996 13:05,SK,41,NIO,1
sk115.csv,CTD_NIO_1m,SK_115_1,ctd01,ORV Sagar Kanya,115,4100,13.0,64.0,08-08-1996 02:00,SK,41,NIO,0
sk115.csv,CTD_NIO_1m,SK_115_2,ctd1a,ORV Sagar Kanya,115,4100,13.0,64.0,08-07-1996 04:30,SK,41,NIO,0
sk115.csv,CTD_NIO_1m,SK_115_3,ctd1b,ORV Sagar Kanya,115,4100,13.003,64.166,08-08-1996 04:15,SK,41,NIO,0
sk115.csv,CTD_NIO_1m,SK_115_4,ctd02,ORV Sagar Kanya,115,4100,14.0,64.0,08-08-1996 12:25,SK,41,NIO,0
sk115.csv,CTD_NIO_1m,SK_115_5,ctd2a,ORV Sagar Kanya,115,4100,14.0,64.0,08-08-1996 04:15,SK,41,NIO,0
sk115.csv,CTD_NIO_1m,SK_115_6,ctd03,ORV Sagar Kanya,115,4000,15.0,64.0,08-10-1996 09:50,SK,41,NIO,0
sk115.csv,CTD_NIO_1m,SK_115_7,ctd3a,ORV Sagar Kanya,115,4000,15.0,64.0,08-09-1996 01:05,SK,41,NIO,0
sk115.csv,CTD_NIO_1m,SK_115_8,ctd3b,ORV Sagar Kanya,115,4000,15.0,64.0,08-09-1996 00:45,SK,41,NIO,0
sk115.csv,CTD_NIO_1m,SK_115_9,ctd3c,ORV Sagar Kanya,115,4000,15.0,64.05,08-10-1996 12:00,SK,41,NIO,0
sk115.csv,CTD_NIO_1m,SK_115_10,ctd3d,ORV Sagar Kanya,115,4000,15.0,64.0,08-11-1996 03:55,SK,41,NIO,0
sk115.csv,CTD_NIO_1m,SK_115_11,ctd04,ORV Sagar Kanya,115,4000,16.0,64.0,08-12-1996 04:25,SK,41,NIO,0
sk115.csv,CTD_NIO_1m,SK_115_12,ctd4a,ORV Sagar Kanya,115,4000,16.0,64.0,08-12-1996 06:05,SK,41,NIO,0
sk115.csv,CTD_NIO_1m,SK_115_13,ctd05,ORV Sagar Kanya,115,3438,17.0,64.0,08-12-1996 16:55,SK,41,NIO,0
sk115.csv,CTD_NIO_1m,SK_115_14,ctd5b,ORV Sagar Kanya,115,3438,17.0,64.0,08-12-1996 19:45,SK,41,NIO,0
sk115.csv,CTD_NIO_1m,SK_115_15,ctd5d,ORV Sagar Kanya,115,3438,17.083,64.25,13-08-1996 04:50,SK,41,NIO,0
sk115.csv,CTD_NIO_1m,SK_115_16,ctd06,ORV Sagar Kanya,115,3500,18.0,64.0,14-08-1996 04:05,SK,41,NIO,0
sk115.csv,CTD_NIO_1m,SK_115_17,ctd6a,ORV Sagar Kanya,115,3500,18.0,64.05,14-08-1996 06:10,SK,41,NIO,0
sk115.csv,CTD_NIO_1m,SK_115_18,ctd07,ORV Sagar Kanya,115,3400,19.0,64.083,14-08-1996 17:00,SK,41,NIO,0
sk115.csv,CTD_NIO_1m,SK_115_19,ctd7a,ORV Sagar Kanya,115,3400,18.966,64.3,14-08-1996 20:00,SK,41,NIO,0
sk115.csv,CTD_NIO_1m,SK_115_20,ctd7c,ORV Sagar Kanya,115,3400,19.183,64.35,15-08-1996 04:45,SK,41,NIO,0
sk115.csv,CTD_NIO_1m,SK_115_21,ctd08,ORV Sagar Kanya,115,3200,19.75,64.616,15-08-1996 23:20,SK,41,NIO,0
sk115.csv,CTD_NIO_1m,SK_115_22,ctd8a,ORV Sagar Kanya,115,3200,19.75,64.616,16-08-1996 01:25,SK,41,NIO,0
sk115.csv,CTD_NIO_1m,SK_115_23,ctd09,ORV Sagar Kanya,115,3200,21.0,64.116,16-08-1996 14:20,SK,41,NIO,0
sk115.csv,CTD_NIO_1m,SK_115_24,ctd9a,ORV Sagar Kanya,115,3200,21.0,64.066,17-08-1996 01:25,SK,41,NIO,0
sk115.csv,CTD_NIO_1m,SK_115_25,ctd9b,ORV Sagar Kanya,115,3200,21.0,64.283,17-08-1996 04:05,SK,41,NIO,0
sk115.csv,CTD_NIO_1m,SK_115_26,ctd9c,ORV Sagar Kanya,115,3200,21.0,64.283,17-08-1996 04:50,SK,41,NIO,0
sk115.csv,CTD_NIO_1m,SK_115_27,ctd9d,ORV Sagar Kanya,115,3200,21.4,64.583,17-08-1996 20:00,SK,41,NIO,0
sk116.csv,CTD_NIO_1m,SK_116_1,1,ORV Sagar Kanya,116,400,18.0,85.0,09-03-1996 03:00,SK,41,NIO,1
sk116.csv,CTD_NIO_1m,SK_116_2,2,ORV Sagar Kanya,116,2400,18.0,86.0,09-03-1996 09:45,SK,41,NIO,1
sk116.csv,CTD_NIO_1m,SK_116_3,3,ORV Sagar Kanya,116,2450,18.0,87.0,09-03-1996 18:00,SK,41,NIO,1
sk116.csv,CTD_NIO_1m,SK_116_4,4,ORV Sagar Kanya,116,2200,18.0,88.0,09-04-1996 02:25,SK,41,NIO,1
sk116.csv,CTD_NIO_1m,SK_116_5,5,ORV Sagar Kanya,116,2150,18.0,89.0,09-04-1996 10:05,SK,41,NIO,1
sk116.csv,CTD_NIO_1m,SK_116_6,6,ORV Sagar Kanya,116,2100,18.0,90.0,09-04-1996 18:00,SK,41,NIO,0
sk116.csv,CTD_NIO_1m,SK_116_7,7,ORV Sagar Kanya,116,2350,17.0,90.0,09-05-1996 01:35,SK,41,NIO,0
sk116.csv,CTD_NIO_1m,SK_116_8,8,ORV Sagar Kanya,116,2550,16.0,90.0,09-05-1996 10:10,SK,41,NIO,0
sk116.csv,CTD_NIO_1m,SK_116_9,9,ORV Sagar Kanya,116,2700,15.0,90.0,09-05-1996 18:50,SK,41,NIO,1
sk116.csv,CTD_NIO_1m,SK_116_10,10,ORV Sagar Kanya,116,2830,14.0,90.0,09-06-1996 03:45,SK,41,NIO,1
sk116.csv,CTD_NIO_1m,SK_116_11,11,ORV Sagar Kanya,116,2950,13.0,90.0,09-06-1996 12:45,SK,41,NIO,1
sk116.csv,CTD_NIO_1m,SK_116_12,12,ORV Sagar Kanya,116,3100,12.0,90.0,09-06-1996 21:20,SK,41,NIO,1
sk116.csv,CTD_NIO_1m,SK_116_13,13,ORV Sagar Kanya,116,3200,11.0,90.0,09-07-1996 06:30,SK,41,NIO,1
sk116.csv,CTD_NIO_1m,SK_116_14,14,ORV Sagar Kanya,116,3290,10.0,90.0,09-07-1996 15:15,SK,41,NIO,1
sk116.csv,CTD_NIO_1m,SK_116_15,15,ORV Sagar Kanya,116,3100,9.0,90.0,09-08-1996 00:25,SK,41,NIO,1
sk116.csv,CTD_NIO_1m,SK_116_16,16,ORV Sagar Kanya,116,3240,8.0,90.0,09-08-1996 09:40,SK,41,NIO,1
sk116.csv,CTD_NIO_1m,SK_116_17,17,ORV Sagar Kanya,116,2900,7.0,90.33,09-08-1996 18:20,SK,41,NIO,1
sk116.csv,CTD_NIO_1m,SK_116_18,18,ORV Sagar Kanya,116,2560,6.0,90.67,09-09-1996 04:05,SK,41,NIO,1
sk116.csv,CTD_NIO_1m,SK_116_19,19,ORV Sagar Kanya,116,2500,5.0,91.0,09-09-1996 13:35,SK,41,NIO,1
sk116.csv,CTD_NIO_1m,SK_116_20,20,ORV Sagar Kanya,116,2570,4.0,91.33,09-10-1996 00:30,SK,41,NIO,0
sk118.csv,CTD_NIO_1m,SK_118_1,1,ORV Sagar Kanya,118,4200,2.503,80.005,19-10-1996 01:35,SK,41,NIO,0
sk118.csv,CTD_NIO_1m,SK_118_2,2,ORV Sagar Kanya,118,4200,2.5,82.0,20-10-1996 05:30,SK,41,NIO,0
sk118.csv,CTD_NIO_1m,SK_118_3,3,ORV Sagar Kanya,118,3700,2.5,84.0,20-10-1996 18:00,SK,41,NIO,0
sk118.csv,CTD_NIO_1m,SK_118_4,4,ORV Sagar Kanya,118,4000,2.5,86.0,21-10-1996 07:00,SK,41,NIO,0
sk118.csv,CTD_NIO_1m,SK_118_5,5,ORV Sagar Kanya,118,2300,4.333,87.167,21-10-1996 23:00,SK,41,NIO,0
sk118.csv,CTD_NIO_1m,SK_118_6,6,ORV Sagar Kanya,118,3700,6.167,88.5,22-10-1996 14:05,SK,41,NIO,0
sk118.csv,CTD_NIO_1m,SK_118_7,7,ORV Sagar Kanya,118,3600,8.167,89.5,23-10-1996 05:00,SK,41,NIO,1
sk118.csv,CTD_NIO_1m,SK_118_8,8,ORV Sagar Kanya,118,3350,10.5,90.995,24-10-1996 01:35,SK,41,NIO,1
sk118.csv,CTD_NIO_1m,SK_118_9,9,ORV Sagar Kanya,118,25,10.493,92.235,24-10-1996 13:20,SK,41,NIO,1
sk118.csv,CTD_NIO_1m,SK_118_10,10,ORV Sagar Kanya,118,65,11.503,92.473,24-10-1996 21:55,SK,41,NIO,1
sk118.csv,CTD_NIO_1m,SK_118_11,11,ORV Sagar Kanya,118,3300,11.449,91.031,25-10-1996 09:30,SK,41,NIO,1
sk118.csv,CTD_NIO_1m,SK_118_12,12,ORV Sagar Kanya,118,3100,12.498,91.004,25-10-1996 19:05,SK,41,NIO,1
sk118.csv,CTD_NIO_1m,SK_118_13,13,ORV Sagar Kanya,118,78,12.503,92.498,26-10-1996 09:30,SK,41,NIO,1
sk118.csv,CTD_NIO_1m,SK_118_15,14,ORV Sagar Kanya,118,65,13.498,92.748,26-10-1996 22:15,SK,41,NIO,1
sk118.csv,CTD_NIO_1m,SK_118_16,15,ORV Sagar Kanya,118,2900,13.516,91.504,27-10-1996 09:00,SK,41,NIO,1
sk118.csv,CTD_NIO_1m,SK_118_17,16,ORV Sagar Kanya,118,146,14.014,92.994,27-10-1996 23:00,SK,41,NIO,1
sk118.csv,CTD_NIO_1m,SK_118_18,17,ORV Sagar Kanya,118,630,13.512,93.242,28-10-1996 07:35,SK,41,NIO,1
sk118.csv,CTD_NIO_1m,SK_118_19,18,ORV Sagar Kanya,118,960,13.5,93.883,28-10-1996 13:30,SK,41,NIO,1
sk118.csv,CTD_NIO_1m,SK_118_20,19,ORV Sagar Kanya,118,2200,12.5,94.0,28-10-1996 23:00,SK,41,NIO,1
sk118.csv,CTD_NIO_1m,SK_118_21,20,ORV Sagar Kanya,118,58,12.517,93.045,29-10-1996 08:30,SK,41,NIO,1
sk118.csv,CTD_NIO_1m,SK_118_22,21,ORV Sagar Kanya,118,480,11.504,93.499,29-10-1996 21:15,SK,41,NIO,1
sk118.csv,CTD_NIO_1m,SK_118_23,22,ORV Sagar Kanya,118,2350,11.511,94.006,30-10-1996 05:30,SK,41,NIO,1
sk118.csv,CTD_NIO_1m,SK_118_24,23,ORV Sagar Kanya,118,3100,10.516,94.028,30-10-1996 18:00,SK,41,NIO,1
sk118.csv,CTD_NIO_1m,SK_118_25,24,ORV Sagar Kanya,118,2300,10.504,93.254,31-10-1996 06:30,SK,41,NIO,1
sk118.csv,CTD_NIO_1m,SK_118_26,25,ORV Sagar Kanya,118,1550,9.513,93.253,31-10-1996 18:15,SK,41,NIO,1
sk118.csv,CTD_NIO_1m,SK_118_27,26,ORV Sagar Kanya,118,3500,9.514,94.997,11-01-1996 05:30,SK,41,NIO,1
sk118.csv,CTD_NIO_1m,SK_118_28,27,ORV Sagar Kanya,118,1750,8.531,94.749,11-01-1996 20:45,SK,41,NIO,1
sk118.csv,CTD_NIO_1m,SK_118_29,28,ORV Sagar Kanya,118,70,8.51,93.752,11-02-1996 07:10,SK,41,NIO,1
sk118.csv,CTD_NIO_1m,SK_118_30,29,ORV Sagar Kanya,118,1650,7.267,93.996,11-02-1996 20:00,SK,41,NIO,1
sk118.csv,CTD_NIO_1m,SK_118_31,30,ORV Sagar Kanya,118,260,6.671,93.679,11-03-1996 06:30,SK,41,NIO,1
sk118.csv,CTD_NIO_1m,SK_118_32,31,ORV Sagar Kanya,118,580,7.502,93.267,11-03-1996 16:20,SK,41,NIO,1
sk118.csv,CTD_NIO_1m,SK_118_33,32,ORV Sagar Kanya,118,900,8.535,92.713,11-04-1996 14:00,SK,41,NIO,1
sk118.csv,CTD_NIO_1m,SK_118_34,33,ORV Sagar Kanya,118,2500,8.493,91.987,11-04-1996 14:30,SK,41,NIO,1
sk118.csv,CTD_NIO_1m,SK_118_36,35,ORV Sagar Kanya,118,728,9.833,92.75,11-05-1996 07:50,SK,41,NIO,1
sk118.csv,CTD_NIO_1m,SK_118_38,24R1,ORV Sagar Kanya,118,2600,10.49,93.247,11-05-1996 15:20,SK,41,NIO,1
sk118.csv,CTD_NIO_1m,SK_118_39,24R2,ORV Sagar Kanya,118,2743,10.519,93.259,11-05-1996 17:00,SK,41,NIO,1
sk118.csv,CTD_NIO_1m,SK_118_40,24R3,ORV Sagar Kanya,118,1333,10.544,93.271,11-05-1996 19:00,SK,41,NIO,1
sk118.csv,CTD_NIO_1m,SK_118_41,24R4,ORV Sagar Kanya,118,1333,10.569,93.284,11-05-1996 21:00,SK,41,NIO,1
sk118.csv,CTD_NIO_1m,SK_118_42,24R5,ORV Sagar Kanya,118,1333,10.568,93.334,11-05-1996 23:00,SK,41,NIO,1
sk118.csv,CTD_NIO_1m,SK_118_43,24R6,ORV Sagar Kanya,118,719,10.608,93.393,11-06-1996 01:00,SK,41,NIO,1
sk118.csv,CTD_NIO_1m,SK_118_44,24R7,ORV Sagar Kanya,118,719,10.633,93.428,11-06-1996 03:00,SK,41,NIO,1
sk118.csv,CTD_NIO_1m,SK_118_45,24R8,ORV Sagar Kanya,118,719,10.652,93.455,11-06-1996 05:00,SK,41,NIO,1
sk118.csv,CTD_NIO_1m,SK_118_46,24R9,ORV Sagar Kanya,118,719,10.665,93.47,11-06-1996 08:15,SK,41,NIO,1
sk118.csv,CTD_NIO_1m,SK_118_47,24R10,ORV Sagar Kanya,118,719,10.665,93.47,11-06-1996 09:45,SK,41,NIO,1
sk118.csv,CTD_NIO_1m,SK_118_48,24R11,ORV Sagar Kanya,118,580,10.706,93.51,11-06-1996 11:05,SK,41,NIO,1
sk118.csv,CTD_NIO_1m,SK_118_51,12R,ORV Sagar Kanya,118,1050,12.501,90.979,11-07-1996 20:20,SK,41,NIO,1
sk118.csv,CTD_NIO_1m,SK_118_44,24R7,ORV Sagar Kanya,118,719,10.633,93.428,11-06-1996 03:00,SK,41,NIO,1
sk118.csv,CTD_NIO_1m,SK_118_45,24R8,ORV Sagar Kanya,118,719,10.652,93.455,11-06-1996 05:00,SK,41,NIO,1
sk119.csv,CTD_NIO_1m,SK_119A_1,2,ORV Sagar Kanya,119A,9999,14.5,71.1,13-12-1996 15:20,SK,41,NIO,1
sk119.csv,CTD_NIO_1m,SK_119A_2,3,ORV Sagar Kanya,119A,9999,14.466,71.016,13-12-1996 17:45,SK,41,NIO,1
sk119.csv,CTD_NIO_1m,SK_119A_3,4,ORV Sagar Kanya,119A,2600,12.5,71.0,14-12-1996 07:00,SK,41,NIO,1
sk119.csv,CTD_NIO_1m,SK_119A_4,5,ORV Sagar Kanya,119A,2600,11.698,70.967,14-12-1996 16:15,SK,41,NIO,1
sk119.csv,CTD_NIO_1m,SK_119A_5,6,ORV Sagar Kanya,119A,2600,11.698,70.967,14-12-1996 17:35,SK,41,NIO,1
sk119.csv,CTD_NIO_1m,SK_119A_6,7,ORV Sagar Kanya,119A,2600,9.83,71.0,15-12-1996 07:00,SK,41,NIO,1
sk119.csv,CTD_NIO_1m,SK_119A_7,8,ORV Sagar Kanya,119A,3400,9.15,71.016,15-12-1996 13:15,SK,41,NIO,1
sk119.csv,CTD_NIO_1m,SK_119A_8,9,ORV Sagar Kanya,119A,3400,9.21,71.066,15-12-1996 16:50,SK,41,NIO,1
sk119.csv,CTD_NIO_1m,SK_119A_9,10,ORV Sagar Kanya,119A,4000,7.333,71.0,16-12-1996 07:00,SK,41,NIO,0
sk119.csv,CTD_NIO_1m,SK_119A_10,11,ORV Sagar Kanya,119A,4000,7.866,71.766,16-12-1996 13:30,SK,41,NIO,1
sk119.csv,CTD_NIO_1m,SK_119A_11,12,ORV Sagar Kanya,119A,3000,7.685,71.81,16-12-1996 16:00,SK,41,NIO,1
sk119.csv,CTD_NIO_1m,SK_119A_12,13,ORV Sagar Kanya,119A,2750,8.555,74.0,17-12-1996 07:20,SK,41,NIO,1
sk119.csv,CTD_NIO_1m,SK_119A_13,14,ORV Sagar Kanya,119A,230,13.03,73.8,18-12-1996 10:45,SK,41,NIO,1
sk119.csv,CTD_NIO_1m,SK_119A_9,10,ORV Sagar Kanya,119A,4000,7.333,71.0,16-12-1996 07:00,SK,41,NIO,0
sk121.csv,CTD_NIO_1m,SK_121_1,01-Mar,ORV Sagar Kanya,121,2900,19.993,67.0,02-08-1997 06:50,SK,41,NIO,1
sk121.csv,CTD_NIO_1m,SK_121_2,3a-1a,ORV Sagar Kanya,121,2900,19.96,67.05,02-08-1997 09:30,SK,41,NIO,1
sk121.csv,CTD_NIO_1m,SK_121_3,02-May,ORV Sagar Kanya,121,3000,19.999,65.999,02-08-1997 17:20,SK,41,NIO,0
sk121.csv,CTD_NIO_1m,SK_121_4,03-Jun,ORV Sagar Kanya,121,3200,19.999,65.0,02-09-1997 01:10,SK,41,NIO,0
sk121.csv,CTD_NIO_1m,SK_121_5,6a-3a,ORV Sagar Kanya,121,3200,19.975,65.0,02-09-1997 02:45,SK,41,NIO,0
sk121.csv,CTD_NIO_1m,SK_121_6,04-Jul,ORV Sagar Kanya,121,3300,20.0,63.999,02-09-1997 10:15,SK,41,NIO,0
sk121.csv,CTD_NIO_1m,SK_121_7,05-Aug,ORV Sagar Kanya,121,3350,20.0,63.0,02-09-1997 17:40,SK,41,NIO,0
sk121.csv,CTD_NIO_1m,SK_121_8,06-Sep,ORV Sagar Kanya,121,3300,21.0,64.0,02-10-1997 03:10,SK,41,NIO,0
sk121.csv,CTD_NIO_1m,SK_121_9,9-06a,ORV Sagar Kanya,121,3250,21.002,64.007,02-10-1997 11:40,SK,41,NIO,0
sk121.csv,CTD_NIO_1m,SK_121_10,9-06b,ORV Sagar Kanya,121,3300,21.0,64.0,02-11-1997 00:20,SK,41,NIO,0
sk121.csv,CTD_NIO_1m,SK_121_11,9-06c,ORV Sagar Kanya,121,3250,20.653,63.7,02-11-1997 13:10,SK,41,NIO,0
sk121.csv,CTD_NIO_1m,SK_121_12,9-6cc,ORV Sagar Kanya,121,3250,20.653,63.7,02-11-1997 14:30,SK,41,NIO,0
sk121.csv,CTD_NIO_1m,SK_121_13,9-06d,ORV Sagar Kanya,121,3250,20.706,63.72,02-12-1997 00:05,SK,41,NIO,0
sk121.csv,CTD_NIO_1m,SK_121_14,9-06e,ORV Sagar Kanya,121,3250,20.758,63.758,02-12-1997 12:20,SK,41,NIO,0
sk121.csv,CTD_NIO_1m,SK_121_15,9-06f,ORV Sagar Kanya,121,3250,20.816,63.78,13-02-1997 00:05,SK,41,NIO,0
sk121.csv,CTD_NIO_1m,SK_121_16,9-06g,ORV Sagar Kanya,121,3350,20.87,63.825,13-02-1997 12:15,SK,41,NIO,0
sk121.csv,CTD_NIO_1m,SK_121_17,9-06h,ORV Sagar Kanya,121,3350,20.93,63.846,14-02-1997 00:20,SK,41,NIO,0
sk121.csv,CTD_NIO_1m,SK_121_18,9-06i,ORV Sagar Kanya,121,3350,20.993,63.887,14-02-1997 12:45,SK,41,NIO,0
sk121.csv,CTD_NIO_1m,SK_121_19,9-06j,ORV Sagar Kanya,121,3350,21.057,63.93,15-02-1997 00:05,SK,41,NIO,0
sk121.csv,CTD_NIO_1m,SK_121_20,9-06k,ORV Sagar Kanya,121,3350,21.093,63.95,15-02-1997 12:35,SK,41,NIO,0
sk121.csv,CTD_NIO_1m,SK_121_21,9-06l,ORV Sagar Kanya,121,3350,20.957,64.002,15-02-1997 23:50,SK,41,NIO,0
sk121.csv,CTD_NIO_1m,SK_121_22,9-6ll,ORV Sagar Kanya,121,3350,20.957,64.002,16-02-1997 01:45,SK,41,NIO,0
sk121.csv,CTD_NIO_1m,SK_121_23,9-06m,ORV Sagar Kanya,121,3350,20.933,64.002,16-02-1997 04:15,SK,41,NIO,0
sk121.csv,CTD_NIO_1m,SK_121_24,9-06n,ORV Sagar Kanya,121,3350,20.896,64.15,16-02-1997 12:05,SK,41,NIO,0
sk121.csv,CTD_NIO_1m,SK_121_25,9-06o,ORV Sagar Kanya,121,3300,21.0,64.0,17-02-1997 00:05,SK,41,NIO,0
sk121.csv,CTD_NIO_1m,SK_121_26,9-06p,ORV Sagar Kanya,121,3300,20.721,63.69,17-02-1997 12:10,SK,41,NIO,0
sk121.csv,CTD_NIO_1m,SK_121_27,9-ppp,ORV Sagar Kanya,121,3300,20.722,63.69,17-02-1997 14:15,SK,41,NIO,0
sk121.csv,CTD_NIO_1m,SK_121_28,9-06q,ORV Sagar Kanya,121,3400,20.792,63.708,17-02-1997 23:55,SK,41,NIO,0
sk121.csv,CTD_NIO_1m,SK_121_29,9-06r,ORV Sagar Kanya,121,3400,20.882,63.76,18-02-1997 12:00,SK,41,NIO,0
sk121.csv,CTD_NIO_1m,SK_121_30,9-06s,ORV Sagar Kanya,121,3300,20.951,63.807,19-02-1997 00:45,SK,41,NIO,0
sk121.csv,CTD_NIO_1m,SK_121_31,9-06t,ORV Sagar Kanya,121,3400,21.001,63.845,19-02-1997 10:35,SK,41,NIO,0
sk121.csv,CTD_NIO_1m,SK_121_32,9-6tt,ORV Sagar Kanya,121,3400,21.001,63.846,19-02-1997 11:45,SK,41,NIO,0
sk121.csv,CTD_NIO_1m,SK_121_33,9-ttt,ORV Sagar Kanya,121,3400,21.001,63.846,19-02-1997 13:30,SK,41,NIO,0
sk121.csv,CTD_NIO_1m,SK_121_34,9-06u,ORV Sagar Kanya,121,2350,21.07,63.896,19-02-1997 23:50,SK,41,NIO,0
sk121.csv,CTD_NIO_1m,SK_121_35,9-06v,ORV Sagar Kanya,121,3300,21.13,63.95,20-02-1997 12:05,SK,41,NIO,0
sk121.csv,CTD_NIO_1m,SK_121_36,9-06w,ORV Sagar Kanya,121,3300,21.193,64.001,20-02-1997 23:40,SK,41,NIO,0
sk121.csv,CTD_NIO_1m,SK_121_37,9-06x,ORV Sagar Kanya,121,3300,21.226,64.06,21-02-1997 12:05,SK,41,NIO,0
sk121.csv,CTD_NIO_1m,SK_121_38,9-06y,ORV Sagar Kanya,121,3300,21.26,64.011,21-02-1997 23:40,SK,41,NIO,0
sk121.csv,CTD_NIO_1m,SK_121_39,9-06z,ORV Sagar Kanya,121,3300,21.28,64.16,22-02-1997 11:30,SK,41,NIO,0
sk121.csv,CTD_NIO_1m,SK_121_40,9-6za,ORV Sagar Kanya,121,3300,20.999,63.999,22-02-1997 20:00,SK,41,NIO,0
sk121.csv,CTD_NIO_1m,SK_121_41,9-6zb,ORV Sagar Kanya,121,3250,20.991,63.98,22-02-1997 23:30,SK,41,NIO,0
sk121.csv,CTD_NIO_1m,SK_121_42,9-6zc,ORV Sagar Kanya,121,3250,20.993,63.988,23-02-1997 03:45,SK,41,NIO,0
sk121.csv,CTD_NIO_1m,SK_121_43,9-6zd,ORV Sagar Kanya,121,3300,21.001,63.966,23-02-1997 11:35,SK,41,NIO,0
sk121.csv,CTD_NIO_1m,SK_121_44,9-zdd,ORV Sagar Kanya,121,3300,21.001,63.966,23-02-1997 13:30,SK,41,NIO,0
sk121.csv,CTD_NIO_1m,SK_121_38,9-06y,ORV Sagar Kanya,121,3300,21.26,64.011,21-02-1997 23:40,SK,41,NIO,0
sk124-1_10stn_no_salinity.csv,CTD_NIO_1m,SK_124_1,1,ORV Sagar Kanya,124,4200,5.0,60.0,17-05-1997 05:35,SK,41,NIO,0
sk124-1_10stn_no_salinity.csv,CTD_NIO_1m,SK_124_2,2,ORV Sagar Kanya,124,4170,4.0,60.0,17-05-1997 13:56,SK,41,NIO,0
sk124-1_10stn_no_salinity.csv,CTD_NIO_1m,SK_124_3,3,ORV Sagar Kanya,124,3895,3.0,60.0,17-05-1997 22:45,SK,41,NIO,0
sk124-1_10stn_no_salinity.csv,CTD_NIO_1m,SK_124_4,4,ORV Sagar Kanya,124,3750,2.0,60.0,18-05-1997 07:15,SK,41,NIO,0
sk124-1_10stn_no_salinity.csv,CTD_NIO_1m,SK_124_5,5,ORV Sagar Kanya,124,3500,1.5,60.0,18-05-1997 12:21,SK,41,NIO,0
sk124-1_10stn_no_salinity.csv,CTD_NIO_1m,SK_124_6,6,ORV Sagar Kanya,124,3950,0.983,60.0,18-05-1997 17:13,SK,41,NIO,0
sk124-1_10stn_no_salinity.csv,CTD_NIO_1m,SK_124_7,7,ORV Sagar Kanya,124,4235,0.5,60.0,18-05-1997 22:00,SK,41,NIO,0
sk124-1_10stn_no_salinity.csv,CTD_NIO_1m,SK_124_8,8,ORV Sagar Kanya,124,4710,0.0,60.0,19-05-1997 02:30,SK,41,NIO,0
sk124-1_10stn_no_salinity.csv,CTD_NIO_1m,SK_124_9,9,ORV Sagar Kanya,124,4582,-0.5,60.0,19-05-1997 07:30,SK,41,NIO,0
sk124-1_10stn_no_salinity.csv,CTD_NIO_1m,SK_124_10,10,ORV Sagar Kanya,124,4400,-1.0,60.0,19-05-1997 13:45,SK,41,NIO,0
sk124.csv,CTD_NIO_1m,SK_124_11,11,ORV Sagar Kanya,124,4400,-1.5,60.0,19-05-1997 19:40,SK,41,NIO,0
sk124.csv,CTD_NIO_1m,SK_124_12,12,ORV Sagar Kanya,124,4504,-2.0,60.0,19-05-1997 05:10,SK,41,NIO,0
sk124.csv,CTD_NIO_1m,SK_124_13,13,ORV Sagar Kanya,124,4300,-3.0,60.0,20-05-1997 13:20,SK,41,NIO,0
sk124.csv,CTD_NIO_1m,SK_124_14,14,ORV Sagar Kanya,124,3968,-4.0,60.0,20-05-1997 21:20,SK,41,NIO,0
sk124.csv,CTD_NIO_1m,SK_124_15,15,ORV Sagar Kanya,124,3950,-5.0,60.0,21-05-1997 05:05,SK,41,NIO,0
sk124.csv,CTD_NIO_1m,SK_124_16,16,ORV Sagar Kanya,124,3919,-5.0,65.0,22-05-1997 12:40,SK,41,NIO,0
sk124.csv,CTD_NIO_1m,SK_124_17,17,ORV Sagar Kanya,124,3466,-4.0,65.0,22-05-1997 19:55,SK,41,NIO,0
sk124.csv,CTD_NIO_1m,SK_124_18,18,ORV Sagar Kanya,124,3200,-3.0,65.0,23-05-1997 04:00,SK,41,NIO,0
sk124.csv,CTD_NIO_1m,SK_124_19,19,ORV Sagar Kanya,124,3064,-2.0,65.0,23-05-1997 19:10,SK,41,NIO,0
sk124.csv,CTD_NIO_1m,SK_124_20,20,ORV Sagar Kanya,124,3050,-1.5,65.0,24-05-1997 01:45,SK,41,NIO,0
sk124.csv,CTD_NIO_1m,SK_124_21,21,ORV Sagar Kanya,124,3240,-1.0,65.0,24-05-1997 06:30,SK,41,NIO,0
sk124.csv,CTD_NIO_1m,SK_124_22,22,ORV Sagar Kanya,124,4481,-0.5,65.0,24-05-1997 11:00,SK,41,NIO,0
sk124.csv,CTD_NIO_1m,SK_124_23,23,ORV Sagar Kanya,124,3519,0.0,65.0,24-05-1997 17:35,SK,41,NIO,0
sk124.csv,CTD_NIO_1m,SK_124_24,24,ORV Sagar Kanya,124,3903,0.5,65.0,24-05-1997 22:15,SK,41,NIO,0
sk124.csv,CTD_NIO_1m,SK_124_25,25,ORV Sagar Kanya,124,3600,1.0,65.0,25-05-1997 03:10,SK,41,NIO,0
sk124.csv,CTD_NIO_1m,SK_124_26,26,ORV Sagar Kanya,124,3657,1.5,65.0,25-05-1997 08:00,SK,41,NIO,0
sk124.csv,CTD_NIO_1m,SK_124_27,27,ORV Sagar Kanya,124,2700,2.0,65.0,25-05-1997 13:25,SK,41,NIO,0
sk124.csv,CTD_NIO_1m,SK_124_28,28,ORV Sagar Kanya,124,2697,3.0,65.0,25-05-1997 21:45,SK,41,NIO,0
sk124.csv,CTD_NIO_1m,SK_124_29,29,ORV Sagar Kanya,124,3335,4.02,65.0,26-05-1997 06:10,SK,41,NIO,0
sk124.csv,CTD_NIO_1m,SK_124_30,30,ORV Sagar Kanya,124,3310,5.0,65.0,26-05-1997 15:15,SK,41,NIO,0
sk124.csv,CTD_NIO_1m,SK_124_31,31,ORV Sagar Kanya,124,4139,5.0,69.0,27-05-1997 20:00,SK,41,NIO,0
sk124.csv,CTD_NIO_1m,SK_124_32,32,ORV Sagar Kanya,124,4000,4.0,69.0,28-05-1997 01:00,SK,41,NIO,0
sk124.csv,CTD_NIO_1m,SK_124_33,33,ORV Sagar Kanya,124,3250,3.0,69.0,28-05-1997 14:45,SK,41,NIO,0
sk124.csv,CTD_NIO_1m,SK_124_34,34,ORV Sagar Kanya,124,3600,2.0,69.0,29-05-1997 00:15,SK,41,NIO,0
sk124.csv,CTD_NIO_1m,SK_124_35,35,ORV Sagar Kanya,124,4000,1.5,69.0,29-05-1997 05:15,SK,41,NIO,0
sk124.csv,CTD_NIO_1m,SK_124_36,36,ORV Sagar Kanya,124,3840,1.0,69.0,29-05-1997 10:05,SK,41,NIO,0
sk124.csv,CTD_NIO_1m,SK_124_37,37,ORV Sagar Kanya,124,3520,0.5,69.0,29-05-1997 15:15,SK,41,NIO,0
sk124.csv,CTD_NIO_1m,SK_124_38,38,ORV Sagar Kanya,124,3981,0.0,69.0,29-05-1997 20:50,SK,41,NIO,0
sk124.csv,CTD_NIO_1m,SK_124_39,39,ORV Sagar Kanya,124,3360,-0.5,69.0,30-05-1997 02:00,SK,41,NIO,0
sk124.csv,CTD_NIO_1m,SK_124_40,40,ORV Sagar Kanya,124,3400,-1.0,69.0,30-05-1997 07:10,SK,41,NIO,0
sk124.csv,CTD_NIO_1m,SK_124_41,41,ORV Sagar Kanya,124,3219,-1.5,69.0,30-05-1997 11:45,SK,41,NIO,0
sk124.csv,CTD_NIO_1m,SK_124_42,42,ORV Sagar Kanya,124,3050,-2.0,69.0,30-05-1997 16:45,SK,41,NIO,0
sk124.csv,CTD_NIO_1m,SK_124_43,43,ORV Sagar Kanya,124,2900,-3.0,69.0,31-05-1997 00:48,SK,41,NIO,0
sk124.csv,CTD_NIO_1m,SK_124_44,44,ORV Sagar Kanya,124,2700,-4.0,69.0,31-05-1997 09:00,SK,41,NIO,0
sk124.csv,CTD_NIO_1m,SK_124_45,45,ORV Sagar Kanya,124,2600,-5.0,69.0,31-05-1997 18:15,SK,41,NIO,0
sk124.csv,CTD_NIO_1m,SK_124_46,46,ORV Sagar Kanya,124,5194,-5.0,76.0,06-02-1997 19:15,SK,41,NIO,0
sk124.csv,CTD_NIO_1m,SK_124_47,47,ORV Sagar Kanya,124,5018,-4.0,76.0,06-03-1997 03:40,SK,41,NIO,0
sk124.csv,CTD_NIO_1m,SK_124_48,48,ORV Sagar Kanya,124,4005,-3.0,76.0,06-03-1997 11:40,SK,41,NIO,0
sk124.csv,CTD_NIO_1m,SK_124_49,49,ORV Sagar Kanya,124,4755,-2.0,76.0,06-03-1997 19:45,SK,41,NIO,0
sk124.csv,CTD_NIO_1m,SK_124_50,50,ORV Sagar Kanya,124,4755,-1.5,76.0,06-04-1997 00:05,SK,41,NIO,0
sk124.csv,CTD_NIO_1m,SK_124_51,51,ORV Sagar Kanya,124,4750,-1.0,76.0,06-04-1997 04:40,SK,41,NIO,0
sk124.csv,CTD_NIO_1m,SK_124_52,52,ORV Sagar Kanya,124,4261,-0.5,76.0,06-04-1997 09:20,SK,41,NIO,0
sk124.csv,CTD_NIO_1m,SK_124_53,53,ORV Sagar Kanya,124,4130,0.0,76.0,06-04-1997 14:00,SK,41,NIO,0
sk124.csv,CTD_NIO_1m,SK_124_54,54,ORV Sagar Kanya,124,4212,0.5,76.0,06-04-1997 18:45,SK,41,NIO,0
sk124.csv,CTD_NIO_1m,SK_124_55,55,ORV Sagar Kanya,124,4030,1.0,76.0,06-04-1997 23:10,SK,41,NIO,0
sk124.csv,CTD_NIO_1m,SK_124_56,56,ORV Sagar Kanya,124,3535,1.5,76.0,06-05-1997 03:40,SK,41,NIO,0
sk124.csv,CTD_NIO_1m,SK_124_57,57,ORV Sagar Kanya,124,2727,2.0,76.0,06-05-1997 08:30,SK,41,NIO,0
sk124.csv,CTD_NIO_1m,SK_124_58,58,ORV Sagar Kanya,124,3505,3.0,76.0,06-05-1997 16:45,SK,41,NIO,0
sk124.csv,CTD_NIO_1m,SK_124_59,59,ORV Sagar Kanya,124,3100,4.02,76.0,06-06-1997 03:45,SK,41,NIO,0
sk124.csv,CTD_NIO_1m,SK_124_60,60,ORV Sagar Kanya,124,2167,5.0,76.0,06-06-1997 11:15,SK,41,NIO,0
sk124.csv,CTD_NIO_1m,SK_124_60,60,ORV Sagar Kanya,124,2167,5.0,76.0,06-06-1997 11:15,SK,41,NIO,0
sk137.csv,CTD_NIO_1m,SK_137_1,1,ORV Sagar Kanya,137,21,15.532,73.677,20-07-1998 20:20,SK,41,NIO,1
sk137.csv,CTD_NIO_1m,SK_137_2,2,ORV Sagar Kanya,137,24,15.529,73.629,20-07-1998 21:35,SK,41,NIO,1
sk137.csv,CTD_NIO_1m,SK_137_3,3,ORV Sagar Kanya,137,1580,15.14,72.417,21-07-1998 08:15,SK,41,NIO,1
sk137.csv,CTD_NIO_1m,SK_137_4,4,ORV Sagar Kanya,137,857,15.259,72.729,21-07-1998 17:45,SK,41,NIO,1
sk137.csv,CTD_NIO_1m,SK_137_5,5,ORV Sagar Kanya,137,347,15.302,72.833,21-07-1998 22:35,SK,41,NIO,1
sk137.csv,CTD_NIO_1m,SK_137_6,6,ORV Sagar Kanya,137,90,15.376,73.12,22-07-1998 01:30,SK,41,NIO,1
sk137.csv,CTD_NIO_1m,SK_137_7,7,ORV Sagar Kanya,137,52,15.451,73.397,22-07-1998 04:30,SK,41,NIO,1
sk137.csv,CTD_NIO_1m,SK_137_8,8,ORV Sagar Kanya,137,22,15.503,73.6,22-07-1998 06:30,SK,41,NIO,1
sk137.csv,CTD_NIO_1m,SK_137_9,9,ORV Sagar Kanya,137,21,13.13,74.634,23-07-1998 12:10,SK,41,NIO,1
sk137.csv,CTD_NIO_1m,SK_137_10,10,ORV Sagar Kanya,137,35,13.101,74.559,23-07-1998 16:30,SK,41,NIO,1
sk137.csv,CTD_NIO_1m,SK_137_11,11,ORV Sagar Kanya,137,58,12.95,74.311,23-07-1998 20:50,SK,41,NIO,1
sk137.csv,CTD_NIO_1m,SK_137_12,12,ORV Sagar Kanya,137,100,12.872,74.11,23-07-1998 23:45,SK,41,NIO,1
sk137.csv,CTD_NIO_1m,SK_137_13,13,ORV Sagar Kanya,137,850,12.804,73.947,24-07-1998 02:55,SK,41,NIO,1
sk137.csv,CTD_NIO_1m,SK_137_14,14,ORV Sagar Kanya,137,2000,12.599,73.487,24-07-1998 07:45,SK,41,NIO,1
sk137.csv,CTD_NIO_1m,SK_137_15,15,ORV Sagar Kanya,137,2000,10.333,74.854,25-07-1998 04:45,SK,41,NIO,1
sk137.csv,CTD_NIO_1m,SK_137_16,16,ORV Sagar Kanya,137,1800,10.397,75.043,25-07-1998 10:10,SK,41,NIO,1
sk137.csv,CTD_NIO_1m,SK_137_17,17,ORV Sagar Kanya,137,1000,10.5,75.258,25-07-1998 14:45,SK,41,NIO,1
sk137.csv,CTD_NIO_1m,SK_137_18,18,ORV Sagar Kanya,137,100,10.561,75.41,25-07-1998 19:00,SK,41,NIO,1
sk137.csv,CTD_NIO_1m,SK_137_19,19,ORV Sagar Kanya,137,50,10.625,75.603,25-07-1998 09:50,SK,41,NIO,1
sk137.csv,CTD_NIO_1m,SK_137_20,20,ORV Sagar Kanya,137,26,10.699,75.751,26-07-1998 10:00,SK,41,NIO,1
sk137.csv,CTD_NIO_1m,SK_137_21,21,ORV Sagar Kanya,137,40,8.981,76.315,26-07-1998 12:25,SK,41,NIO,1
sk137.csv,CTD_NIO_1m,SK_137_22,22,ORV Sagar Kanya,137,55,8.929,76.132,26-07-1998 16:00,SK,41,NIO,1
sk137.csv,CTD_NIO_1m,SK_137_23,23,ORV Sagar Kanya,137,320,8.84,75.963,26-07-1998 18:35,SK,41,NIO,1
sk137.csv,CTD_NIO_1m,SK_137_24,24,ORV Sagar Kanya,137,350,8.779,75.802,26-07-1998 21:20,SK,41,NIO,1
sk137.csv,CTD_NIO_1m,SK_137_25,25,ORV Sagar Kanya,137,307,8.694,75.631,27-07-1998 02:05,SK,41,NIO,1
sk137.csv,CTD_NIO_1m,SK_137_26,26,ORV Sagar Kanya,137,1800,8.583,75.438,27-07-1998 06:35,SK,41,NIO,1
sk137.csv,CTD_NIO_1m,SK_137_27,27,ORV Sagar Kanya,137,70,7.483,76.989,27-07-1998 22:35,SK,41,NIO,1
sk137.csv,CTD_NIO_1m,SK_137_28,28,ORV Sagar Kanya,137,3200,12.016,83.002,31-07-1998 21:45,SK,41,NIO,1
sk137.csv,CTD_NIO_1m,SK_137_29,29,ORV Sagar Kanya,137,3000,9.999,82.999,08-01-1998 19:20,SK,41,NIO,0
sk137.csv,CTD_NIO_1m,SK_137_30,30,ORV Sagar Kanya,137,1580,8.581,75.443,08-06-1998 19:25,SK,41,NIO,1
sk137.csv,CTD_NIO_1m,SK_137_31,31,ORV Sagar Kanya,137,307,8.696,75.635,08-06-1998 23:15,SK,41,NIO,1
sk137.csv,CTD_NIO_1m,SK_137_32,32,ORV Sagar Kanya,137,365,8.784,75.806,08-07-1998 01:45,SK,41,NIO,1
sk137.csv,CTD_NIO_1m,SK_137_33,33,ORV Sagar Kanya,137,310,8.848,75.966,08-07-1998 04:20,SK,41,NIO,1
sk137.csv,CTD_NIO_1m,SK_137_34,34,ORV Sagar Kanya,137,55,8.929,76.135,08-07-1998 07:35,SK,41,NIO,1
sk137.csv,CTD_NIO_1m,SK_137_36,36,ORV Sagar Kanya,137,20,8.975,76.434,08-07-1998 12:00,SK,41,NIO,1
sk137.csv,CTD_NIO_1m,SK_137_37,37,ORV Sagar Kanya,137,25,9.326,76.24,08-07-1998 19:00,SK,41,NIO,1
sk137.csv,CTD_NIO_1m,SK_137_38,38,ORV Sagar Kanya,137,20,9.841,76.149,08-08-1998 07:00,SK,41,NIO,1
sk137.csv,CTD_NIO_1m,SK_137_39,39,ORV Sagar Kanya,137,32,9.95,76.017,08-08-1998 14:00,SK,41,NIO,1
sk137.csv,CTD_NIO_1m,SK_137_40,40,ORV Sagar Kanya,137,30,10.333,75.914,08-08-1998 21:45,SK,41,NIO,1
sk137.csv,CTD_NIO_1m,SK_137_41,41,ORV Sagar Kanya,137,2130,10.35,74.897,08-09-1998 12:40,SK,41,NIO,1
sk137.csv,CTD_NIO_1m,SK_137_42,42,ORV Sagar Kanya,137,1900,10.4,75.039,08-09-1998 16:45,SK,41,NIO,1
sk137.csv,CTD_NIO_1m,SK_137_43,43,ORV Sagar Kanya,137,400,10.491,75.195,08-09-1998 19:00,SK,41,NIO,1
sk137.csv,CTD_NIO_1m,SK_137_44,44,ORV Sagar Kanya,137,120,10.555,75.415,08-10-1998 02:30,SK,41,NIO,1
sk137.csv,CTD_NIO_1m,SK_137_45,45,ORV Sagar Kanya,137,60,10.627,75.603,08-10-1998 05:10,SK,41,NIO,1
sk137.csv,CTD_NIO_1m,SK_137_46,46,ORV Sagar Kanya,137,27,10.7,75.755,08-10-1998 07:15,SK,41,NIO,1
sk137.csv,CTD_NIO_1m,SK_137_47,47,ORV Sagar Kanya,137,35,11.074,75.568,08-10-1998 17:10,SK,41,NIO,1
sk137.csv,CTD_NIO_1m,SK_137_48,48,ORV Sagar Kanya,137,37,11.848,75.129,08-11-1998 03:30,SK,41,NIO,1
sk137.csv,CTD_NIO_1m,SK_137_49,49,ORV Sagar Kanya,137,50,11.834,74.991,08-11-1998 06:20,SK,41,NIO,1
sk137.csv,CTD_NIO_1m,SK_137_50,50,ORV Sagar Kanya,137,65,11.8,74.901,08-11-1998 10:00,SK,41,NIO,1
sk137.csv,CTD_NIO_1m,SK_137_51,51,ORV Sagar Kanya,137,80,11.734,74.735,08-11-1998 13:15,SK,41,NIO,1
sk137.csv,CTD_NIO_1m,SK_137_52,52,ORV Sagar Kanya,137,1500,11.582,74.445,08-11-1998 17:50,SK,41,NIO,1
sk137.csv,CTD_NIO_1m,SK_137_53,53,ORV Sagar Kanya,137,1950,12.599,73.491,08-12-1998 07:54,SK,41,NIO,1
sk137.csv,CTD_NIO_1m,SK_137_54,54,ORV Sagar Kanya,137,810,12.599,73.945,08-12-1998 16:25,SK,41,NIO,1
sk137.csv,CTD_NIO_1m,SK_137_55,55,ORV Sagar Kanya,137,110,12.873,74.111,08-12-1998 19:05,SK,41,NIO,1
sk137.csv,CTD_NIO_1m,SK_137_56,56,ORV Sagar Kanya,137,55,12.954,74.302,08-12-1998 22:00,SK,41,NIO,1
sk137.csv,CTD_NIO_1m,SK_137_57,57,ORV Sagar Kanya,137,35,12.515,74.791,13-08-1998 06:00,SK,41,NIO,1
sk137.csv,CTD_NIO_1m,SK_137_58,58,ORV Sagar Kanya,137,33,12.848,74.668,13-08-1998 13:10,SK,41,NIO,1
sk137.csv,CTD_NIO_1m,SK_137_59,59,ORV Sagar Kanya,137,25,13.127,74.632,13-08-1998 17:05,SK,41,NIO,1
sk137.csv,CTD_NIO_1m,SK_137_76,59B,ORV Sagar Kanya,137,25,13.127,74.632,13-08-1998 20:00,SK,41,NIO,1
sk137.csv,CTD_NIO_1m,SK_137_60,60,ORV Sagar Kanya,137,35,13.1,74.592,13-08-1998 21:55,SK,41,NIO,1
sk137.csv,CTD_NIO_1m,SK_137_61,61,ORV Sagar Kanya,137,40,13.102,74.558,13-08-1998 23:40,SK,41,NIO,1
sk137.csv,CTD_NIO_1m,SK_137_62,62,ORV Sagar Kanya,137,35,13.731,74.418,14-08-1998 06:30,SK,41,NIO,1
sk137.csv,CTD_NIO_1m,SK_137_63,63,ORV Sagar Kanya,137,26,13.782,74.474,14-08-1998 08:40,SK,41,NIO,1
sk137.csv,CTD_NIO_1m,SK_137_64,64,ORV Sagar Kanya,137,22,14.467,74.251,14-08-1998 17:30,SK,41,NIO,1
sk137.csv,CTD_NIO_1m,SK_137_65,65,ORV Sagar Kanya,137,33,14.467,74.17,14-08-1998 19:50,SK,41,NIO,1
sk137.csv,CTD_NIO_1m,SK_137_66,66,ORV Sagar Kanya,137,44,14.398,74.004,14-08-1998 23:00,SK,41,NIO,1
sk137.csv,CTD_NIO_1m,SK_137_67,67,ORV Sagar Kanya,137,1800,15.147,72.413,15-08-1998 14:05,SK,41,NIO,1
sk137.csv,CTD_NIO_1m,SK_137_68,68,ORV Sagar Kanya,137,900,15.268,72.691,15-08-1998 19:00,SK,41,NIO,1
sk137.csv,CTD_NIO_1m,SK_137_70,70,ORV Sagar Kanya,137,28,15.503,73.603,16-08-1998 14:30,SK,41,NIO,1
sk137.csv,CTD_NIO_1m,SK_137_71,71,ORV Sagar Kanya,137,24,15.529,73.626,16-08-1998 17:05,SK,41,NIO,1
sk137.csv,CTD_NIO_1m,SK_137_72,72,ORV Sagar Kanya,137,41,15.479,73.511,16-08-1998 19:00,SK,41,NIO,1
sk137.csv,CTD_NIO_1m,SK_137_73,73,ORV Sagar Kanya,137,80,15.391,73.22,16-08-1998 22:40,SK,41,NIO,1
sk138c-07.csv,CTD_NIO_1m,SK_138C_12,01-Jul,ORV Sagar Kanya,138C,3776,7.0,87.011,30-10-1998 03:25,SK,41,NIO,0
sk138c-07.csv,CTD_NIO_1m,SK_138C_13,02-Jul,ORV Sagar Kanya,138C,3776,7.0,87.0,30-10-1998 06:55,SK,41,NIO,0
sk138c-07.csv,CTD_NIO_1m,SK_138C_14,04-Jul,ORV Sagar Kanya,138C,3776,7.033,87.0,30-10-1998 15:15,SK,41,NIO,0
sk138c-07.csv,CTD_NIO_1m,SK_138C_15,05-Jul,ORV Sagar Kanya,138C,3776,6.99,86.99,30-10-1998 18:35,SK,41,NIO,0
sk138c-07.csv,CTD_NIO_1m,SK_138C_16,06-Jul,ORV Sagar Kanya,138C,3776,7.0,87.0,30-10-1998 21:45,SK,41,NIO,0
sk138c-07.csv,CTD_NIO_1m,SK_138C_17,07-Jul,ORV Sagar Kanya,138C,3776,7.0,87.0,31-10-1998 00:55,SK,41,NIO,0
sk138c-07.csv,CTD_NIO_1m,SK_138C_18,08-Jul,ORV Sagar Kanya,138C,3776,6.936,87.11,31-10-1998 03:55,SK,41,NIO,0
sk138c-07.csv,CTD_NIO_1m,SK_138C_19,09-Jul,ORV Sagar Kanya,138C,3776,6.991,86.975,31-10-1998 07:20,SK,41,NIO,0
sk138c-07.csv,CTD_NIO_1m,SK_138C_20,10-Jul,ORV Sagar Kanya,138C,3776,7.0,87.0,31-10-1998 09:30,SK,41,NIO,0
sk138c-07.csv,CTD_NIO_1m,SK_138C_21,11-Jul,ORV Sagar Kanya,138C,3776,7.0,87.0,31-10-1998 13:05,SK,41,NIO,0
sk138c-07.csv,CTD_NIO_1m,SK_138C_22,12-Jul,ORV Sagar Kanya,138C,3776,7.0,87.0,31-10-1998 15:30,SK,41,NIO,0
sk138c-07.csv,CTD_NIO_1m,SK_138C_23,13-Jul,ORV Sagar Kanya,138C,3776,7.0,87.0,31-10-1998 18:50,SK,41,NIO,0
sk138c-07.csv,CTD_NIO_1m,SK_138C_24,14-Jul,ORV Sagar Kanya,138C,3776,7.0,87.0,31-10-1998 21:50,SK,41,NIO,0
sk138c-07.csv,CTD_NIO_1m,SK_138C_25,15-Jul,ORV Sagar Kanya,138C,3776,7.0,87.0,11-01-1998 00:30,SK,41,NIO,0
sk138c-10.csv,CTD_NIO_1m,SK_138C_26,01-Oct,ORV Sagar Kanya,138C,3394,10.005,87.002,11-02-1998 03:10,SK,41,NIO,0
sk138c-10.csv,CTD_NIO_1m,SK_138C_27,02-Oct,ORV Sagar Kanya,138C,3394,9.966,87.0,11-02-1998 06:45,SK,41,NIO,0
sk138c-10.csv,CTD_NIO_1m,SK_138C_28,03-Oct,ORV Sagar Kanya,138C,3394,10.0,87.0,11-02-1998 10:00,SK,41,NIO,0
sk138c-10.csv,CTD_NIO_1m,SK_138C_29,04-Oct,ORV Sagar Kanya,138C,3394,10.0,87.0,11-02-1998 12:35,SK,41,NIO,0
sk138c-10.csv,CTD_NIO_1m,SK_138C_31,06-Oct,ORV Sagar Kanya,138C,3394,9.965,87.0,11-02-1998 18:35,SK,41,NIO,0
sk138c-10.csv,CTD_NIO_1m,SK_138C_32,07-Oct,ORV Sagar Kanya,138C,3394,10.0,87.0,11-02-1998 21:45,SK,41,NIO,0
sk138c-10.csv,CTD_NIO_1m,SK_138C_33,08-Oct,ORV Sagar Kanya,138C,3394,10.0,87.0,11-03-1998 00:45,SK,41,NIO,0
sk138c-10.csv,CTD_NIO_1m,SK_138C_34,09-Oct,ORV Sagar Kanya,138C,3394,10.0,87.0,11-03-1998 04:45,SK,41,NIO,0
sk138c-10.csv,CTD_NIO_1m,SK_138C_35,10-Oct,ORV Sagar Kanya,138C,3394,10.0,87.0,11-03-1998 07:45,SK,41,NIO,0
sk138c-10.csv,CTD_NIO_1m,SK_138C_36,11-Oct,ORV Sagar Kanya,138C,3394,10.0,87.0,11-03-1998 10:45,SK,41,NIO,0
sk138c-10.csv,CTD_NIO_1m,SK_138C_37,12-Oct,ORV Sagar Kanya,138C,3394,10.0,87.0,11-03-1998 13:45,SK,41,NIO,0
sk138c-10.csv,CTD_NIO_1m,SK_138C_38,13-Oct,ORV Sagar Kanya,138C,3394,10.0,87.0,11-03-1998 16:40,SK,41,NIO,0
sk138c-10.csv,CTD_NIO_1m,SK_138C_39,14-Oct,ORV Sagar Kanya,138C,3394,9.983,87.0,11-03-1998 19:45,SK,41,NIO,0
sk138c-10.csv,CTD_NIO_1m,SK_138C_40,15-Oct,ORV Sagar Kanya,138C,3394,10.0,87.0,11-03-1998 22:40,SK,41,NIO,0
sk138c-10.csv,CTD_NIO_1m,SK_138C_41,16-Oct,ORV Sagar Kanya,138C,3394,10.0,87.0,11-04-1998 01:40,SK,41,NIO,0
sk138c-13.csv,CTD_NIO_1m,SK_138C_42,13-Jan,ORV Sagar Kanya,138C,3180,13.005,86.993,11-05-1998 02:15,SK,41,NIO,0
sk138c-13.csv,CTD_NIO_1m,SK_138C_43,13-Feb,ORV Sagar Kanya,138C,3180,13.0,87.0,11-05-1998 05:30,SK,41,NIO,0
sk138c-13.csv,CTD_NIO_1m,SK_138C_44,13-Mar,ORV Sagar Kanya,138C,3180,13.0,87.0,11-05-1998 08:30,SK,41,NIO,0
sk138c-13.csv,CTD_NIO_1m,SK_138C_45,13-Apr,ORV Sagar Kanya,138C,3180,13.083,86.983,11-05-1998 11:20,SK,41,NIO,0
sk138c-13.csv,CTD_NIO_1m,SK_138C_46,13-May,ORV Sagar Kanya,138C,3180,13.0,86.983,11-05-1998 15:00,SK,41,NIO,0
sk138c-13.csv,CTD_NIO_1m,SK_138C_47,13-Jun,ORV Sagar Kanya,138C,3180,13.0,87.0,11-05-1998 18:20,SK,41,NIO,0
sk138c-13.csv,CTD_NIO_1m,SK_138C_48,13-Jul,ORV Sagar Kanya,138C,3180,13.0,87.0,11-05-1998 20:45,SK,41,NIO,0
sk138c-13.csv,CTD_NIO_1m,SK_138C_49,13-Aug,ORV Sagar Kanya,138C,3180,13.0,87.0,11-05-1998 23:30,SK,41,NIO,0
sk138c-13.csv,CTD_NIO_1m,SK_138C_50,13-Sep,ORV Sagar Kanya,138C,3180,13.0,87.0,11-06-1998 02:40,SK,41,NIO,0
sk138c-5-19.csv,CTD_NIO_1m,SK_138C_1,5,ORV Sagar Kanya,138C,3917,6.348,85.323,29-10-1998 07:50,SK,41,NIO,0
sk138c-5-19.csv,CTD_NIO_1m,SK_138C_2,6,ORV Sagar Kanya,138C,3855,6.669,86.086,29-10-1998 16:25,SK,41,NIO,0
sk138c-5-19.csv,CTD_NIO_1m,SK_138C_3,9,ORV Sagar Kanya,138C,3562,9.005,87.003,11-01-1998 18:25,SK,41,NIO,0
sk138c-5-19.csv,CTD_NIO_1m,SK_138C_4,11,ORV Sagar Kanya,138C,3376,11.0,87.0,11-04-1998 09:40,SK,41,NIO,0
sk138c-5-19.csv,CTD_NIO_1m,SK_138C_5,12,ORV Sagar Kanya,138C,3279,12.0,87.0,11-04-1998 17:50,SK,41,NIO,0
sk138c-5-19.csv,CTD_NIO_1m,SK_138C_6,14,ORV Sagar Kanya,138C,3299,11.998,86.426,11-06-1998 13:15,SK,41,NIO,0
sk138c-5-19.csv,CTD_NIO_1m,SK_138C_7,15,ORV Sagar Kanya,138C,3403,11.0,85.867,11-06-1998 23:55,SK,41,NIO,0
sk138c-5-19.csv,CTD_NIO_1m,SK_138C_8,16,ORV Sagar Kanya,138C,3568,9.997,85.334,11-07-1998 10:25,SK,41,NIO,0
sk138c-5-19.csv,CTD_NIO_1m,SK_138C_9,17,ORV Sagar Kanya,138C,3659,8.999,85.333,11-07-1998 19:20,SK,41,NIO,0
sk138c-5-19.csv,CTD_NIO_1m,SK_138C_10,18,ORV Sagar Kanya,138C,3703,7.999,85.328,11-08-1998 04:10,SK,41,NIO,0
sk138c-5-19.csv,CTD_NIO_1m,SK_138C_11,19,ORV Sagar Kanya,138C,3758,7.0,85.333,11-08-1998 13:05,SK,41,NIO,0
sk140.csv,CTD_NIO_1m,SK_140_1,1,ORV Sagar Kanya,140,22,15.515,73.685,12-01-1998 19:15,SK,41,NIO,1
sk140.csv,CTD_NIO_1m,SK_140_3,3,ORV Sagar Kanya,140,35,15.502,73.601,12-01-1998 22:30,SK,41,NIO,1
sk140.csv,CTD_NIO_1m,SK_140_4,4,ORV Sagar Kanya,140,47,15.479,73.509,12-02-1998 00:00,SK,41,NIO,1
sk140.csv,CTD_NIO_1m,SK_140_5,5,ORV Sagar Kanya,140,56,15.452,73.391,12-02-1998 01:55,SK,41,NIO,1
sk140.csv,CTD_NIO_1m,SK_140_6,6,ORV Sagar Kanya,140,72,15.42,73.282,12-02-1998 08:15,SK,41,NIO,1
sk140.csv,CTD_NIO_1m,SK_140_7,7,ORV Sagar Kanya,140,91,15.387,73.139,12-02-1998 11:40,SK,41,NIO,1
sk140.csv,CTD_NIO_1m,SK_140_8,8,ORV Sagar Kanya,140,120,15.374,72.979,12-02-1998 15:25,SK,41,NIO,1
sk140.csv,CTD_NIO_1m,SK_140_9,9,ORV Sagar Kanya,140,300,15.355,72.83,12-02-1998 19:00,SK,41,NIO,1
sk140.csv,CTD_NIO_1m,SK_140_10,10,ORV Sagar Kanya,140,900,15.271,72.683,12-03-1998 06:10,SK,41,NIO,1
sk140.csv,CTD_NIO_1m,SK_140_11,11,ORV Sagar Kanya,140,1700,15.144,72.387,12-03-1998 08:50,SK,41,NIO,1
sk140.csv,CTD_NIO_1m,SK_140_12,12,ORV Sagar Kanya,140,2000,15.0,71.999,12-03-1998 23:25,SK,41,NIO,1
sk140.csv,CTD_NIO_1m,SK_140_13,13,ORV Sagar Kanya,140,2600,14.998,70.997,12-04-1998 09:05,SK,41,NIO,1
sk140.csv,CTD_NIO_1m,SK_140_14,14,ORV Sagar Kanya,140,3450,15.0,69.995,12-04-1998 20:00,SK,41,NIO,1
sk140.csv,CTD_NIO_1m,SK_140_15,15,ORV Sagar Kanya,140,3850,14.999,68.998,12-05-1998 08:25,SK,41,NIO,0
sk140.csv,CTD_NIO_1m,SK_140_16,16,ORV Sagar Kanya,140,3900,15.0,67.997,12-05-1998 18:10,SK,41,NIO,0
sk140.csv,CTD_NIO_1m,SK_140_17,17,ORV Sagar Kanya,140,3950,15.0,66.995,12-06-1998 03:25,SK,41,NIO,0
sk140.csv,CTD_NIO_1m,SK_140_18,18,ORV Sagar Kanya,140,3825,14.996,65.996,12-06-1998 13:15,SK,41,NIO,0
sk140.csv,CTD_NIO_1m,SK_140_19,19,ORV Sagar Kanya,140,3825,15.0,65.0,12-06-1998 21:30,SK,41,NIO,0
sk140.csv,CTD_NIO_1m,SK_140_20,20,ORV Sagar Kanya,140,3500,16.999,65.999,12-07-1998 16:30,SK,41,NIO,0
sk140.csv,CTD_NIO_1m,SK_140_21,21,ORV Sagar Kanya,140,3200,18.992,66.978,12-08-1998 09:00,SK,41,NIO,0
sk140.csv,CTD_NIO_1m,SK_140_22,22,ORV Sagar Kanya,140,65,15.453,73.401,12-10-1998 15:20,SK,41,NIO,1
sk140.csv,CTD_NIO_1m,SK_140_23,23,ORV Sagar Kanya,140,60,15.479,73.511,12-10-1998 17:10,SK,41,NIO,1
sk140.csv,CTD_NIO_1m,SK_140_24,24,ORV Sagar Kanya,140,46,15.5,73.6,12-10-1998 18:40,SK,41,NIO,1
sk140.csv,CTD_NIO_1m,SK_140_25,25,ORV Sagar Kanya,140,29,15.523,73.688,12-10-1998 20:15,SK,41,NIO,1
sk140.csv,CTD_NIO_1m,SK_140_26,26,ORV Sagar Kanya,140,31,15.515,73.685,12-10-1998 22:00,SK,41,NIO,1
sk140.csv,CTD_NIO_1m,SK_140_27,27,ORV Sagar Kanya,140,3900,15.0,67.984,20-12-1998 09:00,SK,41,NIO,0
sk140.csv,CTD_NIO_1m,SK_140_28,28,ORV Sagar Kanya,140,3750,15.999,66.998,21-12-1998 03:30,SK,41,NIO,0
sk140.csv,CTD_NIO_1m,SK_140_30,30,ORV Sagar Kanya,140,3750,17.995,64.986,23-12-1998 00:40,SK,41,NIO,0
sk140.csv,CTD_NIO_1m,SK_140_29,29,ORV Sagar Kanya,140,3600,17.0,66.0,23-12-1998 01:00,SK,41,NIO,0
sk141.csv,CTD_NIO_1m,SK_141_1,1,ORV Sagar Kanya,141,0,1.983,77.0,27-01-1999 01:17,SK,41,NIO,0
sk141.csv,CTD_NIO_1m,SK_141_2,2,ORV Sagar Kanya,141,0,1.483,76.983,27-01-1999 07:28,SK,41,NIO,0
sk141.csv,CTD_NIO_1m,SK_141_3,3,ORV Sagar Kanya,141,0,0.983,76.983,27-01-1999 14:15,SK,41,NIO,0
sk141.csv,CTD_NIO_1m,SK_141_4,4,ORV Sagar Kanya,141,0,0.5,76.983,27-01-1999 19:52,SK,41,NIO,0
sk141.csv,CTD_NIO_1m,SK_141_5,5,ORV Sagar Kanya,141,0,0.001,76.983,28-01-1999 01:42,SK,41,NIO,0
sk141.csv,CTD_NIO_1m,SK_141_6,6,ORV Sagar Kanya,141,0,-0.5,76.983,28-01-1999 07:12,SK,41,NIO,0
sk141.csv,CTD_NIO_1m,SK_141_7,7,ORV Sagar Kanya,141,0,-1.0,77.0,28-01-1999 13:21,SK,41,NIO,0
sk141.csv,CTD_NIO_1m,SK_141_8,8,ORV Sagar Kanya,141,0,-1.5,77.0,28-01-1999 19:00,SK,41,NIO,0
sk141.csv,CTD_NIO_1m,SK_141_9,9,ORV Sagar Kanya,141,0,-2.0,77.0,29-01-1999 01:24,SK,41,NIO,0
sk141.csv,CTD_NIO_1m,SK_141_10,10,ORV Sagar Kanya,141,0,-3.0,77.0,29-01-1999 13:26,SK,41,NIO,0
sk141.csv,CTD_NIO_1m,SK_141_11,11,ORV Sagar Kanya,141,0,-4.0,77.0,29-01-1999 22:06,SK,41,NIO,0
sk141.csv,CTD_NIO_1m,SK_141_12,12,ORV Sagar Kanya,141,0,-5.0,77.0,30-01-1999 07:11,SK,41,NIO,0
sk141.csv,CTD_NIO_1m,SK_141_13,13,ORV Sagar Kanya,141,0,-6.0,77.0,30-01-1999 16:16,SK,41,NIO,0
sk141.csv,CTD_NIO_1m,SK_141_14,14,ORV Sagar Kanya,141,0,-7.0,77.0,31-01-1999 02:20,SK,41,NIO,0
sk141.csv,CTD_NIO_1m,SK_141_15,15,ORV Sagar Kanya,141,0,-8.0,77.0,31-01-1999 11:42,SK,41,NIO,0
sk141.csv,CTD_NIO_1m,SK_141_16,16,ORV Sagar Kanya,141,0,-9.0,77.0,31-01-1999 20:10,SK,41,NIO,0
sk141.csv,CTD_NIO_1m,SK_141_17,17,ORV Sagar Kanya,141,0,-10.0,77.0,02-01-1999 03:54,SK,41,NIO,0
sk141.csv,CTD_NIO_1m,SK_141_18,18,ORV Sagar Kanya,141,0,-11.0,77.0,02-01-1999 12:37,SK,41,NIO,0
sk141.csv,CTD_NIO_1m,SK_141_19,19,ORV Sagar Kanya,141,0,-12.0,77.0,02-01-1999 21:20,SK,41,NIO,0
sk141.csv,CTD_NIO_1m,SK_141_20,20,ORV Sagar Kanya,141,0,-13.0,77.0,02-02-1999 05:38,SK,41,NIO,0
sk141.csv,CTD_NIO_1m,SK_141_21,21,ORV Sagar Kanya,141,0,-14.0,77.0,02-02-1999 14:20,SK,41,NIO,0
sk141.csv,CTD_NIO_1m,SK_141_22,22,ORV Sagar Kanya,141,0,-15.0,77.0,02-02-1999 22:16,SK,41,NIO,0
sk141.csv,CTD_NIO_1m,SK_141_23,23,ORV Sagar Kanya,141,0,-16.0,77.0,02-03-1999 07:27,SK,41,NIO,0
sk141.csv,CTD_NIO_1m,SK_141_24,24,ORV Sagar Kanya,141,0,-17.0,77.0,02-03-1999 17:21,SK,41,NIO,0
sk141.csv,CTD_NIO_1m,SK_141_25,25,ORV Sagar Kanya,141,0,-18.0,77.0,02-04-1999 03:06,SK,41,NIO,0
sk141.csv,CTD_NIO_1m,SK_141_26,26,ORV Sagar Kanya,141,0,-19.0,77.0,02-04-1999 14:23,SK,41,NIO,0
sk141.csv,CTD_NIO_1m,SK_141_27,27,ORV Sagar Kanya,141,0,-20.0,77.0,02-05-1999 02:26,SK,41,NIO,0
sk141.csv,CTD_NIO_1m,SK_141_28,28,ORV Sagar Kanya,141,0,-20.0,76.0,02-05-1999 10:56,SK,41,NIO,0
sk141.csv,CTD_NIO_1m,SK_141_29,29,ORV Sagar Kanya,141,0,-20.0,75.0,02-05-1999 19:09,SK,41,NIO,0
sk141.csv,CTD_NIO_1m,SK_141_30,30,ORV Sagar Kanya,141,0,-20.0,74.0,02-06-1999 03:44,SK,41,NIO,0
sk141.csv,CTD_NIO_1m,SK_141_31,31,ORV Sagar Kanya,141,0,-20.0,73.0,02-06-1999 12:14,SK,41,NIO,0
sk141.csv,CTD_NIO_1m,SK_141_32,32,ORV Sagar Kanya,141,0,-20.0,72.0,02-06-1999 20:14,SK,41,NIO,0
sk141.csv,CTD_NIO_1m,SK_141_33,33,ORV Sagar Kanya,141,0,-20.0,71.0,02-07-1999 04:02,SK,41,NIO,0
sk141.csv,CTD_NIO_1m,SK_141_34,34,ORV Sagar Kanya,141,0,-20.0,70.0,02-07-1999 11:52,SK,41,NIO,0
sk141.csv,CTD_NIO_1m,SK_141_35,35,ORV Sagar Kanya,141,0,-20.0,69.0,02-07-1999 19:00,SK,41,NIO,0
sk141.csv,CTD_NIO_1m,SK_141_36,36,ORV Sagar Kanya,141,0,-16.333,63.0,19-02-1999 22:45,SK,41,NIO,0
sk141.csv,CTD_NIO_1m,SK_141_38,38,ORV Sagar Kanya,141,0,-14.0,63.0,20-02-1999 18:42,SK,41,NIO,0
sk141.csv,CTD_NIO_1m,SK_141_39,39,ORV Sagar Kanya,141,0,-13.0,63.0,21-02-1999 03:35,SK,41,NIO,0
sk141.csv,CTD_NIO_1m,SK_141_40,40,ORV Sagar Kanya,141,0,-12.0,63.0,21-02-1999 12:03,SK,41,NIO,0
sk141.csv,CTD_NIO_1m,SK_141_41,41,ORV Sagar Kanya,141,0,-11.0,63.0,21-02-1999 20:02,SK,41,NIO,0
sk141.csv,CTD_NIO_1m,SK_141_42,42,ORV Sagar Kanya,141,0,-10.0,63.0,22-02-1999 04:20,SK,41,NIO,0
sk141.csv,CTD_NIO_1m,SK_141_43,43,ORV Sagar Kanya,141,0,-9.0,63.0,22-02-1999 12:59,SK,41,NIO,0
sk141.csv,CTD_NIO_1m,SK_141_45,45,ORV Sagar Kanya,141,0,-0.001,63.0,25-02-1999 06:24,SK,41,NIO,0
sk141.csv,CTD_NIO_1m,SK_141_46,46,ORV Sagar Kanya,141,0,1.0,63.0,25-02-1999 15:17,SK,41,NIO,0
sk141.csv,CTD_NIO_1m,SK_141_47,47,ORV Sagar Kanya,141,0,2.0,63.0,25-02-1999 23:20,SK,41,NIO,0
sk141.csv,CTD_NIO_1m,SK_141_48,48,ORV Sagar Kanya,141,0,3.0,63.0,26-02-1999 07:55,SK,41,NIO,0
sk141.csv,CTD_NIO_1m,SK_141_49,49,ORV Sagar Kanya,141,0,4.0,63.0,26-02-1999 16:35,SK,41,NIO,0
sk141.csv,CTD_NIO_1m,SK_141_50,50,ORV Sagar Kanya,141,0,5.0,63.0,27-02-1999 00:33,SK,41,NIO,0
sk141.csv,CTD_NIO_1m,SK_141_51,51,ORV Sagar Kanya,141,0,6.0,62.72,27-02-1999 09:09,SK,41,NIO,0
sk141.csv,CTD_NIO_1m,SK_141_52,52,ORV Sagar Kanya,141,0,7.0,62.42,27-02-1999 18:01,SK,41,NIO,0
sk141.csv,CTD_NIO_1m,SK_141_53,53,ORV Sagar Kanya,141,0,8.0,62.1,28-02-1999 02:41,SK,41,NIO,0
sk141.csv,CTD_NIO_1m,SK_141_54,54,ORV Sagar Kanya,141,0,9.0,61.8,28-02-1999 10:58,SK,41,NIO,0
sk141.csv,CTD_NIO_1m,SK_141_55,55,ORV Sagar Kanya,141,0,10.0,61.52,28-02-1999 19:13,SK,41,NIO,0
sk141.csv,CTD_NIO_1m,SK_141_54,54,ORV Sagar Kanya,141,0,9.0,61.8,28-02-1999 10:58,SK,41,NIO,0
sk142.csv,CTD_NIO_1m,SK_142_1,3,ORV Sagar Kanya,142,3450,14.997,69.998,27-03-1999 11:45,SK,41,NIO,1
sk142.csv,CTD_NIO_1m,SK_142_2,3A,ORV Sagar Kanya,142,3450,14.997,69.998,27-03-1999 13:30,SK,41,NIO,1
sk142.csv,CTD_NIO_1m,SK_142_3,3S,ORV Sagar Kanya,142,3450,14.997,69.998,27-03-1999 15:30,SK,41,NIO,1
sk142.csv,CTD_NIO_1m,SK_142_4,4,ORV Sagar Kanya,142,3800,15.011,68.999,27-03-1999 22:55,SK,41,NIO,0
sk142.csv,CTD_NIO_1m,SK_142_5,4S,ORV Sagar Kanya,142,3800,15.011,68.999,28-03-1999 01:40,SK,41,NIO,0
sk142.csv,CTD_NIO_1m,SK_142_6,6,ORV Sagar Kanya,142,2600,14.997,71.004,29-03-1999 00:35,SK,41,NIO,1
sk142.csv,CTD_NIO_1m,SK_142_7,6S,ORV Sagar Kanya,142,2600,14.997,71.004,29-03-1999 02:00,SK,41,NIO,1
sk142.csv,CTD_NIO_1m,SK_142_8,8,ORV Sagar Kanya,142,1450,10.668,72.418,30-03-1999 16:05,SK,41,NIO,1
sk142.csv,CTD_NIO_1m,SK_142_9,8S,ORV Sagar Kanya,142,1450,10.668,72.418,30-03-1999 20:15,SK,41,NIO,1
sk146.csv,CTD_NIO_1m,SK_146_1,S01,ORV Sagar Kanya,146,0,10.559,72.699,24-06-1999 12:00,SK,41,NIO,1
sk146.csv,CTD_NIO_1m,SK_146_2,S02,ORV Sagar Kanya,146,0,10.565,72.67,24-06-1999 18:00,SK,41,NIO,1
sk146.csv,CTD_NIO_1m,SK_146_3,S03,ORV Sagar Kanya,146,0,10.561,72.664,25-06-1999 00:00,SK,41,NIO,1
sk146.csv,CTD_NIO_1m,SK_146_4,S04,ORV Sagar Kanya,146,0,10.571,72.657,25-06-1999 06:00,SK,41,NIO,1
sk146.csv,CTD_NIO_1m,SK_146_5,S05,ORV Sagar Kanya,146,0,10.557,72.685,25-06-1999 12:00,SK,41,NIO,1
sk146.csv,CTD_NIO_1m,SK_146_6,S06,ORV Sagar Kanya,146,0,10.558,72.658,25-06-1999 18:00,SK,41,NIO,1
sk146.csv,CTD_NIO_1m,SK_146_7,S07,ORV Sagar Kanya,146,0,10.557,72.668,26-06-1999 00:00,SK,41,NIO,1
sk146.csv,CTD_NIO_1m,SK_146_8,S08,ORV Sagar Kanya,146,0,10.582,72.658,26-06-1999 08:00,SK,41,NIO,1
sk146.csv,CTD_NIO_1m,SK_146_9,S09,ORV Sagar Kanya,146,0,10.553,72.675,26-06-1999 12:00,SK,41,NIO,1
sk146.csv,CTD_NIO_1m,SK_146_10,S10,ORV Sagar Kanya,146,0,10.553,72.675,26-06-1999 18:00,SK,41,NIO,1
sk146.csv,CTD_NIO_1m,SK_146_11,S11,ORV Sagar Kanya,146,0,10.541,72.687,27-06-1999 00:00,SK,41,NIO,1
sk146.csv,CTD_NIO_1m,SK_146_12,S12,ORV Sagar Kanya,146,0,8.379,73.222,27-06-1999 15:00,SK,41,NIO,1
sk146.csv,CTD_NIO_1m,SK_146_13,S13,ORV Sagar Kanya,146,0,7.532,73.653,27-06-1999 11:00,SK,41,NIO,1
sk146.csv,CTD_NIO_1m,SK_146_14,S14,ORV Sagar Kanya,146,0,6.659,74.037,28-06-1999 07:00,SK,41,NIO,1
sk146.csv,CTD_NIO_1m,SK_146_15,S15,ORV Sagar Kanya,146,0,5.699,74.485,28-06-1999 15:00,SK,41,NIO,1
sk146.csv,CTD_NIO_1m,SK_146_16,S16,ORV Sagar Kanya,146,0,4.776,74.892,28-06-1999 23:00,SK,41,NIO,0
sk146.csv,CTD_NIO_1m,SK_146_17,S17,ORV Sagar Kanya,146,0,3.842,75.264,29-06-1999 07:00,SK,41,NIO,0
sk146.csv,CTD_NIO_1m,SK_146_18,S18,ORV Sagar Kanya,146,0,3.005,75.695,29-06-1999 15:00,SK,41,NIO,0
sk146.csv,CTD_NIO_1m,SK_146_19,S19,ORV Sagar Kanya,146,0,2.162,76.136,29-06-1999 23:00,SK,41,NIO,0
sk146.csv,CTD_NIO_1m,SK_146_20,S20,ORV Sagar Kanya,146,0,1.436,76.421,30-06-1999 07:00,SK,41,NIO,0
sk146.csv,CTD_NIO_1m,SK_146_21,S21,ORV Sagar Kanya,146,0,0.755,76.793,30-06-1999 15:00,SK,41,NIO,0
sk146.csv,CTD_NIO_1m,SK_146_22,S22,ORV Sagar Kanya,146,0,0.073,77.138,30-06-1999 23:00,SK,41,NIO,0
sk146.csv,CTD_NIO_1m,SK_146_23,S23,ORV Sagar Kanya,146,0,0.582,77.475,07-01-1999 07:00,SK,41,NIO,0
sk146.csv,CTD_NIO_1m,SK_146_24,S24,ORV Sagar Kanya,146,0,-1.227,77.821,07-01-1999 15:00,SK,41,NIO,0
sk146.csv,CTD_NIO_1m,SK_146_25,S25,ORV Sagar Kanya,146,0,-1.857,78.194,07-01-1999 23:00,SK,41,NIO,0
sk146.csv,CTD_NIO_1m,SK_146_26,S26,ORV Sagar Kanya,146,0,-2.527,78.582,07-02-1999 07:00,SK,41,NIO,0
sk146.csv,CTD_NIO_1m,SK_146_27,S27,ORV Sagar Kanya,146,0,-3.238,78.957,07-02-1999 15:00,SK,41,NIO,0
sk146.csv,CTD_NIO_1m,SK_146_28,S28,ORV Sagar Kanya,146,0,-2.465,79.42,07-02-1999 18:00,SK,41,NIO,0
sk146.csv,CTD_NIO_1m,SK_146_29,S29,ORV Sagar Kanya,146,0,-1.789,79.852,07-03-1999 07:00,SK,41,NIO,0
sk146.csv,CTD_NIO_1m,SK_146_30,S30,ORV Sagar Kanya,146,0,-1.177,80.255,07-03-1999 15:00,SK,41,NIO,0
sk146.csv,CTD_NIO_1m,SK_146_31,S31,ORV Sagar Kanya,146,0,-0.552,80.804,07-03-1999 23:00,SK,41,NIO,0
sk146.csv,CTD_NIO_1m,SK_146_32,S32,ORV Sagar Kanya,146,0,0.19,81.478,07-04-1999 07:00,SK,41,NIO,0
sk146.csv,CTD_NIO_1m,SK_146_33,S33,ORV Sagar Kanya,146,0,0.848,81.991,07-04-1999 15:00,SK,41,NIO,0
sk146.csv,CTD_NIO_1m,SK_146_34,S34,ORV Sagar Kanya,146,0,1.573,82.533,07-04-1999 23:00,SK,41,NIO,0
sk146.csv,CTD_NIO_1m,SK_146_35,S35,ORV Sagar Kanya,146,0,2.364,83.083,07-05-1999 07:00,SK,41,NIO,0
sk146.csv,CTD_NIO_1m,SK_146_36,S36,ORV Sagar Kanya,146,0,3.769,84.05,07-05-1999 23:00,SK,41,NIO,0
sk146.csv,CTD_NIO_1m,SK_146_37,S37,ORV Sagar Kanya,146,0,4.464,84.531,07-06-1999 07:00,SK,41,NIO,0
sk146.csv,CTD_NIO_1m,SK_146_38,S38,ORV Sagar Kanya,146,0,5.0,84.971,07-06-1999 15:00,SK,41,NIO,0
sk146.csv,CTD_NIO_1m,SK_146_39,S39,ORV Sagar Kanya,146,0,5.61,84.76,07-06-1999 23:00,SK,41,NIO,1
sk146.csv,CTD_NIO_1m,SK_146_40,S40,ORV Sagar Kanya,146,0,6.16,84.59,07-07-1999 07:00,SK,41,NIO,1
sk146.csv,CTD_NIO_1m,SK_146_41,S41,ORV Sagar Kanya,146,0,6.822,84.47,07-07-1999 15:00,SK,41,NIO,1
sk146.csv,CTD_NIO_1m,SK_146_42,S42,ORV Sagar Kanya,146,0,7.413,84.337,07-07-1999 23:00,SK,41,NIO,1
sk146.csv,CTD_NIO_1m,SK_146_43,S43,ORV Sagar Kanya,146,0,8.127,84.25,07-08-1999 07:00,SK,41,NIO,1
sk146.csv,CTD_NIO_1m,SK_146_44,S44,ORV Sagar Kanya,146,0,8.797,84.085,07-08-1999 15:00,SK,41,NIO,1
sk146.csv,CTD_NIO_1m,SK_146_45,S45,ORV Sagar Kanya,146,0,9.457,83.774,07-08-1999 23:00,SK,41,NIO,1
sk146.csv,CTD_NIO_1m,SK_146_46,S46,ORV Sagar Kanya,146,0,10.238,83.447,07-09-1999 07:00,SK,41,NIO,1
sk146.csv,CTD_NIO_1m,SK_146_44,S44,ORV Sagar Kanya,146,0,8.797,84.085,07-08-1999 15:00,SK,41,NIO,1
sk147a.csv,CTD_NIO_1m,SK_147A_15,A-01,ORV Sagar Kanya,147A,2500,17.527,89.042,27-07-1999 04:00,SK,41,NIO,1
sk147a.csv,CTD_NIO_1m,SK_147A_16,A-02,ORV Sagar Kanya,147A,2500,17.52,89.09,27-07-1999 06:00,SK,41,NIO,1
sk147a.csv,CTD_NIO_1m,SK_147A_17,A-03,ORV Sagar Kanya,147A,2500,17.545,89.162,27-07-1999 09:00,SK,41,NIO,1
sk147a.csv,CTD_NIO_1m,SK_147A_18,A-04,ORV Sagar Kanya,147A,2500,17.562,89.142,27-07-1999 12:00,SK,41,NIO,1
sk147a.csv,CTD_NIO_1m,SK_147A_19,A-05,ORV Sagar Kanya,147A,2500,17.598,89.115,27-07-1999 15:08,SK,41,NIO,1
sk147a.csv,CTD_NIO_1m,SK_147A_20,A-06,ORV Sagar Kanya,147A,2500,17.56,89.152,27-07-1999 18:00,SK,41,NIO,1
sk147a.csv,CTD_NIO_1m,SK_147A_21,A-07,ORV Sagar Kanya,147A,2500,17.593,89.202,27-07-1999 21:00,SK,41,NIO,1
sk147a.csv,CTD_NIO_1m,SK_147A_22,A-08,ORV Sagar Kanya,147A,2500,17.61,89.162,28-07-1999 00:00,SK,41,NIO,1
sk147a.csv,CTD_NIO_1m,SK_147A_23,A-09,ORV Sagar Kanya,147A,2500,17.65,89.1,28-07-1999 03:00,SK,41,NIO,1
sk147a.csv,CTD_NIO_1m,SK_147A_25,A-11,ORV Sagar Kanya,147A,2500,17.675,89.175,28-07-1999 09:00,SK,41,NIO,1
sk147a.csv,CTD_NIO_1m,SK_147A_26,A-12,ORV Sagar Kanya,147A,2500,17.602,89.168,28-07-1999 12:10,SK,41,NIO,1
sk147a.csv,CTD_NIO_1m,SK_147A_27,A-13,ORV Sagar Kanya,147A,2500,17.542,89.175,28-07-1999 15:00,SK,41,NIO,1
sk147a.csv,CTD_NIO_1m,SK_147A_28,A-14,ORV Sagar Kanya,147A,2500,17.52,89.12,28-07-1999 18:00,SK,41,NIO,1
sk147a.csv,CTD_NIO_1m,SK_147A_29,A-15,ORV Sagar Kanya,147A,2500,17.548,89.205,28-07-1999 21:00,SK,41,NIO,1
sk147a.csv,CTD_NIO_1m,SK_147A_30,A-16,ORV Sagar Kanya,147A,2500,17.577,89.137,29-07-1999 00:10,SK,41,NIO,1
sk147a.csv,CTD_NIO_1m,SK_147A_31,A-17,ORV Sagar Kanya,147A,2500,17.573,89.073,29-07-1999 03:00,SK,41,NIO,1
sk147a.csv,CTD_NIO_1m,SK_147A_32,A-18,ORV Sagar Kanya,147A,2500,17.503,89.008,29-07-1999 06:00,SK,41,NIO,1
sk147a.csv,CTD_NIO_1m,SK_147A_33,A-19,ORV Sagar Kanya,147A,2500,17.52,89.06,29-07-1999 09:10,SK,41,NIO,1
sk147a.csv,CTD_NIO_1m,SK_147A_34,A-20,ORV Sagar Kanya,147A,2500,17.505,88.992,29-07-1999 12:05,SK,41,NIO,0
sk147a.csv,CTD_NIO_1m,SK_147A_35,A-21,ORV Sagar Kanya,147A,2500,17.505,89.04,29-07-1999 15:00,SK,41,NIO,1
sk147a.csv,CTD_NIO_1m,SK_147A_36,A-22,ORV Sagar Kanya,147A,2500,17.492,88.988,29-07-1999 18:05,SK,41,NIO,0
sk147a.csv,CTD_NIO_1m,SK_147A_37,A-23,ORV Sagar Kanya,147A,2500,17.51,89.035,29-07-1999 21:00,SK,41,NIO,1
sk147a.csv,CTD_NIO_1m,SK_147A_38,A-24,ORV Sagar Kanya,147A,2500,17.523,89.075,30-07-1999 00:00,SK,41,NIO,1
sk147a.csv,CTD_NIO_1m,SK_147A_39,A-25,ORV Sagar Kanya,147A,2500,17.503,89.002,30-07-1999 03:00,SK,41,NIO,1
sk147a.csv,CTD_NIO_1m,SK_147A_40,A-26,ORV Sagar Kanya,147A,2500,17.507,89.06,30-07-1999 06:10,SK,41,NIO,1
sk147a.csv,CTD_NIO_1m,SK_147A_41,A-27,ORV Sagar Kanya,147A,2500,17.528,89.098,30-07-1999 09:10,SK,41,NIO,1
sk147a.csv,CTD_NIO_1m,SK_147A_42,A-28,ORV Sagar Kanya,147A,2500,17.487,89.007,30-07-1999 12:00,SK,41,NIO,1
sk147a.csv,CTD_NIO_1m,SK_147A_43,A-29,ORV Sagar Kanya,147A,2500,17.472,89.04,30-07-1999 15:05,SK,41,NIO,1
sk147a.csv,CTD_NIO_1m,SK_147A_44,A-30,ORV Sagar Kanya,147A,2500,17.452,89.08,30-07-1999 18:00,SK,41,NIO,1
sk147a.csv,CTD_NIO_1m,SK_147A_45,A-31,ORV Sagar Kanya,147A,2500,17.453,89.088,30-07-1999 21:00,SK,41,NIO,1
sk147a.csv,CTD_NIO_1m,SK_147A_46,A-32,ORV Sagar Kanya,147A,2500,17.503,89.01,31-07-1999 00:00,SK,41,NIO,1
sk147a.csv,CTD_NIO_1m,SK_147A_47,A-33,ORV Sagar Kanya,147A,2500,17.49,89.025,31-07-1999 03:00,SK,41,NIO,1
sk147a.csv,CTD_NIO_1m,SK_147A_48,A-34,ORV Sagar Kanya,147A,2500,17.483,89.048,31-07-1999 06:00,SK,41,NIO,1
sk147a.csv,CTD_NIO_1m,SK_147A_49,A-35,ORV Sagar Kanya,147A,2500,17.492,89.058,31-07-1999 09:05,SK,41,NIO,1
sk147a.csv,CTD_NIO_1m,SK_147A_50,A-36,ORV Sagar Kanya,147A,2500,17.497,89.103,31-07-1999 12:00,SK,41,NIO,1
sk147a.csv,CTD_NIO_1m,SK_147A_51,A-37,ORV Sagar Kanya,147A,2500,17.507,89.025,31-07-1999 15:08,SK,41,NIO,1
sk147a.csv,CTD_NIO_1m,SK_147A_52,A-38,ORV Sagar Kanya,147A,2500,17.513,89.078,31-07-1999 18:05,SK,41,NIO,1
sk147a.csv,CTD_NIO_1m,SK_147A_53,A-39,ORV Sagar Kanya,147A,2500,17.522,89.123,31-07-1999 21:00,SK,41,NIO,1
sk147a.csv,CTD_NIO_1m,SK_147A_54,A-40,ORV Sagar Kanya,147A,2500,17.502,89.003,08-01-1999 00:00,SK,41,NIO,1
sk147a.csv,CTD_NIO_1m,SK_147A_55,A-41,ORV Sagar Kanya,147A,2500,17.488,88.988,08-01-1999 03:05,SK,41,NIO,0
sk147a.csv,CTD_NIO_1m,SK_147A_56,A-42,ORV Sagar Kanya,147A,2500,17.453,89.043,08-01-1999 06:05,SK,41,NIO,1
sk147a.csv,CTD_NIO_1m,SK_147A_57,A-43,ORV Sagar Kanya,147A,2500,17.423,89.083,08-01-1999 09:05,SK,41,NIO,1
sk147a.csv,CTD_NIO_1m,SK_147A_58,A-44,ORV Sagar Kanya,147A,2500,17.503,89.005,08-01-1999 12:00,SK,41,NIO,1
sk147a.csv,CTD_NIO_1m,SK_147A_59,A-45,ORV Sagar Kanya,147A,2500,17.49,89.097,08-01-1999 15:05,SK,41,NIO,1
sk147a.csv,CTD_NIO_1m,SK_147A_60,A-46,ORV Sagar Kanya,147A,2500,17.5,89.01,08-01-1999 18:05,SK,41,NIO,1
sk147a.csv,CTD_NIO_1m,SK_147A_61,A-47,ORV Sagar Kanya,147A,2500,17.513,89.05,08-01-1999 21:00,SK,41,NIO,1
sk147a.csv,CTD_NIO_1m,SK_147A_62,A-48,ORV Sagar Kanya,147A,2500,17.55,89.097,08-02-1999 00:00,SK,41,NIO,1
sk147a.csv,CTD_NIO_1m,SK_147A_63,A-49,ORV Sagar Kanya,147A,2500,17.545,89.092,08-02-1999 03:00,SK,41,NIO,1
sk147a.csv,CTD_NIO_1m,SK_147A_64,A-50,ORV Sagar Kanya,147A,2500,17.522,89.032,08-02-1999 06:10,SK,41,NIO,1
sk147a.csv,CTD_NIO_1m,SK_147A_65,A-51,ORV Sagar Kanya,147A,2500,17.57,89.102,08-02-1999 09:10,SK,41,NIO,1
sk147a.csv,CTD_NIO_1m,SK_147A_66,A-52,ORV Sagar Kanya,147A,2500,17.587,89.102,08-02-1999 12:10,SK,41,NIO,1
sk147a.csv,CTD_NIO_1m,SK_147A_67,A-53,ORV Sagar Kanya,147A,2500,17.547,89.105,08-02-1999 15:20,SK,41,NIO,1
sk147a.csv,CTD_NIO_1m,SK_147A_68,A-54,ORV Sagar Kanya,147A,2500,17.52,89.118,08-02-1999 18:05,SK,41,NIO,1
sk147a.csv,CTD_NIO_1m,SK_147A_69,A-55,ORV Sagar Kanya,147A,2500,17.527,89.175,08-02-1999 21:00,SK,41,NIO,1
sk147a.csv,CTD_NIO_1m,SK_147A_70,A-56,ORV Sagar Kanya,147A,2500,17.518,89.085,08-03-1999 00:00,SK,41,NIO,1
sk147a.csv,CTD_NIO_1m,SK_147A_71,A-57,ORV Sagar Kanya,147A,2500,17.505,89.205,08-03-1999 03:00,SK,41,NIO,1
sk147a.csv,CTD_NIO_1m,SK_147A_72,A-58,ORV Sagar Kanya,147A,2500,17.508,88.993,08-03-1999 06:10,SK,41,NIO,0
sk147a.csv,CTD_NIO_1m,SK_147A_73,A-59,ORV Sagar Kanya,147A,2500,17.545,89.053,08-03-1999 09:10,SK,41,NIO,1
sk147a.csv,CTD_NIO_1m,SK_147A_74,A-60,ORV Sagar Kanya,147A,2500,17.512,89.057,08-03-1999 15:40,SK,41,NIO,1
sk147a.csv,CTD_NIO_1m,SK_147A_75,A-61,ORV Sagar Kanya,147A,2500,17.545,89.115,08-03-1999 18:15,SK,41,NIO,1
sk147a.csv,CTD_NIO_1m,SK_147A_76,A-62,ORV Sagar Kanya,147A,2500,17.51,88.997,08-04-1999 00:00,SK,41,NIO,0
sk147a.csv,CTD_NIO_1m,SK_147A_77,A-63,ORV Sagar Kanya,147A,2500,17.52,89.02,08-04-1999 03:10,SK,41,NIO,1
sk147a.csv,CTD_NIO_1m,SK_147A_78,A-64,ORV Sagar Kanya,147A,2500,17.502,89.025,08-04-1999 06:05,SK,41,NIO,1
sk147a.csv,CTD_NIO_1m,SK_147A_79,A-65,ORV Sagar Kanya,147A,2500,17.497,89.105,08-04-1999 09:05,SK,41,NIO,1
sk147a.csv,CTD_NIO_1m,SK_147A_80,A-66,ORV Sagar Kanya,147A,2500,17.513,89.025,08-04-1999 15:10,SK,41,NIO,1
sk147a.csv,CTD_NIO_1m,SK_147A_81,A-67,ORV Sagar Kanya,147A,2500,17.523,89.118,08-04-1999 18:20,SK,41,NIO,1
sk147a.csv,CTD_NIO_1m,SK_147A_82,A-68,ORV Sagar Kanya,147A,2500,17.525,89.098,08-04-1999 22:05,SK,41,NIO,1
sk147a.csv,CTD_NIO_1m,SK_147A_83,A-69,ORV Sagar Kanya,147A,2500,17.507,89.032,08-05-1999 00:05,SK,41,NIO,1
sk147a.csv,CTD_NIO_1m,SK_147A_84,A-70,ORV Sagar Kanya,147A,2500,17.512,89.003,08-05-1999 03:15,SK,41,NIO,1
sk147a.csv,CTD_NIO_1m,SK_147A_85,A-71,ORV Sagar Kanya,147A,2500,17.528,89.127,08-05-1999 06:05,SK,41,NIO,1
sk147a.csv,CTD_NIO_1m,SK_147A_86,A-72,ORV Sagar Kanya,147A,2500,17.51,89.055,08-05-1999 09:05,SK,41,NIO,1
sk147a.csv,CTD_NIO_1m,SK_147A_87,A-73,ORV Sagar Kanya,147A,2500,17.517,89.03,08-05-1999 12:05,SK,41,NIO,1
sk147a.csv,CTD_NIO_1m,SK_147A_88,A-74,ORV Sagar Kanya,147A,2500,17.522,89.035,08-05-1999 15:13,SK,41,NIO,1
sk147a.csv,CTD_NIO_1m,SK_147A_89,A-75,ORV Sagar Kanya,147A,2500,17.5,89.015,08-05-1999 18:05,SK,41,NIO,1
sk147a.csv,CTD_NIO_1m,SK_147A_90,A-76,ORV Sagar Kanya,147A,2500,17.523,89.015,08-05-1999 21:00,SK,41,NIO,1
sk147a.csv,CTD_NIO_1m,SK_147A_91,A-77,ORV Sagar Kanya,147A,2500,17.618,88.875,08-06-1999 00:20,SK,41,NIO,0
sk147a.csv,CTD_NIO_1m,SK_147A_92,A-78,ORV Sagar Kanya,147A,2500,17.39,88.885,08-06-1999 04:30,SK,41,NIO,1
sk147a.csv,CTD_NIO_1m,SK_147A_93,A-79,ORV Sagar Kanya,147A,2500,17.402,89.123,08-06-1999 07:25,SK,41,NIO,1
sk147a.csv,CTD_NIO_1m,SK_147A_94,A-80,ORV Sagar Kanya,147A,2500,17.623,89.118,08-06-1999 10:30,SK,41,NIO,1
Sk147B.csv,CTD_NIO_1m,SK_147B_95,B-01,ORV Sagar Kanya,147B,179,19.975,86.877,08-11-1999 21:05,SK,41,NIO,1
Sk147B.csv,CTD_NIO_1m,SK_147B_96,B-02,ORV Sagar Kanya,147B,598,19.887,86.953,08-11-1999 23:00,SK,41,NIO,1
Sk147B.csv,CTD_NIO_1m,SK_147B_97,B-03,ORV Sagar Kanya,147B,1250,19.74,87.07,08-12-1999 02:00,SK,41,NIO,1
Sk147B.csv,CTD_NIO_1m,SK_147B_98,B-04,ORV Sagar Kanya,147B,1500,19.513,87.348,08-12-1999 06:20,SK,41,NIO,1
Sk147B.csv,CTD_NIO_1m,SK_147B_99,B-05,ORV Sagar Kanya,147B,2100,19.237,87.537,08-12-1999 10:30,SK,41,NIO,1
Sk147B.csv,CTD_NIO_1m,SK_147B_100,B-06,ORV Sagar Kanya,147B,2200,18.937,87.767,08-12-1999 15:00,SK,41,NIO,1
Sk147B.csv,CTD_NIO_1m,SK_147B_101,BT01,ORV Sagar Kanya,147B,2200,17.5,89.017,13-08-1999 18:00,SK,41,NIO,1
Sk147B.csv,CTD_NIO_1m,SK_147B_102,BT02,ORV Sagar Kanya,147B,2300,17.5,88.997,13-08-1999 21:23,SK,41,NIO,0
Sk147B.csv,CTD_NIO_1m,SK_147B_103,BD03,ORV Sagar Kanya,147B,2300,17.59,89.003,14-08-1999 12:45,SK,41,NIO,1
Sk147B.csv,CTD_NIO_1m,SK_147B_104,BT04,ORV Sagar Kanya,147B,2300,17.517,89.005,14-08-1999 15:00,SK,41,NIO,1
Sk147B.csv,CTD_NIO_1m,SK_147B_105,BT05,ORV Sagar Kanya,147B,2200,17.5,89.0,14-08-1999 18:00,SK,41,NIO,0
Sk147B.csv,CTD_NIO_1m,SK_147B_106,BTD6,ORV Sagar Kanya,147B,2200,17.507,89.0,14-08-1999 22:00,SK,41,NIO,1
Sk147B.csv,CTD_NIO_1m,SK_147B_107,BTD7,ORV Sagar Kanya,147B,2200,17.507,88.992,15-08-1999 01:00,SK,41,NIO,0
Sk147B.csv,CTD_NIO_1m,SK_147B_109,BTD9,ORV Sagar Kanya,147B,2300,17.5,88.983,15-08-1999 06:50,SK,41,NIO,0
Sk147B.csv,CTD_NIO_1m,SK_147B_110,BTD10,ORV Sagar Kanya,147B,2300,17.505,89.005,15-08-1999 10:00,SK,41,NIO,1
Sk147B.csv,CTD_NIO_1m,SK_147B_111,BTD11,ORV Sagar Kanya,147B,2300,17.513,89.003,15-08-1999 13:00,SK,41,NIO,1
Sk147B.csv,CTD_NIO_1m,SK_147B_112,BTD12,ORV Sagar Kanya,147B,2300,17.507,89.007,15-08-1999 16:00,SK,41,NIO,1
Sk147B.csv,CTD_NIO_1m,SK_147B_113,BTD13,ORV Sagar Kanya,147B,2300,17.522,89.032,15-08-1999 22:30,SK,41,NIO,1
Sk147B.csv,CTD_NIO_1m,SK_147B_114,BTD14,ORV Sagar Kanya,147B,2300,17.515,89.002,16-08-1999 01:00,SK,41,NIO,1
Sk147B.csv,CTD_NIO_1m,SK_147B_115,BTD15,ORV Sagar Kanya,147B,2300,17.513,88.993,16-08-1999 04:00,SK,41,NIO,0
Sk147B.csv,CTD_NIO_1m,SK_147B_116,BTD16,ORV Sagar Kanya,147B,2300,17.48,88.962,16-08-1999 07:00,SK,41,NIO,0
Sk147B.csv,CTD_NIO_1m,SK_147B_117,BTD17,ORV Sagar Kanya,147B,2300,17.518,88.965,16-08-1999 10:05,SK,41,NIO,1
Sk147B.csv,CTD_NIO_1m,SK_147B_118,BTD18,ORV Sagar Kanya,147B,2300,17.512,88.99,16-08-1999 13:15,SK,41,NIO,0
Sk147B.csv,CTD_NIO_1m,SK_147B_119,BTD19,ORV Sagar Kanya,147B,2300,17.502,88.993,16-08-1999 16:00,SK,41,NIO,0
Sk147B.csv,CTD_NIO_1m,SK_147B_120,BTD20,ORV Sagar Kanya,147B,2300,17.493,88.995,16-08-1999 19:00,SK,41,NIO,0
Sk147B.csv,CTD_NIO_1m,SK_147B_121,BTD21,ORV Sagar Kanya,147B,2300,17.543,89.052,16-08-1999 22:00,SK,41,NIO,1
Sk147B.csv,CTD_NIO_1m,SK_147B_122,BTD22,ORV Sagar Kanya,147B,2300,17.515,89.002,17-08-1999 01:00,SK,41,NIO,1
Sk147B.csv,CTD_NIO_1m,SK_147B_123,BTD23,ORV Sagar Kanya,147B,2300,17.493,88.993,17-08-1999 04:00,SK,41,NIO,0
Sk147B.csv,CTD_NIO_1m,SK_147B_124,BTD24,ORV Sagar Kanya,147B,2300,17.517,89.032,17-08-1999 07:00,SK,41,NIO,1
Sk147B.csv,CTD_NIO_1m,SK_147B_125,BTD25,ORV Sagar Kanya,147B,2300,17.482,88.988,17-08-1999 10:00,SK,41,NIO,0
Sk147B.csv,CTD_NIO_1m,SK_147B_126,BTD26,ORV Sagar Kanya,147B,2300,17.523,89.032,17-08-1999 13:10,SK,41,NIO,1
Sk147B.csv,CTD_NIO_1m,SK_147B_127,BTD27,ORV Sagar Kanya,147B,2300,17.503,89.003,17-08-1999 16:00,SK,41,NIO,1
Sk147B.csv,CTD_NIO_1m,SK_147B_128,BTD28,ORV Sagar Kanya,147B,2300,17.543,89.03,17-08-1999 19:10,SK,41,NIO,1
Sk147B.csv,CTD_NIO_1m,SK_147B_129,BTD29,ORV Sagar Kanya,147B,2300,17.482,88.97,17-08-1999 22:00,SK,41,NIO,0
Sk147B.csv,CTD_NIO_1m,SK_147B_130,BTD30,ORV Sagar Kanya,147B,2300,17.508,88.97,18-08-1999 01:00,SK,41,NIO,0
Sk147B.csv,CTD_NIO_1m,SK_147B_131,BTD31,ORV Sagar Kanya,147B,2300,17.51,88.992,18-08-1999 04:00,SK,41,NIO,0
Sk147B.csv,CTD_NIO_1m,SK_147B_132,BTD32,ORV Sagar Kanya,147B,2300,17.48,88.98,18-08-1999 07:10,SK,41,NIO,1
Sk147B.csv,CTD_NIO_1m,SK_147B_133,BTD33,ORV Sagar Kanya,147B,2300,17.527,89.005,18-08-1999 10:00,SK,41,NIO,1
Sk147B.csv,CTD_NIO_1m,SK_147B_134,BTD34,ORV Sagar Kanya,147B,2300,17.508,88.988,18-08-1999 13:10,SK,41,NIO,0
Sk147B.csv,CTD_NIO_1m,SK_147B_135,BTD35,ORV Sagar Kanya,147B,2300,17.51,88.995,18-08-1999 17:10,SK,41,NIO,0
Sk147B.csv,CTD_NIO_1m,SK_147B_136,BTD36,ORV Sagar Kanya,147B,2300,17.482,88.968,18-08-1999 19:10,SK,41,NIO,1
Sk147B.csv,CTD_NIO_1m,SK_147B_137,BT037,ORV Sagar Kanya,147B,2300,17.512,89.052,18-08-1999 22:00,SK,41,NIO,1
Sk147B.csv,CTD_NIO_1m,SK_147B_138,BT038,ORV Sagar Kanya,147B,2300,17.5,88.998,19-08-1999 01:00,SK,41,NIO,1
Sk147B.csv,CTD_NIO_1m,SK_147B_139,BT039,ORV Sagar Kanya,147B,2300,17.495,88.987,19-08-1999 04:10,SK,41,NIO,0
Sk147B.csv,CTD_NIO_1m,SK_147B_140,BT040,ORV Sagar Kanya,147B,2300,17.522,89.01,19-08-1999 07:00,SK,41,NIO,1
Sk147B.csv,CTD_NIO_1m,SK_147B_141,BT041,ORV Sagar Kanya,147B,2300,17.505,89.002,19-08-1999 10:00,SK,41,NIO,1
Sk147B.csv,CTD_NIO_1m,SK_147B_142,BT042,ORV Sagar Kanya,147B,2300,17.538,88.995,19-08-1999 13:10,SK,41,NIO,0
Sk147B.csv,CTD_NIO_1m,SK_147B_143,BT043,ORV Sagar Kanya,147B,2300,17.5,88.983,19-08-1999 16:10,SK,41,NIO,0
Sk147B.csv,CTD_NIO_1m,SK_147B_144,BT044,ORV Sagar Kanya,147B,2300,17.497,88.985,19-08-1999 19:00,SK,41,NIO,0
Sk147B.csv,CTD_NIO_1m,SK_147B_145,BT045,ORV Sagar Kanya,147B,2300,17.507,89.002,19-08-1999 22:00,SK,41,NIO,1
Sk147B.csv,CTD_NIO_1m,SK_147B_146,BT046,ORV Sagar Kanya,147B,2300,17.558,89.028,20-08-1999 01:00,SK,41,NIO,1
Sk147B.csv,CTD_NIO_1m,SK_147B_147,BT047,ORV Sagar Kanya,147B,2300,17.51,89.007,20-08-1999 04:00,SK,41,NIO,1
Sk147B.csv,CTD_NIO_1m,SK_147B_148,BT048,ORV Sagar Kanya,147B,2300,17.483,88.988,20-08-1999 07:00,SK,41,NIO,0
Sk147B.csv,CTD_NIO_1m,SK_147B_149,BT049,ORV Sagar Kanya,147B,2300,17.502,88.997,20-08-1999 16:10,SK,41,NIO,0
Sk147B.csv,CTD_NIO_1m,SK_147B_150,BT150,ORV Sagar Kanya,147B,2300,17.497,88.988,20-08-1999 19:00,SK,41,NIO,0
Sk147B.csv,CTD_NIO_1m,SK_147B_151,BT151,ORV Sagar Kanya,147B,2300,17.507,89.02,20-08-1999 22:00,SK,41,NIO,1
Sk147B.csv,CTD_NIO_1m,SK_147B_152,BT152,ORV Sagar Kanya,147B,2300,17.49,89.032,21-08-1999 01:00,SK,41,NIO,1
Sk147B.csv,CTD_NIO_1m,SK_147B_153,BT153,ORV Sagar Kanya,147B,2300,17.508,88.978,21-08-1999 04:05,SK,41,NIO,0
Sk147B.csv,CTD_NIO_1m,SK_147B_154,BT154,ORV Sagar Kanya,147B,2300,17.472,88.938,21-08-1999 07:00,SK,41,NIO,0
Sk147B.csv,CTD_NIO_1m,SK_147B_155,BT155,ORV Sagar Kanya,147B,2300,17.492,88.98,21-08-1999 10:05,SK,41,NIO,1
Sk147B.csv,CTD_NIO_1m,SK_147B_156,BT156,ORV Sagar Kanya,147B,2300,17.54,89.01,21-08-1999 13:10,SK,41,NIO,1
Sk147B.csv,CTD_NIO_1m,SK_147B_157,BT157,ORV Sagar Kanya,147B,2300,17.512,89.003,21-08-1999 16:10,SK,41,NIO,1
Sk147B.csv,CTD_NIO_1m,SK_147B_158,BT158,ORV Sagar Kanya,147B,2300,17.502,89.0,21-08-1999 19:00,SK,41,NIO,1
Sk147B.csv,CTD_NIO_1m,SK_147B_159,BT059,ORV Sagar Kanya,147B,2300,17.5,89.003,21-08-1999 22:00,SK,41,NIO,1
Sk147B.csv,CTD_NIO_1m,SK_147B_160,BT060,ORV Sagar Kanya,147B,2300,17.498,89.01,22-08-1999 01:00,SK,41,NIO,1
Sk147B.csv,CTD_NIO_1m,SK_147B_161,BT061,ORV Sagar Kanya,147B,2300,17.497,89.005,22-08-1999 04:00,SK,41,NIO,1
Sk147B.csv,CTD_NIO_1m,SK_147B_162,BT062,ORV Sagar Kanya,147B,2300,17.495,88.967,22-08-1999 07:00,SK,41,NIO,1
Sk147B.csv,CTD_NIO_1m,SK_147B_163,BT063,ORV Sagar Kanya,147B,2300,17.502,88.987,22-08-1999 10:00,SK,41,NIO,0
Sk147B.csv,CTD_NIO_1m,SK_147B_164,BT064,ORV Sagar Kanya,147B,2300,17.498,89.013,22-08-1999 13:00,SK,41,NIO,1
Sk147B.csv,CTD_NIO_1m,SK_147B_165,BT065,ORV Sagar Kanya,147B,2300,17.487,89.013,22-08-1999 16:00,SK,41,NIO,1
Sk147B.csv,CTD_NIO_1m,SK_147B_166,BT066,ORV Sagar Kanya,147B,2300,17.497,88.993,22-08-1999 19:00,SK,41,NIO,0
Sk147B.csv,CTD_NIO_1m,SK_147B_167,BT067,ORV Sagar Kanya,147B,2300,17.502,88.97,22-08-1999 22:00,SK,41,NIO,0
Sk147B.csv,CTD_NIO_1m,SK_147B_168,BT068,ORV Sagar Kanya,147B,2300,17.503,88.987,23-08-1999 01:00,SK,41,NIO,0
Sk147B.csv,CTD_NIO_1m,SK_147B_169,BT069,ORV Sagar Kanya,147B,2560,17.245,88.722,23-08-1999 05:15,SK,41,NIO,0
Sk147B.csv,CTD_NIO_1m,SK_147B_170,BT070,ORV Sagar Kanya,147B,2400,17.235,89.228,23-08-1999 10:00,SK,41,NIO,1
Sk147B.csv,CTD_NIO_1m,SK_147B_171,BT071,ORV Sagar Kanya,147B,2200,17.727,89.228,23-08-1999 15:15,SK,41,NIO,1
Sk147B.csv,CTD_NIO_1m,SK_147B_172,BT072,ORV Sagar Kanya,147B,2300,17.753,88.7,23-08-1999 20:40,SK,41,NIO,0
Sk147B.csv,CTD_NIO_1m,SK_147B_173,BT073,ORV Sagar Kanya,147B,2200,18.033,88.105,24-08-1999 05:25,SK,41,NIO,1
Sk147B.csv,CTD_NIO_1m,SK_147B_174,BT074,ORV Sagar Kanya,147B,2600,16.995,88.495,24-08-1999 18:00,SK,41,NIO,0
Sk147B.csv,CTD_NIO_1m,SK_147B_175,BT075,ORV Sagar Kanya,147B,2719,16.003,88.522,25-08-1999 04:00,SK,41,NIO,0
Sk147B.csv,CTD_NIO_1m,SK_147B_176,BT076,ORV Sagar Kanya,147B,3100,15.012,88.508,25-08-1999 15:30,SK,41,NIO,0
Sk147B.csv,CTD_NIO_1m,SK_147B_177,BT077,ORV Sagar Kanya,147B,3000,14.0,88.517,26-08-1999 05:45,SK,41,NIO,0
Sk147B.csv,CTD_NIO_1m,SK_147B_178,BT18A,ORV Sagar Kanya,147B,3100,13.037,87.077,27-08-1999 06:00,SK,41,NIO,0
Sk147B.csv,CTD_NIO_1m,SK_147B_179,BT18B,ORV Sagar Kanya,147B,3100,13.05,87.017,27-08-1999 07:30,SK,41,NIO,0
Sk147B.csv,CTD_NIO_1m,SK_147B_180,BT18C,ORV Sagar Kanya,147B,3100,13.063,86.997,27-08-1999 09:30,SK,41,NIO,0
Sk147B.csv,CTD_NIO_1m,SK_147B_181,BT18D,ORV Sagar Kanya,147B,3100,13.077,87.02,27-08-1999 10:30,SK,41,NIO,0
Sk147B.csv,CTD_NIO_1m,SK_147B_182,BT18E,ORV Sagar Kanya,147B,3100,13.09,87.055,27-08-1999 12:00,SK,41,NIO,0
Sk147B.csv,CTD_NIO_1m,SK_147B_183,BT18F,ORV Sagar Kanya,147B,3100,13.102,87.103,27-08-1999 13:30,SK,41,NIO,0
Sk147B.csv,CTD_NIO_1m,SK_147B_184,BT18G,ORV Sagar Kanya,147B,3100,13.085,87.053,27-08-1999 15:30,SK,41,NIO,0
Sk147B.csv,CTD_NIO_1m,SK_147B_185,BT18H,ORV Sagar Kanya,147B,3100,13.078,87.037,27-08-1999 16:30,SK,41,NIO,0
Sk147B.csv,CTD_NIO_1m,SK_147B_186,BT18I,ORV Sagar Kanya,147B,3100,13.072,87.003,27-08-1999 18:00,SK,41,NIO,0
Sk147B.csv,CTD_NIO_1m,SK_147B_187,B019,ORV Sagar Kanya,147B,3100,13.062,85.998,28-08-1999 05:45,SK,41,NIO,1
Sk147B.csv,CTD_NIO_1m,SK_147B_188,B020,ORV Sagar Kanya,147B,3100,13.065,84.998,28-08-1999 17:15,SK,41,NIO,0
Sk147B.csv,CTD_NIO_1m,SK_147B_189,B021,ORV Sagar Kanya,147B,3315,13.107,83.998,29-08-1999 03:00,SK,41,NIO,0
Sk147B.csv,CTD_NIO_1m,SK_147B_190,B022,ORV Sagar Kanya,147B,3500,13.062,83.002,29-08-1999 15:45,SK,41,NIO,1
Sk147B.csv,CTD_NIO_1m,SK_147B_191,B023,ORV Sagar Kanya,147B,3100,13.057,81.997,29-08-1999 21:00,SK,41,NIO,1
Sk147B.csv,CTD_NIO_1m,SK_147B_192,B024,ORV Sagar Kanya,147B,3000,13.105,81.0,30-08-1999 08:30,SK,41,NIO,1
Sk147B.csv,CTD_NIO_1m,SK_147B_193,B025,ORV Sagar Kanya,147B,2200,13.087,80.757,30-08-1999 11:30,SK,41,NIO,1
Sk147B.csv,CTD_NIO_1m,SK_147B_194,B026,ORV Sagar Kanya,147B,300,13.09,80.665,31-08-1999 02:00,SK,41,NIO,1
Sk147B.csv,CTD_NIO_1m,SK_147B_195,B027,ORV Sagar Kanya,147B,75,13.093,80.5,31-08-1999 04:00,SK,41,NIO,1
sk148.csv,CTD_NIO_1m,SK_148_2,2,ORV Sagar Kanya,148,3600,10.006,83.999,09-06-1999 11:00,SK,41,NIO,0
sk148.csv,CTD_NIO_1m,SK_148_3,3,ORV Sagar Kanya,148,2100,7.072,77.906,09-10-1999 09:30,SK,41,NIO,1
sk148.csv,CTD_NIO_1m,SK_148_5,5,ORV Sagar Kanya,148,1550,8.58,75.436,09-12-1999 16:25,SK,41,NIO,1
sk148.csv,CTD_NIO_1m,SK_148_6,6,ORV Sagar Kanya,148,290,8.693,75.629,09-12-1999 21:00,SK,41,NIO,1
sk148.csv,CTD_NIO_1m,SK_148_7,7,ORV Sagar Kanya,148,360,8.775,75.798,13-09-1999 12:15,SK,41,NIO,1
sk148.csv,CTD_NIO_1m,SK_148_8,8,ORV Sagar Kanya,148,320,8.834,75.961,13-09-1999 03:30,SK,41,NIO,1
sk148.csv,CTD_NIO_1m,SK_148_10,10,ORV Sagar Kanya,148,45,8.977,76.307,13-09-1999 10:40,SK,41,NIO,1
sk148.csv,CTD_NIO_1m,SK_148_11,11,ORV Sagar Kanya,148,20,9.0,76.417,13-09-1999 12:30,SK,41,NIO,1
sk148.csv,CTD_NIO_1m,SK_148_15,15,ORV Sagar Kanya,148,25,10.185,75.974,14-09-1999 11:30,SK,41,NIO,1
sk148.csv,CTD_NIO_1m,SK_148_17,17,ORV Sagar Kanya,148,30,10.699,75.751,14-09-1999 18:25,SK,41,NIO,1
sk148.csv,CTD_NIO_1m,SK_148_18,18,ORV Sagar Kanya,148,50,10.625,75.603,14-09-1999 20:55,SK,41,NIO,1
sk148.csv,CTD_NIO_1m,SK_148_19,19,ORV Sagar Kanya,148,110,10.561,75.41,14-09-1999 23:30,SK,41,NIO,1
sk148.csv,CTD_NIO_1m,SK_148_21,21,ORV Sagar Kanya,148,26,11.341,75.558,15-09-1999 14:40,SK,41,NIO,1
sk148.csv,CTD_NIO_1m,SK_148_22,22,ORV Sagar Kanya,148,27,11.853,75.133,15-09-1999 22:40,SK,41,NIO,1
sk148.csv,CTD_NIO_1m,SK_148_23,23,ORV Sagar Kanya,148,50,11.838,74.988,16-09-1999 01:15,SK,41,NIO,1
sk148.csv,CTD_NIO_1m,SK_148_24,24,ORV Sagar Kanya,148,60,11.799,74.9,16-09-1999 02:45,SK,41,NIO,1
sk148.csv,CTD_NIO_1m,SK_148_25,25,ORV Sagar Kanya,148,80,11.733,74.732,16-09-1999 05:00,SK,41,NIO,1
sk148.csv,CTD_NIO_1m,SK_148_27,27,ORV Sagar Kanya,148,1500,11.587,74.446,16-09-1999 09:40,SK,41,NIO,1
sk148.csv,CTD_NIO_1m,SK_148_30,30,ORV Sagar Kanya,148,26,11.587,74.446,17-09-1999 13:15,SK,41,NIO,1
sk148.csv,CTD_NIO_1m,SK_148_31,31,ORV Sagar Kanya,148,36,13.105,74.558,17-09-1999 16:45,SK,41,NIO,1
sk148.csv,CTD_NIO_1m,SK_148_32,32,ORV Sagar Kanya,148,53,13.017,74.416,17-09-1999 19:50,SK,41,NIO,1
sk148.csv,CTD_NIO_1m,SK_148_33,33,ORV Sagar Kanya,148,55,12.955,74.3,17-09-1999 22:10,SK,41,NIO,1
sk148.csv,CTD_NIO_1m,SK_148_34,34,ORV Sagar Kanya,148,105,12.874,74.108,18-09-1999 01:05,SK,41,NIO,1
sk148.csv,CTD_NIO_1m,SK_148_35,35,ORV Sagar Kanya,148,200,12.807,73.945,18-09-1999 04:05,SK,41,NIO,1
sk148.csv,CTD_NIO_1m,SK_148_36,36,ORV Sagar Kanya,148,380,13.8,73.093,18-09-1999 16:30,SK,41,NIO,1
sk148.csv,CTD_NIO_1m,SK_148_37,37,ORV Sagar Kanya,148,205,14.135,73.304,19-09-1999 12:30,SK,41,NIO,1
sk148.csv,CTD_NIO_1m,SK_148_38,38,ORV Sagar Kanya,148,105,14.198,73.492,19-09-1999 03:55,SK,41,NIO,1
sk148.csv,CTD_NIO_1m,SK_148_39,39,ORV Sagar Kanya,148,60,14.326,73.767,19-09-1999 08:30,SK,41,NIO,1
sk148.csv,CTD_NIO_1m,SK_148_40,40,ORV Sagar Kanya,148,50,14.401,74.002,19-09-1999 13:25,SK,41,NIO,1
sk148.csv,CTD_NIO_1m,SK_148_41,41,ORV Sagar Kanya,148,31,14.471,74.167,19-09-1999 17:15,SK,41,NIO,1
sk148.csv,CTD_NIO_1m,SK_148_42,42,ORV Sagar Kanya,148,21,14.474,74.25,19-09-1999 20:15,SK,41,NIO,1
sk148.csv,CTD_NIO_1m,SK_148_46,46,ORV Sagar Kanya,148,1600,15.145,72.421,21-09-1999 10:35,SK,41,NIO,1
sk148.csv,CTD_NIO_1m,SK_148_47,47,ORV Sagar Kanya,148,840,15.262,72.729,21-09-1999 15:30,SK,41,NIO,1
sk148.csv,CTD_NIO_1m,SK_148_48,48,ORV Sagar Kanya,148,350,15.297,72.831,21-09-1999 18:50,SK,41,NIO,1
sk148.csv,CTD_NIO_1m,SK_148_49,49,ORV Sagar Kanya,148,120,15.348,72.998,21-09-1999 22:00,SK,41,NIO,1
sk148.csv,CTD_NIO_1m,SK_148_50,50,ORV Sagar Kanya,148,80,15.401,73.197,22-09-1999 01:00,SK,41,NIO,1
sk148.csv,CTD_NIO_1m,SK_148_51,51,ORV Sagar Kanya,148,55,15.456,73.398,22-09-1999 03:55,SK,41,NIO,1
sk148.csv,CTD_NIO_1m,SK_148_52,52,ORV Sagar Kanya,148,42,15.478,73.498,22-09-1999 06:20,SK,41,NIO,1
sk148.csv,CTD_NIO_1m,SK_148_53,53,ORV Sagar Kanya,148,44,15.508,73.594,22-09-1999 08:15,SK,41,NIO,1
sk148.csv,CTD_NIO_1m,SK_148_54,54,ORV Sagar Kanya,148,23,15.52,73.652,22-09-1999 09:30,SK,41,NIO,1
sk148.csv,CTD_NIO_1m,SK_148_55,55,ORV Sagar Kanya,148,23,15.538,73.678,22-09-1999 10:15,SK,41,NIO,1
sk148.csv,CTD_NIO_1m,SK_148_57,57,ORV Sagar Kanya,148,3500,17.006,68.008,25-09-1999 20:15,SK,41,NIO,0
sk148.csv,CTD_NIO_1m,SK_148_59,59,ORV Sagar Kanya,148,3200,19.006,67.004,26-09-1999 21:00,SK,41,NIO,0
sk148.csv,CTD_NIO_1m,SK_148_60,60,ORV Sagar Kanya,148,2800,20.254,67.001,27-09-1999 09:55,SK,41,NIO,1
sk148.csv,CTD_NIO_1m,SK_148_61,61,ORV Sagar Kanya,148,1900,21.503,67.002,27-09-1999 22:30,SK,41,NIO,1
sk148.csv,CTD_NIO_1m,SK_148_72,72,ORV Sagar Kanya,148,66,20.776,69.647,10-01-1999 18:20,SK,41,NIO,1
sk148.csv,CTD_NIO_1m,SK_148_75,75,ORV Sagar Kanya,148,645,19.437,69.466,10-03-1999 04:00,SK,41,NIO,1
sk148.csv,CTD_NIO_1m,SK_148_76,76,ORV Sagar Kanya,148,87,19.774,69.663,10-03-1999 10:35,SK,41,NIO,1
sk148.csv,CTD_NIO_1m,SK_148_79,79,ORV Sagar Kanya,148,32,19.994,71.504,10-04-1999 07:10,SK,41,NIO,1
sk148.csv,CTD_NIO_1m,SK_148_97,97,ORV Sagar Kanya,148,132,17.568,71.293,10-06-1999 21:40,SK,41,NIO,1
sk148.csv,CTD_NIO_1m,SK_148_98,98,ORV Sagar Kanya,148,80,17.706,71.695,10-07-1999 02:50,SK,41,NIO,1
sk148.csv,CTD_NIO_1m,SK_148_99,99,ORV Sagar Kanya,148,73,17.871,72.196,10-07-1999 08:40,SK,41,NIO,1
sk148.csv,CTD_NIO_1m,SK_148_100,100,ORV Sagar Kanya,148,49,17.949,72.434,10-07-1999 12:10,SK,41,NIO,1
sk148.csv,CTD_NIO_1m,SK_148_101,101,ORV Sagar Kanya,148,37,18.014,72.593,10-07-1999 14:25,SK,41,NIO,1
sk148.csv,CTD_NIO_1m,SK_148_102,102,ORV Sagar Kanya,148,35,18.076,72.734,10-07-1999 16:15,SK,41,NIO,1
sk148.csv,CTD_NIO_1m,SK_148_103,103,ORV Sagar Kanya,148,21,18.104,72.834,10-07-1999 17:50,SK,41,NIO,1
sk148.csv,CTD_NIO_1m,SK_148_104,104,ORV Sagar Kanya,148,23,16.729,73.241,10-08-1999 07:18,SK,41,NIO,1
sk148.csv,CTD_NIO_1m,SK_148_105,105,ORV Sagar Kanya,148,34,16.703,73.173,10-08-1999 08:30,SK,41,NIO,1
sk148.csv,CTD_NIO_1m,SK_148_106,106,ORV Sagar Kanya,148,50,16.673,73.047,10-08-1999 10:05,SK,41,NIO,1
sk148.csv,CTD_NIO_1m,SK_148_107,107,ORV Sagar Kanya,148,62,16.623,72.853,10-08-1999 12:25,SK,41,NIO,1
sk148.csv,CTD_NIO_1m,SK_148_108,108,ORV Sagar Kanya,148,79,16.568,72.622,10-08-1999 15:00,SK,41,NIO,1
sk148.csv,CTD_NIO_1m,SK_148_109,109,ORV Sagar Kanya,148,118,16.52,72.367,10-08-1999 18:20,SK,41,NIO,1
sk148.csv,CTD_NIO_1m,SK_148_112,112,ORV Sagar Kanya,148,55,15.477,73.384,10-09-1999 19:20,SK,41,NIO,1
sk148.csv,CTD_NIO_1m,SK_148_113,113,ORV Sagar Kanya,148,47,15.481,73.497,10-09-1999 22:45,SK,41,NIO,1
sk148.csv,CTD_NIO_1m,SK_148_114,114,ORV Sagar Kanya,148,29,15.513,73.596,10-10-1999 12:10,SK,41,NIO,1
sk148.csv,CTD_NIO_1m,SK_148_115,115,ORV Sagar Kanya,148,22,15.52,73.652,10-10-1999 01:20,SK,41,NIO,1
sk148.csv,CTD_NIO_1m,SK_148_116,116,ORV Sagar Kanya,148,20,15.538,73.678,10-10-1999 02:10,SK,41,NIO,1
sk148.csv,CTD_NIO_1m,SK_148_60,60,ORV Sagar Kanya,148,2800,20.254,67.001,27-09-1999 09:55,SK,41,NIO,1
sk149D.csv,CTD_NIO_1m,SK_149D_1,1,ORV Sagar Kanya,149D,20,15.525,73.69,12-02-1999 20:00,SK,41,NIO,1
sk149D.csv,CTD_NIO_1m,SK_149D_2,2,ORV Sagar Kanya,149D,30,15.512,73.598,12-03-1999 00:25,SK,41,NIO,1
sk149D.csv,CTD_NIO_1m,SK_149D_3,3,ORV Sagar Kanya,149D,41,15.48,73.495,12-03-1999 03:00,SK,41,NIO,1
sk149D.csv,CTD_NIO_1m,SK_149D_4,4,ORV Sagar Kanya,149D,53,15.457,73.393,12-03-1999 04:40,SK,41,NIO,1
sk149D.csv,CTD_NIO_1m,SK_149D_5,5,ORV Sagar Kanya,149D,83,15.4,73.17,12-03-1999 09:30,SK,41,NIO,1
sk149D.csv,CTD_NIO_1m,SK_149D_6,6,ORV Sagar Kanya,149D,118,15.348,72.988,12-03-1999 12:20,SK,41,NIO,1
sk149D.csv,CTD_NIO_1m,SK_149D_7,7,ORV Sagar Kanya,149D,405,15.298,72.825,12-03-1999 14:25,SK,41,NIO,1
sk149D.csv,CTD_NIO_1m,SK_149D_8,8,ORV Sagar Kanya,149D,825,15.25,72.723,12-03-1999 17:00,SK,41,NIO,1
sk149D.csv,CTD_NIO_1m,SK_149D_9,9,ORV Sagar Kanya,149D,1800,15.168,72.423,12-03-1999 22:00,SK,41,NIO,1
sk149D.csv,CTD_NIO_1m,SK_149D_10,10,ORV Sagar Kanya,149D,2000,15.0,71.992,12-04-1999 06:00,SK,41,NIO,1
sk149D.csv,CTD_NIO_1m,SK_149D_11,11,ORV Sagar Kanya,149D,2615,15.002,71.0,12-04-1999 15:40,SK,41,NIO,1
sk149D.csv,CTD_NIO_1m,SK_149D_12,12,ORV Sagar Kanya,149D,3400,15.011,70.0,12-05-1999 01:12,SK,41,NIO,1
sk149D.csv,CTD_NIO_1m,SK_149D_13,13,ORV Sagar Kanya,149D,3850,14.983,69.003,12-05-1999 11:10,SK,41,NIO,0
sk149D.csv,CTD_NIO_1m,SK_149D_14,14,ORV Sagar Kanya,149D,3600,16.25,69.998,12-06-1999 02:45,SK,41,NIO,1
sk149D.csv,CTD_NIO_1m,SK_149D_15,15,ORV Sagar Kanya,149D,3100,17.002,70.502,12-06-1999 12:40,SK,41,NIO,1
sk149D.csv,CTD_NIO_1m,SK_149D_16,16,ORV Sagar Kanya,149D,267,17.548,71.517,12-06-1999 22:45,SK,41,NIO,1
sk149D.csv,CTD_NIO_1m,SK_149D_17,17,ORV Sagar Kanya,149D,90,17.705,71.695,12-07-1999 04:45,SK,41,NIO,1
sk149D.csv,CTD_NIO_1m,SK_149D_18,18,ORV Sagar Kanya,149D,70,17.882,72.195,12-07-1999 09:20,SK,41,NIO,1
sk149D.csv,CTD_NIO_1m,SK_149D_19,19,ORV Sagar Kanya,149D,40,17.95,72.428,12-07-1999 12:15,SK,41,NIO,1
sk149D.csv,CTD_NIO_1m,SK_149D_20,20,ORV Sagar Kanya,149D,35,18.015,72.593,12-07-1999 15:20,SK,41,NIO,1
sk149D.csv,CTD_NIO_1m,SK_149D_21,21,ORV Sagar Kanya,149D,27,18.072,72.742,12-07-1999 17:50,SK,41,NIO,1
sk149D.csv,CTD_NIO_1m,SK_149D_22,22,ORV Sagar Kanya,149D,50,17.1,72.967,12-08-1999 17:45,SK,41,NIO,1
sk175.csv,CTD_NIO_1m,SK_175_2,2,ORV Sagar Kanya,175,0,17.493,94.154,21-04-2002 11:47,SK,41,NIO,0
sk175.csv,CTD_NIO_1m,SK_175_3,3,ORV Sagar Kanya,175,0,17.491,94.458,21-04-2002 18:40,SK,41,NIO,0
sk175.csv,CTD_NIO_1m,SK_175_5,5,ORV Sagar Kanya,175,0,16.989,94.346,22-04-2002 00:50,SK,41,NIO,0
sk175.csv,CTD_NIO_1m,SK_175_7,7,ORV Sagar Kanya,175,0,16.99,94.107,22-04-2002 04:00,SK,41,NIO,0
sk175.csv,CTD_NIO_1m,SK_175_9,9,ORV Sagar Kanya,175,0,16.484,93.984,22-04-2002 10:45,SK,41,NIO,0
sk175.csv,CTD_NIO_1m,SK_175_10,10,ORV Sagar Kanya,175,0,16.496,94.167,22-04-2002 14:05,SK,41,NIO,0
sk175.csv,CTD_NIO_1m,SK_175_11,11,ORV Sagar Kanya,175,0,16.275,94.081,22-04-2002 16:30,SK,41,NIO,0
sk175.csv,CTD_NIO_1m,SK_175_12,12,ORV Sagar Kanya,175,0,15.998,94.049,22-04-2002 19:30,SK,41,NIO,0
sk175.csv,CTD_NIO_1m,SK_175_13,13,ORV Sagar Kanya,175,0,15.992,93.893,22-04-2002 23:10,SK,41,NIO,0
sk175.csv,CTD_NIO_1m,SK_175_14,14,ORV Sagar Kanya,175,0,16.0,93.74,23-04-2002 01:31,SK,41,NIO,0
sk175.csv,CTD_NIO_1m,SK_175_15,15,ORV Sagar Kanya,175,0,16.0,93.686,23-04-2002 05:00,SK,41,NIO,0
sk175.csv,CTD_NIO_1m,SK_175_16,16,ORV Sagar Kanya,175,0,16.001,93.567,23-04-2002 07:25,SK,41,NIO,0
sk175.csv,CTD_NIO_1m,SK_175_18,18,ORV Sagar Kanya,175,0,15.5,93.437,23-04-2002 18:25,SK,41,NIO,0
sk175.csv,CTD_NIO_1m,SK_175_19,19,ORV Sagar Kanya,175,0,15.501,93.65,23-04-2002 23:50,SK,41,NIO,0
sk175.csv,CTD_NIO_1m,SK_175_20,20,ORV Sagar Kanya,175,0,15.499,94.001,24-04-2002 04:05,SK,41,NIO,0
sk175.csv,CTD_NIO_1m,SK_175_22,22,ORV Sagar Kanya,175,0,15.514,94.506,24-04-2002 09:10,SK,41,NIO,0
sk175.csv,CTD_NIO_1m,SK_175_25,25,ORV Sagar Kanya,175,0,15.067,94.5,24-04-2002 17:55,SK,41,NIO,0
sk175.csv,CTD_NIO_1m,SK_175_27,27,ORV Sagar Kanya,175,0,14.996,93.899,24-04-2002 22:55,SK,41,NIO,0
sk175.csv,CTD_NIO_1m,SK_175_29,29,ORV Sagar Kanya,175,0,14.498,94.001,25-04-2002 04:15,SK,41,NIO,0
sk175.csv,CTD_NIO_1m,SK_175_37,37,ORV Sagar Kanya,175,0,15.403,95.003,26-04-2002 07:50,SK,41,NIO,0
sk175.csv,CTD_NIO_1m,SK_175_40,40,ORV Sagar Kanya,175,0,15.038,95.498,26-04-2002 15:26,SK,41,NIO,0
sk175.csv,CTD_NIO_1m,SK_175_44,44,ORV Sagar Kanya,175,0,15.249,95.753,27-04-2002 03:23,SK,41,NIO,0
sk175.csv,CTD_NIO_1m,SK_175_46,46,ORV Sagar Kanya,175,0,15.252,95.995,27-04-2002 08:35,SK,41,NIO,0
sk175.csv,CTD_NIO_1m,SK_175_48,48,ORV Sagar Kanya,175,0,15.261,96.497,27-04-2002 15:16,SK,41,NIO,0
sk175.csv,CTD_NIO_1m,SK_175_50,50,ORV Sagar Kanya,175,0,15.248,96.996,27-04-2002 01:31,SK,41,NIO,0
sk175.csv,CTD_NIO_1m,SK_175_52,52,ORV Sagar Kanya,175,0,15.01,97.252,28-04-2002 08:30,SK,41,NIO,0
sk175.csv,CTD_NIO_1m,SK_175_53,53,ORV Sagar Kanya,175,0,15.002,97.008,28-04-2002 08:30,SK,41,NIO,0
sk175.csv,CTD_NIO_1m,SK_175_55,55,ORV Sagar Kanya,175,0,15.001,96.5,28-04-2002 13:55,SK,41,NIO,0
sk175.csv,CTD_NIO_1m,SK_175_57,57,ORV Sagar Kanya,175,0,15.005,96.0,28-04-2002 19:10,SK,41,NIO,0
sk175.csv,CTD_NIO_1m,SK_175_58,58,ORV Sagar Kanya,175,0,14.751,96.0,28-04-2002 22:23,SK,41,NIO,0
sk175.csv,CTD_NIO_1m,SK_175_60,60,ORV Sagar Kanya,175,0,14.668,96.499,29-04-2002 03:40,SK,41,NIO,0
sk175.csv,CTD_NIO_1m,SK_175_61,61,ORV Sagar Kanya,175,0,14.749,97.0,29-04-2002 08:12,SK,41,NIO,0
sk175.csv,CTD_NIO_1m,SK_175_62,62,ORV Sagar Kanya,175,0,14.75,97.247,29-04-2002 10:47,SK,41,NIO,0
sk175.csv,CTD_NIO_1m,SK_175_63,63,ORV Sagar Kanya,175,0,14.5,97.246,29-04-2002 13:05,SK,41,NIO,0
sk175.csv,CTD_NIO_1m,SK_175_64,64,ORV Sagar Kanya,175,0,14.5,97.004,29-04-2002 15:30,SK,41,NIO,0
sk175.csv,CTD_NIO_1m,SK_175_66,66,ORV Sagar Kanya,175,0,14.506,96.497,29-04-2002 20:33,SK,41,NIO,0
sk175.csv,CTD_NIO_1m,SK_175_68,68,ORV Sagar Kanya,175,0,14.501,96.0,30-04-2002 01:36,SK,41,NIO,0
sk175.csv,CTD_NIO_1m,SK_175_76,76,ORV Sagar Kanya,175,0,14.502,95.485,05-05-2002 03:23,SK,41,NIO,0
sk175.csv,CTD_NIO_1m,SK_175_77,77,ORV Sagar Kanya,175,0,14.002,97.002,05-05-2002 19:52,SK,41,NIO,0
sk175.csv,CTD_NIO_1m,SK_175_79,79,ORV Sagar Kanya,175,0,14.001,97.502,05-06-2002 00:40,SK,41,NIO,0
sk175.csv,CTD_NIO_1m,SK_175_80,80,ORV Sagar Kanya,175,0,14.25,97.501,05-06-2002 03:57,SK,41,NIO,0
sk175.csv,CTD_NIO_1m,SK_175_82,82,ORV Sagar Kanya,175,0,14.253,97.002,05-06-2002 08:30,SK,41,NIO,0
sk175.csv,CTD_NIO_1m,SK_175_84,84,ORV Sagar Kanya,175,0,14.259,96.501,05-06-2002 13:35,SK,41,NIO,0
sk175.csv,CTD_NIO_1m,SK_175_86,86,ORV Sagar Kanya,175,0,14.252,96.005,05-06-2002 18:54,SK,41,NIO,0
sk175.csv,CTD_NIO_1m,SK_175_90,90,ORV Sagar Kanya,175,0,14.252,95.004,05-07-2002 05:25,SK,41,NIO,1
sk175.csv,CTD_NIO_1m,SK_175_94,94,ORV Sagar Kanya,175,0,14.252,94.001,05-07-2002 15:20,SK,41,NIO,0
sk175.csv,CTD_NIO_1m,SK_175_95,95,ORV Sagar Kanya,175,0,14.002,93.896,05-07-2002 19:27,SK,41,NIO,1
sk175.csv,CTD_NIO_1m,SK_175_96,96,ORV Sagar Kanya,175,0,14.002,94.496,05-08-2002 03:10,SK,41,NIO,0
sk175.csv,CTD_NIO_1m,SK_175_97,97,ORV Sagar Kanya,175,0,14.002,94.999,05-08-2002 09:52,SK,41,NIO,0
sk175.csv,CTD_NIO_1m,SK_175_98,98,ORV Sagar Kanya,175,0,14.002,95.499,05-08-2002 15:20,SK,41,NIO,1
sk175.csv,CTD_NIO_1m,SK_175_99,99,ORV Sagar Kanya,175,0,13.754,95.499,05-08-2002 18:18,SK,41,NIO,1
sk175.csv,CTD_NIO_1m,SK_175_100,100,ORV Sagar Kanya,175,0,13.782,95.868,05-08-2002 23:12,SK,41,NIO,1
sk175.csv,CTD_NIO_1m,SK_175_101,101,ORV Sagar Kanya,175,0,13.998,96.003,05-09-2002 02:40,SK,41,NIO,1
sk175.csv,CTD_NIO_1m,SK_175_102,102,ORV Sagar Kanya,175,0,13.998,96.501,05-09-2002 07:55,SK,41,NIO,0
sk175.csv,CTD_NIO_1m,SK_175_114,114,ORV Sagar Kanya,175,0,13.016,96.334,05-12-2002 17:41,SK,41,NIO,0
sk175.csv,CTD_NIO_1m,SK_175_115,115,ORV Sagar Kanya,175,0,13.002,96.576,05-12-2002 21:24,SK,41,NIO,0
sk175.csv,CTD_NIO_1m,SK_175_116,116,ORV Sagar Kanya,175,0,13.002,96.997,13-05-2002 01:55,SK,41,NIO,0
sk175.csv,CTD_NIO_1m,SK_175_117,117,ORV Sagar Kanya,175,0,13.002,97.251,13-05-2002 05:25,SK,41,NIO,0
sk175.csv,CTD_NIO_1m,SK_175_118,118,ORV Sagar Kanya,175,0,13.007,98.497,13-05-2002 08:00,SK,41,NIO,0
sk175.csv,CTD_NIO_1m,SK_175_120,120,ORV Sagar Kanya,175,0,12.508,97.5,13-05-2002 14:48,SK,41,NIO,0
sk175.csv,CTD_NIO_1m,SK_175_122,122,ORV Sagar Kanya,175,0,12.505,97.003,13-05-2002 20:45,SK,41,NIO,0
sk175.csv,CTD_NIO_1m,SK_175_126,126,ORV Sagar Kanya,175,0,12.003,97.5,14-05-2002 06:53,SK,41,NIO,0
sk175.csv,CTD_NIO_1m,SK_175_127,127,ORV Sagar Kanya,175,0,12.003,97.252,14-05-2002 10:38,SK,41,NIO,0
sk175.csv,CTD_NIO_1m,SK_175_128,128,ORV Sagar Kanya,175,0,12.004,97.001,14-05-2002 13:36,SK,41,NIO,0
sk175.csv,CTD_NIO_1m,SK_175_129,129,ORV Sagar Kanya,175,0,12.004,96.5,14-05-2002 19:00,SK,41,NIO,0
sk175.csv,CTD_NIO_1m,SK_175_130,130,ORV Sagar Kanya,175,0,12.01,96.007,15-05-2002 02:40,SK,41,NIO,0
sk175.csv,CTD_NIO_1m,SK_175_128,128,ORV Sagar Kanya,175,0,12.004,97.001,14-05-2002 13:36,SK,41,NIO,0
sk175.csv,CTD_NIO_1m,SK_175_129,129,ORV Sagar Kanya,175,0,12.004,96.5,14-05-2002 19:00,SK,41,NIO,0
sk179.csv,CTD_NIO_1m,SK_179_1,A001,ORV Sagar Kanya,179,1900,13.999,72.807,18-07-2002 08:10,SK,41,NIO,1
sk179.csv,CTD_NIO_1m,SK_179_2,A002,ORV Sagar Kanya,179,1880,14.501,72.627,18-07-2002 14:30,SK,41,NIO,1
sk179.csv,CTD_NIO_1m,SK_179_3,A003,ORV Sagar Kanya,179,800,15.003,72.438,18-07-2002 21:45,SK,41,NIO,1
sk179.csv,CTD_NIO_1m,SK_179_4,A004,ORV Sagar Kanya,179,1830,15.49,72.271,19-07-2002 04:05,SK,41,NIO,1
sk179.csv,CTD_NIO_1m,SK_179_5,A005,ORV Sagar Kanya,179,1620,16.001,72.103,19-07-2002 11:00,SK,41,NIO,1
sk179.csv,CTD_NIO_1m,SK_179_6,A006,ORV Sagar Kanya,179,1580,16.496,71.808,19-07-2002 18:17,SK,41,NIO,1
sk179.csv,CTD_NIO_1m,SK_179_7,A007,ORV Sagar Kanya,179,1570,16.954,71.667,20-07-2002 00:18,SK,41,NIO,1
sk179.csv,CTD_NIO_1m,SK_179_8,A008,ORV Sagar Kanya,179,170,16.501,72.328,20-07-2002 07:10,SK,41,NIO,1
sk179.csv,CTD_NIO_1m,SK_179_9,NEA1,ORV Sagar Kanya,179,1460,15.75,72.334,20-07-2002 14:15,SK,41,NIO,1
sk179.csv,CTD_NIO_1m,SK_179_10,NWA1,ORV Sagar Kanya,179,2150,15.548,71.796,20-07-2002 21:30,SK,41,NIO,1
sk179.csv,CTD_NIO_1m,SK_179_11,SWA1,ORV Sagar Kanya,179,2020,15.016,72.008,21-07-2002 03:35,SK,41,NIO,1
sk179.csv,CTD_NIO_1m,SK_179_12,SEA1,ORV Sagar Kanya,179,1410,15.219,72.554,21-07-2002 09:30,SK,41,NIO,1
sk179.csv,CTD_NIO_1m,SK_179_13,NEA2,ORV Sagar Kanya,179,1500,15.748,72.335,21-07-2002 16:05,SK,41,NIO,1
sk179.csv,CTD_NIO_1m,SK_179_14,GO1,ORV Sagar Kanya,179,47,15.491,73.468,08-06-2002 03:28,SK,41,NIO,1
sk179.csv,CTD_NIO_1m,SK_179_15,GO2,ORV Sagar Kanya,179,70,15.42,73.299,08-06-2002 06:10,SK,41,NIO,1
sk179.csv,CTD_NIO_1m,SK_179_16,GO3,ORV Sagar Kanya,179,125,15.353,73.0,08-06-2002 10:05,SK,41,NIO,1
sk179.csv,CTD_NIO_1m,SK_179_17,GO4,ORV Sagar Kanya,179,815,15.292,72.729,08-06-2002 14:40,SK,41,NIO,1
sk179.csv,CTD_NIO_1m,SK_179_18,SEB1,ORV Sagar Kanya,179,1400,15.224,73.6,08-06-2002 18:40,SK,41,NIO,1
sk179.csv,CTD_NIO_1m,SK_179_19,GO5A,ORV Sagar Kanya,179,1750,15.141,72.392,08-07-2002 00:11,SK,41,NIO,1
sk179.csv,CTD_NIO_1m,SK_179_20,SWB1,ORV Sagar Kanya,179,2040,15.021,72.011,08-07-2002 07:35,SK,41,NIO,1
sk179.csv,CTD_NIO_1m,SK_179_21,NWB1,ORV Sagar Kanya,179,2200,15.554,71.793,08-07-2002 16:05,SK,41,NIO,1
sk179.csv,CTD_NIO_1m,SK_179_22,NEB1,ORV Sagar Kanya,179,1200,15.753,72.335,08-07-2002 22:58,SK,41,NIO,1
sk179.csv,CTD_NIO_1m,SK_179_23,SEB2,ORV Sagar Kanya,179,1400,15.22,72.555,08-08-2002 06:30,SK,41,NIO,1
sk179.csv,CTD_NIO_1m,SK_179_24,SWB2,ORV Sagar Kanya,179,2000,15.023,72.018,08-08-2002 17:30,SK,41,NIO,1
sk179.csv,CTD_NIO_1m,SK_179_25,GO6,ORV Sagar Kanya,179,2590,14.995,71.003,08-09-2002 15:15,SK,41,NIO,1
sk179.csv,CTD_NIO_1m,SK_179_26,TLL,ORV Sagar Kanya,179,1950,15.385,72.176,08-10-2002 04:15,SK,41,NIO,1
sk179.csv,CTD_NIO_1m,SK_179_28,B001,ORV Sagar Kanya,179,920,17.314,71.506,08-12-2002 09:15,SK,41,NIO,1
sk179.csv,CTD_NIO_1m,SK_179_29,B002,ORV Sagar Kanya,179,1070,17.015,71.818,08-12-2002 14:50,SK,41,NIO,1
sk179.csv,CTD_NIO_1m,SK_179_30,B003,ORV Sagar Kanya,179,1190,16.531,71.89,13-08-2002 22:35,SK,41,NIO,1
sk179.csv,CTD_NIO_1m,SK_179_31,B004,ORV Sagar Kanya,179,1310,16.002,72.271,13-08-2002 06:25,SK,41,NIO,1
sk179.csv,CTD_NIO_1m,SK_179_32,B005,ORV Sagar Kanya,179,1050,15.501,72.605,13-08-2002 12:55,SK,41,NIO,1
sk179.csv,CTD_NIO_1m,SK_179_33,B006,ORV Sagar Kanya,179,790,15.296,72.736,13-08-2002 16:15,SK,41,NIO,1
sk179.csv,CTD_NIO_1m,SK_179_34,B007,ORV Sagar Kanya,179,950,15.006,72.772,13-08-2002 20:25,SK,41,NIO,1
sk179.csv,CTD_NIO_1m,SK_179_35,B008,ORV Sagar Kanya,179,1000,14.501,72.957,14-08-2002 03:00,SK,41,NIO,1
sk179.csv,CTD_NIO_1m,SK_179_36,B009,ORV Sagar Kanya,179,1100,14.004,73.103,14-08-2002 08:40,SK,41,NIO,1
sk179.csv,CTD_NIO_1m,SK_179_37,B010,ORV Sagar Kanya,179,1130,13.504,73.254,14-08-2002 14:15,SK,41,NIO,1
sk179.csv,CTD_NIO_1m,SK_179_38,B011,ORV Sagar Kanya,179,700,13.009,73.488,14-08-2002 20:40,SK,41,NIO,1
sk179.csv,CTD_NIO_1m,SK_179_39,B012,ORV Sagar Kanya,179,950,12.503,71.054,15-08-2002 03:35,SK,41,NIO,1
sk179.csv,CTD_NIO_1m,SK_179_40,T000,ORV Sagar Kanya,179,0,15.385,72.173,21-07-2002 21:00,SK,41,NIO,1
sk179.csv,CTD_NIO_1m,SK_179_41,T001,ORV Sagar Kanya,179,0,15.385,72.173,22-07-2002 00:00,SK,41,NIO,1
sk179.csv,CTD_NIO_1m,SK_179_42,T002,ORV Sagar Kanya,179,0,15.385,72.173,22-07-2002 03:00,SK,41,NIO,1
sk179.csv,CTD_NIO_1m,SK_179_43,T003,ORV Sagar Kanya,179,0,15.385,72.173,22-07-2002 06:00,SK,41,NIO,1
sk179.csv,CTD_NIO_1m,SK_179_44,T004,ORV Sagar Kanya,179,0,15.385,72.173,22-07-2002 09:00,SK,41,NIO,1
sk179.csv,CTD_NIO_1m,SK_179_45,T005,ORV Sagar Kanya,179,0,15.385,72.173,22-07-2002 12:00,SK,41,NIO,1
sk179.csv,CTD_NIO_1m,SK_179_46,T006,ORV Sagar Kanya,179,0,15.385,72.173,22-07-2002 15:00,SK,41,NIO,1
sk179.csv,CTD_NIO_1m,SK_179_47,T007,ORV Sagar Kanya,179,0,15.385,72.173,22-07-2002 18:00,SK,41,NIO,1
sk179.csv,CTD_NIO_1m,SK_179_48,T008,ORV Sagar Kanya,179,0,15.385,72.173,22-07-2002 21:00,SK,41,NIO,1
sk179.csv,CTD_NIO_1m,SK_179_49,T009,ORV Sagar Kanya,179,0,15.385,72.173,23-07-2002 00:00,SK,41,NIO,1
sk179.csv,CTD_NIO_1m,SK_179_50,T010,ORV Sagar Kanya,179,0,15.385,72.173,23-07-2002 02:00,SK,41,NIO,1
sk179.csv,CTD_NIO_1m,SK_179_51,T011,ORV Sagar Kanya,179,0,15.385,72.173,23-07-2002 04:00,SK,41,NIO,1
sk179.csv,CTD_NIO_1m,SK_179_52,T012,ORV Sagar Kanya,179,0,15.385,72.173,23-07-2002 06:00,SK,41,NIO,1
sk179.csv,CTD_NIO_1m,SK_179_53,T013,ORV Sagar Kanya,179,0,15.385,72.173,23-07-2002 08:00,SK,41,NIO,1
sk179.csv,CTD_NIO_1m,SK_179_54,T014,ORV Sagar Kanya,179,0,15.385,72.173,23-07-2002 10:00,SK,41,NIO,1
sk179.csv,CTD_NIO_1m,SK_179_55,T015,ORV Sagar Kanya,179,0,15.385,72.173,23-07-2002 12:00,SK,41,NIO,1
sk179.csv,CTD_NIO_1m,SK_179_56,T016,ORV Sagar Kanya,179,0,15.385,72.173,23-07-2002 14:00,SK,41,NIO,1
sk179.csv,CTD_NIO_1m,SK_179_57,T017,ORV Sagar Kanya,179,0,15.385,72.173,23-07-2002 16:00,SK,41,NIO,1
sk179.csv,CTD_NIO_1m,SK_179_58,T018,ORV Sagar Kanya,179,0,15.385,72.173,23-07-2002 18:00,SK,41,NIO,1
sk179.csv,CTD_NIO_1m,SK_179_59,T019,ORV Sagar Kanya,179,0,15.385,72.173,23-07-2002 20:00,SK,41,NIO,1
sk179.csv,CTD_NIO_1m,SK_179_60,T020,ORV Sagar Kanya,179,0,15.385,72.173,23-07-2002 22:00,SK,41,NIO,1
sk179.csv,CTD_NIO_1m,SK_179_61,T021,ORV Sagar Kanya,179,0,15.385,72.173,24-07-2002 00:00,SK,41,NIO,1
sk179.csv,CTD_NIO_1m,SK_179_62,T022,ORV Sagar Kanya,179,0,15.385,72.173,24-07-2002 02:00,SK,41,NIO,1
sk179.csv,CTD_NIO_1m,SK_179_63,T023,ORV Sagar Kanya,179,0,15.385,72.173,24-07-2002 04:00,SK,41,NIO,1
sk179.csv,CTD_NIO_1m,SK_179_64,T024,ORV Sagar Kanya,179,0,15.385,72.173,24-07-2002 06:00,SK,41,NIO,1
sk179.csv,CTD_NIO_1m,SK_179_65,T025,ORV Sagar Kanya,179,0,15.385,72.173,24-07-2002 08:00,SK,41,NIO,1
sk179.csv,CTD_NIO_1m,SK_179_66,T026,ORV Sagar Kanya,179,0,15.385,72.173,24-07-2002 10:00,SK,41,NIO,1
sk179.csv,CTD_NIO_1m,SK_179_67,T027,ORV Sagar Kanya,179,0,15.385,72.173,24-07-2002 12:00,SK,41,NIO,1
sk179.csv,CTD_NIO_1m,SK_179_68,T028,ORV Sagar Kanya,179,0,15.385,72.173,24-07-2002 14:00,SK,41,NIO,1
sk179.csv,CTD_NIO_1m,SK_179_69,T029,ORV Sagar Kanya,179,0,15.385,72.173,24-07-2002 16:00,SK,41,NIO,1
sk179.csv,CTD_NIO_1m,SK_179_70,T030,ORV Sagar Kanya,179,0,15.385,72.173,24-07-2002 18:00,SK,41,NIO,1
sk179.csv,CTD_NIO_1m,SK_179_71,T031,ORV Sagar Kanya,179,0,15.385,72.173,24-07-2002 20:00,SK,41,NIO,1
sk179.csv,CTD_NIO_1m,SK_179_72,T032,ORV Sagar Kanya,179,0,15.385,72.173,24-07-2002 22:00,SK,41,NIO,1
sk179.csv,CTD_NIO_1m,SK_179_73,T033,ORV Sagar Kanya,179,0,15.385,72.173,25-07-2002 00:00,SK,41,NIO,1
sk179.csv,CTD_NIO_1m,SK_179_74,T034,ORV Sagar Kanya,179,0,15.385,72.173,25-07-2002 02:00,SK,41,NIO,1
sk179.csv,CTD_NIO_1m,SK_179_75,T035,ORV Sagar Kanya,179,0,15.385,72.173,25-07-2002 04:00,SK,41,NIO,1
sk179.csv,CTD_NIO_1m,SK_179_76,T036,ORV Sagar Kanya,179,0,15.385,72.173,25-07-2002 06:00,SK,41,NIO,1
sk179.csv,CTD_NIO_1m,SK_179_77,T037,ORV Sagar Kanya,179,0,15.385,72.173,25-07-2002 08:00,SK,41,NIO,1
sk179.csv,CTD_NIO_1m,SK_179_78,T038,ORV Sagar Kanya,179,0,15.385,72.173,25-07-2002 10:00,SK,41,NIO,1
sk179.csv,CTD_NIO_1m,SK_179_79,T039,ORV Sagar Kanya,179,0,15.386,72.173,25-07-2002 12:00,SK,41,NIO,1
sk179.csv,CTD_NIO_1m,SK_179_80,T040,ORV Sagar Kanya,179,0,15.385,72.173,25-07-2002 14:00,SK,41,NIO,1
sk179.csv,CTD_NIO_1m,SK_179_81,T041,ORV Sagar Kanya,179,0,15.385,72.173,25-07-2002 16:00,SK,41,NIO,1
sk179.csv,CTD_NIO_1m,SK_179_82,T042,ORV Sagar Kanya,179,0,15.385,72.173,25-07-2002 18:00,SK,41,NIO,1
sk179.csv,CTD_NIO_1m,SK_179_83,T043,ORV Sagar Kanya,179,0,15.385,72.173,25-07-2002 20:00,SK,41,NIO,1
sk179.csv,CTD_NIO_1m,SK_179_84,T044,ORV Sagar Kanya,179,0,15.385,72.173,25-07-2002 22:00,SK,41,NIO,1
sk179.csv,CTD_NIO_1m,SK_179_85,T045,ORV Sagar Kanya,179,0,15.385,72.173,26-07-2002 00:00,SK,41,NIO,1
sk179.csv,CTD_NIO_1m,SK_179_86,T046,ORV Sagar Kanya,179,0,15.385,72.173,26-07-2002 02:00,SK,41,NIO,1
sk179.csv,CTD_NIO_1m,SK_179_87,T047,ORV Sagar Kanya,179,0,15.385,72.173,26-07-2002 04:00,SK,41,NIO,1
sk179.csv,CTD_NIO_1m,SK_179_88,T048,ORV Sagar Kanya,179,0,15.385,72.173,26-07-2002 06:00,SK,41,NIO,1
sk179.csv,CTD_NIO_1m,SK_179_89,T049,ORV Sagar Kanya,179,0,15.385,72.173,26-07-2002 08:00,SK,41,NIO,1
sk179.csv,CTD_NIO_1m,SK_179_90,T050,ORV Sagar Kanya,179,0,15.385,72.173,26-07-2002 10:00,SK,41,NIO,1
sk179.csv,CTD_NIO_1m,SK_179_91,T051,ORV Sagar Kanya,179,0,15.385,72.173,26-07-2002 12:00,SK,41,NIO,1
sk179.csv,CTD_NIO_1m,SK_179_92,T052,ORV Sagar Kanya,179,0,15.385,72.173,26-07-2002 14:00,SK,41,NIO,1
sk179.csv,CTD_NIO_1m,SK_179_93,T053,ORV Sagar Kanya,179,0,15.385,72.173,26-07-2002 16:00,SK,41,NIO,1
sk179.csv,CTD_NIO_1m,SK_179_94,T054,ORV Sagar Kanya,179,0,15.385,72.173,26-07-2002 18:00,SK,41,NIO,1
sk179.csv,CTD_NIO_1m,SK_179_95,T055,ORV Sagar Kanya,179,0,15.385,72.173,26-07-2002 20:00,SK,41,NIO,1
sk179.csv,CTD_NIO_1m,SK_179_96,T056,ORV Sagar Kanya,179,0,15.385,72.173,26-07-2002 22:00,SK,41,NIO,1
sk179.csv,CTD_NIO_1m,SK_179_97,T057,ORV Sagar Kanya,179,0,15.385,72.173,27-07-2002 00:00,SK,41,NIO,1
sk179.csv,CTD_NIO_1m,SK_179_98,T058,ORV Sagar Kanya,179,0,15.385,72.173,27-07-2002 02:00,SK,41,NIO,1
sk179.csv,CTD_NIO_1m,SK_179_99,T059,ORV Sagar Kanya,179,0,15.385,72.173,27-07-2002 04:00,SK,41,NIO,1
sk179.csv,CTD_NIO_1m,SK_179_100,T060,ORV Sagar Kanya,179,0,15.385,72.173,27-07-2002 06:00,SK,41,NIO,1
sk179.csv,CTD_NIO_1m,SK_179_101,T061,ORV Sagar Kanya,179,0,15.385,72.173,27-07-2002 08:00,SK,41,NIO,1
sk179.csv,CTD_NIO_1m,SK_179_102,T062,ORV Sagar Kanya,179,0,15.385,72.173,27-07-2002 10:00,SK,41,NIO,1
sk179.csv,CTD_NIO_1m,SK_179_103,T063,ORV Sagar Kanya,179,0,15.385,72.173,27-07-2002 12:00,SK,41,NIO,1
sk179.csv,CTD_NIO_1m,SK_179_104,T064,ORV Sagar Kanya,179,0,15.385,72.173,27-07-2002 14:00,SK,41,NIO,1
sk179.csv,CTD_NIO_1m,SK_179_105,T065,ORV Sagar Kanya,179,0,15.385,72.173,27-07-2002 16:00,SK,41,NIO,1
sk179.csv,CTD_NIO_1m,SK_179_106,T066,ORV Sagar Kanya,179,0,15.385,72.173,27-07-2002 18:00,SK,41,NIO,1
sk179.csv,CTD_NIO_1m,SK_179_107,T067,ORV Sagar Kanya,179,0,15.385,72.173,27-07-2002 20:00,SK,41,NIO,1
sk179.csv,CTD_NIO_1m,SK_179_108,T068,ORV Sagar Kanya,179,0,15.385,72.173,27-07-2002 22:00,SK,41,NIO,1
sk179.csv,CTD_NIO_1m,SK_179_109,T069,ORV Sagar Kanya,179,0,15.385,72.173,28-07-2002 00:00,SK,41,NIO,1
sk179.csv,CTD_NIO_1m,SK_179_110,T070,ORV Sagar Kanya,179,0,15.385,72.173,28-07-2002 02:00,SK,41,NIO,1
sk179.csv,CTD_NIO_1m,SK_179_111,T071,ORV Sagar Kanya,179,0,15.385,72.173,28-07-2002 04:00,SK,41,NIO,1
sk179.csv,CTD_NIO_1m,SK_179_112,T072,ORV Sagar Kanya,179,0,15.385,72.173,28-07-2002 06:00,SK,41,NIO,1
sk179.csv,CTD_NIO_1m,SK_179_113,T073,ORV Sagar Kanya,179,0,15.385,72.173,28-07-2002 08:00,SK,41,NIO,1
sk179.csv,CTD_NIO_1m,SK_179_114,T074,ORV Sagar Kanya,179,0,15.385,72.173,28-07-2002 10:00,SK,41,NIO,1
sk179.csv,CTD_NIO_1m,SK_179_115,T075,ORV Sagar Kanya,179,0,15.385,72.173,28-07-2002 12:00,SK,41,NIO,1
sk179.csv,CTD_NIO_1m,SK_179_116,T076,ORV Sagar Kanya,179,0,15.385,72.173,28-07-2002 14:00,SK,41,NIO,1
sk179.csv,CTD_NIO_1m,SK_179_117,T077,ORV Sagar Kanya,179,0,15.385,72.173,28-07-2002 16:00,SK,41,NIO,1
sk179.csv,CTD_NIO_1m,SK_179_118,T078,ORV Sagar Kanya,179,0,15.385,72.173,28-07-2002 18:00,SK,41,NIO,1
sk179.csv,CTD_NIO_1m,SK_179_119,T079,ORV Sagar Kanya,179,0,15.385,72.173,28-07-2002 20:00,SK,41,NIO,1
sk179.csv,CTD_NIO_1m,SK_179_120,T080,ORV Sagar Kanya,179,0,15.385,72.173,28-07-2002 22:00,SK,41,NIO,1
sk179.csv,CTD_NIO_1m,SK_179_121,T081,ORV Sagar Kanya,179,0,15.385,72.173,29-07-2002 00:00,SK,41,NIO,1
sk179.csv,CTD_NIO_1m,SK_179_122,T082,ORV Sagar Kanya,179,0,15.385,72.173,29-07-2002 02:00,SK,41,NIO,1
sk179.csv,CTD_NIO_1m,SK_179_123,T083,ORV Sagar Kanya,179,0,15.385,72.173,29-07-2002 04:00,SK,41,NIO,1
sk179.csv,CTD_NIO_1m,SK_179_124,T084,ORV Sagar Kanya,179,0,15.385,72.173,29-07-2002 06:00,SK,41,NIO,1
sk179.csv,CTD_NIO_1m,SK_179_125,T085,ORV Sagar Kanya,179,0,15.385,72.173,29-07-2002 08:00,SK,41,NIO,1
sk179.csv,CTD_NIO_1m,SK_179_126,T086,ORV Sagar Kanya,179,0,15.385,72.173,29-07-2002 10:00,SK,41,NIO,1
sk179.csv,CTD_NIO_1m,SK_179_127,T087,ORV Sagar Kanya,179,0,15.385,72.173,29-07-2002 12:00,SK,41,NIO,1
sk179.csv,CTD_NIO_1m,SK_179_128,T088,ORV Sagar Kanya,179,0,15.385,72.173,29-07-2002 14:00,SK,41,NIO,1
sk179.csv,CTD_NIO_1m,SK_179_129,T089,ORV Sagar Kanya,179,0,15.385,72.173,29-07-2002 16:00,SK,41,NIO,1
sk179.csv,CTD_NIO_1m,SK_179_130,T090,ORV Sagar Kanya,179,0,15.385,72.173,29-07-2002 18:00,SK,41,NIO,1
sk179.csv,CTD_NIO_1m,SK_179_131,T091,ORV Sagar Kanya,179,0,15.385,72.173,29-07-2002 20:00,SK,41,NIO,1
sk179.csv,CTD_NIO_1m,SK_179_132,T092,ORV Sagar Kanya,179,0,15.385,72.173,29-07-2002 22:00,SK,41,NIO,1
sk179.csv,CTD_NIO_1m,SK_179_133,T093,ORV Sagar Kanya,179,0,15.385,72.173,30-07-2002 00:00,SK,41,NIO,1
sk179.csv,CTD_NIO_1m,SK_179_134,T094,ORV Sagar Kanya,179,0,15.385,72.173,30-07-2002 02:00,SK,41,NIO,1
sk179.csv,CTD_NIO_1m,SK_179_135,T095,ORV Sagar Kanya,179,0,15.385,72.173,30-07-2002 04:00,SK,41,NIO,1
sk179.csv,CTD_NIO_1m,SK_179_136,T096,ORV Sagar Kanya,179,0,15.385,72.173,30-07-2002 06:00,SK,41,NIO,1
sk179.csv,CTD_NIO_1m,SK_179_137,T097,ORV Sagar Kanya,179,0,15.385,72.173,30-07-2002 08:00,SK,41,NIO,1
sk179.csv,CTD_NIO_1m,SK_179_138,T098,ORV Sagar Kanya,179,0,15.385,72.173,30-07-2002 10:00,SK,41,NIO,1
sk179.csv,CTD_NIO_1m,SK_179_139,T099,ORV Sagar Kanya,179,0,15.385,72.173,30-07-2002 12:00,SK,41,NIO,1
sk179.csv,CTD_NIO_1m,SK_179_140,T100,ORV Sagar Kanya,179,0,15.385,72.173,30-07-2002 14:00,SK,41,NIO,1
sk179.csv,CTD_NIO_1m,SK_179_141,T101,ORV Sagar Kanya,179,0,15.385,72.173,30-07-2002 16:00,SK,41,NIO,1
sk179.csv,CTD_NIO_1m,SK_179_142,T102,ORV Sagar Kanya,179,0,15.385,72.173,30-07-2002 18:00,SK,41,NIO,1
sk179.csv,CTD_NIO_1m,SK_179_143,T103,ORV Sagar Kanya,179,0,15.385,72.173,30-07-2002 20:00,SK,41,NIO,1
sk179.csv,CTD_NIO_1m,SK_179_144,T104,ORV Sagar Kanya,179,0,15.385,72.173,30-07-2002 22:00,SK,41,NIO,1
sk179.csv,CTD_NIO_1m,SK_179_145,T105,ORV Sagar Kanya,179,0,15.385,72.173,31-07-2002 00:00,SK,41,NIO,1
sk179.csv,CTD_NIO_1m,SK_179_146,T106,ORV Sagar Kanya,179,0,15.385,72.173,31-07-2002 02:00,SK,41,NIO,1
sk179.csv,CTD_NIO_1m,SK_179_147,T107,ORV Sagar Kanya,179,0,15.385,72.173,31-07-2002 04:00,SK,41,NIO,1
sk179.csv,CTD_NIO_1m,SK_179_148,T108,ORV Sagar Kanya,179,0,15.385,72.173,31-07-2002 06:00,SK,41,NIO,1
sk179.csv,CTD_NIO_1m,SK_179_149,T109,ORV Sagar Kanya,179,0,15.385,72.173,31-07-2002 08:00,SK,41,NIO,1
sk179.csv,CTD_NIO_1m,SK_179_150,T010,ORV Sagar Kanya,179,0,15.385,72.173,31-07-2002 10:00,SK,41,NIO,1
sk179.csv,CTD_NIO_1m,SK_179_151,T111,ORV Sagar Kanya,179,0,15.385,72.173,31-07-2002 12:00,SK,41,NIO,1
sk179.csv,CTD_NIO_1m,SK_179_152,T112,ORV Sagar Kanya,179,0,15.385,72.173,31-07-2002 14:00,SK,41,NIO,1
sk179.csv,CTD_NIO_1m,SK_179_153,T113,ORV Sagar Kanya,179,0,15.385,72.173,31-07-2002 16:00,SK,41,NIO,1
sk179.csv,CTD_NIO_1m,SK_179_154,T114,ORV Sagar Kanya,179,0,15.385,72.173,31-07-2002 18:00,SK,41,NIO,1
sk179.csv,CTD_NIO_1m,SK_179_155,T115,ORV Sagar Kanya,179,0,15.385,72.173,31-07-2002 20:00,SK,41,NIO,1
sk179.csv,CTD_NIO_1m,SK_179_156,T116,ORV Sagar Kanya,179,0,15.385,72.173,31-07-2002 22:00,SK,41,NIO,1
sk179.csv,CTD_NIO_1m,SK_179_157,T117,ORV Sagar Kanya,179,0,15.385,72.173,08-01-2002 00:00,SK,41,NIO,1
sk179.csv,CTD_NIO_1m,SK_179_158,T118,ORV Sagar Kanya,179,0,15.385,72.173,08-01-2002 02:00,SK,41,NIO,1
sk179.csv,CTD_NIO_1m,SK_179_159,T119,ORV Sagar Kanya,179,0,15.385,72.173,08-01-2002 04:00,SK,41,NIO,1
sk179.csv,CTD_NIO_1m,SK_179_160,T120,ORV Sagar Kanya,179,0,15.385,72.173,08-01-2002 06:00,SK,41,NIO,1
sk179.csv,CTD_NIO_1m,SK_179_161,T121,ORV Sagar Kanya,179,0,15.385,72.173,08-01-2002 08:00,SK,41,NIO,1
sk179.csv,CTD_NIO_1m,SK_179_162,T122,ORV Sagar Kanya,179,0,15.385,72.173,08-01-2002 10:00,SK,41,NIO,1
sk179.csv,CTD_NIO_1m,SK_179_163,T123,ORV Sagar Kanya,179,0,15.385,72.173,08-01-2002 12:00,SK,41,NIO,1
sk179.csv,CTD_NIO_1m,SK_179_164,T124,ORV Sagar Kanya,179,0,15.385,72.173,08-01-2002 14:00,SK,41,NIO,1
sk179.csv,CTD_NIO_1m,SK_179_165,T125,ORV Sagar Kanya,179,0,15.385,72.173,08-01-2002 16:00,SK,41,NIO,1
sk179.csv,CTD_NIO_1m,SK_179_166,T126,ORV Sagar Kanya,179,0,15.385,72.173,08-01-2002 18:00,SK,41,NIO,1
sk179.csv,CTD_NIO_1m,SK_179_167,T127,ORV Sagar Kanya,179,0,15.385,72.173,08-01-2002 20:00,SK,41,NIO,1
sk179.csv,CTD_NIO_1m,SK_179_168,T128,ORV Sagar Kanya,179,0,15.385,72.173,08-01-2002 22:00,SK,41,NIO,1
sk179.csv,CTD_NIO_1m,SK_179_169,T129,ORV Sagar Kanya,179,0,15.385,72.173,08-02-2002 00:00,SK,41,NIO,1
sk179.csv,CTD_NIO_1m,SK_179_170,T130,ORV Sagar Kanya,179,0,15.385,72.173,08-02-2002 02:00,SK,41,NIO,1
sk179.csv,CTD_NIO_1m,SK_179_171,T131,ORV Sagar Kanya,179,0,15.385,72.173,08-02-2002 04:00,SK,41,NIO,1
sk179.csv,CTD_NIO_1m,SK_179_172,T132,ORV Sagar Kanya,179,0,15.385,72.173,08-02-2002 06:00,SK,41,NIO,1
sk179.csv,CTD_NIO_1m,SK_179_173,T133,ORV Sagar Kanya,179,0,15.385,72.173,08-02-2002 08:00,SK,41,NIO,1
sk179.csv,CTD_NIO_1m,SK_179_174,T134,ORV Sagar Kanya,179,0,15.385,72.173,08-02-2002 10:00,SK,41,NIO,1
sk179.csv,CTD_NIO_1m,SK_179_175,T135,ORV Sagar Kanya,179,0,15.385,72.171,08-02-2002 12:00,SK,41,NIO,1
sk179.csv,CTD_NIO_1m,SK_179_176,T136,ORV Sagar Kanya,179,0,15.385,72.171,08-02-2002 14:00,SK,41,NIO,1
sk179.csv,CTD_NIO_1m,SK_179_177,T137,ORV Sagar Kanya,179,0,15.385,72.171,08-02-2002 16:00,SK,41,NIO,1
sk179.csv,CTD_NIO_1m,SK_179_178,T138,ORV Sagar Kanya,179,0,15.385,72.171,08-02-2002 18:00,SK,41,NIO,1
sk179.csv,CTD_NIO_1m,SK_179_179,T139,ORV Sagar Kanya,179,0,15.385,72.171,08-02-2002 20:00,SK,41,NIO,1
sk179.csv,CTD_NIO_1m,SK_179_180,T140,ORV Sagar Kanya,179,0,15.385,72.171,08-02-2002 22:00,SK,41,NIO,1
sk179.csv,CTD_NIO_1m,SK_179_181,T141,ORV Sagar Kanya,179,0,15.385,72.173,08-03-2002 00:00,SK,41,NIO,1
sk179.csv,CTD_NIO_1m,SK_179_182,T142,ORV Sagar Kanya,179,0,15.385,72.173,08-03-2002 02:00,SK,41,NIO,1
sk179.csv,CTD_NIO_1m,SK_179_183,T143,ORV Sagar Kanya,179,0,15.385,72.173,08-03-2002 04:00,SK,41,NIO,1
sk179.csv,CTD_NIO_1m,SK_179_184,T144,ORV Sagar Kanya,179,0,15.385,72.171,08-03-2002 06:00,SK,41,NIO,1
sk179.csv,CTD_NIO_1m,SK_179_185,T145,ORV Sagar Kanya,179,0,15.385,72.171,08-03-2002 08:00,SK,41,NIO,1
sk179.csv,CTD_NIO_1m,SK_179_186,T146,ORV Sagar Kanya,179,0,15.385,72.171,08-03-2002 10:00,SK,41,NIO,1
sk179.csv,CTD_NIO_1m,SK_179_187,T147,ORV Sagar Kanya,179,0,15.385,72.171,08-03-2002 12:00,SK,41,NIO,1
sk179.csv,CTD_NIO_1m,SK_179_188,T148,ORV Sagar Kanya,179,0,15.385,72.171,08-03-2002 14:00,SK,41,NIO,1
sk179.csv,CTD_NIO_1m,SK_179_189,T149,ORV Sagar Kanya,179,0,15.385,72.171,08-03-2002 16:00,SK,41,NIO,1
sk179.csv,CTD_NIO_1m,SK_179_190,T150,ORV Sagar Kanya,179,0,15.385,72.171,08-03-2002 18:00,SK,41,NIO,1
sk179.csv,CTD_NIO_1m,SK_179_191,T151,ORV Sagar Kanya,179,0,15.385,72.171,08-03-2002 20:00,SK,41,NIO,1
sk179.csv,CTD_NIO_1m,SK_179_192,T152,ORV Sagar Kanya,179,0,15.385,72.173,08-03-2002 22:00,SK,41,NIO,1
sk179.csv,CTD_NIO_1m,SK_179_193,T153,ORV Sagar Kanya,179,0,15.385,72.173,08-04-2002 00:00,SK,41,NIO,1
sk179.csv,CTD_NIO_1m,SK_179_194,T154,ORV Sagar Kanya,179,0,15.385,72.173,08-04-2002 02:00,SK,41,NIO,1
sk179.csv,CTD_NIO_1m,SK_179_195,T155,ORV Sagar Kanya,179,0,15.385,72.173,08-04-2002 04:00,SK,41,NIO,1
sk179.csv,CTD_NIO_1m,SK_179_196,T156,ORV Sagar Kanya,179,0,15.385,72.171,08-04-2002 06:00,SK,41,NIO,1
sk179.csv,CTD_NIO_1m,SK_179_197,T157,ORV Sagar Kanya,179,0,15.385,72.171,08-04-2002 08:00,SK,41,NIO,1
sk179.csv,CTD_NIO_1m,SK_179_198,T158,ORV Sagar Kanya,179,0,15.385,72.171,08-04-2002 10:00,SK,41,NIO,1
sk179.csv,CTD_NIO_1m,SK_179_199,T159,ORV Sagar Kanya,179,0,15.385,72.171,08-04-2002 12:00,SK,41,NIO,1
sk179.csv,CTD_NIO_1m,SK_179_200,T160,ORV Sagar Kanya,179,0,15.385,72.171,08-04-2002 14:00,SK,41,NIO,1
sk179.csv,CTD_NIO_1m,SK_179_201,T161,ORV Sagar Kanya,179,0,15.385,72.171,08-04-2002 16:00,SK,41,NIO,1
sk179.csv,CTD_NIO_1m,SK_179_202,T162,ORV Sagar Kanya,179,0,15.385,72.171,08-04-2002 18:00,SK,41,NIO,1
sk179.csv,CTD_NIO_1m,SK_179_203,T163,ORV Sagar Kanya,179,0,15.385,72.171,08-04-2002 20:00,SK,41,NIO,1
sk179.csv,CTD_NIO_1m,SK_179_204,T164,ORV Sagar Kanya,179,0,15.385,72.171,08-04-2002 22:00,SK,41,NIO,1
sk179.csv,CTD_NIO_1m,SK_179_205,T165,ORV Sagar Kanya,179,0,15.385,72.173,08-05-2002 00:00,SK,41,NIO,1
sk179.csv,CTD_NIO_1m,SK_179_206,T166,ORV Sagar Kanya,179,0,15.385,72.173,08-05-2002 02:00,SK,41,NIO,1
sk179.csv,CTD_NIO_1m,SK_179_207,T167,ORV Sagar Kanya,179,0,15.385,72.171,08-05-2002 06:00,SK,41,NIO,1
sk179.csv,CTD_NIO_1m,SK_179_208,T168,ORV Sagar Kanya,179,0,15.385,72.171,08-05-2002 08:00,SK,41,NIO,1
sk189.csv,CTD_NIO_1m,SK_189_1,1,ORV Sagar Kanya,189,0,8.329,72.664,03-03-2003 18:42,SK,41,NIO,0
sk189.csv,CTD_NIO_1m,SK_189_2,2,ORV Sagar Kanya,189,0,8.336,72.42,03-03-2003 21:42,SK,41,NIO,0
sk189.csv,CTD_NIO_1m,SK_189_3,3,ORV Sagar Kanya,189,0,8.589,72.668,03-04-2003 04:32,SK,41,NIO,0
sk194.csv,CTD_NIO_1m,SK_194_1,1,ORV Sagar Kanya,194,3742,4.502,62.557,28-06-2003 11:00,SK,41,NIO,0
sk194.csv,CTD_NIO_1m,SK_194_2,2,ORV Sagar Kanya,194,3484,4.204,62.635,28-06-2003 00:10,SK,41,NIO,0
sk194.csv,CTD_NIO_1m,SK_194_3,3,ORV Sagar Kanya,194,3619,4.156,62.883,28-06-2003 10:53,SK,41,NIO,0
sk194.csv,CTD_NIO_1m,SK_194_4,4,ORV Sagar Kanya,194,3926,4.101,62.821,29-06-2003 09:45,SK,41,NIO,0
sk194.csv,CTD_NIO_1m,SK_194_5,5,ORV Sagar Kanya,194,3542,4.009,62.922,30-06-2003 01:10,SK,41,NIO,0
sk194.csv,CTD_NIO_1m,SK_194_6,6,ORV Sagar Kanya,194,3465,3.971,63.051,30-06-2003 05:35,SK,41,NIO,0
sk194.csv,CTD_NIO_1m,SK_194_7,7,ORV Sagar Kanya,194,4221,3.855,63.126,30-06-2003 14:40,SK,41,NIO,0
sk194.csv,CTD_NIO_1m,SK_194_8,8,ORV Sagar Kanya,194,4071,3.855,63.173,30-06-2003 19:52,SK,41,NIO,0
sk194.csv,CTD_NIO_1m,SK_194_9,9,ORV Sagar Kanya,194,4017,3.935,63.301,07-01-2003 10:00,SK,41,NIO,0
sk194.csv,CTD_NIO_1m,SK_194_10,10,ORV Sagar Kanya,194,3731,3.855,63.251,07-01-2003 15:20,SK,41,NIO,0
sk194.csv,CTD_NIO_1m,SK_194_11,11,ORV Sagar Kanya,194,4395,3.834,63.372,07-02-2003 00:45,SK,41,NIO,0
sk194.csv,CTD_NIO_1m,SK_194_12,12,ORV Sagar Kanya,194,3920,3.771,63.452,07-02-2003 13:30,SK,41,NIO,0
sk194.csv,CTD_NIO_1m,SK_194_13,13,ORV Sagar Kanya,194,3459,3.818,63.533,07-02-2003 23:35,SK,41,NIO,0
sk194.csv,CTD_NIO_1m,SK_194_14,14,ORV Sagar Kanya,194,3884,3.85,63.438,07-03-2003 08:35,SK,41,NIO,0
sk194.csv,CTD_NIO_1m,SK_194_15,15,ORV Sagar Kanya,194,4272,3.742,63.607,07-03-2003 21:10,SK,41,NIO,0
sk194.csv,CTD_NIO_1m,SK_194_16,16,ORV Sagar Kanya,194,3403,3.687,63.654,07-04-2003 03:20,SK,41,NIO,0
sk194.csv,CTD_NIO_1m,SK_194_17,17,ORV Sagar Kanya,194,3351,2.719,64.659,07-11-2003 03:20,SK,41,NIO,0
sk194.csv,CTD_NIO_1m,SK_194_18,18,ORV Sagar Kanya,194,3747,4.484,62.553,14-07-2003 13:30,SK,41,NIO,0
sk194.csv,CTD_NIO_1m,SK_194_19,19,ORV Sagar Kanya,194,3558,4.5,62.556,14-07-2003 19:45,SK,41,NIO,0
sk194.csv,CTD_NIO_1m,SK_194_20,20,ORV Sagar Kanya,194,3720,4.417,62.501,15-07-2003 03:25,SK,41,NIO,0
sk194.csv,CTD_NIO_1m,SK_194_21,21,ORV Sagar Kanya,194,3741,4.503,62.553,15-07-2003 08:48,SK,41,NIO,0
sk194.csv,CTD_NIO_1m,SK_194_22,22,ORV Sagar Kanya,194,3668,4.506,62.553,16-07-2003 05:10,SK,41,NIO,0
sk194.csv,CTD_NIO_1m,SK_194_23,23,ORV Sagar Kanya,194,3690,3.791,63.793,16-07-2003 22:35,SK,41,NIO,0
sk194.csv,CTD_NIO_1m,SK_194_24,24,ORV Sagar Kanya,194,3275,3.584,64.117,17-07-2003 06:55,SK,41,NIO,0
sk194.csv,CTD_NIO_1m,SK_194_25,25,ORV Sagar Kanya,194,3239,3.641,64.24,18-07-2003 08:55,SK,41,NIO,0
sk194.csv,CTD_NIO_1m,SK_194_26,26,ORV Sagar Kanya,194,3358,3.223,64.724,18-07-2003 22:30,SK,41,NIO,0
sk194.csv,CTD_NIO_1m,SK_194_27,27,ORV Sagar Kanya,194,3001,3.174,64.776,19-07-2003 06:40,SK,41,NIO,0
sk194.csv,CTD_NIO_1m,SK_194_28,28,ORV Sagar Kanya,194,3187,2.858,64.071,19-07-2003 14:50,SK,41,NIO,0
sk194.csv,CTD_NIO_1m,SK_194_29,29,ORV Sagar Kanya,194,3642,2.972,65.204,20-07-2003 06:36,SK,41,NIO,0
sk194.csv,CTD_NIO_1m,SK_194_30,30,ORV Sagar Kanya,194,3477,2.987,65.839,20-07-2003 21:20,SK,41,NIO,0
sk194.csv,CTD_NIO_1m,SK_194_31,31,ORV Sagar Kanya,194,3783,3.033,65.669,21-07-2003 05:35,SK,41,NIO,0
sk194.csv,CTD_NIO_1m,SK_194_32,32,ORV Sagar Kanya,194,3013,2.7,66.183,21-07-2003 14:00,SK,41,NIO,0
sk194.csv,CTD_NIO_1m,SK_194_33,33,ORV Sagar Kanya,194,3065,2.467,66.4,21-07-2003 21:45,SK,41,NIO,0
sk194.csv,CTD_NIO_1m,SK_194_34,34,ORV Sagar Kanya,194,3229,2.409,66.584,21-07-2003 01:47,SK,41,NIO,0
sk195.csv,CTD_NIO_1m,SK_195_1,1,ORV Sagar Kanya,195,2879,-5.031,69.137,08-01-2003 03:34,SK,41,NIO,0
sk195.csv,CTD_NIO_1m,SK_195_2,2,ORV Sagar Kanya,195,3542,-5.4,68.583,08-02-2003 12:50,SK,41,NIO,0
sk195.csv,CTD_NIO_1m,SK_195_3,3,ORV Sagar Kanya,195,3284,-5.027,68.423,08-05-2003 20:50,SK,41,NIO,0
sk195.csv,CTD_NIO_1m,SK_195_4,4,ORV Sagar Kanya,195,2228,-7.561,68.97,14-08-2003 22:30,SK,41,NIO,0
sk195.csv,CTD_NIO_1m,SK_195_5,5,ORV Sagar Kanya,195,3987,-7.383,68.247,15-08-2003 10:30,SK,41,NIO,0
sk195.csv,CTD_NIO_1m,SK_195_6,6,ORV Sagar Kanya,195,3679,-7.284,68.159,15-08-2003 20:50,SK,41,NIO,0
sk195.csv,CTD_NIO_1m,SK_195_7,7,ORV Sagar Kanya,195,2219,-7.024,68.3,16-08-2003 09:15,SK,41,NIO,0
sk195.csv,CTD_NIO_1m,SK_195_8,8,ORV Sagar Kanya,195,1675,-7.285,68.072,16-08-2003 21:10,SK,41,NIO,0
sk195.csv,CTD_NIO_1m,SK_195_9,9,ORV Sagar Kanya,195,4504,-7.133,67.866,17-08-2003 00:40,SK,41,NIO,0
sk195.csv,CTD_NIO_1m,SK_195_10,10,ORV Sagar Kanya,195,2716,-7.444,67.803,17-08-2003 13:15,SK,41,NIO,0
sk195.csv,CTD_NIO_1m,SK_195_11,11,ORV Sagar Kanya,195,1606,-6.606,68.318,18-08-2003 09:45,SK,41,NIO,0
sk195.csv,CTD_NIO_1m,SK_195_12,12,ORV Sagar Kanya,195,3860,-6.355,68.765,19-08-2003 00:50,SK,41,NIO,0
sk195.csv,CTD_NIO_1m,SK_195_13,13,ORV Sagar Kanya,195,2272,-6.039,68.563,19-08-2003 14:30,SK,41,NIO,0
sk195.csv,CTD_NIO_1m,SK_195_14,14,ORV Sagar Kanya,195,2918,-6.281,68.214,20-08-2003 02:00,SK,41,NIO,0
sk195.csv,CTD_NIO_1m,SK_195_15,15,ORV Sagar Kanya,195,2247,-6.274,68.008,20-08-2003 07:55,SK,41,NIO,0
sk195.csv,CTD_NIO_1m,SK_195_16,16,ORV Sagar Kanya,195,3495,-6.616,68.051,20-08-2003 19:45,SK,41,NIO,0
sk195.csv,CTD_NIO_1m,SK_195_17,17,ORV Sagar Kanya,195,2311,-5.451,68.527,22-08-2003 01:10,SK,41,NIO,0
sk195.csv,CTD_NIO_1m,SK_195_18,18,ORV Sagar Kanya,195,4049,-5.334,68.677,22-08-2003 06:15,SK,41,NIO,0
sk195.csv,CTD_NIO_1m,SK_195_19,19,ORV Sagar Kanya,195,2319,-5.15,68.734,22-08-2003 13:35,SK,41,NIO,0
sk195.csv,CTD_NIO_1m,SK_195_20,20,ORV Sagar Kanya,195,3999,-5.121,68.621,22-08-2003 17:10,SK,41,NIO,0
sk195.csv,CTD_NIO_1m,SK_195_21,21,ORV Sagar Kanya,195,1950,-5.153,68.445,23-08-2003 04:10,SK,41,NIO,0
sk195.csv,CTD_NIO_1m,SK_195_22,22,ORV Sagar Kanya,195,3742,-5.034,68.546,23-08-2003 08:15,SK,41,NIO,0
sk195.csv,CTD_NIO_1m,SK_195_23,23,ORV Sagar Kanya,195,1925,-4.8,68.686,23-08-2003 16:50,SK,41,NIO,0
sk200.csv,CTD_NIO_1m,SK_200_1,1,ORV Sagar Kanya,200,4775,-25.038,52.538,25-01-2004 15:02,SK,41,NIO,0
sk200.csv,CTD_NIO_1m,SK_200_3,3,ORV Sagar Kanya,200,4775,-26.997,50.683,27-01-2004 02:09,SK,41,NIO,0
sk200.csv,CTD_NIO_1m,SK_200_10,08A,ORV Sagar Kanya,200,1754,-30.331,45.72,29-01-2004 20:10,SK,41,NIO,0
sk200.csv,CTD_NIO_1m,SK_200_11,9,ORV Sagar Kanya,200,225,-31.008,44.994,30-01-2004 05:29,SK,41,NIO,0
sk200.csv,CTD_NIO_1m,SK_200_13,11,ORV Sagar Kanya,200,1166,-35.841,44.901,02-01-2004 06:30,SK,41,NIO,0
sk200.csv,CTD_NIO_1m,SK_200_15,13,ORV Sagar Kanya,200,2233,-35.028,44.996,02-02-2004 12:17,SK,41,NIO,0
sk200.csv,CTD_NIO_1m,SK_200_17,15,ORV Sagar Kanya,200,2910,-36.985,44.994,02-03-2004 20:15,SK,41,NIO,0
sk200.csv,CTD_NIO_1m,SK_200_19,17,ORV Sagar Kanya,200,4004,-39.0,45.0,02-05-2004 13:06,SK,41,NIO,0
sk200.csv,CTD_NIO_1m,SK_200_21,19,ORV Sagar Kanya,200,3101,-41.006,44.997,02-06-2004 20:46,SK,41,NIO,0
sk200.csv,CTD_NIO_1m,SK_200_23,21,ORV Sagar Kanya,200,3091,-43.019,45.007,02-08-2004 09:09,SK,41,NIO,0
sk200.csv,CTD_NIO_1m,SK_200_25,23,ORV Sagar Kanya,200,1555,-45.022,45.102,02-10-2004 01:31,SK,41,NIO,0
sk200.csv,CTD_NIO_1m,SK_200_27,25,ORV Sagar Kanya,200,3167,-47.007,45.061,02-11-2004 03:55,SK,41,NIO,0
sk200.csv,CTD_NIO_1m,SK_200_28,26,ORV Sagar Kanya,200,3927,-47.993,45.006,02-11-2004 23:00,SK,41,NIO,0
sk200.csv,CTD_NIO_1m,SK_200_30,28,ORV Sagar Kanya,200,4383,-49.992,45.015,13-02-2004 14:20,SK,41,NIO,0
sk200.csv,CTD_NIO_1m,SK_200_31,29,ORV Sagar Kanya,200,4051,-51.004,44.995,14-02-2004 04:37,SK,41,NIO,0
sk200.csv,CTD_NIO_1m,SK_200_32,30,ORV Sagar Kanya,200,3129,-51.997,44.998,14-02-2004 19:13,SK,41,NIO,0
sk200.csv,CTD_NIO_1m,SK_200_34,32,ORV Sagar Kanya,200,3876,-53.996,45.002,15-02-2004 19:51,SK,41,NIO,0
sk200.csv,CTD_NIO_1m,SK_200_36,33A,ORV Sagar Kanya,200,4150,-54.994,45.154,16-02-2004 01:05,SK,41,NIO,0
sk200.csv,CTD_NIO_1m,SK_200_37,34,ORV Sagar Kanya,200,4775,-56.004,45.007,17-02-2004 11:55,SK,41,NIO,0
sk200.csv,CTD_NIO_1m,SK_200_39,35A,ORV Sagar Kanya,200,4515,-47.994,57.501,17-02-2004 06:50,SK,41,NIO,0
sk207.csv,CTD_NIO_1m,SK_207_1,S01,ORV Sagar Kanya,207,3878,-4.971,68.465,22-07-2004 01:16,SK,41,NIO,0
sk207.csv,CTD_NIO_1m,SK_207_2,S02,ORV Sagar Kanya,207,1925,-10.304,66.521,27-07-2004 17:13,SK,41,NIO,0
sk207.csv,CTD_NIO_1m,SK_207_3,S03,ORV Sagar Kanya,207,4047,-10.419,66.322,28-07-2004 04:10,SK,41,NIO,0
sk207.csv,CTD_NIO_1m,SK_207_4,S04,ORV Sagar Kanya,207,2375,-10.034,66.519,28-07-2004 17:33,SK,41,NIO,0
sk207.csv,CTD_NIO_1m,SK_207_5,S05,ORV Sagar Kanya,207,2747,-9.783,66.634,29-07-2004 05:29,SK,41,NIO,0
sk207.csv,CTD_NIO_1m,SK_207_6,S05a,ORV Sagar Kanya,207,2776,-9.777,66.629,29-07-2004 13:29,SK,41,NIO,0
sk207.csv,CTD_NIO_1m,SK_207_7,S06,ORV Sagar Kanya,207,2621,-9.768,66.665,29-07-2004 20:54,SK,41,NIO,0
sk207.csv,CTD_NIO_1m,SK_207_8,S07,ORV Sagar Kanya,207,1705,-9.462,66.955,30-07-2004 16:32,SK,41,NIO,0
sk207.csv,CTD_NIO_1m,SK_207_9,S08,ORV Sagar Kanya,207,2322,-7.991,67.911,08-01-2004 02:22,SK,41,NIO,0
sk207.csv,CTD_NIO_1m,SK_207_10,S09,ORV Sagar Kanya,207,3659,-7.964,67.996,08-01-2004 13:55,SK,41,NIO,0
sk207.csv,CTD_NIO_1m,SK_207_11,S10,ORV Sagar Kanya,207,2306,-7.841,68.089,08-02-2004 01:08,SK,41,NIO,0
sk207.csv,CTD_NIO_1m,SK_207_12,S11,ORV Sagar Kanya,207,3531,-7.924,67.99,08-02-2004 05:49,SK,41,NIO,0
sk207.csv,CTD_NIO_1m,SK_207_13,S12,ORV Sagar Kanya,207,2527,-7.909,68.068,08-02-2004 14:26,SK,41,NIO,0
sk207.csv,CTD_NIO_1m,SK_207_14,S13,ORV Sagar Kanya,207,4094,5.699,61.445,08-07-2004 23:30,SK,41,NIO,0
sk207.csv,CTD_NIO_1m,SK_207_15,S14,ORV Sagar Kanya,207,4020,5.725,61.458,08-08-2004 01:45,SK,41,NIO,0
sk207.csv,CTD_NIO_1m,SK_207_16,S15,ORV Sagar Kanya,207,4090,5.9,61.224,08-10-2004 06:55,SK,41,NIO,0
sk207.csv,CTD_NIO_1m,SK_207_17,S16,ORV Sagar Kanya,207,3413,5.897,61.111,08-11-2004 08:16,SK,41,NIO,0
sk207.csv,CTD_NIO_1m,SK_207_18,S17,ORV Sagar Kanya,207,3926,5.759,61.36,08-11-2004 18:18,SK,41,NIO,0
sk207.csv,CTD_NIO_1m,SK_207_19,S18,ORV Sagar Kanya,207,1764,5.601,61.384,08-12-2004 04:26,SK,41,NIO,0
sk207.csv,CTD_NIO_1m,SK_207_20,S19,ORV Sagar Kanya,207,1934,5.853,61.512,08-12-2004 10:22,SK,41,NIO,0
sk207.csv,CTD_NIO_1m,SK_207_21,S20,ORV Sagar Kanya,207,4011,5.706,61.498,08-12-2004 17:10,SK,41,NIO,0
sk207.csv,CTD_NIO_1m,SK_207_22,S21,ORV Sagar Kanya,207,4007,5.696,61.572,13-08-2004 13:07,SK,41,NIO,0
sk207.csv,CTD_NIO_1m,SK_207_23,S22,ORV Sagar Kanya,207,1494,5.451,61.447,13-08-2004 22:04,SK,41,NIO,0
sk207.csv,CTD_NIO_1m,SK_207_24,S23,ORV Sagar Kanya,207,2548,5.619,61.452,14-08-2004 18:34,SK,41,NIO,0
sk212.csv,CTD_NIO_1m,SK_212_1,1,ORV Sagar Kanya,212,4740,-0.05,77.166,16-10-2004 00:00,SK,41,NIO,0
sk212.csv,CTD_NIO_1m,SK_212_2,2,ORV Sagar Kanya,212,4510,1.983,80.498,19-10-2004 00:00,SK,41,NIO,0
sk212.csv,CTD_NIO_1m,SK_212_3,3,ORV Sagar Kanya,212,4500,1.495,80.498,20-10-2004 00:00,SK,41,NIO,0
sk212.csv,CTD_NIO_1m,SK_212_4,4,ORV Sagar Kanya,212,4580,1.01,80.666,20-10-2004 00:00,SK,41,NIO,0
sk212.csv,CTD_NIO_1m,SK_212_5,5,ORV Sagar Kanya,212,4600,0.508,80.5,21-10-2004 00:00,SK,41,NIO,0
sk212.csv,CTD_NIO_1m,SK_212_6,6,ORV Sagar Kanya,212,4688,0.001,80.498,21-10-2004 00:00,SK,41,NIO,0
sk212.csv,CTD_NIO_1m,SK_212_7,7,ORV Sagar Kanya,212,4425,-0.015,82.991,23-10-2004 00:00,SK,41,NIO,0
sk212.csv,CTD_NIO_1m,SK_212_8,8,ORV Sagar Kanya,212,4646,0.011,81.106,27-10-2004 00:00,SK,41,NIO,0
sk212.csv,CTD_NIO_1m,SK_212_9,9,ORV Sagar Kanya,212,4670,-0.499,80.498,28-10-2004 00:00,SK,41,NIO,0
sk212.csv,CTD_NIO_1m,SK_212_10,10,ORV Sagar Kanya,212,4435,-0.998,80.505,28-10-2004 00:00,SK,41,NIO,0
sk212.csv,CTD_NIO_1m,SK_212_11,11,ORV Sagar Kanya,212,4843,-1.499,80.507,28-10-2004 00:00,SK,41,NIO,0
sk212.csv,CTD_NIO_1m,SK_212_12,12,ORV Sagar Kanya,212,4844,-1.993,80.504,29-10-2004 00:00,SK,41,NIO,0
sk212.csv,CTD_NIO_1m,SK_212_13,13,ORV Sagar Kanya,212,4745,-1.999,92.996,11-03-2004 00:00,SK,41,NIO,0
sk212.csv,CTD_NIO_1m,SK_212_14,14,ORV Sagar Kanya,212,4600,-0.998,93.006,11-03-2004 00:00,SK,41,NIO,0
sk212.csv,CTD_NIO_1m,SK_212_15,15,ORV Sagar Kanya,212,4580,-0.498,92.996,11-04-2004 00:00,SK,41,NIO,0
sk212.csv,CTD_NIO_1m,SK_212_16,16,ORV Sagar Kanya,212,4430,0.5,93.0,11-04-2004 00:00,SK,41,NIO,0
sk212.csv,CTD_NIO_1m,SK_212_17,17,ORV Sagar Kanya,212,4510,-0.009,92.975,11-06-2004 00:00,SK,41,NIO,0
sk212.csv,CTD_NIO_1m,SK_212_18,18,ORV Sagar Kanya,212,4369,-0.001,90.607,11-08-2004 00:00,SK,41,NIO,0
sk219.csv,CTD_NIO_1m,SK_219_1,1,ORV Sagar Kanya,219,1870,9.565,75.316,19-04-2005 18:36,SK,41,NIO,1
sk219.csv,CTD_NIO_1m,SK_219_2,2,ORV Sagar Kanya,219,2618,9.367,74.85,20-04-2005 01:31,SK,41,NIO,1
sk219.csv,CTD_NIO_1m,SK_219_3,3,ORV Sagar Kanya,219,2559,8.918,73.924,20-04-2005 10:30,SK,41,NIO,1
sk219.csv,CTD_NIO_1m,SK_219_4,4,ORV Sagar Kanya,219,2234,8.448,73.026,20-04-2005 18:10,SK,41,NIO,1
sk219.csv,CTD_NIO_1m,SK_219_5,5,ORV Sagar Kanya,219,1788,8.225,72.68,20-04-2005 23:10,SK,41,NIO,1
sk219.csv,CTD_NIO_1m,SK_219_7,TS62,ORV Sagar Kanya,219,1749,8.18,72.67,26-04-2005 17:45,SK,41,NIO,1
sk219.csv,CTD_NIO_1m,SK_219_8,T70,ORV Sagar Kanya,219,1971,8.3,72.67,27-04-2005 11:30,SK,41,NIO,1
sk219.csv,CTD_NIO_1m,SK_219_9,T71,ORV Sagar Kanya,219,2121,8.3,72.53,27-04-2005 14:25,SK,41,NIO,1
sk219.csv,CTD_NIO_1m,SK_219_10,T72,ORV Sagar Kanya,219,2223,8.42,72.66,27-04-2005 16:45,SK,41,NIO,1
sk219.csv,CTD_NIO_1m,SK_219_11,TS73,ORV Sagar Kanya,219,1986,8.3,72.67,27-04-2005 20:20,SK,41,NIO,1
sk219.csv,CTD_NIO_1m,SK_219_12,TS74S,ORV Sagar Kanya,219,1747,8.18,72.67,27-04-2005 22:20,SK,41,NIO,1
sk219.csv,CTD_NIO_1m,SK_219_13,TS75E,ORV Sagar Kanya,219,1928,8.3,72.8,28-04-2005 01:15,SK,41,NIO,1
sk219.csv,CTD_NIO_1m,SK_219_14,TS76C,ORV Sagar Kanya,219,2004,8.3,72.67,28-04-2005 03:30,SK,41,NIO,1
sk219.csv,CTD_NIO_1m,SK_219_15,TS77W,ORV Sagar Kanya,219,2115,8.3,72.53,28-04-2005 06:25,SK,41,NIO,1
sk219.csv,CTD_NIO_1m,SK_219_16,TS78N,ORV Sagar Kanya,219,2219,8.42,72.66,28-04-2005 09:34,SK,41,NIO,1
sk219.csv,CTD_NIO_1m,SK_219_17,TS79C,ORV Sagar Kanya,219,1946,8.3,72.67,28-04-2005 13:13,SK,41,NIO,1
sk219.csv,CTD_NIO_1m,SK_219_18,TS80S,ORV Sagar Kanya,219,1743,8.18,72.67,28-04-2005 14:00,SK,41,NIO,1
sk219.csv,CTD_NIO_1m,SK_219_19,TS81E,ORV Sagar Kanya,219,1919,8.3,72.8,28-04-2005 18:07,SK,41,NIO,1
sk219.csv,CTD_NIO_1m,SK_219_20,TS82C,ORV Sagar Kanya,219,1921,8.3,72.67,28-04-2005 19:58,SK,41,NIO,1
sk219.csv,CTD_NIO_1m,SK_219_21,TS83W,ORV Sagar Kanya,219,2110,8.3,72.53,28-04-2005 22:52,SK,41,NIO,1
sk219.csv,CTD_NIO_1m,SK_219_22,TS84N,ORV Sagar Kanya,219,2220,8.42,72.66,29-04-2005 01:58,SK,41,NIO,1
sk219.csv,CTD_NIO_1m,SK_219_23,TS85C,ORV Sagar Kanya,219,1921,8.3,72.67,29-04-2005 04:05,SK,41,NIO,1
sk219.csv,CTD_NIO_1m,SK_219_24,TS86S,ORV Sagar Kanya,219,1793,8.18,72.67,29-04-2005 06:20,SK,41,NIO,1
sk219.csv,CTD_NIO_1m,SK_219_25,TS87E,ORV Sagar Kanya,219,1916,8.3,72.8,29-04-2005 10:33,SK,41,NIO,1
sk219.csv,CTD_NIO_1m,SK_219_26,TS88C,ORV Sagar Kanya,219,1961,8.3,72.67,29-04-2005 13:40,SK,41,NIO,1
sk219.csv,CTD_NIO_1m,SK_219_27,TS89W,ORV Sagar Kanya,219,2100,8.3,72.53,29-04-2005 15:15,SK,41,NIO,1
sk219.csv,CTD_NIO_1m,SK_219_28,TS90N,ORV Sagar Kanya,219,2222,8.42,72.66,29-04-2005 18:30,SK,41,NIO,1
sk219.csv,CTD_NIO_1m,SK_219_29,TS91C,ORV Sagar Kanya,219,1998,8.3,72.67,29-04-2005 21:50,SK,41,NIO,1
sk219.csv,CTD_NIO_1m,SK_219_30,TS92S,ORV Sagar Kanya,219,1753,8.18,72.67,29-04-2005 23:22,SK,41,NIO,1
sk219.csv,CTD_NIO_1m,SK_219_31,TS93E,ORV Sagar Kanya,219,1922,8.3,72.8,30-04-2005 02:09,SK,41,NIO,1
sk219.csv,CTD_NIO_1m,SK_219_32,TS94C,ORV Sagar Kanya,219,1950,8.3,72.67,30-04-2005 04:15,SK,41,NIO,1
sk219.csv,CTD_NIO_1m,SK_219_33,TS95W,ORV Sagar Kanya,219,2107,8.3,72.53,30-04-2005 06:58,SK,41,NIO,1
sk219.csv,CTD_NIO_1m,SK_219_34,TS96N,ORV Sagar Kanya,219,2227,8.42,72.66,30-04-2005 10:22,SK,41,NIO,1
sk219.csv,CTD_NIO_1m,SK_219_35,TS97C,ORV Sagar Kanya,219,1944,8.3,72.67,30-04-2005 13:45,SK,41,NIO,1
sk219.csv,CTD_NIO_1m,SK_219_36,TS98S,ORV Sagar Kanya,219,1748,8.18,72.67,30-04-2005 15:18,SK,41,NIO,1
sk219.csv,CTD_NIO_1m,SK_219_37,TS99E,ORV Sagar Kanya,219,1917,8.3,72.8,30-04-2005 18:42,SK,41,NIO,1
sk219.csv,CTD_NIO_1m,SK_219_38,T100C,ORV Sagar Kanya,219,1977,8.3,72.67,30-04-2005 22:10,SK,41,NIO,1
sk219.csv,CTD_NIO_1m,SK_219_39,T101W,ORV Sagar Kanya,219,2111,8.3,72.53,05-01-2005 01:12,SK,41,NIO,1
sk219.csv,CTD_NIO_1m,SK_219_40,T102N,ORV Sagar Kanya,219,2122,8.42,72.66,05-01-2005 02:30,SK,41,NIO,1
sk219.csv,CTD_NIO_1m,SK_219_41,T103C,ORV Sagar Kanya,219,1952,8.3,72.67,05-01-2005 04:40,SK,41,NIO,1
sk219.csv,CTD_NIO_1m,SK_219_42,T104S,ORV Sagar Kanya,219,1750,8.18,72.67,05-01-2005 06:59,SK,41,NIO,1
sk219.csv,CTD_NIO_1m,SK_219_43,T105E,ORV Sagar Kanya,219,1931,8.3,72.8,05-01-2005 10:04,SK,41,NIO,1
sk219.csv,CTD_NIO_1m,SK_219_44,T106C,ORV Sagar Kanya,219,1941,8.3,72.67,05-01-2005 13:32,SK,41,NIO,1
sk219.csv,CTD_NIO_1m,SK_219_45,T107W,ORV Sagar Kanya,219,2109,8.3,72.53,05-01-2005 14:40,SK,41,NIO,1
sk219.csv,CTD_NIO_1m,SK_219_46,T108N,ORV Sagar Kanya,219,2178,8.42,72.66,05-01-2005 17:23,SK,41,NIO,1
sk219.csv,CTD_NIO_1m,SK_219_47,T109C,ORV Sagar Kanya,219,1982,8.3,72.67,05-01-2005 20:25,SK,41,NIO,1
sk219.csv,CTD_NIO_1m,SK_219_48,T110S,ORV Sagar Kanya,219,1747,8.18,72.67,05-01-2005 22:12,SK,41,NIO,1
sk219.csv,CTD_NIO_1m,SK_219_49,T111E,ORV Sagar Kanya,219,1926,8.3,72.8,05-02-2005 01:02,SK,41,NIO,1
sk219.csv,CTD_NIO_1m,SK_219_50,T112C,ORV Sagar Kanya,219,1945,8.3,72.67,05-02-2005 03:21,SK,41,NIO,1
sk219.csv,CTD_NIO_1m,SK_219_51,T113W,ORV Sagar Kanya,219,2122,8.3,72.53,05-02-2005 05:05,SK,41,NIO,1
sk219.csv,CTD_NIO_1m,SK_219_52,T114N,ORV Sagar Kanya,219,2220,8.42,72.66,05-02-2005 08:23,SK,41,NIO,1
sk219.csv,CTD_NIO_1m,SK_219_53,T115C,ORV Sagar Kanya,219,1920,8.3,72.67,05-02-2005 11:38,SK,41,NIO,1
sk219.csv,CTD_NIO_1m,SK_219_54,T116S,ORV Sagar Kanya,219,1749,8.18,72.67,05-02-2005 13:17,SK,41,NIO,1
sk219.csv,CTD_NIO_1m,SK_219_55,T117E,ORV Sagar Kanya,219,1915,8.3,72.8,05-02-2005 17:10,SK,41,NIO,1
sk219.csv,CTD_NIO_1m,SK_219_56,T118C,ORV Sagar Kanya,219,1926,8.3,72.67,05-02-2005 19:48,SK,41,NIO,1
sk219.csv,CTD_NIO_1m,SK_219_57,T119W,ORV Sagar Kanya,219,2137,8.3,72.53,05-02-2005 22:01,SK,41,NIO,1
sk219.csv,CTD_NIO_1m,SK_219_58,T120N,ORV Sagar Kanya,219,2222,8.42,72.66,05-03-2005 01:35,SK,41,NIO,1
sk219.csv,CTD_NIO_1m,SK_219_59,T121C,ORV Sagar Kanya,219,1976,8.3,72.67,05-03-2005 02:10,SK,41,NIO,1
sk219.csv,CTD_NIO_1m,SK_219_60,T122S,ORV Sagar Kanya,219,1749,8.18,72.67,05-03-2005 04:02,SK,41,NIO,1
sk219.csv,CTD_NIO_1m,SK_219_61,T123E,ORV Sagar Kanya,219,1921,8.3,72.8,05-03-2005 07:45,SK,41,NIO,1
sk219.csv,CTD_NIO_1m,SK_219_62,T124C,ORV Sagar Kanya,219,1934,8.3,72.67,05-03-2005 09:49,SK,41,NIO,1
sk219.csv,CTD_NIO_1m,SK_219_63,T125W,ORV Sagar Kanya,219,2116,8.3,72.53,05-03-2005 13:05,SK,41,NIO,1
sk219.csv,CTD_NIO_1m,SK_219_64,T126N,ORV Sagar Kanya,219,2221,8.42,72.66,05-03-2005 15:35,SK,41,NIO,1
sk219.csv,CTD_NIO_1m,SK_219_65,T127C,ORV Sagar Kanya,219,1956,8.3,72.67,05-03-2005 18:03,SK,41,NIO,1
sk219.csv,CTD_NIO_1m,SK_219_66,T128S,ORV Sagar Kanya,219,1733,8.18,72.67,05-03-2005 20:25,SK,41,NIO,1
sk219.csv,CTD_NIO_1m,SK_219_67,T129E,ORV Sagar Kanya,219,1928,8.3,72.8,05-03-2005 22:50,SK,41,NIO,1
sk219.csv,CTD_NIO_1m,SK_219_68,T130C,ORV Sagar Kanya,219,1924,8.3,72.67,05-04-2005 01:10,SK,41,NIO,1
sk219.csv,CTD_NIO_1m,SK_219_69,T131W,ORV Sagar Kanya,219,2215,8.3,72.53,05-04-2005 03:25,SK,41,NIO,1
sk219.csv,CTD_NIO_1m,SK_219_70,6,ORV Sagar Kanya,219,1780,8.213,72.68,05-05-2005 19:08,SK,41,NIO,1
sk219.csv,CTD_NIO_1m,SK_219_71,7,ORV Sagar Kanya,219,1794,8.657,73.364,05-06-2005 01:35,SK,41,NIO,1
sk219.csv,CTD_NIO_1m,SK_219_72,8,ORV Sagar Kanya,219,2560,8.933,73.941,05-06-2005 08:20,SK,41,NIO,1
sk219.csv,CTD_NIO_1m,SK_219_73,9,ORV Sagar Kanya,219,2610,9.366,74.867,05-06-2005 16:05,SK,41,NIO,1
sk219.csv,CTD_NIO_1m,SK_219_68,T130C,ORV Sagar Kanya,219,1924,8.3,72.67,05-04-2005 01:10,SK,41,NIO,1
sk220.csv,CTD_NIO_1m,SK_220_2,C01D,ORV Sagar Kanya,220,2702,5.333,76.95,05-12-2005 20:30,SK,41,NIO,1
sk220.csv,CTD_NIO_1m,SK_220_4,C02D,ORV Sagar Kanya,220,3000,4.483,77.0,13-05-2005 06:00,SK,41,NIO,0
sk220.csv,CTD_NIO_1m,SK_220_5,C03D,ORV Sagar Kanya,220,3692,3.983,77.0,13-05-2005 10:45,SK,41,NIO,0
sk220.csv,CTD_NIO_1m,SK_220_7,C04D,ORV Sagar Kanya,220,3844,3.5,77.0,13-05-2005 17:10,SK,41,NIO,0
sk220.csv,CTD_NIO_1m,SK_220_8,C05D,ORV Sagar Kanya,220,4117,3.0,77.0,13-05-2005 22:20,SK,41,NIO,0
sk220.csv,CTD_NIO_1m,SK_220_11,C06D,ORV Sagar Kanya,220,4157,2.516,77.0,15-05-2005 01:00,SK,41,NIO,0
sk220.csv,CTD_NIO_1m,SK_220_13,C07D,ORV Sagar Kanya,220,4198,2.016,77.0,15-05-2005 07:30,SK,41,NIO,0
sk220.csv,CTD_NIO_1m,SK_220_14,C08D,ORV Sagar Kanya,220,3337,1.5,77.0,15-05-2005 13:15,SK,41,NIO,0
sk220.csv,CTD_NIO_1m,SK_220_16,C09D,ORV Sagar Kanya,220,4235,1.0,77.0,16-05-2005 13:10,SK,41,NIO,0
sk220.csv,CTD_NIO_1m,SK_220_18,C10D,ORV Sagar Kanya,220,4903,0.483,77.0,16-05-2005 18:30,SK,41,NIO,0
sk220.csv,CTD_NIO_1m,SK_220_21,C11D,ORV Sagar Kanya,220,4778,0.001,77.0,17-05-2005 02:25,SK,41,NIO,0
sk220.csv,CTD_NIO_1m,SK_220_23,C12D,ORV Sagar Kanya,220,4517,-0.483,77.0,18-05-2005 05:45,SK,41,NIO,0
sk220.csv,CTD_NIO_1m,SK_220_25,C13D,ORV Sagar Kanya,220,4745,-0.983,77.0,18-05-2005 13:00,SK,41,NIO,0
sk220.csv,CTD_NIO_1m,SK_220_27,C14D,ORV Sagar Kanya,220,4941,-2.5,76.983,19-05-2005 01:17,SK,41,NIO,0
sk220.csv,CTD_NIO_1m,SK_220_30,C15D,ORV Sagar Kanya,220,4800,-1.483,77.0,20-05-2005 01:00,SK,41,NIO,0
sk220.csv,CTD_NIO_1m,SK_220_32,C16D,ORV Sagar Kanya,220,4922,-2.0,77.0,20-05-2005 06:37,SK,41,NIO,0
sk220.csv,CTD_NIO_1m,SK_220_33,C17D,ORV Sagar Kanya,220,4980,-3.0,76.983,20-05-2005 14:50,SK,41,NIO,0
sk220.csv,CTD_NIO_1m,SK_220_35,C18D,ORV Sagar Kanya,220,4953,-3.483,76.983,20-05-2005 20:37,SK,41,NIO,0
sk220.csv,CTD_NIO_1m,SK_220_36,C19D,ORV Sagar Kanya,220,5062,-3.983,76.983,21-05-2005 01:30,SK,41,NIO,0
sk220.csv,CTD_NIO_1m,SK_220_38,C20D,ORV Sagar Kanya,220,4888,-4.3,76.983,21-05-2005 07:35,SK,41,NIO,0
sk220.csv,CTD_NIO_1m,SK_220_39,C21D,ORV Sagar Kanya,220,5098,-5.0,76.983,21-05-2005 13:00,SK,41,NIO,0
sk220.csv,CTD_NIO_1m,SK_220_43,C22D,ORV Sagar Kanya,220,4546,-4.816,83.0,24-05-2005 07:40,SK,41,NIO,0
sk220.csv,CTD_NIO_1m,SK_220_47,C23D,ORV Sagar Kanya,220,4021,-4.483,83.0,24-05-2005 19:00,SK,41,NIO,0
sk220.csv,CTD_NIO_1m,SK_220_48,C24D,ORV Sagar Kanya,220,3708,-4.0,82.983,26-05-2005 02:20,SK,41,NIO,0
sk220.csv,CTD_NIO_1m,SK_220_50,C25D,ORV Sagar Kanya,220,3915,-3.5,83.0,26-05-2005 08:08,SK,41,NIO,0
sk220.csv,CTD_NIO_1m,SK_220_51,C26D,ORV Sagar Kanya,220,2923,-3.0,82.983,26-05-2005 13:00,SK,41,NIO,0
sk220.csv,CTD_NIO_1m,SK_220_53,C27D,ORV Sagar Kanya,220,4124,-2.483,82.983,26-05-2005 21:20,SK,41,NIO,0
sk220.csv,CTD_NIO_1m,SK_220_57,C28D,ORV Sagar Kanya,220,4747,-2.0,82.983,27-05-2005 22:40,SK,41,NIO,0
sk220.csv,CTD_NIO_1m,SK_220_58,C29D,ORV Sagar Kanya,220,4658,-1.483,82.983,28-05-2005 03:20,SK,41,NIO,0
sk220.csv,CTD_NIO_1m,SK_220_60,C30D,ORV Sagar Kanya,220,4647,-1.0,82.983,28-05-2005 09:15,SK,41,NIO,0
sk220.csv,CTD_NIO_1m,SK_220_62,C31D,ORV Sagar Kanya,220,4608,-0.5,83.0,28-05-2005 14:45,SK,41,NIO,0
sk220.csv,CTD_NIO_1m,SK_220_64,C32D,ORV Sagar Kanya,220,4824,-1.483,80.45,29-05-2005 11:10,SK,41,NIO,0
sk220.csv,CTD_NIO_1m,SK_220_65,C33D,ORV Sagar Kanya,220,4630,0.833,80.533,29-05-2005 22:45,SK,41,NIO,0
sk220.csv,CTD_NIO_1m,SK_220_66,C34D,ORV Sagar Kanya,220,4298,0.483,83.0,30-05-2005 16:15,SK,41,NIO,0
sk220.csv,CTD_NIO_1m,SK_220_68,C35D,ORV Sagar Kanya,220,4401,-0.001,83.0,30-05-2005 21:55,SK,41,NIO,0
sk220.csv,CTD_NIO_1m,SK_220_71,C36D,ORV Sagar Kanya,220,4257,0.983,83.0,06-01-2005 03:25,SK,41,NIO,0
sk220.csv,CTD_NIO_1m,SK_220_73,C37D,ORV Sagar Kanya,220,4417,1.5,83.0,06-01-2005 08:40,SK,41,NIO,0
sk220.csv,CTD_NIO_1m,SK_220_75,C38D,ORV Sagar Kanya,220,4364,1.983,83.0,06-01-2005 15:15,SK,41,NIO,0
sk220.csv,CTD_NIO_1m,SK_220_76,C39D,ORV Sagar Kanya,220,4310,2.483,83.0,06-01-2005 20:05,SK,41,NIO,0
sk220.csv,CTD_NIO_1m,SK_220_79,C40D,ORV Sagar Kanya,220,4283,3.0,83.0,06-03-2005 01:30,SK,41,NIO,0
sk220.csv,CTD_NIO_1m,SK_220_81,C41D,ORV Sagar Kanya,220,4283,3.5,83.0,06-03-2005 23:40,SK,41,NIO,0
sk220.csv,CTD_NIO_1m,SK_220_82,C42D,ORV Sagar Kanya,220,4283,4.0,83.0,06-03-2005 16:00,SK,41,NIO,0
sk220.csv,CTD_NIO_1m,SK_220_79,C40D,ORV Sagar Kanya,220,4283,3.0,83.0,06-03-2005 01:30,SK,41,NIO,0
sk227.csv,CTD_NIO_1m,SK_227_1,CTD1D,ORV Sagar Kanya,227,0,5.0,82.983,08-03-2006 22:40,SK,41,NIO,0
sk227.csv,CTD_NIO_1m,SK_227_2,CTD1S,ORV Sagar Kanya,227,0,5.0,82.983,08-04-2006 04:45,SK,41,NIO,0
sk227.csv,CTD_NIO_1m,SK_227_3,CTD2D,ORV Sagar Kanya,227,0,4.0,83.0,08-05-2006 00:00,SK,41,NIO,0
sk227.csv,CTD_NIO_1m,SK_227_4,CTD2S,ORV Sagar Kanya,227,0,4.0,83.0,08-05-2006 14:15,SK,41,NIO,0
sk227.csv,CTD_NIO_1m,SK_227_5,CTD3D,ORV Sagar Kanya,227,0,3.0,82.983,08-06-2006 01:10,SK,41,NIO,0
sk227.csv,CTD_NIO_1m,SK_227_6,CTD3S,ORV Sagar Kanya,227,0,3.0,82.983,08-06-2006 02:45,SK,41,NIO,0
sk227.csv,CTD_NIO_1m,SK_227_7,CTD5D,ORV Sagar Kanya,227,0,1.966,82.983,08-06-2006 09:25,SK,41,NIO,0
sk227.csv,CTD_NIO_1m,SK_227_8,CTD5S,ORV Sagar Kanya,227,0,1.966,82.983,08-06-2006 11:35,SK,41,NIO,0
sk227.csv,CTD_NIO_1m,SK_227_9,CTD4D,ORV Sagar Kanya,227,0,2.5,83.0,08-06-2006 17:30,SK,41,NIO,0
sk227.csv,CTD_NIO_1m,SK_227_10,CTD4S,ORV Sagar Kanya,227,0,2.5,83.0,08-06-2006 19:40,SK,41,NIO,0
sk227.csv,CTD_NIO_1m,SK_227_11,CTD4P,ORV Sagar Kanya,227,0,2.5,83.0,08-07-2006 03:25,SK,41,NIO,0
sk227.csv,CTD_NIO_1m,SK_227_12,CTD6D,ORV Sagar Kanya,227,0,1.483,82.983,08-08-2006 03:15,SK,41,NIO,0
sk227.csv,CTD_NIO_1m,SK_227_13,CTD6S,ORV Sagar Kanya,227,0,1.483,82.983,08-08-2006 05:15,SK,41,NIO,0
sk227.csv,CTD_NIO_1m,SK_227_14,CTD7D,ORV Sagar Kanya,227,0,0.983,82.966,08-08-2006 09:15,SK,41,NIO,0
sk227.csv,CTD_NIO_1m,SK_227_15,CTD7S,ORV Sagar Kanya,227,0,0.983,82.966,08-08-2006 11:30,SK,41,NIO,0
sk227.csv,CTD_NIO_1m,SK_227_16,CTD8D,ORV Sagar Kanya,227,0,0.483,82.983,08-08-2006 16:40,SK,41,NIO,0
sk227.csv,CTD_NIO_1m,SK_227_17,CTD8S,ORV Sagar Kanya,227,0,0.483,82.983,08-08-2006 18:35,SK,41,NIO,0
sk227.csv,CTD_NIO_1m,SK_227_18,CTD9P,ORV Sagar Kanya,227,0,-0.001,82.983,08-09-2006 03:35,SK,41,NIO,0
sk227.csv,CTD_NIO_1m,SK_227_20,CTD9D,ORV Sagar Kanya,227,0,-0.001,82.983,08-09-2006 21:50,SK,41,NIO,0
sk227.csv,CTD_NIO_1m,SK_227_21,CTD9S,ORV Sagar Kanya,227,0,-0.001,82.983,08-10-2006 00:15,SK,41,NIO,0
sk227.csv,CTD_NIO_1m,SK_227_22,CT10D,ORV Sagar Kanya,227,0,-0.5,82.983,08-10-2006 05:05,SK,41,NIO,0
sk227.csv,CTD_NIO_1m,SK_227_23,CT10S,ORV Sagar Kanya,227,0,-0.5,82.983,08-10-2006 07:10,SK,41,NIO,0
sk227.csv,CTD_NIO_1m,SK_227_24,CT11D,ORV Sagar Kanya,227,0,-1.0,82.983,08-10-2006 12:20,SK,41,NIO,0
sk227.csv,CTD_NIO_1m,SK_227_25,CT11S,ORV Sagar Kanya,227,0,-1.0,82.983,08-10-2006 14:35,SK,41,NIO,0
sk227.csv,CTD_NIO_1m,SK_227_26,CTD12,ORV Sagar Kanya,227,0,-1.5,82.983,08-10-2006 20:05,SK,41,NIO,0
sk227.csv,CTD_NIO_1m,SK_227_27,CT13D,ORV Sagar Kanya,227,0,-2.0,83.0,08-11-2006 02:05,SK,41,NIO,0
sk227.csv,CTD_NIO_1m,SK_227_28,CT13S,ORV Sagar Kanya,227,0,-2.0,83.0,08-11-2006 04:00,SK,41,NIO,0
sk227.csv,CTD_NIO_1m,SK_227_29,CT15D,ORV Sagar Kanya,227,0,-3.0,83.0,08-11-2006 13:35,SK,41,NIO,0
sk227.csv,CTD_NIO_1m,SK_227_30,CT15S,ORV Sagar Kanya,227,0,-3.0,82.966,08-11-2006 16:10,SK,41,NIO,0
sk227.csv,CTD_NIO_1m,SK_227_31,CT14D,ORV Sagar Kanya,227,0,-2.5,82.983,08-11-2006 21:15,SK,41,NIO,0
sk227.csv,CTD_NIO_1m,SK_227_32,CT14S,ORV Sagar Kanya,227,0,-2.5,82.983,08-11-2006 23:30,SK,41,NIO,0
sk227.csv,CTD_NIO_1m,SK_227_33,CT14P,ORV Sagar Kanya,227,0,-2.5,83.0,08-12-2006 03:20,SK,41,NIO,0
sk227.csv,CTD_NIO_1m,SK_227_34,CT16D,ORV Sagar Kanya,227,0,-4.0,82.983,13-08-2006 10:25,SK,41,NIO,0
sk227.csv,CTD_NIO_1m,SK_227_35,CT16S,ORV Sagar Kanya,227,0,-4.0,82.983,13-08-2006 12:25,SK,41,NIO,0
sk227.csv,CTD_NIO_1m,SK_227_36,CT17D,ORV Sagar Kanya,227,0,-5.0,82.966,13-08-2006 21:50,SK,41,NIO,0
sk227.csv,CTD_NIO_1m,SK_227_37,CT17S,ORV Sagar Kanya,227,0,-5.0,82.966,13-08-2006 23:45,SK,41,NIO,0
sk227.csv,CTD_NIO_1m,SK_227_38,CT17P,ORV Sagar Kanya,227,0,-5.0,83.0,14-08-2006 03:45,SK,41,NIO,0
sk227.csv,CTD_NIO_1m,SK_227_39,CT18P,ORV Sagar Kanya,227,0,-5.0,77.05,16-08-2006 02:15,SK,41,NIO,0
sk227.csv,CTD_NIO_1m,SK_227_40,CT18S,ORV Sagar Kanya,227,0,-5.0,77.0,16-08-2006 20:45,SK,41,NIO,0
sk227.csv,CTD_NIO_1m,SK_227_41,CT18D,ORV Sagar Kanya,227,0,-5.0,77.0,16-08-2006 22:00,SK,41,NIO,0
sk227.csv,CTD_NIO_1m,SK_227_42,CT19D,ORV Sagar Kanya,227,0,-4.0,77.0,17-08-2006 07:30,SK,41,NIO,0
sk227.csv,CTD_NIO_1m,SK_227_43,CT19S,ORV Sagar Kanya,227,0,-4.0,77.0,17-08-2006 10:30,SK,41,NIO,0
sk227.csv,CTD_NIO_1m,SK_227_44,CT20D,ORV Sagar Kanya,227,0,-3.0,76.983,17-08-2006 18:25,SK,41,NIO,0
sk227.csv,CTD_NIO_1m,SK_227_45,CT20S,ORV Sagar Kanya,227,0,-2.983,76.95,17-08-2006 21:15,SK,41,NIO,0
sk227.csv,CTD_NIO_1m,SK_227_46,CT21P,ORV Sagar Kanya,227,0,-2.483,76.983,18-08-2006 03:55,SK,41,NIO,0
sk227.csv,CTD_NIO_1m,SK_227_47,CT21D,ORV Sagar Kanya,227,0,-2.5,76.983,18-08-2006 22:15,SK,41,NIO,0
sk227.csv,CTD_NIO_1m,SK_227_48,CT21S,ORV Sagar Kanya,227,0,-2.5,76.983,19-08-2006 01:25,SK,41,NIO,0
sk227.csv,CTD_NIO_1m,SK_227_49,CT22D,ORV Sagar Kanya,227,0,-1.983,77.0,19-08-2006 06:30,SK,41,NIO,0
sk227.csv,CTD_NIO_1m,SK_227_50,CT22S,ORV Sagar Kanya,227,0,-1.983,77.0,19-08-2006 09:15,SK,41,NIO,0
sk227.csv,CTD_NIO_1m,SK_227_51,CT23D,ORV Sagar Kanya,227,0,-1.483,77.0,19-08-2006 13:15,SK,41,NIO,0
sk227.csv,CTD_NIO_1m,SK_227_52,CT23S,ORV Sagar Kanya,227,0,-1.483,77.0,19-08-2006 15:55,SK,41,NIO,0
sk227.csv,CTD_NIO_1m,SK_227_53,CT26P,ORV Sagar Kanya,227,0,-0.001,76.983,20-08-2006 03:15,SK,41,NIO,0
sk227.csv,CTD_NIO_1m,SK_227_54,CT26D,ORV Sagar Kanya,227,0,-0.001,77.0,20-08-2006 23:10,SK,41,NIO,0
sk227.csv,CTD_NIO_1m,SK_227_55,CT26S,ORV Sagar Kanya,227,0,-0.001,77.0,21-08-2006 02:26,SK,41,NIO,0
sk227.csv,CTD_NIO_1m,SK_227_56,CT24D,ORV Sagar Kanya,227,0,-1.0,76.983,21-08-2006 08:55,SK,41,NIO,0
sk227.csv,CTD_NIO_1m,SK_227_57,CT24S,ORV Sagar Kanya,227,0,-1.0,76.983,21-08-2006 11:25,SK,41,NIO,0
sk227.csv,CTD_NIO_1m,SK_227_58,CT25D,ORV Sagar Kanya,227,0,-0.483,76.983,21-08-2006 15:10,SK,41,NIO,0
sk227.csv,CTD_NIO_1m,SK_227_59,CT25S,ORV Sagar Kanya,227,0,-0.483,76.983,21-08-2006 17:05,SK,41,NIO,0
sk227.csv,CTD_NIO_1m,SK_227_60,CT27D,ORV Sagar Kanya,227,0,0.5,76.983,21-08-2006 23:35,SK,41,NIO,0
sk227.csv,CTD_NIO_1m,SK_227_61,CT27S,ORV Sagar Kanya,227,0,0.5,76.983,22-08-2006 01:30,SK,41,NIO,0
sk227.csv,CTD_NIO_1m,SK_227_62,CT28D,ORV Sagar Kanya,227,0,0.983,76.983,22-08-2006 05:35,SK,41,NIO,0
sk227.csv,CTD_NIO_1m,SK_227_63,CT28S,ORV Sagar Kanya,227,0,0.983,76.983,22-08-2006 07:30,SK,41,NIO,0
sk227.csv,CTD_NIO_1m,SK_227_64,CT29D,ORV Sagar Kanya,227,0,1.5,76.983,22-08-2006 11:10,SK,41,NIO,0
sk227.csv,CTD_NIO_1m,SK_227_65,CT29S,ORV Sagar Kanya,227,0,1.5,76.983,22-08-2006 12:45,SK,41,NIO,0
sk227.csv,CTD_NIO_1m,SK_227_66,CT30D,ORV Sagar Kanya,227,0,2.0,77.0,22-08-2006 16:10,SK,41,NIO,0
sk227.csv,CTD_NIO_1m,SK_227_67,CT30S,ORV Sagar Kanya,227,0,2.0,77.0,22-08-2006 17:45,SK,41,NIO,0
sk227.csv,CTD_NIO_1m,SK_227_68,CT31D,ORV Sagar Kanya,227,0,2.5,76.983,22-08-2006 21:25,SK,41,NIO,0
sk227.csv,CTD_NIO_1m,SK_227_69,CT31S,ORV Sagar Kanya,227,0,2.5,76.983,22-08-2006 22:47,SK,41,NIO,0
sk227.csv,CTD_NIO_1m,SK_227_70,CT31P,ORV Sagar Kanya,227,0,2.5,77.0,23-08-2006 04:10,SK,41,NIO,0
sk227.csv,CTD_NIO_1m,SK_227_71,CT32D,ORV Sagar Kanya,227,0,3.0,77.0,23-08-2006 22:50,SK,41,NIO,0
sk227.csv,CTD_NIO_1m,SK_227_72,CT32S,ORV Sagar Kanya,227,0,3.0,77.0,24-08-2006 01:25,SK,41,NIO,0
sk227.csv,CTD_NIO_1m,SK_227_73,CT33D,ORV Sagar Kanya,227,0,3.983,76.983,24-08-2006 09:10,SK,41,NIO,0
sk227.csv,CTD_NIO_1m,SK_227_74,CT33S,ORV Sagar Kanya,227,0,3.983,76.983,24-08-2006 11:00,SK,41,NIO,0
sk227.csv,CTD_NIO_1m,SK_227_75,CT34D,ORV Sagar Kanya,227,0,5.0,77.0,24-08-2006 19:40,SK,41,NIO,1
sk227.csv,CTD_NIO_1m,SK_227_76,CT34S,ORV Sagar Kanya,227,0,5.0,77.0,24-08-2006 21:25,SK,41,NIO,1
sk227.csv,CTD_NIO_1m,SK_227_77,CT34P,ORV Sagar Kanya,227,0,5.0,76.983,25-08-2006 03:15,SK,41,NIO,1
sk63.csv,CTD_NIO_1m,SK_63_1,00H13,ORV Sagar Kanya,63,2165,17.997,88.998,14-03-1991 09:30,SK,41,NIO,1
sk63.csv,CTD_NIO_1m,SK_63_2,00H12,ORV Sagar Kanya,63,1870,18.95,88.733,15-03-1991 04:24,SK,41,NIO,1
sk63.csv,CTD_NIO_1m,SK_63_3,00H11,ORV Sagar Kanya,63,1700,19.482,88.588,15-03-1991 17:12,SK,41,NIO,1
sk63.csv,CTD_NIO_1m,SK_63_4,00H10,ORV Sagar Kanya,63,1550,19.727,88.507,15-03-1991 21:32,SK,41,NIO,1
sk63.csv,CTD_NIO_1m,SK_63_5,00H09,ORV Sagar Kanya,63,1340,19.91,88.473,16-03-1991 03:15,SK,41,NIO,1
sk63.csv,CTD_NIO_1m,SK_63_6,00H08,ORV Sagar Kanya,63,1200,20.033,88.443,16-03-1991 06:00,SK,41,NIO,1
sk63.csv,CTD_NIO_1m,SK_63_7,00H07,ORV Sagar Kanya,63,1010,20.14,88.392,16-03-1991 09:54,SK,41,NIO,1
sk63.csv,CTD_NIO_1m,SK_63_8,00H06,ORV Sagar Kanya,63,640,20.232,88.392,16-03-1991 15:12,SK,41,NIO,1
sk63.csv,CTD_NIO_1m,SK_63_9,00H05,ORV Sagar Kanya,63,180,20.327,88.358,16-03-1991 17:49,SK,41,NIO,1
sk63.csv,CTD_NIO_1m,SK_63_10,00H04,ORV Sagar Kanya,63,128,20.467,88.302,16-03-1991 19:30,SK,41,NIO,1
sk63.csv,CTD_NIO_1m,SK_63_11,00H03,ORV Sagar Kanya,63,105,20.622,88.248,16-03-1991 22:30,SK,41,NIO,1
sk63.csv,CTD_NIO_1m,SK_63_12,00H02,ORV Sagar Kanya,63,63,20.817,88.203,17-03-1991 00:30,SK,41,NIO,1
sk63.csv,CTD_NIO_1m,SK_63_13,00G01,ORV Sagar Kanya,63,41,19.847,86.437,17-03-1991 14:10,SK,41,NIO,1
sk63.csv,CTD_NIO_1m,SK_63_14,00G02,ORV Sagar Kanya,63,87,19.758,86.45,17-03-1991 20:10,SK,41,NIO,1
sk63.csv,CTD_NIO_1m,SK_63_15,00G03,ORV Sagar Kanya,63,630,19.705,86.567,17-03-1991 20:03,SK,41,NIO,1
sk63.csv,CTD_NIO_1m,SK_63_16,00G05,ORV Sagar Kanya,63,1190,19.55,86.632,17-03-1991 23:20,SK,41,NIO,1
sk63.csv,CTD_NIO_1m,SK_63_17,00G06,ORV Sagar Kanya,63,1460,19.442,86.722,18-03-1991 03:12,SK,41,NIO,1
sk63.csv,CTD_NIO_1m,SK_63_18,00G07,ORV Sagar Kanya,63,1725,19.218,86.86,18-03-1991 06:20,SK,41,NIO,1
sk63.csv,CTD_NIO_1m,SK_63_19,00G08,ORV Sagar Kanya,63,1925,19.052,86.993,18-03-1991 11:30,SK,41,NIO,1
sk63.csv,CTD_NIO_1m,SK_63_20,00G09,ORV Sagar Kanya,63,2250,19.683,87.255,18-03-1991 17:15,SK,41,NIO,1
sk63.csv,CTD_NIO_1m,SK_63_21,00G10,ORV Sagar Kanya,63,2250,18.003,87.788,19-03-1991 02:36,SK,41,NIO,1
sk63.csv,CTD_NIO_1m,SK_63_22,00G11,ORV Sagar Kanya,63,2460,17.26,88.288,19-03-1991 10:48,SK,41,NIO,1
sk63.csv,CTD_NIO_1m,SK_63_23,00F11,ORV Sagar Kanya,63,2640,16.452,88.947,19-03-1991 22:38,SK,41,NIO,0
sk63.csv,CTD_NIO_1m,SK_63_24,00F10,ORV Sagar Kanya,63,2600,17.097,86.358,20-03-1991 18:00,SK,41,NIO,1
sk63.csv,CTD_NIO_1m,SK_63_25,00F09,ORV Sagar Kanya,63,2450,17.707,85.8,21-03-1991 04:00,SK,41,NIO,1
sk63.csv,CTD_NIO_1m,SK_63_26,00F08,ORV Sagar Kanya,63,2400,18.042,85.448,21-03-1991 13:15,SK,41,NIO,1
sk63.csv,CTD_NIO_1m,SK_63_27,00F07,ORV Sagar Kanya,63,2350,18.218,85.312,21-03-1991 17:45,SK,41,NIO,1
sk63.csv,CTD_NIO_1m,SK_63_28,00F06,ORV Sagar Kanya,63,2200,18.342,85.197,22-03-1991 00:40,SK,41,NIO,1
sk63.csv,CTD_NIO_1m,SK_63_29,00F05,ORV Sagar Kanya,63,1460,18.462,85.107,22-03-1991 03:45,SK,41,NIO,1
sk63.csv,CTD_NIO_1m,SK_63_30,00F04,ORV Sagar Kanya,63,700,18.535,85.107,22-03-1991 08:08,SK,41,NIO,1
sk63.csv,CTD_NIO_1m,SK_63_31,00F03,ORV Sagar Kanya,63,210,18.61,84.955,22-03-1991 10:20,SK,41,NIO,1
sk63.csv,CTD_NIO_1m,SK_63_32,00F02,ORV Sagar Kanya,63,110,18.685,84.86,22-03-1991 13:40,SK,41,NIO,1
sk63.csv,CTD_NIO_1m,SK_63_33,00F01,ORV Sagar Kanya,63,45,18.842,84.722,22-03-1991 16:45,SK,41,NIO,1
sk63.csv,CTD_NIO_1m,SK_63_34,0.00E+00,ORV Sagar Kanya,63,3010,14.798,85.21,23-03-1991 16:30,SK,41,NIO,1
sk63.csv,CTD_NIO_1m,SK_63_35,0.00E+00,ORV Sagar Kanya,63,2980,15.543,84.653,24-03-1991 11:20,SK,41,NIO,1
sk63.csv,CTD_NIO_1m,SK_63_36,0.00E+00,ORV Sagar Kanya,63,2990,15.923,84.377,24-03-1991 18:45,SK,41,NIO,1
sk63.csv,CTD_NIO_1m,SK_63_37,0.00E+00,ORV Sagar Kanya,63,3025,16.273,84.102,24-03-1991 23:20,SK,41,NIO,1
sk63.csv,CTD_NIO_1m,SK_63_38,0.00E+00,ORV Sagar Kanya,63,1975,16.578,83.88,25-03-1991 05:41,SK,41,NIO,1
sk63.csv,CTD_NIO_1m,SK_63_39,0.00E+00,ORV Sagar Kanya,63,2680,16.845,83.738,25-03-1991 09:45,SK,41,NIO,1
sk63.csv,CTD_NIO_1m,SK_63_40,0.00E+00,ORV Sagar Kanya,63,2658,16.947,83.602,25-03-1991 15:00,SK,41,NIO,1
sk63.csv,CTD_NIO_1m,SK_63_41,0.00E+00,ORV Sagar Kanya,63,2400,17.043,83.688,25-03-1991 18:50,SK,41,NIO,1
sk63.csv,CTD_NIO_1m,SK_63_42,0.00E+00,ORV Sagar Kanya,63,900,17.107,83.458,25-03-1991 21:30,SK,41,NIO,1
sk63.csv,CTD_NIO_1m,SK_63_43,0.00E+00,ORV Sagar Kanya,63,105,17.183,83.408,26-03-1991 01:00,SK,41,NIO,1
sk63.csv,CTD_NIO_1m,SK_63_44,0.00E+00,ORV Sagar Kanya,63,165,17.315,83.382,26-03-1991 02:40,SK,41,NIO,1
sk63.csv,CTD_NIO_1m,SK_63_45,0.00E+00,ORV Sagar Kanya,63,95,17.293,83.332,26-03-1991 04:50,SK,41,NIO,1
sk63.csv,CTD_NIO_1m,SK_63_46,0.00E+00,ORV Sagar Kanya,63,65,17.41,83.247,26-03-1991 07:05,SK,41,NIO,1
sk63.csv,CTD_NIO_1m,SK_63_47,00D01,ORV Sagar Kanya,63,25,16.233,81.88,28-03-1991 09:00,SK,41,NIO,1
sk63.csv,CTD_NIO_1m,SK_63_48,00D02,ORV Sagar Kanya,63,300,16.115,81.922,28-03-1991 11:24,SK,41,NIO,1
sk63.csv,CTD_NIO_1m,SK_63_49,00D03,ORV Sagar Kanya,63,840,16.028,81.943,28-03-1991 14:45,SK,41,NIO,1
sk63.csv,CTD_NIO_1m,SK_63_50,00D04,ORV Sagar Kanya,63,1180,15.918,82.017,28-03-1991 17:30,SK,41,NIO,1
sk63.csv,CTD_NIO_1m,SK_63_51,00D05,ORV Sagar Kanya,63,1350,15.832,82.067,28-03-1991 19:49,SK,41,NIO,1
sk63.csv,CTD_NIO_1m,SK_63_52,00D06,ORV Sagar Kanya,63,2070,15.7,82.137,28-03-1991 23:20,SK,41,NIO,1
sk63.csv,CTD_NIO_1m,SK_63_53,00D07,ORV Sagar Kanya,63,2480,15.527,82.208,29-03-1991 02:45,SK,41,NIO,1
sk63.csv,CTD_NIO_1m,SK_63_54,00D08,ORV Sagar Kanya,63,2780,15.335,82.342,29-03-1991 07:15,SK,41,NIO,1
sk63.csv,CTD_NIO_1m,SK_63_55,00D09,ORV Sagar Kanya,63,3050,14.933,82.583,29-03-1991 13:00,SK,41,NIO,1
sk63.csv,CTD_NIO_1m,SK_63_56,00D10,ORV Sagar Kanya,63,3232,14.498,82.738,29-03-1991 18:50,SK,41,NIO,1
sk63.csv,CTD_NIO_1m,SK_63_57,00C12,ORV Sagar Kanya,63,3280,14.002,83.027,30-03-1991 01:30,SK,41,NIO,1
sk63.csv,CTD_NIO_1m,SK_63_58,00C11,ORV Sagar Kanya,63,3305,13.998,82.385,30-03-1991 09:48,SK,41,NIO,1
sk63.csv,CTD_NIO_1m,SK_63_59,00C10,ORV Sagar Kanya,63,3280,14.01,81.803,30-03-1991 18:00,SK,41,NIO,1
sk63.csv,CTD_NIO_1m,SK_63_60,00C09,ORV Sagar Kanya,63,3180,14.005,81.333,31-03-1991 02:00,SK,41,NIO,1
sk63.csv,CTD_NIO_1m,SK_63_61,00C08,ORV Sagar Kanya,63,3110,14.002,81.062,31-03-1991 09:20,SK,41,NIO,1
sk63.csv,CTD_NIO_1m,SK_63_62,00C07,ORV Sagar Kanya,63,2950,14.027,80.833,31-03-1991 14:25,SK,41,NIO,1
sk63.csv,CTD_NIO_1m,SK_63_63,00C06,ORV Sagar Kanya,63,2850,14.01,80.702,31-03-1991 20:50,SK,41,NIO,1
sk63.csv,CTD_NIO_1m,SK_63_64,00C05,ORV Sagar Kanya,63,2400,14.022,80.453,04-01-1991 00:14,SK,41,NIO,1
sk63.csv,CTD_NIO_1m,SK_63_65,00C04,ORV Sagar Kanya,63,1400,14.01,80.517,04-01-1991 06:45,SK,41,NIO,1
sk63.csv,CTD_NIO_1m,SK_63_66,00C03,ORV Sagar Kanya,63,180,14.007,80.427,04-01-1991 08:54,SK,41,NIO,1
sk63.csv,CTD_NIO_1m,SK_63_67,00C02,ORV Sagar Kanya,63,38,14.007,80.342,04-01-1991 11:55,SK,41,NIO,1
sk63.csv,CTD_NIO_1m,SK_63_68,00B01,ORV Sagar Kanya,63,40,12.717,80.31,04-02-1991 01:25,SK,41,NIO,1
sk63.csv,CTD_NIO_1m,SK_63_69,00B02,ORV Sagar Kanya,63,73,12.713,80.475,04-02-1991 04:00,SK,41,NIO,1
sk63.csv,CTD_NIO_1m,SK_63_70,00B03,ORV Sagar Kanya,63,90,12.695,80.562,04-02-1991 06:15,SK,41,NIO,1
sk63.csv,CTD_NIO_1m,SK_63_71,00B04,ORV Sagar Kanya,63,160,12.673,80.657,04-02-1991 07:45,SK,41,NIO,1
sk63.csv,CTD_NIO_1m,SK_63_72,00B05,ORV Sagar Kanya,63,1200,12.662,80.748,04-02-1991 10:24,SK,41,NIO,1
sk63.csv,CTD_NIO_1m,SK_63_73,00B06,ORV Sagar Kanya,63,3100,12.647,80.848,04-02-1991 13:05,SK,41,NIO,1
sk63.csv,CTD_NIO_1m,SK_63_74,00B07,ORV Sagar Kanya,63,3300,12.617,80.97,04-02-1991 18:20,SK,41,NIO,1
sk63.csv,CTD_NIO_1m,SK_63_75,00B08,ORV Sagar Kanya,63,3390,12.608,80.168,04-02-1991 21:42,SK,41,NIO,1
sk63.csv,CTD_NIO_1m,SK_63_76,00B09,ORV Sagar Kanya,63,3455,12.585,81.525,04-03-1991 05:00,SK,41,NIO,1
sk63.csv,CTD_NIO_1m,SK_63_77,00B10,ORV Sagar Kanya,63,3450,12.505,81.99,04-03-1991 09:48,SK,41,NIO,1
sk63.csv,CTD_NIO_1m,SK_63_78,00B11,ORV Sagar Kanya,63,3390,12.497,83.005,04-03-1991 20:22,SK,41,NIO,1
sk63.csv,CTD_NIO_1m,SK_63_79,00B12,ORV Sagar Kanya,63,3355,12.49,84.005,04-04-1991 05:32,SK,41,NIO,0
sk63.csv,CTD_NIO_1m,SK_63_80,00A12,ORV Sagar Kanya,63,3500,10.993,83.9,04-04-1991 18:25,SK,41,NIO,0
sk63.csv,CTD_NIO_1m,SK_63_81,00A11,ORV Sagar Kanya,63,3540,10.997,82.943,04-05-1991 18:35,SK,41,NIO,1
sk63.csv,CTD_NIO_1m,SK_63_82,00A10,ORV Sagar Kanya,63,3590,10.993,84.99,04-06-1991 03:00,SK,41,NIO,0
sk63.csv,CTD_NIO_1m,SK_63_83,00A09,ORV Sagar Kanya,63,3360,11.005,81.005,04-06-1991 10:48,SK,41,NIO,1
sk63.csv,CTD_NIO_1m,SK_63_84,00A08,ORV Sagar Kanya,63,2920,10.922,80.792,04-06-1991 15:45,SK,41,NIO,1
sk63.csv,CTD_NIO_1m,SK_63_85,00A07,ORV Sagar Kanya,63,1340,10.867,80.615,04-06-1991 19:00,SK,41,NIO,1
sk63.csv,CTD_NIO_1m,SK_63_86,00A06,ORV Sagar Kanya,63,624,10.82,80.41,04-06-1991 22:45,SK,41,NIO,1
sk63.csv,CTD_NIO_1m,SK_63_87,00A05,ORV Sagar Kanya,63,370,10.798,80.347,04-07-1991 00:15,SK,41,NIO,1
sk63.csv,CTD_NIO_1m,SK_63_88,00A04,ORV Sagar Kanya,63,252,10.777,80.295,04-07-1991 02:45,SK,41,NIO,1
sk63.csv,CTD_NIO_1m,SK_63_89,00A03,ORV Sagar Kanya,63,118,10.757,80.203,04-07-1991 04:10,SK,41,NIO,1
sk63.csv,CTD_NIO_1m,SK_63_90,00A02,ORV Sagar Kanya,63,45,10.713,80.102,04-07-1991 06:50,SK,41,NIO,1
sk70.csv,CTD_NIO_1m,SK_70_1,00A12,ORV Sagar Kanya,70,3490,10.953,84.033,12-01-1991 14:30,SK,41,NIO,0
sk70.csv,CTD_NIO_1m,SK_70_2,00A11,ORV Sagar Kanya,70,3420,11.003,82.997,12-02-1991 12:20,SK,41,NIO,1
sk70.csv,CTD_NIO_1m,SK_70_3,00A10,ORV Sagar Kanya,70,3572,10.998,81.998,12-02-1991 23:30,SK,41,NIO,1
sk70.csv,CTD_NIO_1m,SK_70_4,00A09,ORV Sagar Kanya,70,3350,10.992,81.002,12-03-1991 10:35,SK,41,NIO,1
sk70.csv,CTD_NIO_1m,SK_70_5,00A08,ORV Sagar Kanya,70,2840,10.91,80.802,12-03-1991 16:25,SK,41,NIO,1
sk70.csv,CTD_NIO_1m,SK_70_6,00A07,ORV Sagar Kanya,70,1340,10.843,80.63,12-03-1991 21:33,SK,41,NIO,1
sk70.csv,CTD_NIO_1m,SK_70_7,00A06,ORV Sagar Kanya,70,620,10.808,80.418,12-04-1991 01:45,SK,41,NIO,1
sk70.csv,CTD_NIO_1m,SK_70_8,00A05,ORV Sagar Kanya,70,380,10.788,80.352,12-04-1991 03:00,SK,41,NIO,1
sk70.csv,CTD_NIO_1m,SK_70_9,00A04,ORV Sagar Kanya,70,250,10.768,80.285,12-04-1991 04:45,SK,41,NIO,1
sk70.csv,CTD_NIO_1m,SK_70_10,00A03,ORV Sagar Kanya,70,115,10.765,80.2,12-04-1991 07:35,SK,41,NIO,1
sk70.csv,CTD_NIO_1m,SK_70_11,00A02,ORV Sagar Kanya,70,45,10.708,80.108,12-04-1991 09:35,SK,41,NIO,1
sk70.csv,CTD_NIO_1m,SK_70_12,00A01,ORV Sagar Kanya,70,18,10.673,80.025,12-04-1991 11:35,SK,41,NIO,1
sk70.csv,CTD_NIO_1m,SK_70_13,00B01,ORV Sagar Kanya,70,40,12.708,80.315,12-05-1991 06:00,SK,41,NIO,1
sk70.csv,CTD_NIO_1m,SK_70_14,00B02,ORV Sagar Kanya,70,76,12.695,80.478,12-05-1991 09:30,SK,41,NIO,1
sk70.csv,CTD_NIO_1m,SK_70_15,00B03,ORV Sagar Kanya,70,95,12.673,80.56,12-05-1991 11:20,SK,41,NIO,1
sk70.csv,CTD_NIO_1m,SK_70_16,00B04,ORV Sagar Kanya,70,160,12.658,80.662,12-05-1991 13:00,SK,41,NIO,1
sk70.csv,CTD_NIO_1m,SK_70_17,00B05,ORV Sagar Kanya,70,1370,12.648,80.75,12-05-1991 15:45,SK,41,NIO,1
sk70.csv,CTD_NIO_1m,SK_70_18,00B06,ORV Sagar Kanya,70,3130,12.638,80.85,12-05-1991 18:00,SK,41,NIO,1
sk70.csv,CTD_NIO_1m,SK_70_19,00B07,ORV Sagar Kanya,70,3250,12.608,80.985,12-05-1991 21:40,SK,41,NIO,1
sk70.csv,CTD_NIO_1m,SK_70_20,00B08,ORV Sagar Kanya,70,3390,12.702,80.172,12-06-1991 01:48,SK,41,NIO,1
sk70.csv,CTD_NIO_1m,SK_70_21,00B09,ORV Sagar Kanya,70,3450,12.568,80.542,12-06-1991 07:45,SK,41,NIO,1
sk70.csv,CTD_NIO_1m,SK_70_22,00B10,ORV Sagar Kanya,70,3450,12.515,80.998,12-06-1991 12:45,SK,41,NIO,1
sk70.csv,CTD_NIO_1m,SK_70_23,00B11,ORV Sagar Kanya,70,3360,12.493,83.012,12-06-1991 22:50,SK,41,NIO,1
sk70.csv,CTD_NIO_1m,SK_70_24,00B12,ORV Sagar Kanya,70,3300,12.477,84.202,12-07-1991 07:40,SK,41,NIO,0
sk70.csv,CTD_NIO_1m,SK_70_25,00C12,ORV Sagar Kanya,70,3270,13.935,83.08,12-08-1991 05:35,SK,41,NIO,1
sk70.csv,CTD_NIO_1m,SK_70_26,00C11,ORV Sagar Kanya,70,3300,14.003,82.383,12-08-1991 18:57,SK,41,NIO,1
sk70.csv,CTD_NIO_1m,SK_70_27,00C10,ORV Sagar Kanya,70,3290,14.007,81.782,12-09-1991 01:10,SK,41,NIO,1
sk70.csv,CTD_NIO_1m,SK_70_28,00C09,ORV Sagar Kanya,70,3180,13.998,81.328,12-09-1991 06:10,SK,41,NIO,1
sk70.csv,CTD_NIO_1m,SK_70_29,00C08,ORV Sagar Kanya,70,3110,13.997,81.053,12-09-1991 10:05,SK,41,NIO,1
sk70.csv,CTD_NIO_1m,SK_70_30,00C07,ORV Sagar Kanya,70,2950,13.982,80.817,12-09-1991 13:00,SK,41,NIO,1
sk70.csv,CTD_NIO_1m,SK_70_31,00C06,ORV Sagar Kanya,70,2850,13.992,80.698,12-09-1991 17:55,SK,41,NIO,1
sk70.csv,CTD_NIO_1m,SK_70_32,00C05,ORV Sagar Kanya,70,2400,14.003,80.622,12-09-1991 20:43,SK,41,NIO,1
sk70.csv,CTD_NIO_1m,SK_70_33,00C04,ORV Sagar Kanya,70,1130,13.99,80.528,12-10-1991 00:25,SK,41,NIO,1
sk70.csv,CTD_NIO_1m,SK_70_34,00C03,ORV Sagar Kanya,70,176,14.0,80.428,12-10-1991 03:40,SK,41,NIO,1
sk70.csv,CTD_NIO_1m,SK_70_35,00C02,ORV Sagar Kanya,70,32,14.01,80.345,12-10-1991 07:00,SK,41,NIO,1
sk70.csv,CTD_NIO_1m,SK_70_36,00D01,ORV Sagar Kanya,70,30,16.238,81.888,12-11-1991 09:55,SK,41,NIO,1
sk70.csv,CTD_NIO_1m,SK_70_37,00D02,ORV Sagar Kanya,70,290,16.117,81.915,12-11-1991 12:20,SK,41,NIO,1
sk70.csv,CTD_NIO_1m,SK_70_38,00D03,ORV Sagar Kanya,70,790,16.032,81.955,12-11-1991 15:40,SK,41,NIO,1
sk70.csv,CTD_NIO_1m,SK_70_39,00D04,ORV Sagar Kanya,70,1180,15.922,82.02,12-11-1991 17:35,SK,41,NIO,1
sk70.csv,CTD_NIO_1m,SK_70_40,00D05,ORV Sagar Kanya,70,1330,15.842,82.075,12-11-1991 20:50,SK,41,NIO,1
sk70.csv,CTD_NIO_1m,SK_70_41,00D06,ORV Sagar Kanya,70,2000,15.705,82.142,12-11-1991 23:25,SK,41,NIO,1
sk70.csv,CTD_NIO_1m,SK_70_42,00D07,ORV Sagar Kanya,70,2450,15.535,82.21,12-12-1991 03:34,SK,41,NIO,1
sk70.csv,CTD_NIO_1m,SK_70_43,00D08,ORV Sagar Kanya,70,2800,15.327,82.325,12-12-1991 07:20,SK,41,NIO,1
sk70.csv,CTD_NIO_1m,SK_70_44,00D09,ORV Sagar Kanya,70,3090,14.932,82.563,12-12-1991 16:40,SK,41,NIO,1
sk70.csv,CTD_NIO_1m,SK_70_45,0.00E+00,ORV Sagar Kanya,70,3000,15.503,84.718,13-12-1991 15:40,SK,41,NIO,1
sk70.csv,CTD_NIO_1m,SK_70_46,0.00E+00,ORV Sagar Kanya,70,2980,15.895,84.39,14-12-1991 09:15,SK,41,NIO,1
sk70.csv,CTD_NIO_1m,SK_70_47,0.00E+00,ORV Sagar Kanya,70,2900,16.265,84.1,14-12-1991 17:05,SK,41,NIO,1
sk70.csv,CTD_NIO_1m,SK_70_48,0.00E+00,ORV Sagar Kanya,70,2975,16.557,83.897,15-12-1991 00:25,SK,41,NIO,1
sk70.csv,CTD_NIO_1m,SK_70_49,0.00E+00,ORV Sagar Kanya,70,2650,16.85,83.727,15-12-1991 06:05,SK,41,NIO,1
sk70.csv,CTD_NIO_1m,SK_70_50,0.00E+00,ORV Sagar Kanya,70,2600,16.935,83.583,16-12-1991 11:05,SK,41,NIO,1
sk70.csv,CTD_NIO_1m,SK_70_56,0.00E+00,ORV Sagar Kanya,70,62,17.402,83.24,17-12-1991 03:50,SK,41,NIO,1
sk70.csv,CTD_NIO_1m,SK_70_51,0.00E+00,ORV Sagar Kanya,70,2200,17.03,83.52,17-12-1991 16:07,SK,41,NIO,1
sk70.csv,CTD_NIO_1m,SK_70_52,0.00E+00,ORV Sagar Kanya,70,970,17.108,83.458,17-12-1991 19:10,SK,41,NIO,1
sk70.csv,CTD_NIO_1m,SK_70_53,0.00E+00,ORV Sagar Kanya,70,410,17.183,83.42,17-12-1991 21:30,SK,41,NIO,1
sk70.csv,CTD_NIO_1m,SK_70_54,0.00E+00,ORV Sagar Kanya,70,170,17.22,83.38,17-12-1991 23:45,SK,41,NIO,1
sk70.csv,CTD_NIO_1m,SK_70_55,0.00E+00,ORV Sagar Kanya,70,98,17.283,83.323,18-12-1991 02:00,SK,41,NIO,1
sk70.csv,CTD_NIO_1m,SK_70_57,00F01,ORV Sagar Kanya,70,49,18.832,84.733,18-12-1991 17:00,SK,41,NIO,1
sk70.csv,CTD_NIO_1m,SK_70_58,00F02,ORV Sagar Kanya,70,121,18.693,84.868,18-12-1991 19:27,SK,41,NIO,1
sk70.csv,CTD_NIO_1m,SK_70_59,00F03,ORV Sagar Kanya,70,215,18.603,84.952,18-12-1991 21:20,SK,41,NIO,1
sk70.csv,CTD_NIO_1m,SK_70_60,00F04,ORV Sagar Kanya,70,720,18.528,85.02,18-12-1991 22:45,SK,41,NIO,1
sk70.csv,CTD_NIO_1m,SK_70_61,00F05,ORV Sagar Kanya,70,1430,18.44,85.105,19-12-1991 01:00,SK,41,NIO,1
sk70.csv,CTD_NIO_1m,SK_70_62,00F06,ORV Sagar Kanya,70,2220,18.33,85.17,19-12-1991 03:35,SK,41,NIO,1
sk70.csv,CTD_NIO_1m,SK_70_63,00F07,ORV Sagar Kanya,70,2300,18.215,85.305,19-12-1991 06:35,SK,41,NIO,1
sk70.csv,CTD_NIO_1m,SK_70_64,00F08,ORV Sagar Kanya,70,2360,18.042,85.445,19-12-1991 11:30,SK,41,NIO,1
sk70.csv,CTD_NIO_1m,SK_70_65,00F09,ORV Sagar Kanya,70,2405,17.71,85.763,19-12-1991 17:16,SK,41,NIO,1
sk70.csv,CTD_NIO_1m,SK_70_66,00F10,ORV Sagar Kanya,70,2600,17.097,86.345,20-12-1991 02:00,SK,41,NIO,1
sk70.csv,CTD_NIO_1m,SK_70_89,00F11,ORV Sagar Kanya,70,2650,16.452,86.95,25-12-1991 01:00,SK,41,NIO,1
sk70.csv,CTD_NIO_1m,SK_70_88,00G11,ORV Sagar Kanya,70,2420,17.273,88.253,24-12-1991 13:05,SK,41,NIO,1
sk70.csv,CTD_NIO_1m,SK_70_67,00G10,ORV Sagar Kanya,70,2330,18.005,87.772,20-12-1991 15:22,SK,41,NIO,1
sk70.csv,CTD_NIO_1m,SK_70_68,00G09,ORV Sagar Kanya,70,2220,18.668,87.253,21-12-1991 02:30,SK,41,NIO,1
sk70.csv,CTD_NIO_1m,SK_70_69,00G08,ORV Sagar Kanya,70,1920,19.052,87.002,21-12-1991 07:52,SK,41,NIO,1
sk70.csv,CTD_NIO_1m,SK_70_70,00G07,ORV Sagar Kanya,70,1720,19.243,86.87,21-12-1991 10:27,SK,41,NIO,1
sk70.csv,CTD_NIO_1m,SK_70_71,00G06,ORV Sagar Kanya,70,1470,19.442,86.723,21-12-1991 14:47,SK,41,NIO,1
sk70.csv,CTD_NIO_1m,SK_70_72,00G05,ORV Sagar Kanya,70,1170,19.563,86.643,21-12-1991 16:40,SK,41,NIO,1
sk70.csv,CTD_NIO_1m,SK_70_73,00G03,ORV Sagar Kanya,70,680,19.688,86.552,21-12-1991 20:21,SK,41,NIO,1
sk70.csv,CTD_NIO_1m,SK_70_74,00G02,ORV Sagar Kanya,70,115,19.738,86.452,21-12-1991 22:20,SK,41,NIO,1
sk70.csv,CTD_NIO_1m,SK_70_75,00G01,ORV Sagar Kanya,70,37,19.862,86.435,22-12-1991 01:28,SK,41,NIO,1
sk70.csv,CTD_NIO_1m,SK_70_76,00H01,ORV Sagar Kanya,70,17,20.978,88.147,22-12-1991 15:01,SK,41,NIO,1
sk70.csv,CTD_NIO_1m,SK_70_77,00H02,ORV Sagar Kanya,70,72,20.817,88.202,22-12-1991 16:50,SK,41,NIO,1
sk70.csv,CTD_NIO_1m,SK_70_78,00H03,ORV Sagar Kanya,70,120,20.622,88.248,22-12-1991 19:35,SK,41,NIO,1
sk70.csv,CTD_NIO_1m,SK_70_79,00H04,ORV Sagar Kanya,70,133,20.453,88.303,22-12-1991 22:17,SK,41,NIO,1
sk70.csv,CTD_NIO_1m,SK_70_80,00H05,ORV Sagar Kanya,70,175,20.325,88.337,23-12-1991 00:00,SK,41,NIO,1
sk70.csv,CTD_NIO_1m,SK_70_81,00H06,ORV Sagar Kanya,70,680,20.225,88.37,23-12-1991 02:00,SK,41,NIO,1
sk70.csv,CTD_NIO_1m,SK_70_82,00H07,ORV Sagar Kanya,70,1000,20.142,88.382,23-12-1991 04:13,SK,41,NIO,1
sk70.csv,CTD_NIO_1m,SK_70_83,00H08,ORV Sagar Kanya,70,1180,20.037,88.427,23-12-1991 06:05,SK,41,NIO,1
sk70.csv,CTD_NIO_1m,SK_70_84,00H09,ORV Sagar Kanya,70,1320,19.915,88.445,23-12-1991 09:13,SK,41,NIO,1
sk70.csv,CTD_NIO_1m,SK_70_85,00H10,ORV Sagar Kanya,70,1520,19.733,88.498,23-12-1991 12:00,SK,41,NIO,1
sk70.csv,CTD_NIO_1m,SK_70_86,00H11,ORV Sagar Kanya,70,1690,19.482,88.567,23-12-1991 18:35,SK,41,NIO,1
sk70.csv,CTD_NIO_1m,SK_70_87,00H12,ORV Sagar Kanya,70,1870,18.952,88.735,24-12-1991 00:00,SK,41,NIO,1
sk106-interp.csv,CTD_NIO_Interpolated,SK_106_13,10613,ORV Sagar Kanya,106,3075,12.333,91.0,10-08-1995 19:15,SK,41,NIO,1
sk106-interp.csv,CTD_NIO_Interpolated,SK_106_14,10614,ORV Sagar Kanya,106,2800,13.167,90.0,10-09-1995 06:45,SK,41,NIO,1
sk106-interp.csv,CTD_NIO_Interpolated,SK_106_15,10615,ORV Sagar Kanya,106,3000,14.0,89.0,10-09-1995 17:30,SK,41,NIO,0
sk106-interp.csv,CTD_NIO_Interpolated,SK_106_16,10616,ORV Sagar Kanya,106,2952,14.8,88.0,10-10-1995 05:10,SK,41,NIO,0
sk106-interp.csv,CTD_NIO_Interpolated,SK_106_18,10618,ORV Sagar Kanya,106,2780,16.4,86.0,10-11-1995 01:10,SK,41,NIO,1
sk106-interp.csv,CTD_NIO_Interpolated,SK_106_19,10619,ORV Sagar Kanya,106,2780,16.667,85.5,10-11-1995 06:45,SK,41,NIO,1
sk106-interp.csv,CTD_NIO_Interpolated,SK_106_20,10620,ORV Sagar Kanya,106,2807,17.2,85.0,10-11-1995 13:30,SK,41,NIO,1
sk106-interp.csv,CTD_NIO_Interpolated,SK_106_21,10621,ORV Sagar Kanya,106,2606,17.6,84.5,10-11-1995 20:00,SK,41,NIO,1
sk106-interp.csv,CTD_NIO_Interpolated,SK_106_22,10622,ORV Sagar Kanya,106,55,18.0,84.0,10-12-1995 02:10,SK,41,NIO,1
sk106-interp.csv,CTD_NIO_Interpolated,SK_106_23,10623,ORV Sagar Kanya,106,2000,18.61,84.8,10-12-1995 12:40,SK,41,NIO,1
sk106-interp.csv,CTD_NIO_Interpolated,SK_106_24,10624,ORV Sagar Kanya,106,2452,17.8,86.0,10-12-1995 23:30,SK,41,NIO,1
sk106-interp.csv,CTD_NIO_Interpolated,SK_106_25,10625,ORV Sagar Kanya,106,2670,17.1,87.0,13-10-1995 09:00,SK,41,NIO,1
sk106-interp.csv,CTD_NIO_Interpolated,SK_106_26,10626,ORV Sagar Kanya,106,2734,16.4,88.0,13-10-1995 16:30,SK,41,NIO,0
sk106-interp.csv,CTD_NIO_Interpolated,SK_106_27,10627,ORV Sagar Kanya,106,2624,15.7,89.0,14-10-1995 03:30,SK,41,NIO,0
sk106-interp.csv,CTD_NIO_Interpolated,SK_106_28,10628,ORV Sagar Kanya,106,2747,15.0,90.0,14-10-1995 13:10,SK,41,NIO,1
sk106-interp.csv,CTD_NIO_Interpolated,SK_106_29,10629,ORV Sagar Kanya,106,2469,16.0,90.0,14-10-1995 22:00,SK,41,NIO,0
sk106-interp.csv,CTD_NIO_Interpolated,SK_106_30,10630,ORV Sagar Kanya,106,2390,17.0,90.0,15-10-1995 05:00,SK,41,NIO,0
sk106-interp.csv,CTD_NIO_Interpolated,SK_106_31,10631,ORV Sagar Kanya,106,2319,17.8,89.0,15-10-1995 14:30,SK,41,NIO,0
sk106-interp.csv,CTD_NIO_Interpolated,SK_106_32,10632,ORV Sagar Kanya,106,2088,18.583,88.0,15-10-1995 23:30,SK,41,NIO,1
sk106-interp.csv,CTD_NIO_Interpolated,SK_106_33,10633,ORV Sagar Kanya,106,2154,19.0,87.5,16-10-1995 05:30,SK,41,NIO,1
sk106-interp.csv,CTD_NIO_Interpolated,SK_106_34,10634,ORV Sagar Kanya,106,1130,19.4,87.5,16-10-1995 11:20,SK,41,NIO,1
sk106-interp.csv,CTD_NIO_Interpolated,SK_106_35,10635,ORV Sagar Kanya,106,14,19.8,86.5,16-10-1995 17:10,SK,41,NIO,1
sk106-interp.csv,CTD_NIO_Interpolated,SK_106_36,10636,ORV Sagar Kanya,106,839,20.25,87.233,17-10-1995 00:30,SK,41,NIO,1
sk106-interp.csv,CTD_NIO_Interpolated,SK_106_37,10637,ORV Sagar Kanya,106,100,20.733,88.0,17-10-1995 07:15,SK,41,NIO,1
sk106-interp.csv,CTD_NIO_Interpolated,SK_106_38,10638,ORV Sagar Kanya,106,1344,20.2,88.633,17-10-1995 13:15,SK,41,NIO,1
sk106-interp.csv,CTD_NIO_Interpolated,SK_106_39,10639,ORV Sagar Kanya,106,1500,19.6,88.3,17-10-1995 20:00,SK,41,NIO,1
sk106-interp.csv,CTD_NIO_Interpolated,SK_106_40,10640,ORV Sagar Kanya,106,1719,19.0,90.0,18-10-1995 03:00,SK,41,NIO,0
sk106-interp.csv,CTD_NIO_Interpolated,SK_106_41,10641,ORV Sagar Kanya,106,956,20.0,88.0,18-10-1995 18:00,SK,41,NIO,1
sk106-interp.csv,CTD_NIO_Interpolated,SK_106_42,10642,ORV Sagar Kanya,106,2015,19.0,88.0,19-10-1995 00:10,SK,41,NIO,1
sk106-interp.csv,CTD_NIO_Interpolated,SK_106_43,10643,ORV Sagar Kanya,106,2231,18.0,88.0,19-10-1995 09:00,SK,41,NIO,1
sk106-interp.csv,CTD_NIO_Interpolated,SK_106_44,10644,ORV Sagar Kanya,106,2412,17.0,88.0,19-10-1995 19:00,SK,41,NIO,0
sk106-interp.csv,CTD_NIO_Interpolated,SK_106_45,10645,ORV Sagar Kanya,106,2734,16.0,88.0,20-10-1995 05:00,SK,41,NIO,0
sk106-interp.csv,CTD_NIO_Interpolated,SK_106_46,10646,ORV Sagar Kanya,106,2835,15.0,88.0,20-10-1995 15:30,SK,41,NIO,0
sk106-interp.csv,CTD_NIO_Interpolated,SK_106_47,10647,ORV Sagar Kanya,106,3007,14.0,88.0,21-10-1995 01:15,SK,41,NIO,0
sk106-interp.csv,CTD_NIO_Interpolated,SK_106_48,10648,ORV Sagar Kanya,106,3065,13.0,88.0,21-10-1995 18:15,SK,41,NIO,0
sk106-interp.csv,CTD_NIO_Interpolated,SK_106_49,10649,ORV Sagar Kanya,106,3220,12.0,88.0,22-10-1995 05:00,SK,41,NIO,0
sk106-interp.csv,CTD_NIO_Interpolated,SK_106_50,10650,ORV Sagar Kanya,106,3273,11.0,88.0,22-10-1995 15:15,SK,41,NIO,0
sk106-interp.csv,CTD_NIO_Interpolated,SK_106_51,10651,ORV Sagar Kanya,106,3568,10.0,88.0,23-10-1995 02:00,SK,41,NIO,0
sk106-interp.csv,CTD_NIO_Interpolated,SK_106_52,10652,ORV Sagar Kanya,106,3557,9.0,88.0,23-10-1995 20:30,SK,41,NIO,0
sk106-interp.csv,CTD_NIO_Interpolated,SK_106_53,10653,ORV Sagar Kanya,106,3661,8.0,88.0,24-10-1995 06:30,SK,41,NIO,0
sk106-interp.csv,CTD_NIO_Interpolated,SK_106_54,10654,ORV Sagar Kanya,106,3727,7.0,88.0,24-10-1995 17:30,SK,41,NIO,0
sk106-interp.csv,CTD_NIO_Interpolated,SK_106_55,10655,ORV Sagar Kanya,106,3010,6.0,88.0,25-10-1995 04:00,SK,41,NIO,0
sk106-interp.csv,CTD_NIO_Interpolated,SK_106_56,10656,ORV Sagar Kanya,106,3910,5.0,88.0,25-10-1995 19:20,SK,41,NIO,0
sk106-interp.csv,CTD_NIO_Interpolated,SK_106_57,10657,ORV Sagar Kanya,106,4257,4.0,88.0,26-10-1995 07:10,SK,41,NIO,0
sk108-interp.csv,CTD_NIO_Interpolated,SK_108_1,1,ORV Sagar Kanya,108,956,20.4,88.66,18-12-1995 07:29,SK,41,NIO,1
sk108-interp.csv,CTD_NIO_Interpolated,SK_108_2,2,ORV Sagar Kanya,108,2057,18.0,90.0,20-12-1995 21:42,SK,41,NIO,0
sk108-interp.csv,CTD_NIO_Interpolated,SK_108_3,3,ORV Sagar Kanya,108,2308,17.0,90.0,21-12-1995 07:56,SK,41,NIO,0
sk108-interp.csv,CTD_NIO_Interpolated,SK_108_4,4,ORV Sagar Kanya,108,2469,16.0,90.0,21-12-1995 16:34,SK,41,NIO,0
sk108-interp.csv,CTD_NIO_Interpolated,SK_108_5,5,ORV Sagar Kanya,108,2747,15.0,90.0,22-12-1995 03:16,SK,41,NIO,1
sk108-interp.csv,CTD_NIO_Interpolated,SK_108_6,6,ORV Sagar Kanya,108,2800,14.0,90.0,22-12-1995 13:00,SK,41,NIO,1
sk108-interp.csv,CTD_NIO_Interpolated,SK_108_7,7,ORV Sagar Kanya,108,2800,13.0,90.0,22-12-1995 23:16,SK,41,NIO,1
sk108-interp.csv,CTD_NIO_Interpolated,SK_108_8,8,ORV Sagar Kanya,108,3188,12.0,90.0,23-12-1995 07:19,SK,41,NIO,1
sk108-interp.csv,CTD_NIO_Interpolated,SK_108_9,9,ORV Sagar Kanya,108,3173,11.0,90.0,23-12-1995 16:52,SK,41,NIO,1
sk108-interp.csv,CTD_NIO_Interpolated,SK_108_11,11,ORV Sagar Kanya,108,2864,9.0,90.0,24-12-1995 11:32,SK,41,NIO,1
sk108-interp.csv,CTD_NIO_Interpolated,SK_108_12,12,ORV Sagar Kanya,108,3657,8.0,90.0,24-12-1995 20:13,SK,41,NIO,1
sk108-interp.csv,CTD_NIO_Interpolated,SK_108_13,13,ORV Sagar Kanya,108,2590,7.0,90.0,25-12-1995 05:48,SK,41,NIO,1
sk120-interp.csv,CTD_NIO_Interpolated,SK_120_11,1,ORV Sagar Kanya,120,5250,-9.0,78.983,01-04-1997 16:58,SK,41,NIO,0
sk120-interp.csv,CTD_NIO_Interpolated,SK_120_12,2,ORV Sagar Kanya,120,5100,-10.017,78.983,01-05-1997 11:55,SK,41,NIO,0
sk120-interp.csv,CTD_NIO_Interpolated,SK_120_13,3,ORV Sagar Kanya,120,5300,-11.0,79.0,01-06-1997 01:00,SK,41,NIO,0
sk120-interp.csv,CTD_NIO_Interpolated,SK_120_14,4,ORV Sagar Kanya,120,5375,-12.0,79.0,01-06-1997 20:45,SK,41,NIO,0
sk120-interp.csv,CTD_NIO_Interpolated,SK_120_15,5,ORV Sagar Kanya,120,4830,-12.983,79.0,01-07-1997 15:30,SK,41,NIO,0
sk120-interp.csv,CTD_NIO_Interpolated,SK_120_16,6,ORV Sagar Kanya,120,4530,-14.0,79.0,01-08-1997 09:05,SK,41,NIO,0
sk120-interp.csv,CTD_NIO_Interpolated,SK_120_17,7,ORV Sagar Kanya,120,5200,-14.0,77.0,01-09-1997 03:00,SK,41,NIO,0
sk120-interp.csv,CTD_NIO_Interpolated,SK_120_18,8,ORV Sagar Kanya,120,5350,-13.0,77.0,01-09-1997 13:50,SK,41,NIO,0
sk120-interp.csv,CTD_NIO_Interpolated,SK_120_19,9,ORV Sagar Kanya,120,5370,-12.0,77.05,01-10-1997 17:58,SK,41,NIO,0
sk120-interp.csv,CTD_NIO_Interpolated,SK_120_20,10,ORV Sagar Kanya,120,5290,-11.0,77.0,01-11-1997 19:10,SK,41,NIO,0
sk120-interp.csv,CTD_NIO_Interpolated,SK_120_21,11,ORV Sagar Kanya,120,5270,-10.0,77.0,01-12-1997 10:20,SK,41,NIO,0
sk120-interp.csv,CTD_NIO_Interpolated,SK_120_22,12,ORV Sagar Kanya,120,5280,-9.0,77.0,01-12-1997 23:50,SK,41,NIO,0
sk120-interp.csv,CTD_NIO_Interpolated,SK_120_23,13,ORV Sagar Kanya,120,5300,-10.083,76.0,13-01-1997 16:39,SK,41,NIO,0
sk120-interp.csv,CTD_NIO_Interpolated,SK_120_24,14,ORV Sagar Kanya,120,5325,-10.083,75.666,14-01-1997 09:18,SK,41,NIO,0
sk120-interp.csv,CTD_NIO_Interpolated,SK_120_25,15,ORV Sagar Kanya,120,5250,-10.083,75.25,15-01-1997 17:12,SK,41,NIO,0
sk120-interp.csv,CTD_NIO_Interpolated,SK_120_26,16,ORV Sagar Kanya,120,5200,-10.0,75.0,16-01-1997 05:18,SK,41,NIO,0
sk120-interp.csv,CTD_NIO_Interpolated,SK_120_27,17,ORV Sagar Kanya,120,5280,-11.0,75.0,16-01-1997 19:45,SK,41,NIO,0
sk120-interp.csv,CTD_NIO_Interpolated,SK_120_28,18,ORV Sagar Kanya,120,5100,-12.0,75.0,17-01-1997 08:54,SK,41,NIO,0
sk120-interp.csv,CTD_NIO_Interpolated,SK_120_29,19,ORV Sagar Kanya,120,5200,-13.0,75.0,17-01-1997 17:10,SK,41,NIO,0
sk120-interp.csv,CTD_NIO_Interpolated,SK_120_30,20,ORV Sagar Kanya,120,5200,-14.0,75.0,18-01-1997 05:50,SK,41,NIO,0
sk120-interp.csv,CTD_NIO_Interpolated,SK_120_31,21,ORV Sagar Kanya,120,4700,-14.0,73.0,19-01-1997 01:20,SK,41,NIO,0
sk120-interp.csv,CTD_NIO_Interpolated,SK_120_32,22,ORV Sagar Kanya,120,4800,-13.0,73.0,19-01-1997 12:00,SK,41,NIO,0
sk120-interp.csv,CTD_NIO_Interpolated,SK_120_33,23,ORV Sagar Kanya,120,4400,-12.0,73.0,20-01-1997 02:40,SK,41,NIO,0
sk120-interp.csv,CTD_NIO_Interpolated,SK_120_34,24,ORV Sagar Kanya,120,5100,-11.0,73.0,20-01-1997 14:12,SK,41,NIO,0
sk120-interp.csv,CTD_NIO_Interpolated,SK_120_35,25,ORV Sagar Kanya,120,3200,-11.0,71.0,21-01-1997 07:40,SK,41,NIO,0
sk120-interp.csv,CTD_NIO_Interpolated,SK_120_36,26,ORV Sagar Kanya,120,3525,-12.0,71.0,21-01-1997 20:30,SK,41,NIO,0
sk120-interp.csv,CTD_NIO_Interpolated,SK_120_37,27,ORV Sagar Kanya,120,3800,-13.0,71.0,22-01-1997 07:17,SK,41,NIO,0
sk120-interp.csv,CTD_NIO_Interpolated,SK_120_38,28,ORV Sagar Kanya,120,4300,-14.0,71.0,22-01-1997 20:20,SK,41,NIO,0
sk168-interp.csv,CTD_NIO_Interpolated,SK_168_2,2,ORV Sagar Kanya,168,0,13.0,95.0,09-02-2001 22:10,SK,41,NIO,1
sk168-interp.csv,CTD_NIO_Interpolated,SK_168_3,3,ORV Sagar Kanya,168,0,12.0,95.0,09-04-2001 07:40,SK,41,NIO,1
sk168-interp.csv,CTD_NIO_Interpolated,SK_168_4,4,ORV Sagar Kanya,168,0,12.0,94.0,09-04-2001 17:45,SK,41,NIO,1
sk168-interp.csv,CTD_NIO_Interpolated,SK_168_5,5,ORV Sagar Kanya,168,0,11.033,94.0,09-10-2001 20:40,SK,41,NIO,1
sk168-interp.csv,CTD_NIO_Interpolated,SK_168_6,6,ORV Sagar Kanya,168,0,11.018,95.0,09-11-2001 13:10,SK,41,NIO,1
sk168-interp.csv,CTD_NIO_Interpolated,SK_168_7,7,ORV Sagar Kanya,168,0,10.788,94.466,09-11-2001 19:00,SK,41,NIO,1
sk168-interp.csv,CTD_NIO_Interpolated,SK_168_8,8,ORV Sagar Kanya,168,0,10.6,94.333,09-12-2001 08:38,SK,41,NIO,1
sk168-interp.csv,CTD_NIO_Interpolated,SK_168_9,9,ORV Sagar Kanya,168,0,10.423,94.15,09-12-2001 12:25,SK,41,NIO,1
sk168-interp.csv,CTD_NIO_Interpolated,SK_168_13,10,ORV Sagar Kanya,168,0,10.55,93.883,13-09-2001 14:48,SK,41,NIO,1
sk168-interp.csv,CTD_NIO_Interpolated,SK_168_12,11R,ORV Sagar Kanya,168,0,10.233,93.933,13-09-2001 07:30,SK,41,NIO,1
sk168-interp.csv,CTD_NIO_Interpolated,SK_168_11,12,ORV Sagar Kanya,168,0,9.983,93.933,13-09-2001 01:16,SK,41,NIO,1
sk201-interp.csv,CTD_NIO_Interpolated,SK_201_1,CTD01,ORV Sagar Kanya,201,4210,-6.586,67.058,15-03-2004 07:22,SK,41,NIO,0
sk201-interp.csv,CTD_NIO_Interpolated,SK_201_2,CTD02,ORV Sagar Kanya,201,1775,-5.393,68.495,16-03-2004 05:10,SK,41,NIO,0
sk201-interp.csv,CTD_NIO_Interpolated,SK_201_3,CTD03,ORV Sagar Kanya,201,3385,-5.044,68.464,16-03-2004 13:24,SK,41,NIO,0
sk201-interp.csv,CTD_NIO_Interpolated,SK_201_4,CTD04,ORV Sagar Kanya,201,3453,-5.025,68.497,17-03-2004 00:05,SK,41,NIO,0
sk201-interp.csv,CTD_NIO_Interpolated,SK_201_5,CTD05,ORV Sagar Kanya,201,3300,-5.046,68.487,17-03-2004 06:50,SK,41,NIO,0
sk201-interp.csv,CTD_NIO_Interpolated,SK_201_6,CTD06,ORV Sagar Kanya,201,3800,-5.05,68.496,17-03-2004 14:07,SK,41,NIO,0
sk201-interp.csv,CTD_NIO_Interpolated,SK_201_7,CTD07,ORV Sagar Kanya,201,3803,-5.006,68.506,17-03-2004 21:32,SK,41,NIO,0
sk201-interp.csv,CTD_NIO_Interpolated,SK_201_8,CTD08,ORV Sagar Kanya,201,3402,-5.036,68.67,18-03-2004 06:23,SK,41,NIO,0
sk201-interp.csv,CTD_NIO_Interpolated,SK_201_9,CTD09,ORV Sagar Kanya,201,2855,-5.166,68.481,18-03-2004 15:38,SK,41,NIO,0
sk201-interp.csv,CTD_NIO_Interpolated,SK_201_10,CTD10,ORV Sagar Kanya,201,2855,-5.166,68.481,18-03-2004 17:38,SK,41,NIO,0
sk201-interp.csv,CTD_NIO_Interpolated,SK_201_11,CTD11,ORV Sagar Kanya,201,3475,-5.181,67.485,18-03-2004 22:38,SK,41,NIO,0
sk201-interp.csv,CTD_NIO_Interpolated,SK_201_12,CTD12,ORV Sagar Kanya,201,3820,-5.1,67.598,19-03-2004 04:28,SK,41,NIO,0
sk201-interp.csv,CTD_NIO_Interpolated,SK_201_13,CTD13,ORV Sagar Kanya,201,3424,-5.039,67.389,19-03-2004 11:19,SK,41,NIO,0
sk201-interp.csv,CTD_NIO_Interpolated,SK_201_14,CTD14,ORV Sagar Kanya,201,3724,-4.836,67.507,19-03-2004 17:52,SK,41,NIO,0
sk201-interp.csv,CTD_NIO_Interpolated,SK_201_15,CTD15,ORV Sagar Kanya,201,4150,-4.961,67.438,19-03-2004 23:56,SK,41,NIO,0
sk201-interp.csv,CTD_NIO_Interpolated,SK_201_16,CTD16,ORV Sagar Kanya,201,2090,-7.534,67.978,21-03-2004 06:47,SK,41,NIO,0
sk201-interp.csv,CTD_NIO_Interpolated,SK_201_17,CTD17,ORV Sagar Kanya,201,3331,-7.266,67.983,21-03-2004 11:22,SK,41,NIO,0
sk201-interp.csv,CTD_NIO_Interpolated,SK_201_18,CTD18,ORV Sagar Kanya,201,3543,-7.204,67.842,21-03-2004 18:57,SK,41,NIO,0
sk201-interp.csv,CTD_NIO_Interpolated,SK_201_19,CTD19,ORV Sagar Kanya,201,4337,-7.121,67.908,21-03-2004 23:25,SK,41,NIO,0
sk201-interp.csv,CTD_NIO_Interpolated,SK_201_20,CTD20,ORV Sagar Kanya,201,2220,-7.166,68.115,22-03-2004 10:38,SK,41,NIO,0
sk201-interp.csv,CTD_NIO_Interpolated,SK_201_21,CTD21,ORV Sagar Kanya,201,2944,-7.09,68.048,22-03-2004 15:20,SK,41,NIO,0
sk201-interp.csv,CTD_NIO_Interpolated,SK_201_22,CTD22,ORV Sagar Kanya,201,3920,-7.069,68.044,22-03-2004 20:47,SK,41,NIO,0
sk201-interp.csv,CTD_NIO_Interpolated,SK_201_24,CTD24,ORV Sagar Kanya,201,3433,-5.032,68.506,24-03-2004 07:45,SK,41,NIO,0
sk201-interp.csv,CTD_NIO_Interpolated,SK_201_25,CTD25,ORV Sagar Kanya,201,3601,-5.068,68.56,24-03-2004 11:40,SK,41,NIO,0
sk201-interp.csv,CTD_NIO_Interpolated,SK_201_26,CTD26,ORV Sagar Kanya,201,2420,-5.069,68.486,24-03-2004 17:35,SK,41,NIO,0
sk201-interp.csv,CTD_NIO_Interpolated,SK_201_27,CTD27,ORV Sagar Kanya,201,3258,-5.048,68.471,24-03-2004 21:12,SK,41,NIO,0
sk201-interp.csv,CTD_NIO_Interpolated,SK_201_28,CTD28,ORV Sagar Kanya,201,2744,-4.986,68.763,25-03-2004 02:40,SK,41,NIO,0
sk201-interp.csv,CTD_NIO_Interpolated,SK_201_29,CTD29,ORV Sagar Kanya,201,2213,-5.126,68.827,25-03-2004 07:54,SK,41,NIO,0
sk201-interp.csv,CTD_NIO_Interpolated,SK_201_30,CTD30,ORV Sagar Kanya,201,3128,-5.29,68.466,25-03-2004 15:50,SK,41,NIO,0
sk201-interp.csv,CTD_NIO_Interpolated,SK_201_31,CTD31,ORV Sagar Kanya,201,3526,-5.287,68.462,25-03-2004 21:05,SK,41,NIO,0
sk201-interp.csv,CTD_NIO_Interpolated,SK_201_31,CTD31,ORV Sagar Kanya,201,3526,-5.287,68.462,25-03-2004 21:05,SK,41,NIO,0
sk228-1.csv,CTD_NIO_Interpolated,SK_228_1,CTD01,ORV Sagar Kanya,228,0,1.995,80.552,09-01-2006 17:30,SK,41,NIO,0
sk228-1.csv,CTD_NIO_Interpolated,SK_228_2,CTD1A,ORV Sagar Kanya,228,0,1.993,80.48,09-01-2006 20:20,SK,41,NIO,0
sk228-1.csv,CTD_NIO_Interpolated,SK_228_3,CTD02,ORV Sagar Kanya,228,0,1.495,80.481,09-02-2006 00:40,SK,41,NIO,0
sk228-1.csv,CTD_NIO_Interpolated,SK_228_4,CTD2A,ORV Sagar Kanya,228,0,1.495,80.481,09-02-2006 03:00,SK,41,NIO,0
sk228-1.csv,CTD_NIO_Interpolated,SK_228_5,CTD03,ORV Sagar Kanya,228,0,0.988,80.498,09-02-2006 07:15,SK,41,NIO,0
sk228-1.csv,CTD_NIO_Interpolated,SK_228_6,CTD3A,ORV Sagar Kanya,228,0,1.0,80.5,09-02-2006 13:15,SK,41,NIO,0
sk228-1.csv,CTD_NIO_Interpolated,SK_228_7,CTD04,ORV Sagar Kanya,228,0,0.485,80.5,09-02-2006 17:14,SK,41,NIO,0
sk228-1.csv,CTD_NIO_Interpolated,SK_228_8,CTD4A,ORV Sagar Kanya,228,0,0.485,80.5,09-02-2006 18:30,SK,41,NIO,0
sk228-1.csv,CTD_NIO_Interpolated,SK_228_10,CTD5A,ORV Sagar Kanya,228,0,0.001,80.52,09-04-2006 04:50,SK,41,NIO,0
sk228-1.csv,CTD_NIO_Interpolated,SK_228_9,CTD05,ORV Sagar Kanya,228,0,0.04,80.51,09-04-2006 02:15,SK,41,NIO,0
sk228-1.csv,CTD_NIO_Interpolated,SK_228_11,CTD06,ORV Sagar Kanya,228,0,-0.51,80.5,09-04-2006 08:35,SK,41,NIO,0
sk228-1.csv,CTD_NIO_Interpolated,SK_228_12,CTD6A,ORV Sagar Kanya,228,0,-0.51,80.501,09-04-2006 10:38,SK,41,NIO,0
sk228-1.csv,CTD_NIO_Interpolated,SK_228_13,CTD07,ORV Sagar Kanya,228,0,-1.001,80.51,09-04-2006 14:50,SK,41,NIO,0
sk228-1.csv,CTD_NIO_Interpolated,SK_228_14,CTD7A,ORV Sagar Kanya,228,0,-0.983,80.53,09-04-2006 17:00,SK,41,NIO,0
sk228-1.csv,CTD_NIO_Interpolated,SK_228_15,CTD8A,ORV Sagar Kanya,228,0,-1.5,80.5,09-06-2006 07:20,SK,41,NIO,0
sk228-1.csv,CTD_NIO_Interpolated,SK_228_16,CTD8B,ORV Sagar Kanya,228,0,-1.45,80.51,09-06-2006 16:20,SK,41,NIO,0
sk228-1.csv,CTD_NIO_Interpolated,SK_228_17,CTD09,ORV Sagar Kanya,228,0,-2.0,80.5,09-06-2006 21:20,SK,41,NIO,0
sk228-1.csv,CTD_NIO_Interpolated,SK_228_18,CTD9A,ORV Sagar Kanya,228,0,-2.0,80.5,09-07-2006 00:22,SK,41,NIO,0
sk228-1.csv,CTD_NIO_Interpolated,SK_228_42,CTD10,ORV Sagar Kanya,228,0,0.001,90.001,09-11-2006 19:15,SK,41,NIO,0
sk228-1.csv,CTD_NIO_Interpolated,SK_228_43,CTD11,ORV Sagar Kanya,228,0,0.001,93.0,09-12-2006 18:25,SK,41,NIO,0
sk228-1.csv,CTD_NIO_Interpolated,SK_228_44,CT11A,ORV Sagar Kanya,228,0,-0.002,93.03,14-09-2006 09:23,SK,41,NIO,0
sk228-1.csv,CTD_NIO_Interpolated,SK_228_45,CT11B,ORV Sagar Kanya,228,0,0.02,92.998,14-09-2006 13:30,SK,41,NIO,0
sk228-1.csv,CTD_NIO_Interpolated,SK_228_46,CTD12,ORV Sagar Kanya,228,0,1.543,89.97,16-09-2006 21:35,SK,41,NIO,0
sk228-1.csv,CTD_NIO_Interpolated,SK_228_47,CTD13,ORV Sagar Kanya,228,0,-0.186,85.036,18-09-2006 12:30,SK,41,NIO,0
sk228-1.csv,CTD_NIO_Interpolated,SK_228_48,CT14A,ORV Sagar Kanya,228,0,0.001,83.0,19-09-2006 20:30,SK,41,NIO,0
sk228-1.csv,CTD_NIO_Interpolated,SK_228_49,CT14B,ORV Sagar Kanya,228,0,0.312,82.993,20-09-2006 12:05,SK,41,NIO,0
sk228-1.csv,CTD_NIO_Interpolated,SK_228_50,CTD15,ORV Sagar Kanya,228,0,-1.5,80.449,23-09-2006 13:20,SK,41,NIO,0
sk228-1.csv,CTD_NIO_Interpolated,SK_228_51,CTD16,ORV Sagar Kanya,228,0,-0.026,77.066,24-09-2006 15:10,SK,41,NIO,0
sk228-1.csv,CTD_NIO_Interpolated,SK_228_52,CTD17,ORV Sagar Kanya,228,0,0.037,76.942,26-09-2006 17:30,SK,41,NIO,0
sk228-1.csv,CTD_NIO_Interpolated,SK_228_53,CTD17A,ORV Sagar Kanya,228,0,0.067,76.962,27-09-2006 14:05,SK,41,NIO,0
sk228-2.csv,CTD_NIO_Interpolated,SK_228_19,C9001,ORV Sagar Kanya,228,0,-0.001,90.0,09-10-2006 05:30,SK,41,NIO,0
sk228-2.csv,CTD_NIO_Interpolated,SK_228_20,C9002,ORV Sagar Kanya,228,0,-0.001,90.0,09-10-2006 06:30,SK,41,NIO,0
sk228-2.csv,CTD_NIO_Interpolated,SK_228_21,C9003,ORV Sagar Kanya,228,0,-0.001,90.0,09-10-2006 07:30,SK,41,NIO,0
sk228-2.csv,CTD_NIO_Interpolated,SK_228_22,C9004,ORV Sagar Kanya,228,0,-0.001,90.0,09-10-2006 08:30,SK,41,NIO,0
sk228-2.csv,CTD_NIO_Interpolated,SK_228_23,C9005,ORV Sagar Kanya,228,0,-0.001,90.0,09-10-2006 09:30,SK,41,NIO,0
sk228-2.csv,CTD_NIO_Interpolated,SK_228_24,C9006,ORV Sagar Kanya,228,0,-0.05,90.0,09-10-2006 11:30,SK,41,NIO,0
sk228-2.csv,CTD_NIO_Interpolated,SK_228_25,C9007,ORV Sagar Kanya,228,0,-0.08,90.0,09-10-2006 13:20,SK,41,NIO,0
sk228-2.csv,CTD_NIO_Interpolated,SK_228_26,C9008,ORV Sagar Kanya,228,0,-0.079,90.0,09-10-2006 13:45,SK,41,NIO,0
sk228-2.csv,CTD_NIO_Interpolated,SK_228_27,C9009,ORV Sagar Kanya,228,0,-0.079,90.0,09-10-2006 14:30,SK,41,NIO,0
sk228-2.csv,CTD_NIO_Interpolated,SK_228_29,C9011,ORV Sagar Kanya,228,0,-0.079,90.0,09-10-2006 16:30,SK,41,NIO,0
sk228-2.csv,CTD_NIO_Interpolated,SK_228_30,C9012,ORV Sagar Kanya,228,0,-0.079,90.0,09-10-2006 17:30,SK,41,NIO,0
sk228-2.csv,CTD_NIO_Interpolated,SK_228_31,C9013,ORV Sagar Kanya,228,0,-0.094,90.0,09-10-2006 18:30,SK,41,NIO,0
sk228-2.csv,CTD_NIO_Interpolated,SK_228_32,C9014,ORV Sagar Kanya,228,0,-0.078,90.0,09-10-2006 19:30,SK,41,NIO,0
sk228-2.csv,CTD_NIO_Interpolated,SK_228_33,C9015,ORV Sagar Kanya,228,0,-0.094,90.0,09-10-2006 20:30,SK,41,NIO,0
sk228-2.csv,CTD_NIO_Interpolated,SK_228_34,C9016,ORV Sagar Kanya,228,0,-0.124,90.0,09-10-2006 21:30,SK,41,NIO,0
sk228-2.csv,CTD_NIO_Interpolated,SK_228_35,C9017,ORV Sagar Kanya,228,0,-0.143,90.0,09-10-2006 22:30,SK,41,NIO,0
sk228-2.csv,CTD_NIO_Interpolated,SK_228_36,C9018,ORV Sagar Kanya,228,0,-0.112,90.0,09-11-2006 00:30,SK,41,NIO,0
sk228-2.csv,CTD_NIO_Interpolated,SK_228_37,C9019,ORV Sagar Kanya,228,0,-0.124,90.0,09-11-2006 01:30,SK,41,NIO,0
sk228-2.csv,CTD_NIO_Interpolated,SK_228_38,C9020,ORV Sagar Kanya,228,0,-0.138,90.0,09-11-2006 02:30,SK,41,NIO,0
sk228-2.csv,CTD_NIO_Interpolated,SK_228_39,C9021,ORV Sagar Kanya,228,0,-0.155,90.0,09-11-2006 03:30,SK,41,NIO,0
sk228-2.csv,CTD_NIO_Interpolated,SK_228_40,C9022,ORV Sagar Kanya,228,0,-0.173,90.0,09-11-2006 04:30,SK,41,NIO,0
sk228-2.csv,CTD_NIO_Interpolated,SK_228_41,C9023,ORV Sagar Kanya,228,0,-0.189,90.0,09-11-2006 05:30,SK,41,NIO,0
