SourceFile,SourceFolder,SourceSubFolder,InputFile,Source,Ship,Cruise,Depth,Latitude(decimal),Longitude(decimal),Datetime,ProfileID,BottomDepth,Instrument,NLevels
INSS_profile1,SAGARDHWANI-2011,Output_NODPAC_Sagardhwani2011,inssagardhwani2011.dat,NPOL,INSS,128.0,41.0,17.5,83.22,15-03-2011 00:09,1.0,47.0,CTD,5.0
INSS_profile2,SAGARDHWANI-2011,Output_NODPAC_Sagardhwani2011,inssagardhwani2011.dat,NPOL,INSS,128.0,67.0,17.37,83.33,15-03-2011 00:11,2.0,88.0,CTD,7.0
INSS_profile3,SAGARDHWANI-2011,Output_NODPAC_Sagardhwani2011,inssagardhwani2011.dat,NPOL,INSS,128.0,214.0,17.24,83.44,15-03-2011 00:12,3.0,329.0,CTD,22.0
INSS_profile4,SAGARDHWANI-2011,Output_NODPAC_Sagardhwani2011,inssagardhwani2011.dat,NPOL,INSS,128.0,353.0,17.12,83.55,15-03-2011 00:14,4.0,855.0,CTD,36.0
INSS_profile5,SAGARDHWANI-2011,Output_NODPAC_Sagardhwani2011,inssagardhwani2011.dat,NPOL,INSS,128.0,452.0,16.98,83.67,15-03-2011 00:16,5.0,850.0,CTD,46.0
INSS_profile6,SAGARDHWANI-2011,Output_NODPAC_Sagardhwani2011,inssagardhwani2011.dat,NPOL,INSS,128.0,478.0,16.86,83.78,15-03-2011 00:17,6.0,2110.0,CTD,48.0
INSS_profile7,SAGARDHWANI-2011,Output_NODPAC_Sagardhwani2011,inssagardhwani2011.dat,NPOL,INSS,128.0,484.0,16.72,83.89,15-03-2011 00:19,7.0,2700.0,CTD,49.0
INSS_profile8,SAGARDHWANI-2011,Output_NODPAC_Sagardhwani2011,inssagardhwani2011.dat,NPOL,INSS,128.0,499.0,16.84,84.03,15-03-2011 00:21,8.0,2700.0,CTD,50.0
INSS_profile9,SAGARDHWANI-2011,Output_NODPAC_Sagardhwani2011,inssagardhwani2011.dat,NPOL,INSS,128.0,501.0,16.97,83.92,15-03-2011 00:22,9.0,2700.0,CTD,51.0
INSS_profile10,SAGARDHWANI-2011,Output_NODPAC_Sagardhwani2011,inssagardhwani2011.dat,NPOL,INSS,128.0,497.0,17.1,83.81,16-03-2011 00:00,10.0,2214.0,CTD,50.0
INSS_profile11,SAGARDHWANI-2011,Output_NODPAC_Sagardhwani2011,inssagardhwani2011.dat,NPOL,INSS,128.0,470.0,17.23,83.7,16-03-2011 00:01,11.0,1556.0,CTD,48.0
INSS_profile12,SAGARDHWANI-2011,Output_NODPAC_Sagardhwani2011,inssagardhwani2011.dat,NPOL,INSS,128.0,237.0,17.36,83.59,16-03-2011 00:03,12.0,318.0,CTD,24.0
INSS_profile13,SAGARDHWANI-2011,Output_NODPAC_Sagardhwani2011,inssagardhwani2011.dat,NPOL,INSS,128.0,56.0,17.48,83.48,16-03-2011 00:05,13.0,65.0,CTD,6.0
INSS_profile14,SAGARDHWANI-2011,Output_NODPAC_Sagardhwani2011,inssagardhwani2011.dat,NPOL,INSS,128.0,48.0,17.61,83.4,16-03-2011 00:06,14.0,58.0,CTD,5.0
INSS_profile15,SAGARDHWANI-2011,Output_NODPAC_Sagardhwani2011,inssagardhwani2011.dat,NPOL,INSS,128.0,42.0,17.72,83.51,16-03-2011 00:07,15.0,50.0,CTD,5.0
INSS_profile16,SAGARDHWANI-2011,Output_NODPAC_Sagardhwani2011,inssagardhwani2011.dat,NPOL,INSS,128.0,80.0,17.59,83.62,16-03-2011 00:08,16.0,85.0,CTD,9.0
INSS_profile17,SAGARDHWANI-2011,Output_NODPAC_Sagardhwani2011,inssagardhwani2011.dat,NPOL,INSS,128.0,433.0,17.46,83.73,16-03-2011 00:10,17.0,741.0,CTD,44.0
INSS_profile18,SAGARDHWANI-2011,Output_NODPAC_Sagardhwani2011,inssagardhwani2011.dat,NPOL,INSS,128.0,198.0,17.34,83.85,16-03-2011 00:11,18.0,2054.0,CTD,20.0
INSS_profile19,SAGARDHWANI-2011,Output_NODPAC_Sagardhwani2011,inssagardhwani2011.dat,NPOL,INSS,128.0,399.0,17.21,83.97,16-03-2011 00:13,19.0,2660.0,CTD,34.0
INSS_profile20,SAGARDHWANI-2011,Output_NODPAC_Sagardhwani2011,inssagardhwani2011.dat,NPOL,INSS,128.0,498.0,17.08,84.07,16-03-2011 00:14,20.0,2000.0,CTD,50.0
INSS_profile21,SAGARDHWANI-2011,Output_NODPAC_Sagardhwani2011,inssagardhwani2011.dat,NPOL,INSS,128.0,484.0,16.95,84.17,16-03-2011 00:15,21.0,2300.0,CTD,49.0
INSS_profile22,SAGARDHWANI-2011,Output_NODPAC_Sagardhwani2011,inssagardhwani2011.dat,NPOL,INSS,128.0,491.0,17.07,84.33,16-03-2011 00:17,22.0,2450.0,CTD,50.0
INSS_profile23,SAGARDHWANI-2011,Output_NODPAC_Sagardhwani2011,inssagardhwani2011.dat,NPOL,INSS,128.0,479.0,17.19,84.22,16-03-2011 00:18,23.0,2780.0,CTD,48.0
INSS_profile24,SAGARDHWANI-2011,Output_NODPAC_Sagardhwani2011,inssagardhwani2011.dat,NPOL,INSS,128.0,485.0,17.32,84.11,16-03-2011 00:20,24.0,2630.0,CTD,49.0
INSS_profile25,SAGARDHWANI-2011,Output_NODPAC_Sagardhwani2011,inssagardhwani2011.dat,NPOL,INSS,128.0,477.0,17.45,83.99,16-03-2011 00:21,25.0,2322.0,CTD,48.0
INSS_profile26,SAGARDHWANI-2011,Output_NODPAC_Sagardhwani2011,inssagardhwani2011.dat,NPOL,INSS,128.0,218.0,17.58,83.88,16-03-2011 00:23,26.0,308.0,CTD,22.0
INSS_profile27,SAGARDHWANI-2011,Output_NODPAC_Sagardhwani2011,inssagardhwani2011.dat,NPOL,INSS,128.0,52.0,17.7,83.77,17-03-2011 00:00,27.0,75.0,CTD,6.0
INSS_profile28,SAGARDHWANI-2011,Output_NODPAC_Sagardhwani2011,inssagardhwani2011.dat,NPOL,INSS,128.0,34.0,17.83,83.66,17-03-2011 00:01,28.0,45.0,CTD,4.0
INSS_profile29,SAGARDHWANI-2011,Output_NODPAC_Sagardhwani2011,inssagardhwani2011.dat,NPOL,INSS,128.0,33.0,17.95,83.81,17-03-2011 00:02,29.0,47.0,CTD,4.0
INSS_profile30,SAGARDHWANI-2011,Output_NODPAC_Sagardhwani2011,inssagardhwani2011.dat,NPOL,INSS,128.0,54.0,17.82,83.92,17-03-2011 00:03,30.0,70.0,CTD,6.0
INSS_profile31,SAGARDHWANI-2011,Output_NODPAC_Sagardhwani2011,inssagardhwani2011.dat,NPOL,INSS,128.0,93.0,17.69,84.03,17-03-2011 00:04,31.0,105.0,CTD,10.0
INSS_profile32,SAGARDHWANI-2011,Output_NODPAC_Sagardhwani2011,inssagardhwani2011.dat,NPOL,INSS,128.0,378.0,17.55,84.14,17-03-2011 00:05,32.0,1450.0,CTD,38.0
INSS_profile33,SAGARDHWANI-2011,Output_NODPAC_Sagardhwani2011,inssagardhwani2011.dat,NPOL,INSS,128.0,458.0,17.43,84.25,17-03-2011 00:07,33.0,2000.0,CTD,46.0
INSS_profile34,SAGARDHWANI-2011,Output_NODPAC_Sagardhwani2011,inssagardhwani2011.dat,NPOL,INSS,128.0,497.0,17.3,84.36,17-03-2011 00:08,34.0,2879.0,CTD,50.0
INSS_profile35,SAGARDHWANI-2011,Output_NODPAC_Sagardhwani2011,inssagardhwani2011.dat,NPOL,INSS,128.0,482.0,17.17,84.48,17-03-2011 00:10,35.0,2992.0,CTD,49.0
INSS_profile36,SAGARDHWANI-2011,Output_NODPAC_Sagardhwani2011,inssagardhwani2011.dat,NPOL,INSS,128.0,497.0,17.29,84.63,17-03-2011 00:11,36.0,2786.0,CTD,50.0
INSS_profile37,SAGARDHWANI-2011,Output_NODPAC_Sagardhwani2011,inssagardhwani2011.dat,NPOL,INSS,128.0,486.0,17.42,84.51,17-03-2011 00:13,37.0,2697.0,CTD,49.0
INSS_profile38,SAGARDHWANI-2011,Output_NODPAC_Sagardhwani2011,inssagardhwani2011.dat,NPOL,INSS,128.0,470.0,17.54,84.4,17-03-2011 00:14,38.0,2607.0,CTD,48.0
INSS_profile39,SAGARDHWANI-2011,Output_NODPAC_Sagardhwani2011,inssagardhwani2011.dat,NPOL,INSS,128.0,390.0,17.67,84.29,17-03-2011 00:16,39.0,2146.0,CTD,40.0
INSS_profile40,SAGARDHWANI-2011,Output_NODPAC_Sagardhwani2011,inssagardhwani2011.dat,NPOL,INSS,128.0,332.0,17.8,84.18,17-03-2011 00:17,40.0,1400.0,CTD,34.0
INSS_profile41,SAGARDHWANI-2011,Output_NODPAC_Sagardhwani2011,inssagardhwani2011.dat,NPOL,INSS,128.0,49.0,17.93,84.07,17-03-2011 00:18,41.0,68.0,CTD,5.0
INSS_profile42,SAGARDHWANI-2011,Output_NODPAC_Sagardhwani2011,inssagardhwani2011.dat,NPOL,INSS,128.0,31.0,18.06,83.95,17-03-2011 00:19,42.0,40.0,CTD,4.0
INSS_profile43,SAGARDHWANI-2011,Output_NODPAC_Sagardhwani2011,inssagardhwani2011.dat,NPOL,INSS,128.0,39.0,18.18,84.1,17-03-2011 00:21,43.0,42.0,CTD,4.0
INSS_profile44,SAGARDHWANI-2011,Output_NODPAC_Sagardhwani2011,inssagardhwani2011.dat,NPOL,INSS,128.0,67.0,18.05,84.22,17-03-2011 00:22,44.0,68.0,CTD,7.0
INSS_profile45,SAGARDHWANI-2011,Output_NODPAC_Sagardhwani2011,inssagardhwani2011.dat,NPOL,INSS,128.0,300.0,17.91,84.33,17-03-2011 00:22,45.0,900.0,CTD,30.0
INSS_profile46,SAGARDHWANI-2011,Output_NODPAC_Sagardhwani2011,inssagardhwani2011.dat,NPOL,INSS,128.0,370.0,17.78,84.44,18-03-2011 00:00,46.0,2000.0,CTD,38.0
INSS_profile47,SAGARDHWANI-2011,Output_NODPAC_Sagardhwani2011,inssagardhwani2011.dat,NPOL,INSS,128.0,422.0,17.66,84.55,18-03-2011 00:02,47.0,2307.0,CTD,43.0
INSS_profile48,SAGARDHWANI-2011,Output_NODPAC_Sagardhwani2011,inssagardhwani2011.dat,NPOL,INSS,128.0,482.0,17.53,84.66,18-03-2011 00:03,48.0,2316.0,CTD,49.0
INSS_profile49,SAGARDHWANI-2011,Output_NODPAC_Sagardhwani2011,inssagardhwani2011.dat,NPOL,INSS,128.0,471.0,17.4,84.75,18-03-2011 00:05,49.0,2325.0,CTD,48.0
INSS_profile50,SAGARDHWANI-2011,Output_NODPAC_Sagardhwani2011,inssagardhwani2011.dat,NPOL,INSS,130.0,78.0,8.832,76.147,19-05-2011 00:06,50.0,78.0,CTD,7.0
INSS_profile51,SAGARDHWANI-2011,Output_NODPAC_Sagardhwani2011,inssagardhwani2011.dat,NPOL,INSS,130.0,78.0,8.823,76.151,19-05-2011 00:08,51.0,78.0,CTD,7.0
INSS_profile52,SAGARDHWANI-2011,Output_NODPAC_Sagardhwani2011,inssagardhwani2011.dat,NPOL,INSS,130.0,78.0,8.815,76.154,19-05-2011 00:09,52.0,78.0,CTD,7.0
INSS_profile53,SAGARDHWANI-2011,Output_NODPAC_Sagardhwani2011,inssagardhwani2011.dat,NPOL,INSS,130.0,78.0,8.807,76.158,19-05-2011 00:09,53.0,78.0,CTD,7.0
INSS_profile54,SAGARDHWANI-2011,Output_NODPAC_Sagardhwani2011,inssagardhwani2011.dat,NPOL,INSS,130.0,78.0,8.781,76.167,19-05-2011 00:10,54.0,78.0,CTD,8.0
INSS_profile55,SAGARDHWANI-2011,Output_NODPAC_Sagardhwani2011,inssagardhwani2011.dat,NPOL,INSS,130.0,78.0,8.763,76.17,19-05-2011 00:10,55.0,78.0,CTD,8.0
INSS_profile56,SAGARDHWANI-2011,Output_NODPAC_Sagardhwani2011,inssagardhwani2011.dat,NPOL,INSS,130.0,78.0,8.749,76.182,19-05-2011 00:11,56.0,78.0,CTD,8.0
INSS_profile57,SAGARDHWANI-2011,Output_NODPAC_Sagardhwani2011,inssagardhwani2011.dat,NPOL,INSS,130.0,78.0,8.774,76.169,19-05-2011 00:11,57.0,78.0,CTD,8.0
INSS_profile58,SAGARDHWANI-2011,Output_NODPAC_Sagardhwani2011,inssagardhwani2011.dat,NPOL,INSS,130.0,78.0,8.791,76.163,19-05-2011 00:12,58.0,78.0,CTD,8.0
INSS_profile59,SAGARDHWANI-2011,Output_NODPAC_Sagardhwani2011,inssagardhwani2011.dat,NPOL,INSS,130.0,78.0,8.799,76.16,19-05-2011 00:12,59.0,78.0,CTD,7.0
INSS_profile60,SAGARDHWANI-2011,Output_NODPAC_Sagardhwani2011,inssagardhwani2011.dat,NPOL,INSS,130.0,78.0,8.824,76.144,19-05-2011 00:13,60.0,78.0,CTD,7.0
SK_profile1,SAGARDHWANI-2009,Output_NODPAC_Sagardhwani2009,1.xls,,SK,,,8.483,75.067,03-08-2007 01:30,,,,513.0
SK_profile2,SAGARDHWANI-2009,Output_NODPAC_Sagardhwani2009,1.xls,,SK,,,8.482,75.318,03-08-2007 03:50,,,,513.0
SK_profile3,SAGARDHWANI-2009,Output_NODPAC_Sagardhwani2009,1.xls,,SK,,,8.483,75.556,03-08-2007 00:00,,,,513.0
SK_profile4,SAGARDHWANI-2009,Output_NODPAC_Sagardhwani2009,1.xls,,SK,,,8.5,75.813,03-08-2007 08:00,,,,512.0
SK_profile5,SAGARDHWANI-2009,Output_NODPAC_Sagardhwani2009,1.xls,,SK,,,8.514,76.095,03-08-2007 00:00,,,,511.0
SK_profile6,SAGARDHWANI-2009,Output_NODPAC_Sagardhwani2009,1.xls,,SK,,,8.496,76.33,03-08-2007 13:30,,,,236.0
SK_profile7,SAGARDHWANI-2009,Output_NODPAC_Sagardhwani2009,1.xls,,SK,,,8.501,76.418,03-08-2007 14:30,,,,117.0
SK_profile8,SAGARDHWANI-2009,Output_NODPAC_Sagardhwani2009,1.xls,,SK,,,8.503,76.501,03-08-2007 15:30,,,,60.0
SK_profile9,SAGARDHWANI-2009,Output_NODPAC_Sagardhwani2009,1.xls,,SK,,,8.501,76.584,03-08-2007 00:00,,,,55.0
SK_profile10,SAGARDHWANI-2009,Output_NODPAC_Sagardhwani2009,1.xls,,SK,,,8.504,76.666,03-08-2007 00:00,,,,51.0
SK_profile11,SAGARDHWANI-2009,Output_NODPAC_Sagardhwani2009,1.xls,,SK,,,9.009,76.366,06-08-2007 00:00,,,,32.0
SK_profile12,SAGARDHWANI-2009,Output_NODPAC_Sagardhwani2009,1.xls,,SK,,,9.007,76.301,06-08-2007 22:10,,,,43.0
SK_profile13,SAGARDHWANI-2009,Output_NODPAC_Sagardhwani2009,1.xls,,SK,,,9.01,76.196,06-08-2007 23:10,,,,58.0
SK_profile14,SAGARDHWANI-2009,Output_NODPAC_Sagardhwani2009,1.xls,,SK,,,9.012,76.126,06-08-2007 00:00,,,,55.0
SK_profile15,SAGARDHWANI-2009,Output_NODPAC_Sagardhwani2009,1.xls,,SK,,,9.005,76.045,07-08-2007 00:40,,,,82.0
SK_profile16,SAGARDHWANI-2009,Output_NODPAC_Sagardhwani2009,1.xls,,SK,,,9.005,75.938,07-08-2007 01:30,,,,226.0
SK_profile17,SAGARDHWANI-2009,Output_NODPAC_Sagardhwani2009,1.xls,,SK,,,9.011,75.688,07-08-2007 03:40,,,,346.0
SK_profile18,SAGARDHWANI-2009,Output_NODPAC_Sagardhwani2009,1.xls,,SK,,,8.999,75.436,07-08-2007 00:00,,,,513.0
SK_profile19,SAGARDHWANI-2009,Output_NODPAC_Sagardhwani2009,1.xls,,SK,,,8.999,75.242,07-08-2007 08:00,,,,972.0
SK_profile20,SAGARDHWANI-2009,Output_NODPAC_Sagardhwani2009,1.xls,,SK,,,8.995,75.012,07-08-2007 10:30,,,,1500.0
SK_profile21,SAGARDHWANI-2009,Output_NODPAC_Sagardhwani2009,1.xls,,SK,,,8.992,74.825,07-08-2007 00:00,,,,1029.0
SK_profile22,SAGARDHWANI-2009,Output_NODPAC_Sagardhwani2009,1.xls,,SK,,,8.997,74.62,07-08-2007 00:00,,,,1021.0
SK_profile23,SAGARDHWANI-2009,Output_NODPAC_Sagardhwani2009,1.xls,,SK,,,9.493,74.484,07-08-2007 18:00,,,,1066.0
SK_profile24,SAGARDHWANI-2009,Output_NODPAC_Sagardhwani2009,1.xls,,SK,,,9.5,74.723,08-08-2007 20:20,,,,682.0
SK_profile25,SAGARDHWANI-2009,Output_NODPAC_Sagardhwani2009,1.xls,,SK,,,9.493,74.963,08-08-2007 22:00,,,,1102.0
SK_profile26,SAGARDHWANI-2009,Output_NODPAC_Sagardhwani2009,1.xls,,SK,,,9.501,75.213,08-08-2007 00:00,,,,1101.0
SK_profile27,SAGARDHWANI-2009,Output_NODPAC_Sagardhwani2009,1.xls,,SK,,,9.501,75.411,08-08-2007 00:00,,,,927.0
SK_profile28,SAGARDHWANI-2009,Output_NODPAC_Sagardhwani2009,1.xls,,SK,,,9.504,75.748,08-08-2007 03:30,,,,226.0
SK_profile29,SAGARDHWANI-2009,Output_NODPAC_Sagardhwani2009,1.xls,,SK,,,9.499,75.857,08-08-2007 04:20,,,,84.0
SK_profile30,SAGARDHWANI-2009,Output_NODPAC_Sagardhwani2009,1.xls,,SK,,,9.499,75.944,08-08-2007 00:00,,,,57.0
SK_profile31,SAGARDHWANI-2009,Output_NODPAC_Sagardhwani2009,1.xls,,SK,,,9.5,76.025,08-08-2007 00:00,,,,52.0
SK_profile32,SAGARDHWANI-2009,Output_NODPAC_Sagardhwani2009,1.xls,,SK,,,9.5,76.113,08-08-2007 06:30,,,,38.0
SK_profile33,SAGARDHWANI-2009,Output_NODPAC_Sagardhwani2009,1.xls,,SK,,,10.0,76.012,08-08-2007 09:00,,,,29.0
SK_profile34,SAGARDHWANI-2009,Output_NODPAC_Sagardhwani2009,1.xls,,SK,,,10.003,75.948,08-08-2007 00:00,,,,32.0
SK_profile35,SAGARDHWANI-2009,Output_NODPAC_Sagardhwani2009,1.xls,,SK,,,10.004,75.859,08-08-2007 10:40,,,,42.0
SK_profile36,SAGARDHWANI-2009,Output_NODPAC_Sagardhwani2009,1.xls,,SK,,,10.003,75.67,08-08-2007 11:20,,,,56.0
SK_profile37,SAGARDHWANI-2009,Output_NODPAC_Sagardhwani2009,1.xls,,SK,,,10.002,75.687,08-08-2007 12:00,,,,75.0
SK_profile38,SAGARDHWANI-2009,Output_NODPAC_Sagardhwani2009,1.xls,,SK,,,10.004,75.602,08-08-2007 00:00,,,,154.0
SK_profile39,SAGARDHWANI-2009,Output_NODPAC_Sagardhwani2009,1.xls,,SK,,,9.997,75.521,08-08-2007 00:00,,,,685.0
SK_profile40,SAGARDHWANI-2009,Output_NODPAC_Sagardhwani2009,1.xls,,SK,,,9.99,75.393,08-08-2007 00:00,,,,989.0
SK_profile41,SAGARDHWANI-2009,Output_NODPAC_Sagardhwani2009,1.xls,,SK,,,9.98,75.168,08-08-2007 18:00,,,,1071.0
SK_profile42,SAGARDHWANI-2009,Output_NODPAC_Sagardhwani2009,1.xls,,SK,,,9.981,74.946,08-08-2007 20:40,,,,540.0
SK_profile43,SAGARDHWANI-2009,Output_NODPAC_Sagardhwani2009,1.xls,,SK,,,10.003,74.742,08-08-2007 22:30,,,,1070.0
SK_profile44,SAGARDHWANI-2009,Output_NODPAC_Sagardhwani2009,1.xls,,SK,,,9.997,74.489,09-08-2007 00:40,,,,555.0
SK_profile45,SAGARDHWANI-2009,Output_NODPAC_Sagardhwani2009,1.xls,,SK,,,10.021,74.224,09-08-2007 02:10,,,,1101.0
SK_profile46,SAGARDHWANI-2009,Output_NODPAC_Sagardhwani2009,1.xls,,SK,,,10.494,74.04,09-08-2007 00:00,,,,459.0
SK_profile47,SAGARDHWANI-2009,Output_NODPAC_Sagardhwani2009,1.xls,,SK,,,10.495,74.283,09-08-2007 06:20,,,,914.0
SK_profile48,SAGARDHWANI-2009,Output_NODPAC_Sagardhwani2009,1.xls,,SK,,,10.498,74.545,09-08-2007 08:00,,,,1031.0
SK_profile49,SAGARDHWANI-2009,Output_NODPAC_Sagardhwani2009,1.xls,,SK,,,10.501,74.831,09-08-2007 10:00,,,,540.0
SK_profile50,SAGARDHWANI-2009,Output_NODPAC_Sagardhwani2009,1.xls,,SK,,,10.499,75.123,09-08-2007 00:00,,,,1438.0
SK_profile51,SAGARDHWANI-2009,Output_NODPAC_Sagardhwani2009,1.xls,,SK,,,10.504,75.223,09-08-2007 13:30,,,,458.0
SK_profile52,SAGARDHWANI-2009,Output_NODPAC_Sagardhwani2009,1.xls,,SK,,,10.221,75.302,09-08-2007 14:30,,,,287.0
SK_profile53,SAGARDHWANI-2009,Output_NODPAC_Sagardhwani2009,1.xls,,SK,,,10.502,75.394,09-08-2007 15:20,,,,342.0
SK_profile54,SAGARDHWANI-2009,Output_NODPAC_Sagardhwani2009,1.xls,,SK,,,10.501,75.478,09-08-2007 16:00,,,,116.0
SK_profile55,SAGARDHWANI-2009,Output_NODPAC_Sagardhwani2009,1.xls,,SK,,,10.501,75.564,09-08-2007 00:00,,,,73.0
SK_profile56,SAGARDHWANI-2009,Output_NODPAC_Sagardhwani2009,1.xls,,SK,,,10.498,75.639,09-08-2007 17:30,,,,60.0
SK_profile57,SAGARDHWANI-2009,Output_NODPAC_Sagardhwani2009,1.xls,,SK,,,10.494,75.856,03-09-2007 14:00,,,,30.0
SK_profile58,SAGARDHWANI-2009,Output_NODPAC_Sagardhwani2009,1.xls,,SK,,,10.497,75.759,03-09-2007 14:40,,,,42.0
SK_profile59,SAGARDHWANI-2009,Output_NODPAC_Sagardhwani2009,1.xls,,SK,,,10.499,75.695,03-09-2007 15:20,,,,51.0
SK_profile60,SAGARDHWANI-2009,Output_NODPAC_Sagardhwani2009,1.xls,,SK,,,10.498,75.629,03-09-2007 16:00,,,,60.0
SK_profile61,SAGARDHWANI-2009,Output_NODPAC_Sagardhwani2009,1.xls,,SK,,,10.495,75.528,03-09-2007 16:50,,,,88.0
SK_profile62,SAGARDHWANI-2009,Output_NODPAC_Sagardhwani2009,1.xls,,SK,,,10.496,75.441,03-09-2007 17:30,,,,116.0
SK_profile63,SAGARDHWANI-2009,Output_NODPAC_Sagardhwani2009,1.xls,,SK,,,10.491,75.127,03-09-2007 19:40,,,,1317.0
SK_profile64,SAGARDHWANI-2009,Output_NODPAC_Sagardhwani2009,1.xls,,SK,,,10.502,74.823,03-09-2007 22:50,,,,995.0
SK_profile65,SAGARDHWANI-2009,Output_NODPAC_Sagardhwani2009,1.xls,,SK,,,10.498,74.545,04-09-2007 01:10,,,,964.0
SK_profile66,SAGARDHWANI-2009,Output_NODPAC_Sagardhwani2009,1.xls,,SK,,,10.521,74.303,04-09-2007 03:10,,,,950.0
SK_profile67,SAGARDHWANI-2009,Output_NODPAC_Sagardhwani2009,1.xls,,SK,,,10.503,74.036,04-09-2007 05:50,,,,1827.0
SK_profile68,SAGARDHWANI-2009,Output_NODPAC_Sagardhwani2009,1.xls,,SK,,,10.002,74.221,04-09-2007 09:20,,,,993.0
SK_profile69,SAGARDHWANI-2009,Output_NODPAC_Sagardhwani2009,1.xls,,SK,,,9.997,74.483,04-09-2007 12:10,,,,942.0
SK_profile70,SAGARDHWANI-2009,Output_NODPAC_Sagardhwani2009,1.xls,,SK,,,10.002,74.727,04-09-2007 14:40,,,,961.0
SK_profile71,SAGARDHWANI-2009,Output_NODPAC_Sagardhwani2009,1.xls,,SK,,,10.012,74.945,04-09-2007 16:40,,,,944.0
SK_profile72,SAGARDHWANI-2009,Output_NODPAC_Sagardhwani2009,1.xls,,SK,,,10.015,75.169,04-09-2007 18:50,,,,962.0
SK_profile73,SAGARDHWANI-2009,Output_NODPAC_Sagardhwani2009,1.xls,,SK,,,10.004,75.392,04-09-2007 20:50,,,,1012.0
SK_profile74,SAGARDHWANI-2009,Output_NODPAC_Sagardhwani2009,1.xls,,SK,,,10.011,75.607,04-09-2007 22:50,,,,168.0
SK_profile75,SAGARDHWANI-2009,Output_NODPAC_Sagardhwani2009,1.xls,,SK,,,10.005,75.52,04-09-2007 23:30,,,,80.0
SK_profile76,SAGARDHWANI-2009,Output_NODPAC_Sagardhwani2009,1.xls,,SK,,,10.003,75.766,05-09-2007 00:10,,,,61.0
SK_profile77,SAGARDHWANI-2009,Output_NODPAC_Sagardhwani2009,1.xls,,SK,,,10.002,75.849,05-09-2007 00:00,,,,48.0
SK_profile78,SAGARDHWANI-2009,Output_NODPAC_Sagardhwani2009,1.xls,,SK,,,9.997,75.941,05-09-2007 01:40,,,,36.0
SK_profile79,SAGARDHWANI-2009,Output_NODPAC_Sagardhwani2009,1.xls,,SK,,,9.996,76.026,05-09-2007 02:10,,,,33.0
SK_profile80,SAGARDHWANI-2009,Output_NODPAC_Sagardhwani2009,1.xls,,SK,,,9.51,76.129,05-09-2007 00:00,,,,31.0
SK_profile81,SAGARDHWANI-2009,Output_NODPAC_Sagardhwani2009,1.xls,,SK,,,9.498,76.035,05-09-2007 00:00,,,,48.0
SK_profile82,SAGARDHWANI-2009,Output_NODPAC_Sagardhwani2009,1.xls,,SK,,,9.494,75.904,05-09-2007 06:40,,,,101.0
SK_profile83,SAGARDHWANI-2009,Output_NODPAC_Sagardhwani2009,1.xls,,SK,,,9.499,75.8,05-09-2007 07:40,,,,93.0
SK_profile84,SAGARDHWANI-2009,Output_NODPAC_Sagardhwani2009,1.xls,,SK,,,9.499,75.684,05-09-2007 13:40,,,,71.0
SK_profile85,SAGARDHWANI-2009,Output_NODPAC_Sagardhwani2009,1.xls,,SK,,,9.501,75.75,05-09-2007 14:40,,,,409.0
SK_profile86,SAGARDHWANI-2009,Output_NODPAC_Sagardhwani2009,1.xls,,SK,,,9.5,75.463,05-09-2007 16:30,,,,456.0
SK_profile87,SAGARDHWANI-2009,Output_NODPAC_Sagardhwani2009,1.xls,,SK,,,9.499,75.203,05-09-2007 17:40,,,,731.0
SK_profile88,SAGARDHWANI-2009,Output_NODPAC_Sagardhwani2009,1.xls,,SK,,,9.493,74.957,05-09-2007 19:10,,,,533.0
SK_profile89,SAGARDHWANI-2009,Output_NODPAC_Sagardhwani2009,1.xls,,SK,,,9.499,74.705,05-09-2007 20:30,,,,546.0
SK_profile90,SAGARDHWANI-2009,Output_NODPAC_Sagardhwani2009,1.xls,,SK,,,9.495,74.479,05-09-2007 21:50,,,,681.0
SK_profile91,SAGARDHWANI-2009,Output_NODPAC_Sagardhwani2009,1.xls,,SK,,,8.999,74.827,06-09-2007 01:10,,,,891.0
SK_profile92,SAGARDHWANI-2009,Output_NODPAC_Sagardhwani2009,1.xls,,SK,,,8.999,75.012,06-09-2007 03:00,,,,993.0
SK_profile93,SAGARDHWANI-2009,Output_NODPAC_Sagardhwani2009,1.xls,,SK,,,8.999,75.232,06-09-2007 00:00,,,,998.0
SK_profile94,SAGARDHWANI-2009,Output_NODPAC_Sagardhwani2009,1.xls,,SK,,,9.004,75.43,06-09-2007 06:50,,,,1002.0
SK_profile95,SAGARDHWANI-2009,Output_NODPAC_Sagardhwani2009,2.xls,,SK,,,8.998,75.688,06-09-2007 09:00,,,,349.0
SK_profile96,SAGARDHWANI-2009,Output_NODPAC_Sagardhwani2009,2.xls,,SK,,,8.981,75.933,06-09-2007 10:50,,,,211.0
SK_profile97,SAGARDHWANI-2009,Output_NODPAC_Sagardhwani2009,2.xls,,SK,,,8.996,76.049,06-09-2007 12:50,,,,83.0
SK_profile98,SAGARDHWANI-2009,Output_NODPAC_Sagardhwani2009,2.xls,,SK,,,8.999,76.124,06-09-2007 13:30,,,,54.0
SK_profile99,SAGARDHWANI-2009,Output_NODPAC_Sagardhwani2009,2.xls,,SK,,,8.999,76.195,06-09-2007 14:10,,,,57.0
SK_profile100,SAGARDHWANI-2009,Output_NODPAC_Sagardhwani2009,2.xls,,SK,,,9.0,76.268,06-09-2007 14:40,,,,49.0
SK_profile101,SAGARDHWANI-2009,Output_NODPAC_Sagardhwani2009,2.xls,,SK,,,9.0,76.367,06-09-2007 15:30,,,,36.0
SK_profile102,SAGARDHWANI-2009,Output_NODPAC_Sagardhwani2009,2.xls,,SK,,,8.502,76.752,06-09-2007 18:20,,,,46.0
SK_profile103,SAGARDHWANI-2009,Output_NODPAC_Sagardhwani2009,2.xls,,SK,,,8.501,76.668,06-09-2007 00:00,,,,56.0
SK_profile104,SAGARDHWANI-2009,Output_NODPAC_Sagardhwani2009,2.xls,,SK,,,8.509,76.607,06-09-2007 19:30,,,,63.0
SK_profile105,SAGARDHWANI-2009,Output_NODPAC_Sagardhwani2009,2.xls,,SK,,,8.499,76.506,06-09-2007 20:10,,,,65.0
SK_profile106,SAGARDHWANI-2009,Output_NODPAC_Sagardhwani2009,2.xls,,SK,,,8.513,76.415,06-09-2007 21:30,,,,112.0
SK_profile107,SAGARDHWANI-2009,Output_NODPAC_Sagardhwani2009,2.xls,,SK,,,8.496,76.332,06-09-2007 21:40,,,,219.0
SK_profile108,SAGARDHWANI-2009,Output_NODPAC_Sagardhwani2009,2.xls,,SK,,,8.497,76.08,06-09-2007 23:30,,,,1073.0
SK_profile109,SAGARDHWANI-2009,Output_NODPAC_Sagardhwani2009,2.xls,,SK,,,8.503,75.849,07-09-2007 00:50,,,,1101.0
SK_profile110,SAGARDHWANI-2009,Output_NODPAC_Sagardhwani2009,2.xls,,SK,,,8.5,75.073,04-10-2007 01:20,,,,935.0
SK_profile111,SAGARDHWANI-2009,Output_NODPAC_Sagardhwani2009,2.xls,,SK,,,8.5,75.316,04-10-2007 03:30,,,,961.0
SK_profile112,SAGARDHWANI-2009,Output_NODPAC_Sagardhwani2009,2.xls,,SK,,,8.5,75.554,04-10-2007 05:20,,,,779.0
SK_profile113,SAGARDHWANI-2009,Output_NODPAC_Sagardhwani2009,2.xls,,SK,,,8.495,75.818,04-10-2007 07:30,,,,802.0
SK_profile114,SAGARDHWANI-2009,Output_NODPAC_Sagardhwani2009,2.xls,,SK,,,8.493,76.093,04-10-2007 09:30,,,,665.0
SK_profile115,SAGARDHWANI-2009,Output_NODPAC_Sagardhwani2009,2.xls,,SK,,,8.501,76.324,04-10-2007 11:20,,,,245.0
SK_profile116,SAGARDHWANI-2009,Output_NODPAC_Sagardhwani2009,2.xls,,SK,,,8.5,76.411,04-10-2007 12:20,,,,132.0
SK_profile117,SAGARDHWANI-2009,Output_NODPAC_Sagardhwani2009,2.xls,,SK,,,8.499,76.492,04-10-2007 13:10,,,,77.0
SK_profile118,SAGARDHWANI-2009,Output_NODPAC_Sagardhwani2009,2.xls,,SK,,,8.5,76.58,04-10-2007 13:50,,,,56.0
SK_profile119,SAGARDHWANI-2009,Output_NODPAC_Sagardhwani2009,2.xls,,SK,,,8.496,76.664,04-10-2007 14:30,,,,59.0
SK_profile120,SAGARDHWANI-2009,Output_NODPAC_Sagardhwani2009,2.xls,,SK,,,8.499,76.751,04-10-2007 15:00,,,,48.0
SK_profile121,SAGARDHWANI-2009,Output_NODPAC_Sagardhwani2009,2.xls,,SK,,,8.499,76.817,04-10-2007 15:40,,,,40.0
SK_profile122,SAGARDHWANI-2009,Output_NODPAC_Sagardhwani2009,2.xls,,SK,,,9.0,76.264,04-10-2007 19:20,,,,51.0
SK_profile123,SAGARDHWANI-2009,Output_NODPAC_Sagardhwani2009,2.xls,,SK,,,8.994,76.195,04-10-2007 19:50,,,,57.0
SK_profile124,SAGARDHWANI-2009,Output_NODPAC_Sagardhwani2009,2.xls,,SK,,,8.994,76.128,04-10-2007 20:30,,,,59.0
SK_profile125,SAGARDHWANI-2009,Output_NODPAC_Sagardhwani2009,2.xls,,SK,,,8.998,76.048,04-10-2007 21:00,,,,67.0
SK_profile126,SAGARDHWANI-2009,Output_NODPAC_Sagardhwani2009,2.xls,,SK,,,8.993,75.941,04-10-2007 21:50,,,,222.0
SK_profile127,SAGARDHWANI-2009,Output_NODPAC_Sagardhwani2009,2.xls,,SK,,,8.992,75.683,04-10-2007 23:40,,,,298.0
SK_profile128,SAGARDHWANI-2009,Output_NODPAC_Sagardhwani2009,2.xls,,SK,,,8.997,75.439,05-10-2007 01:40,,,,1198.0
SK_profile129,SAGARDHWANI-2009,Output_NODPAC_Sagardhwani2009,2.xls,,SK,,,8.998,75.246,05-10-2007 03:20,,,,1000.0
SK_profile130,SAGARDHWANI-2009,Output_NODPAC_Sagardhwani2009,2.xls,,SK,,,8.999,74.944,05-10-2007 04:20,,,,995.0
SK_profile131,SAGARDHWANI-2009,Output_NODPAC_Sagardhwani2009,2.xls,,SK,,,8.999,74.844,05-10-2007 03:20,,,,1222.0
SK_profile132,SAGARDHWANI-2009,Output_NODPAC_Sagardhwani2009,2.xls,,SK,,,9.002,74.624,05-10-2007 05:30,,,,1312.0
SK_profile133,SAGARDHWANI-2009,Output_NODPAC_Sagardhwani2009,2.xls,,SK,,,9.484,74.484,05-10-2007 12:30,,,,1521.0
SK_profile134,SAGARDHWANI-2009,Output_NODPAC_Sagardhwani2009,2.xls,,SK,,,9.502,74.722,05-10-2007 00:00,,,,1025.0
SK_profile135,SAGARDHWANI-2009,Output_NODPAC_Sagardhwani2009,2.xls,,SK,,,9.5,74.973,05-10-2007 17:00,,,,1514.0
SK_profile136,SAGARDHWANI-2009,Output_NODPAC_Sagardhwani2009,2.xls,,SK,,,9.502,75.217,05-10-2007 19:10,,,,1527.0
SK_profile137,SAGARDHWANI-2009,Output_NODPAC_Sagardhwani2009,2.xls,,SK,,,9.502,75.464,05-10-2007 21:40,,,,1198.0
SK_profile138,SAGARDHWANI-2009,Output_NODPAC_Sagardhwani2009,2.xls,,SK,,,9.501,75.746,06-10-2007 00:10,,,,258.0
SK_profile139,SAGARDHWANI-2009,Output_NODPAC_Sagardhwani2009,2.xls,,SK,,,9.499,75.856,06-10-2007 01:10,,,,94.0
SK_profile140,SAGARDHWANI-2009,Output_NODPAC_Sagardhwani2009,2.xls,,SK,,,9.501,75.941,06-10-2007 01:50,,,,65.0
SK_profile141,SAGARDHWANI-2009,Output_NODPAC_Sagardhwani2009,2.xls,,SK,,,9.503,76.018,06-10-2007 02:30,,,,58.0
SK_profile142,SAGARDHWANI-2009,Output_NODPAC_Sagardhwani2009,2.xls,,SK,,,9.501,76.115,06-10-2007 03:20,,,,41.0
SK_profile143,SAGARDHWANI-2009,Output_NODPAC_Sagardhwani2009,2.xls,,SK,,,9.501,76.157,06-10-2007 03:50,,,,30.0
SK_profile144,SAGARDHWANI-2009,Output_NODPAC_Sagardhwani2009,2.xls,,SK,,,9.999,74.226,09-10-2007 11:40,,,,1840.0
SK_profile145,SAGARDHWANI-2009,Output_NODPAC_Sagardhwani2009,2.xls,,SK,,,9.998,74.481,09-10-2007 14:20,,,,1528.0
SK_profile146,SAGARDHWANI-2009,Output_NODPAC_Sagardhwani2009,2.xls,,SK,,,9.998,74.723,09-10-2007 16:40,,,,1513.0
SK_profile147,SAGARDHWANI-2009,Output_NODPAC_Sagardhwani2009,2.xls,,SK,,,10.0,74.974,09-10-2007 20:40,,,,1454.0
SK_profile148,SAGARDHWANI-2009,Output_NODPAC_Sagardhwani2009,2.xls,,SK,,,10.0,74.227,09-10-2007 23:30,,,,1018.0
SK_profile149,SAGARDHWANI-2009,Output_NODPAC_Sagardhwani2009,2.xls,,SK,,,10.0,75.475,10-10-2007 01:40,,,,1005.0
SK_profile150,SAGARDHWANI-2009,Output_NODPAC_Sagardhwani2009,2.xls,,SK,,,10.0,75.638,10-10-2007 03:10,,,,106.0
SK_profile151,SAGARDHWANI-2009,Output_NODPAC_Sagardhwani2009,2.xls,,SK,,,10.0,75.723,10-10-2007 03:50,,,,69.0
SK_profile152,SAGARDHWANI-2009,Output_NODPAC_Sagardhwani2009,2.xls,,SK,,,10.0,75.809,10-10-2007 04:50,,,,56.0
SK_profile153,SAGARDHWANI-2009,Output_NODPAC_Sagardhwani2009,2.xls,,SK,,,9.999,75.878,10-10-2007 05:10,,,,47.0
SK_profile154,SAGARDHWANI-2009,Output_NODPAC_Sagardhwani2009,2.xls,,SK,,,9.999,75.979,10-10-2007 00:00,,,,36.0
SK_profile155,SAGARDHWANI-2009,Output_NODPAC_Sagardhwani2009,2.xls,,SK,,,10.002,76.001,10-10-2007 06:20,,,,33.0
SK_profile156,SAGARDHWANI-2009,Output_NODPAC_Sagardhwani2009,2.xls,,SK,,,10.501,75.856,06-10-2007 09:00,,,,32.0
SK_profile157,SAGARDHWANI-2009,Output_NODPAC_Sagardhwani2009,2.xls,,SK,,,10.5,75.77,06-10-2007 09:50,,,,41.0
SK_profile158,SAGARDHWANI-2009,Output_NODPAC_Sagardhwani2009,2.xls,,SK,,,10.5,75.686,06-10-2007 10:30,,,,54.0
SK_profile159,SAGARDHWANI-2009,Output_NODPAC_Sagardhwani2009,2.xls,,SK,,,10.5,75.603,06-10-2007 11:10,,,,65.0
SK_profile160,SAGARDHWANI-2009,Output_NODPAC_Sagardhwani2009,2.xls,,SK,,,10.5,75.511,06-10-2007 11:50,,,,101.0
SK_profile161,SAGARDHWANI-2009,Output_NODPAC_Sagardhwani2009,2.xls,,SK,,,10.5,75.434,06-10-2007 12:40,,,,125.0
SK_profile162,SAGARDHWANI-2009,Output_NODPAC_Sagardhwani2009,2.xls,,SK,,,10.002,75.194,06-10-2007 14:30,,,,302.0
SK_profile163,SAGARDHWANI-2009,Output_NODPAC_Sagardhwani2009,2.xls,,SK,,,10.501,74.938,06-10-2007 16:30,,,,1831.0
SK_profile164,SAGARDHWANI-2009,Output_NODPAC_Sagardhwani2009,2.xls,,SK,,,10.502,74.693,06-10-2007 19:00,,,,1529.0
SK_profile165,SAGARDHWANI-2009,Output_NODPAC_Sagardhwani2009,2.xls,,SK,,,10.504,74.436,09-10-2007 02:20,,,,1538.0
SK_profile166,SAGARDHWANI-2009,Output_NODPAC_Sagardhwani2009,2.xls,,SK,,,10.502,74.18,09-10-2007 04:50,,,,1533.0
SK_profile167,SAGARDHWANI-2009,Output_NODPAC_Sagardhwani2009,2.xls,,SK,,,10.503,73.897,09-10-2007 07:30,,,,460.0
SK_profile168,SAGARDHWANI-2009,Output_NODPAC_Sagardhwani2009,2.xls,,SK,,,8.5,75.073,04-10-2007 01:20,,,,935.0
SK_profile169,SAGARDHWANI-2009,Output_NODPAC_Sagardhwani2009,2.xls,,SK,,,8.5,75.316,04-10-2007 03:30,,,,961.0
SK_profile170,SAGARDHWANI-2009,Output_NODPAC_Sagardhwani2009,2.xls,,SK,,,8.5,75.554,04-10-2007 05:20,,,,779.0
SK_profile171,SAGARDHWANI-2009,Output_NODPAC_Sagardhwani2009,2.xls,,SK,,,8.495,75.818,04-10-2007 07:30,,,,802.0
SK_profile172,SAGARDHWANI-2009,Output_NODPAC_Sagardhwani2009,2.xls,,SK,,,8.493,76.093,04-10-2007 09:30,,,,665.0
SK_profile173,SAGARDHWANI-2009,Output_NODPAC_Sagardhwani2009,2.xls,,SK,,,8.501,76.324,04-10-2007 11:20,,,,245.0
SK_profile174,SAGARDHWANI-2009,Output_NODPAC_Sagardhwani2009,2.xls,,SK,,,8.5,76.411,04-10-2007 12:20,,,,132.0
SK_profile175,SAGARDHWANI-2009,Output_NODPAC_Sagardhwani2009,2.xls,,SK,,,8.499,76.492,04-10-2007 13:10,,,,77.0
SK_profile176,SAGARDHWANI-2009,Output_NODPAC_Sagardhwani2009,2.xls,,SK,,,8.5,76.58,04-10-2007 13:50,,,,56.0
SK_profile177,SAGARDHWANI-2009,Output_NODPAC_Sagardhwani2009,2.xls,,SK,,,8.496,76.664,04-10-2007 14:30,,,,59.0
SK_profile178,SAGARDHWANI-2009,Output_NODPAC_Sagardhwani2009,2.xls,,SK,,,8.499,76.751,04-10-2007 15:00,,,,48.0
SK_profile179,SAGARDHWANI-2009,Output_NODPAC_Sagardhwani2009,2.xls,,SK,,,8.499,76.817,04-10-2007 15:40,,,,40.0
SK_profile180,SAGARDHWANI-2009,Output_NODPAC_Sagardhwani2009,2.xls,,SK,,,9.0,76.264,04-10-2007 19:20,,,,51.0
SK_profile181,SAGARDHWANI-2009,Output_NODPAC_Sagardhwani2009,2.xls,,SK,,,8.994,76.195,04-10-2007 19:50,,,,57.0
SK_profile182,SAGARDHWANI-2009,Output_NODPAC_Sagardhwani2009,2.xls,,SK,,,8.994,76.128,04-10-2007 20:30,,,,59.0
SK_profile183,SAGARDHWANI-2009,Output_NODPAC_Sagardhwani2009,2.xls,,SK,,,8.998,76.048,04-10-2007 21:00,,,,67.0
SK_profile184,SAGARDHWANI-2009,Output_NODPAC_Sagardhwani2009,2.xls,,SK,,,8.993,75.941,04-10-2007 21:50,,,,222.0
SK_profile185,SAGARDHWANI-2009,Output_NODPAC_Sagardhwani2009,2.xls,,SK,,,8.992,75.683,04-10-2007 23:40,,,,298.0
SK_profile186,SAGARDHWANI-2009,Output_NODPAC_Sagardhwani2009,2.xls,,SK,,,8.997,75.439,05-10-2007 01:40,,,,1198.0
SK_profile187,SAGARDHWANI-2009,Output_NODPAC_Sagardhwani2009,2.xls,,SK,,,8.998,75.246,05-10-2007 03:20,,,,1000.0
SK_profile188,SAGARDHWANI-2009,Output_NODPAC_Sagardhwani2009,3.xls,,SK,,,8.999,74.944,05-10-2007 04:20,,,,995.0
SK_profile189,SAGARDHWANI-2009,Output_NODPAC_Sagardhwani2009,3.xls,,SK,,,8.999,74.844,05-10-2007 03:20,,,,1222.0
SK_profile190,SAGARDHWANI-2009,Output_NODPAC_Sagardhwani2009,3.xls,,SK,,,9.002,74.624,05-10-2007 05:30,,,,1312.0
SK_profile191,SAGARDHWANI-2009,Output_NODPAC_Sagardhwani2009,3.xls,,SK,,,9.484,74.484,05-10-2007 12:30,,,,1521.0
SK_profile192,SAGARDHWANI-2009,Output_NODPAC_Sagardhwani2009,3.xls,,SK,,,9.502,74.722,05-10-2007 00:00,,,,1025.0
SK_profile193,SAGARDHWANI-2009,Output_NODPAC_Sagardhwani2009,3.xls,,SK,,,9.5,74.973,05-10-2007 17:00,,,,1514.0
SK_profile194,SAGARDHWANI-2009,Output_NODPAC_Sagardhwani2009,3.xls,,SK,,,9.502,75.217,05-10-2007 19:10,,,,1527.0
SK_profile195,SAGARDHWANI-2009,Output_NODPAC_Sagardhwani2009,3.xls,,SK,,,9.502,75.464,05-10-2007 21:40,,,,1198.0
SK_profile196,SAGARDHWANI-2009,Output_NODPAC_Sagardhwani2009,3.xls,,SK,,,9.501,75.746,06-10-2007 00:10,,,,258.0
SK_profile197,SAGARDHWANI-2009,Output_NODPAC_Sagardhwani2009,3.xls,,SK,,,9.499,75.856,06-10-2007 01:10,,,,94.0
SK_profile198,SAGARDHWANI-2009,Output_NODPAC_Sagardhwani2009,3.xls,,SK,,,9.501,75.941,06-10-2007 01:50,,,,65.0
SK_profile199,SAGARDHWANI-2009,Output_NODPAC_Sagardhwani2009,3.xls,,SK,,,9.503,76.018,06-10-2007 02:30,,,,58.0
SK_profile200,SAGARDHWANI-2009,Output_NODPAC_Sagardhwani2009,3.xls,,SK,,,9.501,76.115,06-10-2007 03:20,,,,41.0
SK_profile201,SAGARDHWANI-2009,Output_NODPAC_Sagardhwani2009,3.xls,,SK,,,9.501,76.157,06-10-2007 03:50,,,,30.0
SK_profile202,SAGARDHWANI-2009,Output_NODPAC_Sagardhwani2009,3.xls,,SK,,,9.999,74.226,09-10-2007 11:40,,,,1840.0
SK_profile203,SAGARDHWANI-2009,Output_NODPAC_Sagardhwani2009,3.xls,,SK,,,9.998,74.481,09-10-2007 14:20,,,,1528.0
SK_profile204,SAGARDHWANI-2009,Output_NODPAC_Sagardhwani2009,3.xls,,SK,,,9.998,74.723,09-10-2007 16:40,,,,1513.0
SK_profile205,SAGARDHWANI-2009,Output_NODPAC_Sagardhwani2009,3.xls,,SK,,,10.0,74.974,09-10-2007 20:40,,,,1454.0
SK_profile206,SAGARDHWANI-2009,Output_NODPAC_Sagardhwani2009,3.xls,,SK,,,10.0,74.227,09-10-2007 23:30,,,,1018.0
SK_profile207,SAGARDHWANI-2009,Output_NODPAC_Sagardhwani2009,3.xls,,SK,,,10.0,75.475,10-10-2007 01:40,,,,1005.0
SK_profile208,SAGARDHWANI-2009,Output_NODPAC_Sagardhwani2009,3.xls,,SK,,,10.0,75.638,10-10-2007 03:10,,,,106.0
SK_profile209,SAGARDHWANI-2009,Output_NODPAC_Sagardhwani2009,3.xls,,SK,,,10.0,75.723,10-10-2007 03:50,,,,69.0
SK_profile210,SAGARDHWANI-2009,Output_NODPAC_Sagardhwani2009,3.xls,,SK,,,10.0,75.809,10-10-2007 04:50,,,,56.0
SK_profile211,SAGARDHWANI-2009,Output_NODPAC_Sagardhwani2009,3.xls,,SK,,,9.999,75.878,10-10-2007 05:10,,,,47.0
SK_profile212,SAGARDHWANI-2009,Output_NODPAC_Sagardhwani2009,3.xls,,SK,,,9.999,75.979,10-10-2007 00:00,,,,36.0
SK_profile213,SAGARDHWANI-2009,Output_NODPAC_Sagardhwani2009,3.xls,,SK,,,10.002,76.001,10-10-2007 06:20,,,,33.0
SK_profile214,SAGARDHWANI-2009,Output_NODPAC_Sagardhwani2009,3.xls,,SK,,,10.501,75.856,06-10-2007 09:00,,,,32.0
SK_profile215,SAGARDHWANI-2009,Output_NODPAC_Sagardhwani2009,3.xls,,SK,,,10.5,75.77,06-10-2007 09:50,,,,41.0
SK_profile216,SAGARDHWANI-2009,Output_NODPAC_Sagardhwani2009,3.xls,,SK,,,10.5,75.686,06-10-2007 10:30,,,,54.0
SK_profile217,SAGARDHWANI-2009,Output_NODPAC_Sagardhwani2009,3.xls,,SK,,,10.5,75.603,06-10-2007 11:10,,,,65.0
SK_profile218,SAGARDHWANI-2009,Output_NODPAC_Sagardhwani2009,3.xls,,SK,,,10.5,75.511,06-10-2007 11:50,,,,101.0
SK_profile219,SAGARDHWANI-2009,Output_NODPAC_Sagardhwani2009,3.xls,,SK,,,10.5,75.434,06-10-2007 12:40,,,,125.0
SK_profile220,SAGARDHWANI-2009,Output_NODPAC_Sagardhwani2009,3.xls,,SK,,,10.002,75.194,06-10-2007 14:30,,,,302.0
SK_profile221,SAGARDHWANI-2009,Output_NODPAC_Sagardhwani2009,3.xls,,SK,,,10.501,74.938,06-10-2007 16:30,,,,1831.0
SK_profile222,SAGARDHWANI-2009,Output_NODPAC_Sagardhwani2009,3.xls,,SK,,,10.502,74.693,06-10-2007 19:00,,,,1529.0
SK_profile223,SAGARDHWANI-2009,Output_NODPAC_Sagardhwani2009,3.xls,,SK,,,10.504,74.436,09-10-2007 02:20,,,,1538.0
SK_profile224,SAGARDHWANI-2009,Output_NODPAC_Sagardhwani2009,3.xls,,SK,,,10.502,74.18,09-10-2007 04:50,,,,1533.0
SK_profile225,SAGARDHWANI-2009,Output_NODPAC_Sagardhwani2009,3.xls,,SK,,,10.503,73.897,09-10-2007 07:30,,,,1847.0
SK_profile226,SAGARDHWANI-2009,Output_NODPAC_Sagardhwani2009,3.xls,,SK,,,10.5,75.77,01-01-2008 14:20,,,,21.0
SK_profile227,SAGARDHWANI-2009,Output_NODPAC_Sagardhwani2009,3.xls,,SK,,,10.51,75.72,01-01-2008 14:50,,,,33.0
SK_profile228,SAGARDHWANI-2009,Output_NODPAC_Sagardhwani2009,3.xls,,SK,,,10.51,75.64,01-01-2008 15:20,,,,66.0
SK_profile229,SAGARDHWANI-2009,Output_NODPAC_Sagardhwani2009,3.xls,,SK,,,10.51,75.54,01-01-2008 15:30,,,,107.0
SK_profile230,SAGARDHWANI-2009,Output_NODPAC_Sagardhwani2009,3.xls,,SK,,,10.52,75.47,01-01-2008 16:30,,,,338.0
SK_profile231,SAGARDHWANI-2009,Output_NODPAC_Sagardhwani2009,3.xls,,SK,,,10.52,75.38,01-01-2008 00:00,,,,485.0
SK_profile232,SAGARDHWANI-2009,Output_NODPAC_Sagardhwani2009,3.xls,,SK,,,10.52,75.14,01-01-2008 18:20,,,,481.0
SK_profile233,SAGARDHWANI-2009,Output_NODPAC_Sagardhwani2009,3.xls,,SK,,,10.52,75.87,01-01-2008 20:10,,,,411.0
SK_profile234,SAGARDHWANI-2009,Output_NODPAC_Sagardhwani2009,3.xls,,SK,,,10.48,75.44,01-01-2008 23:10,,,,499.0
SK_profile235,SAGARDHWANI-2009,Output_NODPAC_Sagardhwani2009,3.xls,,SK,,,9.98,75.58,02-01-2008 02:10,,,,481.0
SK_profile236,SAGARDHWANI-2009,Output_NODPAC_Sagardhwani2009,3.xls,,SK,,,10.0,75.85,02-01-2008 03:50,,,,490.0
SK_profile237,SAGARDHWANI-2009,Output_NODPAC_Sagardhwani2009,3.xls,,SK,,,10.0,75.11,02-01-2008 05:40,,,,411.0
SK_profile238,SAGARDHWANI-2009,Output_NODPAC_Sagardhwani2009,3.xls,,SK,,,10.01,75.35,02-01-2008 07:20,,,,499.0
SK_profile239,SAGARDHWANI-2009,Output_NODPAC_Sagardhwani2009,3.xls,,SK,,,10.0,75.59,02-01-2008 09:00,,,,496.0
SK_profile240,SAGARDHWANI-2009,Output_NODPAC_Sagardhwani2009,3.xls,,SK,,,10.0,75.68,02-01-2008 09:40,,,,485.0
SK_profile241,SAGARDHWANI-2009,Output_NODPAC_Sagardhwani2009,3.xls,,SK,,,10.01,75.77,02-01-2008 10:10,,,,491.0
SK_profile242,SAGARDHWANI-2009,Output_NODPAC_Sagardhwani2009,3.xls,,SK,,,10.0,75.85,02-01-2008 10:50,,,,119.0
SK_profile243,SAGARDHWANI-2009,Output_NODPAC_Sagardhwani2009,3.xls,,SK,,,10.0,75.92,02-01-2008 11:10,,,,74.0
SK_profile244,SAGARDHWANI-2009,Output_NODPAC_Sagardhwani2009,3.xls,,SK,,,10.0,76.01,02-01-2008 11:40,,,,49.0
SK_profile245,SAGARDHWANI-2009,Output_NODPAC_Sagardhwani2009,3.xls,,SK,,,9.5,76.19,02-01-2008 14:10,,,,8.0
SK_profile246,SAGARDHWANI-2009,Output_NODPAC_Sagardhwani2009,3.xls,,SK,,,9.51,76.11,02-01-2008 14:40,,,,26.0
SK_profile247,SAGARDHWANI-2009,Output_NODPAC_Sagardhwani2009,3.xls,,SK,,,9.5,76.03,02-01-2008 15:20,,,,24.0
SK_profile248,SAGARDHWANI-2009,Output_NODPAC_Sagardhwani2009,3.xls,,SK,,,9.5,76.95,02-01-2008 15:50,,,,15.0
SK_profile249,SAGARDHWANI-2009,Output_NODPAC_Sagardhwani2009,3.xls,,SK,,,9.51,76.85,02-01-2008 16:30,,,,72.0
SK_profile250,SAGARDHWANI-2009,Output_NODPAC_Sagardhwani2009,3.xls,,SK,,,9.51,76.7,02-01-2008 17:20,,,,242.0
SK_profile251,SAGARDHWANI-2009,Output_NODPAC_Sagardhwani2009,3.xls,,SK,,,9.51,76.52,02-01-2008 18:30,,,,469.0
SK_profile252,SAGARDHWANI-2009,Output_NODPAC_Sagardhwani2009,3.xls,,SK,,,9.51,75.28,02-01-2008 19:10,,,,491.0
SK_profile253,SAGARDHWANI-2009,Output_NODPAC_Sagardhwani2009,3.xls,,SK,,,9.5,75.04,02-01-2008 21:40,,,,495.0
SK_profile254,SAGARDHWANI-2009,Output_NODPAC_Sagardhwani2009,3.xls,,SK,,,9.5,75.8,02-01-2008 22:40,,,,496.0
SK_profile255,SAGARDHWANI-2009,Output_NODPAC_Sagardhwani2009,3.xls,,SK,,,9.0,75.96,03-01-2008 02:20,,,,477.0
SK_profile256,SAGARDHWANI-2009,Output_NODPAC_Sagardhwani2009,3.xls,,SK,,,9.0,75.2,03-01-2008 03:50,,,,487.0
SK_profile257,SAGARDHWANI-2009,Output_NODPAC_Sagardhwani2009,3.xls,,SK,,,9.0,75.45,03-01-2008 05:20,,,,475.0
SK_profile258,SAGARDHWANI-2009,Output_NODPAC_Sagardhwani2009,3.xls,,SK,,,9.0,75.71,03-01-2008 07:00,,,,342.0
SK_profile259,SAGARDHWANI-2009,Output_NODPAC_Sagardhwani2009,3.xls,,SK,,,9.01,75.95,03-01-2008 08:30,,,,67.0
SK_profile260,SAGARDHWANI-2009,Output_NODPAC_Sagardhwani2009,3.xls,,SK,,,9.01,75.0,03-01-2008 09:10,,,,41.0
SK_profile261,SAGARDHWANI-2009,Output_NODPAC_Sagardhwani2009,3.xls,,SK,,,9.0,76.12,03-01-2008 09:40,,,,38.0
SK_profile262,SAGARDHWANI-2009,Output_NODPAC_Sagardhwani2009,3.xls,,SK,,,9.0,76.12,03-01-2008 09:40,,,,33.0
SK_profile263,SAGARDHWANI-2009,Output_NODPAC_Sagardhwani2009,3.xls,,SK,,,9.0,76.2,03-01-2008 10:10,,,,38.0
SK_profile264,SAGARDHWANI-2009,Output_NODPAC_Sagardhwani2009,3.xls,,SK,,,9.0,76.3,03-01-2008 10:40,,,,33.0
SK_profile265,SAGARDHWANI-2009,Output_NODPAC_Sagardhwani2009,3.xls,,SK,,,9.0,76.37,03-01-2008 11:10,,,,28.0
SK_profile266,SAGARDHWANI-2009,Output_NODPAC_Sagardhwani2009,3.xls,,SK,,,8.5,76.75,03-01-2008 14:20,,,,27.0
SK_profile267,SAGARDHWANI-2009,Output_NODPAC_Sagardhwani2009,3.xls,,SK,,,8.5,76.67,03-01-2008 14:50,,,,43.0
SK_profile268,SAGARDHWANI-2009,Output_NODPAC_Sagardhwani2009,3.xls,,SK,,,8.5,76.58,03-01-2008 15:20,,,,47.0
SK_profile269,SAGARDHWANI-2009,Output_NODPAC_Sagardhwani2009,3.xls,,SK,,,8.51,76.49,03-01-2008 15:50,,,,52.0
SK_profile270,SAGARDHWANI-2009,Output_NODPAC_Sagardhwani2009,3.xls,,SK,,,8.51,76.41,03-01-2008 16:20,,,,94.0
SK_profile271,SAGARDHWANI-2009,Output_NODPAC_Sagardhwani2009,3.xls,,SK,,,8.51,76.32,03-01-2008 16:50,,,,224.0
SK_profile272,SAGARDHWANI-2009,Output_NODPAC_Sagardhwani2009,3.xls,,SK,,,8.5,76.11,03-01-2008 18:40,,,,494.0
SK_profile273,SAGARDHWANI-2009,Output_NODPAC_Sagardhwani2009,3.xls,,SK,,,8.5,75.82,03-01-2008 20:10,,,,946.0
SK_profile274,SAGARDHWANI-2009,Output_NODPAC_Sagardhwani2009,3.xls,,SK,,,17.88,83.66,01-03-2008 10:00,,,,33.0
SK_profile275,SAGARDHWANI-2009,Output_NODPAC_Sagardhwani2009,3.xls,,SK,,,17.75,83.76,01-03-2008 11:10,,,,59.0
SK_profile276,SAGARDHWANI-2009,Output_NODPAC_Sagardhwani2009,3.xls,,SK,,,17.62,83.87,01-03-2008 12:30,,,,497.0
SK_profile277,SAGARDHWANI-2009,Output_NODPAC_Sagardhwani2009,3.xls,,SK,,,17.5,83.98,01-03-2008 13:10,,,,984.0
SK_profile278,SAGARDHWANI-2009,Output_NODPAC_Sagardhwani2009,3.xls,,SK,,,17.3,84.1,01-03-2008 15:40,,,,917.0
SK_profile279,SAGARDHWANI-2009,Output_NODPAC_Sagardhwani2009,3.xls,,SK,,,17.24,84.18,01-03-2008 00:00,,,,870.0
SK_profile280,SAGARDHWANI-2009,Output_NODPAC_Sagardhwani2009,3.xls,,SK,,,17.08,84.31,01-03-2008 00:00,,,,956.0
SK_profile281,SAGARDHWANI-2009,Output_NODPAC_Sagardhwani2009,3.xls,,SK,,,17.0,84.17,01-03-2008 00:00,,,,967.0
SK_profile282,SAGARDHWANI-2009,Output_NODPAC_Sagardhwani2009,4.xls,,SK,,,17.13,84.07,01-03-2008 22:00,,,,919.0
SK_profile283,SAGARDHWANI-2009,Output_NODPAC_Sagardhwani2009,4.xls,,SK,,,17.27,83.95,01-03-2008 23:40,,,,900.0
SK_profile284,SAGARDHWANI-2009,Output_NODPAC_Sagardhwani2009,4.xls,,SK,,,17.41,83.84,02-03-2008 00:00,,,,918.0
SK_profile285,SAGARDHWANI-2009,Output_NODPAC_Sagardhwani2009,4.xls,,SK,,,17.55,83.73,02-03-2008 02:30,,,,157.0
SK_profile286,SAGARDHWANI-2009,Output_NODPAC_Sagardhwani2009,4.xls,,SK,,,17.65,83.61,02-03-2008 03:20,,,,60.0
SK_profile287,SAGARDHWANI-2009,Output_NODPAC_Sagardhwani2009,4.xls,,SK,,,17.54,83.48,02-03-2008 04:30,,,,48.0
SK_profile288,SAGARDHWANI-2009,Output_NODPAC_Sagardhwani2009,4.xls,,SK,,,17.41,83.59,02-03-2008 05:30,,,,140.0
SK_profile289,SAGARDHWANI-2009,Output_NODPAC_Sagardhwani2009,4.xls,,SK,,,17.27,83.71,02-03-2008 00:00,,,,829.0
SK_profile290,SAGARDHWANI-2009,Output_NODPAC_Sagardhwani2009,4.xls,,SK,,,17.15,83.82,02-03-2008 08:20,,,,968.0
SK_profile291,SAGARDHWANI-2009,Output_NODPAC_Sagardhwani2009,4.xls,,SK,,,17.03,83.93,02-03-2008 09:50,,,,951.0
SK_profile292,SAGARDHWANI-2009,Output_NODPAC_Sagardhwani2009,4.xls,,SK,,,16.89,84.07,02-03-2008 11:00,,,,980.0
SK_profile293,SAGARDHWANI-2009,Output_NODPAC_Sagardhwani2009,4.xls,,SK,,,16.79,83.9,02-03-2008 12:40,,,,938.0
SK_profile294,SAGARDHWANI-2009,Output_NODPAC_Sagardhwani2009,4.xls,,SK,,,16.94,83.79,02-03-2008 00:00,,,,953.0
SK_profile295,SAGARDHWANI-2009,Output_NODPAC_Sagardhwani2009,4.xls,,SK,,,17.06,83.68,02-03-2008 15:30,,,,962.0
SK_profile296,SAGARDHWANI-2009,Output_NODPAC_Sagardhwani2009,4.xls,,SK,,,17.18,83.56,02-03-2008 00:00,,,,815.0
SK_profile297,SAGARDHWANI-2009,Output_NODPAC_Sagardhwani2009,4.xls,,SK,,,17.31,83.45,02-03-2008 00:00,,,,145.0
SK_profile298,SAGARDHWANI-2009,Output_NODPAC_Sagardhwani2009,4.xls,,SK,,,17.41,83.35,02-03-2008 00:00,,,,64.0
SK_profile299,SAGARDHWANI-2009,Output_NODPAC_Sagardhwani2009,4.xls,,SK,,,17.55,83.25,02-03-2008 20:50,,,,38.0
SK_profile300,SAGARDHWANI-2009,Output_NODPAC_Sagardhwani2009,4.xls,,SK,,,17.45,83.11,02-03-2008 21:50,,,,36.0
SK_profile301,SAGARDHWANI-2009,Output_NODPAC_Sagardhwani2009,4.xls,,SK,,,17.33,83.23,02-03-2008 00:00,,,,61.0
SK_profile302,SAGARDHWANI-2009,Output_NODPAC_Sagardhwani2009,4.xls,,SK,,,17.2,83.33,02-03-2008 00:00,,,,129.0
SK_profile303,SAGARDHWANI-2009,Output_NODPAC_Sagardhwani2009,4.xls,,SK,,,17.07,83.44,03-03-2008 01:30,,,,937.0
SK_profile304,SAGARDHWANI-2009,Output_NODPAC_Sagardhwani2009,4.xls,,SK,,,16.95,83.55,03-03-2008 03:00,,,,959.0
SK_profile305,SAGARDHWANI-2009,Output_NODPAC_Sagardhwani2009,4.xls,,SK,,,16.82,83.65,03-03-2008 00:00,,,,906.0
SK_profile306,SAGARDHWANI-2009,Output_NODPAC_Sagardhwani2009,4.xls,,SK,,,16.68,83.76,03-03-2008 00:00,,,,986.0
SK_profile307,SAGARDHWANI-2009,Output_NODPAC_Sagardhwani2009,4.xls,,SK,,,16.58,83.63,03-03-2008 09:00,,,,996.0
SK_profile308,SAGARDHWANI-2009,Output_NODPAC_Sagardhwani2009,4.xls,,SK,,,16.72,83.52,03-03-2008 00:00,,,,998.0
SK_profile309,SAGARDHWANI-2009,Output_NODPAC_Sagardhwani2009,4.xls,,SK,,,16.84,83.41,03-03-2008 00:00,,,,979.0
SK_profile310,SAGARDHWANI-2009,Output_NODPAC_Sagardhwani2009,4.xls,,SK,,,16.98,83.3,03-03-2008 14:50,,,,900.0
SK_profile311,SAGARDHWANI-2009,Output_NODPAC_Sagardhwani2009,4.xls,,SK,,,17.1,83.19,03-03-2008 00:00,,,,156.0
SK_profile312,SAGARDHWANI-2009,Output_NODPAC_Sagardhwani2009,4.xls,,SK,,,17.22,83.08,03-03-2008 17:50,,,,78.0
SK_profile313,SAGARDHWANI-2009,Output_NODPAC_Sagardhwani2009,4.xls,,SK,,,17.34,82.97,03-03-2008 00:00,,,,52.0
SK_profile314,SAGARDHWANI-2009,Output_NODPAC_Sagardhwani2009,4.xls,,SK,,,17.24,82.84,03-03-2008 20:10,,,,48.0
SK_profile315,SAGARDHWANI-2009,Output_NODPAC_Sagardhwani2009,4.xls,,SK,,,17.11,82.96,03-03-2008 21:50,,,,94.0
SK_profile316,SAGARDHWANI-2009,Output_NODPAC_Sagardhwani2009,4.xls,,SK,,,16.99,83.06,03-03-2008 00:00,,,,236.0
SK_profile317,SAGARDHWANI-2009,Output_NODPAC_Sagardhwani2009,4.xls,,SK,,,16.87,83.17,04-03-2008 00:30,,,,900.0
SK_profile318,SAGARDHWANI-2009,Output_NODPAC_Sagardhwani2009,4.xls,,SK,,,16.74,83.29,04-03-2008 02:30,,,,960.0
SK_profile319,SAGARDHWANI-2009,Output_NODPAC_Sagardhwani2009,4.xls,,SK,,,16.61,83.39,04-03-2008 04:30,,,,994.0
SK_profile320,SAGARDHWANI-2009,Output_NODPAC_Sagardhwani2009,4.xls,,SK,,,16.45,83.49,04-03-2008 06:40,,,,1016.0
SK_profile321,SAGARDHWANI-2009,Output_NODPAC_Sagardhwani2009,4.xls,,SK,,,8.49,76.71,29-03-2008 04:40,,,,43.0
SK_profile322,SAGARDHWANI-2009,Output_NODPAC_Sagardhwani2009,4.xls,,SK,,,8.49,76.66,29-03-2008 00:00,,,,52.0
SK_profile323,SAGARDHWANI-2009,Output_NODPAC_Sagardhwani2009,4.xls,,SK,,,8.5,76.58,29-03-2008 05:40,,,,53.0
SK_profile324,SAGARDHWANI-2009,Output_NODPAC_Sagardhwani2009,4.xls,,SK,,,8.5,76.5,29-03-2008 00:00,,,,62.0
SK_profile325,SAGARDHWANI-2009,Output_NODPAC_Sagardhwani2009,4.xls,,SK,,,8.5,76.42,29-03-2008 06:30,,,,101.0
SK_profile326,SAGARDHWANI-2009,Output_NODPAC_Sagardhwani2009,4.xls,,SK,,,8.5,76.33,29-03-2008 00:00,,,,195.0
SK_profile327,SAGARDHWANI-2009,Output_NODPAC_Sagardhwani2009,4.xls,,SK,,,8.5,76.07,29-03-2008 08:50,,,,792.0
SK_profile328,SAGARDHWANI-2009,Output_NODPAC_Sagardhwani2009,4.xls,,SK,,,8.5,75.83,29-03-2008 10:20,,,,980.0
SK_profile329,SAGARDHWANI-2009,Output_NODPAC_Sagardhwani2009,4.xls,,SK,,,8.5,75.58,29-03-2008 12:10,,,,872.0
SK_profile330,SAGARDHWANI-2009,Output_NODPAC_Sagardhwani2009,4.xls,,SK,,,8.5,75.33,29-03-2008 14:00,,,,950.0
SK_profile331,SAGARDHWANI-2009,Output_NODPAC_Sagardhwani2009,4.xls,,SK,,,8.5,75.08,29-03-2008 16:00,,,,895.0
SK_profile332,SAGARDHWANI-2009,Output_NODPAC_Sagardhwani2009,4.xls,,SK,,,8.5,74.83,29-03-2008 00:00,,,,1089.0
SK_profile333,SAGARDHWANI-2009,Output_NODPAC_Sagardhwani2009,4.xls,,SK,,,9.01,74.46,29-03-2008 00:00,,,,1094.0
SK_profile334,SAGARDHWANI-2009,Output_NODPAC_Sagardhwani2009,4.xls,,SK,,,9.0,74.7,30-03-2008 01:20,,,,1120.0
SK_profile335,SAGARDHWANI-2009,Output_NODPAC_Sagardhwani2009,4.xls,,SK,,,9.0,74.96,30-03-2008 03:40,,,,1093.0
SK_profile336,SAGARDHWANI-2009,Output_NODPAC_Sagardhwani2009,4.xls,,SK,,,8.99,75.21,30-03-2008 05:30,,,,982.0
SK_profile337,SAGARDHWANI-2009,Output_NODPAC_Sagardhwani2009,4.xls,,SK,,,8.99,75.45,30-03-2008 07:10,,,,668.0
SK_profile338,SAGARDHWANI-2009,Output_NODPAC_Sagardhwani2009,4.xls,,SK,,,9.0,75.7,30-03-2008 00:00,,,,343.0
SK_profile339,SAGARDHWANI-2009,Output_NODPAC_Sagardhwani2009,4.xls,,SK,,,9.0,75.95,30-03-2008 15:50,,,,166.0
SK_profile340,SAGARDHWANI-2009,Output_NODPAC_Sagardhwani2009,4.xls,,SK,,,9.0,76.05,30-03-2008 16:20,,,,71.0
SK_profile341,SAGARDHWANI-2009,Output_NODPAC_Sagardhwani2009,4.xls,,SK,,,9.0,76.13,30-03-2008 00:00,,,,47.0
SK_profile342,SAGARDHWANI-2009,Output_NODPAC_Sagardhwani2009,4.xls,,SK,,,9.0,76.2,30-03-2008 17:30,,,,42.0
SK_profile343,SAGARDHWANI-2009,Output_NODPAC_Sagardhwani2009,4.xls,,SK,,,9.0,76.29,30-03-2008 00:00,,,,42.0
SK_profile344,SAGARDHWANI-2009,Output_NODPAC_Sagardhwani2009,4.xls,,SK,,,9.0,76.37,30-03-2008 18:30,,,,26.0
SK_profile345,SAGARDHWANI-2009,Output_NODPAC_Sagardhwani2009,4.xls,,SK,,,9.51,76.18,30-03-2008 21:00,,,,26.0
SK_profile346,SAGARDHWANI-2009,Output_NODPAC_Sagardhwani2009,4.xls,,SK,,,9.51,76.1,30-03-2008 00:00,,,,41.0
SK_profile347,SAGARDHWANI-2009,Output_NODPAC_Sagardhwani2009,4.xls,,SK,,,9.5,76.02,30-03-2008 22:10,,,,56.0
SK_profile348,SAGARDHWANI-2009,Output_NODPAC_Sagardhwani2009,4.xls,,SK,,,9.49,75.95,30-03-2008 22:50,,,,60.0
SK_profile349,SAGARDHWANI-2009,Output_NODPAC_Sagardhwani2009,4.xls,,SK,,,9.5,75.85,30-03-2008 23:10,,,,91.0
SK_profile350,SAGARDHWANI-2009,Output_NODPAC_Sagardhwani2009,4.xls,,SK,,,9.5,75.78,30-03-2008 00:00,,,,182.0
SK_profile351,SAGARDHWANI-2009,Output_NODPAC_Sagardhwani2009,4.xls,,SK,,,9.5,75.52,31-03-2008 01:30,,,,886.0
SK_profile352,SAGARDHWANI-2009,Output_NODPAC_Sagardhwani2009,4.xls,,SK,,,9.5,75.29,31-03-2008 03:10,,,,1124.0
SK_profile353,SAGARDHWANI-2009,Output_NODPAC_Sagardhwani2009,4.xls,,SK,,,9.5,75.02,31-03-2008 05:40,,,,1020.0
SK_profile354,SAGARDHWANI-2009,Output_NODPAC_Sagardhwani2009,4.xls,,SK,,,9.5,74.78,31-03-2008 07:40,,,,1087.0
SK_profile355,SAGARDHWANI-2009,Output_NODPAC_Sagardhwani2009,4.xls,,SK,,,9.5,74.55,31-03-2008 09:50,,,,1123.0
SK_profile356,SAGARDHWANI-2009,Output_NODPAC_Sagardhwani2009,4.xls,,SK,,,9.5,74.28,31-03-2008 00:00,,,,1111.0
SK_profile357,SAGARDHWANI-2009,Output_NODPAC_Sagardhwani2009,4.xls,,SK,,,10.0,74.1,31-03-2008 00:00,,,,1068.0
SK_profile358,SAGARDHWANI-2009,Output_NODPAC_Sagardhwani2009,4.xls,,SK,,,10.0,74.34,31-03-2008 00:00,,,,1063.0
SK_profile359,SAGARDHWANI-2009,Output_NODPAC_Sagardhwani2009,5.xls,,SK,,,10.0,74.6,31-03-2008 20:10,,,,
SK_profile360,SAGARDHWANI-2009,Output_NODPAC_Sagardhwani2009,5.xls,,SK,,,9.95,74.85,31-03-2008 22:30,,,,
SK_profile361,SAGARDHWANI-2009,Output_NODPAC_Sagardhwani2009,5.xls,,SK,,,10.0,75.1,01-04-2008 00:40,,,,
SK_profile362,SAGARDHWANI-2009,Output_NODPAC_Sagardhwani2009,5.xls,,SK,,,10.0,75.35,01-04-2008 00:00,,,,
SK_profile363,SAGARDHWANI-2009,Output_NODPAC_Sagardhwani2009,5.xls,,SK,,,10.0,75.6,01-04-2008 00:00,,,,
SK_profile364,SAGARDHWANI-2009,Output_NODPAC_Sagardhwani2009,5.xls,,SK,,,9.99,75.69,01-04-2008 05:40,,,,
SK_profile365,SAGARDHWANI-2009,Output_NODPAC_Sagardhwani2009,5.xls,,SK,,,10.0,75.76,01-04-2008 00:00,,,,
SK_profile366,SAGARDHWANI-2009,Output_NODPAC_Sagardhwani2009,5.xls,,SK,,,10.0,75.85,01-04-2008 06:40,,,,
SK_profile367,SAGARDHWANI-2009,Output_NODPAC_Sagardhwani2009,5.xls,,SK,,,10.0,75.93,01-04-2008 00:00,,,,
SK_profile368,SAGARDHWANI-2009,Output_NODPAC_Sagardhwani2009,5.xls,,SK,,,10.0,76.0,01-04-2008 07:30,,,,
SK_profile369,SAGARDHWANI-2009,Output_NODPAC_Sagardhwani2009,5.xls,,SK,,,10.5,75.8,01-04-2008 10:10,,,,
SK_profile370,SAGARDHWANI-2009,Output_NODPAC_Sagardhwani2009,5.xls,,SK,,,10.5,75.72,01-04-2008 00:00,,,,
SK_profile371,SAGARDHWANI-2009,Output_NODPAC_Sagardhwani2009,5.xls,,SK,,,10.5,75.64,01-04-2008 11:10,,,,
SK_profile372,SAGARDHWANI-2009,Output_NODPAC_Sagardhwani2009,5.xls,,SK,,,10.5,75.55,01-04-2008 00:00,,,,
SK_profile373,SAGARDHWANI-2009,Output_NODPAC_Sagardhwani2009,5.xls,,SK,,,10.5,75.47,01-04-2008 12:30,,,,
SK_profile374,SAGARDHWANI-2009,Output_NODPAC_Sagardhwani2009,5.xls,,SK,,,10.5,75.39,01-04-2008 00:00,,,,
SK_profile375,SAGARDHWANI-2009,Output_NODPAC_Sagardhwani2009,5.xls,,SK,,,10.5,75.16,01-04-2008 14:40,,,,
SK_profile376,SAGARDHWANI-2009,Output_NODPAC_Sagardhwani2009,5.xls,,SK,,,10.5,74.89,01-04-2008 16:00,,,,
SK_profile377,SAGARDHWANI-2009,Output_NODPAC_Sagardhwani2009,5.xls,,SK,,,10.5,74.64,01-04-2008 18:00,,,,
SK_profile378,SAGARDHWANI-2009,Output_NODPAC_Sagardhwani2009,5.xls,,SK,,,10.5,74.4,01-04-2008 00:00,,,,
SK_profile379,SAGARDHWANI-2009,Output_NODPAC_Sagardhwani2009,5.xls,,SK,,,10.5,74.14,01-04-2008 00:00,,,,
SK_profile380,SAGARDHWANI-2009,Output_NODPAC_Sagardhwani2009,5.xls,,SK,,,10.5,73.9,01-04-2008 23:50,,,,
SK_profile381,SAGARDHWANI-2009,Output_NODPAC_Sagardhwani2009,5.xls,,SK,,,8.49,76.683,11-05-2008 20:50,,,,
SK_profile382,SAGARDHWANI-2009,Output_NODPAC_Sagardhwani2009,5.xls,,SK,,,8.518,76.583,11-05-2008 21:20,,,,
SK_profile383,SAGARDHWANI-2009,Output_NODPAC_Sagardhwani2009,5.xls,,SK,,,8.5,76.499,11-05-2008 00:00,,,,
SK_profile384,SAGARDHWANI-2009,Output_NODPAC_Sagardhwani2009,5.xls,,SK,,,8.498,76.421,11-05-2008 22:40,,,,
SK_profile385,SAGARDHWANI-2009,Output_NODPAC_Sagardhwani2009,5.xls,,SK,,,8.499,76.335,11-05-2008 23:10,,,,
SK_profile386,SAGARDHWANI-2009,Output_NODPAC_Sagardhwani2009,5.xls,,SK,,,8.496,76.081,12-05-2008 00:00,,,,
SK_profile387,SAGARDHWANI-2009,Output_NODPAC_Sagardhwani2009,5.xls,,SK,,,8.499,75.831,12-05-2008 00:00,,,,
SK_profile388,SAGARDHWANI-2009,Output_NODPAC_Sagardhwani2009,5.xls,,SK,,,8.503,75.581,12-05-2008 00:00,,,,
SK_profile389,SAGARDHWANI-2009,Output_NODPAC_Sagardhwani2009,5.xls,,SK,,,8.5,75.331,12-05-2008 06:50,,,,
SK_profile390,SAGARDHWANI-2009,Output_NODPAC_Sagardhwani2009,5.xls,,SK,,,8.498,75.077,12-05-2008 08:30,,,,
SK_profile391,SAGARDHWANI-2009,Output_NODPAC_Sagardhwani2009,5.xls,,SK,,,8.498,74.825,12-05-2008 10:20,,,,
SK_profile392,SAGARDHWANI-2009,Output_NODPAC_Sagardhwani2009,5.xls,,SK,,,8.999,76.368,13-05-2008 00:00,,,,
SK_profile393,SAGARDHWANI-2009,Output_NODPAC_Sagardhwani2009,5.xls,,SK,,,8.988,76.284,13-05-2008 05:30,,,,
SK_profile394,SAGARDHWANI-2009,Output_NODPAC_Sagardhwani2009,5.xls,,SK,,,8.994,76.195,13-05-2008 04:50,,,,
SK_profile395,SAGARDHWANI-2009,Output_NODPAC_Sagardhwani2009,5.xls,,SK,,,8.996,76.123,13-05-2008 00:00,,,,
SK_profile396,SAGARDHWANI-2009,Output_NODPAC_Sagardhwani2009,5.xls,,SK,,,8.989,76.031,13-05-2008 15:10,,,,
SK_profile397,SAGARDHWANI-2009,Output_NODPAC_Sagardhwani2009,5.xls,,SK,,,8.991,75.958,13-05-2008 14:10,,,,
SK_profile398,SAGARDHWANI-2009,Output_NODPAC_Sagardhwani2009,5.xls,,SK,,,8.992,75.695,13-05-2008 15:30,,,,
SK_profile399,SAGARDHWANI-2009,Output_NODPAC_Sagardhwani2009,5.xls,,SK,,,8.992,75.452,12-05-2008 22:10,,,,
SK_profile400,SAGARDHWANI-2009,Output_NODPAC_Sagardhwani2009,5.xls,,SK,,,9.004,75.201,12-05-2008 20:00,,,,
SK_profile401,SAGARDHWANI-2009,Output_NODPAC_Sagardhwani2009,5.xls,,SK,,,8.998,74.948,12-05-2008 17:50,,,,
SK_profile402,SAGARDHWANI-2009,Output_NODPAC_Sagardhwani2009,5.xls,,SK,,,8.998,74.696,12-05-2008 00:00,,,,
SK_profile403,SAGARDHWANI-2009,Output_NODPAC_Sagardhwani2009,5.xls,,SK,,,9.001,74.47,12-05-2008 14:00,,,,
SK_profile404,SAGARDHWANI-2009,Output_NODPAC_Sagardhwani2009,5.xls,,SK,,,9.5,76.196,13-05-2008 00:00,,,,
SK_profile405,SAGARDHWANI-2009,Output_NODPAC_Sagardhwani2009,5.xls,,SK,,,9.501,76.11,13-05-2008 09:40,,,,
SK_profile406,SAGARDHWANI-2009,Output_NODPAC_Sagardhwani2009,5.xls,,SK,,,9.501,76.026,13-05-2008 10:10,,,,
SK_profile407,SAGARDHWANI-2009,Output_NODPAC_Sagardhwani2009,5.xls,,SK,,,9.498,75.95,13-05-2008 00:00,,,,
SK_profile408,SAGARDHWANI-2009,Output_NODPAC_Sagardhwani2009,5.xls,,SK,,,9.413,75.86,13-05-2008 11:50,,,,
SK_profile409,SAGARDHWANI-2009,Output_NODPAC_Sagardhwani2009,5.xls,,SK,,,9.494,75.781,13-05-2008 12:30,,,,
SK_profile410,SAGARDHWANI-2009,Output_NODPAC_Sagardhwani2009,5.xls,,SK,,,9.5,75.532,13-05-2008 14:10,,,,
SK_profile411,SAGARDHWANI-2009,Output_NODPAC_Sagardhwani2009,5.xls,,SK,,,9.5,75.289,13-05-2008 16:30,,,,
SK_profile412,SAGARDHWANI-2009,Output_NODPAC_Sagardhwani2009,5.xls,,SK,,,9.505,75.033,13-05-2008 00:00,,,,
SK_profile413,SAGARDHWANI-2009,Output_NODPAC_Sagardhwani2009,5.xls,,SK,,,9.503,74.783,13-05-2008 21:00,,,,
SK_profile414,SAGARDHWANI-2009,Output_NODPAC_Sagardhwani2009,5.xls,,SK,,,9.499,74.532,13-05-2008 23:20,,,,
SK_profile415,SAGARDHWANI-2009,Output_NODPAC_Sagardhwani2009,5.xls,,SK,,,9.498,74.28,14-05-2008 01:30,,,,
SK_profile416,SAGARDHWANI-2009,Output_NODPAC_Sagardhwani2009,5.xls,,SK,,,9.999,75.988,14-05-2008 00:00,,,,
SK_profile417,SAGARDHWANI-2009,Output_NODPAC_Sagardhwani2009,5.xls,,SK,,,9.995,75.929,14-05-2008 20:40,,,,
SK_profile418,SAGARDHWANI-2009,Output_NODPAC_Sagardhwani2009,5.xls,,SK,,,9.999,75.832,14-05-2008 00:00,,,,
SK_profile419,SAGARDHWANI-2009,Output_NODPAC_Sagardhwani2009,5.xls,,SK,,,10.0,75.757,14-05-2008 19:10,,,,
SK_profile420,SAGARDHWANI-2009,Output_NODPAC_Sagardhwani2009,5.xls,,SK,,,10.001,75.677,14-05-2008 00:00,,,,
SK_profile421,SAGARDHWANI-2009,Output_NODPAC_Sagardhwani2009,5.xls,,SK,,,10.003,75.594,14-05-2008 00:00,,,,
SK_profile422,SAGARDHWANI-2009,Output_NODPAC_Sagardhwani2009,5.xls,,SK,,,9.998,75.354,14-05-2008 00:00,,,,
SK_profile423,SAGARDHWANI-2009,Output_NODPAC_Sagardhwani2009,5.xls,,SK,,,10.004,75.104,14-05-2008 00:00,,,,
SK_profile424,SAGARDHWANI-2009,Output_NODPAC_Sagardhwani2009,5.xls,,SK,,,9.998,74.849,14-05-2008 00:00,,,,
SK_profile425,SAGARDHWANI-2009,Output_NODPAC_Sagardhwani2009,5.xls,,SK,,,9.998,74.601,14-05-2008 00:00,,,,
SK_profile426,SAGARDHWANI-2009,Output_NODPAC_Sagardhwani2009,5.xls,,SK,,,10.0,74.36,14-05-2008 07:50,,,,
SK_profile427,SAGARDHWANI-2009,Output_NODPAC_Sagardhwani2009,5.xls,,SK,,,10.001,74.107,14-05-2008 05:30,,,,
SK_profile428,SAGARDHWANI-2009,Output_NODPAC_Sagardhwani2009,5.xls,,SK,,,10.501,76.796,15-05-2008 00:00,,,,
SK_profile429,SAGARDHWANI-2009,Output_NODPAC_Sagardhwani2009,5.xls,,SK,,,10.482,75.721,15-05-2008 01:50,,,,
SK_profile430,SAGARDHWANI-2009,Output_NODPAC_Sagardhwani2009,5.xls,,SK,,,10.494,75.641,15-05-2008 02:20,,,,
SK_profile431,SAGARDHWANI-2009,Output_NODPAC_Sagardhwani2009,5.xls,,SK,,,10.474,75.552,15-05-2008 00:00,,,,
SK_profile432,SAGARDHWANI-2009,Output_NODPAC_Sagardhwani2009,5.xls,,SK,,,10.452,75.464,15-05-2008 03:50,,,,
SK_profile433,SAGARDHWANI-2009,Output_NODPAC_Sagardhwani2009,5.xls,,SK,,,10.388,75.394,15-05-2008 04:30,,,,
SK_profile434,SAGARDHWANI-2009,Output_NODPAC_Sagardhwani2009,5.xls,,SK,,,10.502,75.146,15-05-2008 06:20,,,,
SK_profile435,SAGARDHWANI-2009,Output_NODPAC_Sagardhwani2009,5.xls,,SK,,,10.498,74.896,15-05-2008 08:20,,,,
SK_profile436,SAGARDHWANI-2009,Output_NODPAC_Sagardhwani2009,5.xls,,SK,,,10.502,74.652,15-05-2008 00:00,,,,
SK_profile437,SAGARDHWANI-2009,Output_NODPAC_Sagardhwani2009,5.xls,,SK,,,10.498,74.397,15-05-2008 13:10,,,,
SK_profile438,SAGARDHWANI-2009,Output_NODPAC_Sagardhwani2009,5.xls,,SK,,,10.498,74.148,15-05-2008 15:30,,,,
SK_profile439,SAGARDHWANI-2009,Output_NODPAC_Sagardhwani2009,5.xls,,SK,,,10.503,73.899,15-05-2008 17:30,,,,
SK_profile440,SAGARDHWANI-2009,Output_NODPAC_Sagardhwani2009,5.xls,,SK,,,14.65,73.56,02-11-2008 00:00,,,,
SK_profile441,SAGARDHWANI-2009,Output_NODPAC_Sagardhwani2009,5.xls,,SK,,,14.66,73.65,02-11-2008 10:20,,,,
SK_profile442,SAGARDHWANI-2009,Output_NODPAC_Sagardhwani2009,5.xls,,SK,,,14.65,73.73,02-11-2008 11:00,,,,
SK_profile443,SAGARDHWANI-2009,Output_NODPAC_Sagardhwani2009,5.xls,,SK,,,14.66,73.83,02-11-2008 00:00,,,,
SK_profile444,SAGARDHWANI-2009,Output_NODPAC_Sagardhwani2009,5.xls,,SK,,,14.66,73.91,02-11-2008 00:00,,,,
SK_profile445,SAGARDHWANI-2009,Output_NODPAC_Sagardhwani2009,5.xls,,SK,,,14.75,73.91,02-11-2008 13:20,,,,
SK_profile446,SAGARDHWANI-2009,Output_NODPAC_Sagardhwani2009,5.xls,,SK,,,14.75,73.81,02-11-2008 14:20,,,,
SK_profile447,SAGARDHWANI-2009,Output_NODPAC_Sagardhwani2009,5.xls,,SK,,,14.75,73.73,02-11-2008 00:00,,,,
SK_profile448,SAGARDHWANI-2009,Output_NODPAC_Sagardhwani2009,5.xls,,SK,,,14.75,73.65,02-11-2008 15:50,,,,
SK_profile449,SAGARDHWANI-2009,Output_NODPAC_Sagardhwani2009,5.xls,,SK,,,14.75,73.56,02-11-2008 16:30,,,,
SK_profile450,SAGARDHWANI-2009,Output_NODPAC_Sagardhwani2009,5.xls,,SK,,,14.83,73.56,02-11-2008 17:10,,,,
SK_profile451,SAGARDHWANI-2009,Output_NODPAC_Sagardhwani2009,5.xls,,SK,,,14.83,73.65,02-11-2008 00:00,,,,
SK_profile452,SAGARDHWANI-2009,Output_NODPAC_Sagardhwani2009,5.xls,,SK,,,14.83,73.73,02-11-2008 00:00,,,,
SK_profile453,SAGARDHWANI-2009,Output_NODPAC_Sagardhwani2009,5.xls,,SK,,,14.83,73.81,02-11-2008 00:00,,,,
SK_profile454,SAGARDHWANI-2009,Output_NODPAC_Sagardhwani2009,5.xls,,SK,,,14.83,73.91,02-11-2008 00:00,,,,
SK_profile455,SAGARDHWANI-2009,Output_NODPAC_Sagardhwani2009,5.xls,,SK,,,14.91,73.83,02-11-2008 21:50,,,,
SK_profile456,SAGARDHWANI-2009,Output_NODPAC_Sagardhwani2009,5.xls,,SK,,,14.91,73.73,02-11-2008 22:40,,,,
SK_profile457,SAGARDHWANI-2009,Output_NODPAC_Sagardhwani2009,5.xls,,SK,,,14.91,73.65,02-11-2008 23:30,,,,
SK_profile458,SAGARDHWANI-2009,Output_NODPAC_Sagardhwani2009,5.xls,,SK,,,14.91,73.56,03-11-2008 00:30,,,,
SK_profile459,SAGARDHWANI-2009,Output_NODPAC_Sagardhwani2009,5.xls,,SK,,,15.0,73.56,03-11-2008 01:20,,,,
SK_profile460,SAGARDHWANI-2009,Output_NODPAC_Sagardhwani2009,5.xls,,SK,,,15.0,73.65,03-11-2008 02:00,,,,
SK_profile461,SAGARDHWANI-2009,Output_NODPAC_Sagardhwani2009,5.xls,,SK,,,15.0,73.73,03-11-2008 03:00,,,,
SK_profile462,SAGARDHWANI-2009,Output_NODPAC_Sagardhwani2009,5.xls,,SK,,,15.0,73.81,03-11-2008 00:00,,,,
SK_profile463,SAGARDHWANI-2009,Output_NODPAC_Sagardhwani2009,5.xls,,SK,,,15.0,73.9,03-11-2008 00:00,,,,
SK_profile464,SAGARDHWANI-2009,Output_NODPAC_Sagardhwani2009,5.xls,,SK,,,14.65,73.56,02-11-2008 00:00,,,,
SK_profile465,SAGARDHWANI-2009,Output_NODPAC_Sagardhwani2009,5.xls,,SK,,,14.66,73.65,02-11-2008 10:20,,,,
SK_profile466,SAGARDHWANI-2009,Output_NODPAC_Sagardhwani2009,5.xls,,SK,,,14.65,73.73,02-11-2008 11:00,,,,
SK_profile467,SAGARDHWANI-2009,Output_NODPAC_Sagardhwani2009,5.xls,,SK,,,14.66,73.83,02-11-2008 00:00,,,,
SK_profile468,SAGARDHWANI-2009,Output_NODPAC_Sagardhwani2009,5.xls,,SK,,,14.66,73.91,02-11-2008 00:00,,,,
SK_profile469,SAGARDHWANI-2009,Output_NODPAC_Sagardhwani2009,5.xls,,SK,,,14.75,73.91,02-11-2008 13:20,,,,
SK_profile470,SAGARDHWANI-2009,Output_NODPAC_Sagardhwani2009,5.xls,,SK,,,14.75,73.81,02-11-2008 14:20,,,,
SK_profile471,SAGARDHWANI-2009,Output_NODPAC_Sagardhwani2009,5.xls,,SK,,,14.75,73.73,02-11-2008 00:00,,,,
SK_profile472,SAGARDHWANI-2009,Output_NODPAC_Sagardhwani2009,5.xls,,SK,,,14.75,73.65,02-11-2008 15:50,,,,
SK_profile473,SAGARDHWANI-2009,Output_NODPAC_Sagardhwani2009,5.xls,,SK,,,14.75,73.56,02-11-2008 16:30,,,,
SK_profile474,SAGARDHWANI-2009,Output_NODPAC_Sagardhwani2009,5.xls,,SK,,,14.83,73.56,02-11-2008 17:10,,,,
SK_profile475,SAGARDHWANI-2009,Output_NODPAC_Sagardhwani2009,5.xls,,SK,,,14.83,73.65,02-11-2008 00:00,,,,
SK_profile476,SAGARDHWANI-2009,Output_NODPAC_Sagardhwani2009,5.xls,,SK,,,14.83,73.73,02-11-2008 00:00,,,,
SK_profile477,SAGARDHWANI-2009,Output_NODPAC_Sagardhwani2009,5.xls,,SK,,,14.83,73.81,02-11-2008 00:00,,,,
SK_profile478,SAGARDHWANI-2009,Output_NODPAC_Sagardhwani2009,5.xls,,SK,,,14.83,73.91,02-11-2008 00:00,,,,
SK_profile479,SAGARDHWANI-2009,Output_NODPAC_Sagardhwani2009,5.xls,,SK,,,14.91,73.83,02-11-2008 21:50,,,,
SK_profile480,SAGARDHWANI-2009,Output_NODPAC_Sagardhwani2009,5.xls,,SK,,,14.91,73.73,02-11-2008 22:40,,,,
SK_profile481,SAGARDHWANI-2009,Output_NODPAC_Sagardhwani2009,5.xls,,SK,,,14.91,73.65,02-11-2008 23:30,,,,
SK_profile482,SAGARDHWANI-2009,Output_NODPAC_Sagardhwani2009,5.xls,,SK,,,14.91,73.56,03-11-2008 00:30,,,,
SK_profile483,SAGARDHWANI-2009,Output_NODPAC_Sagardhwani2009,5.xls,,SK,,,15.0,73.56,03-11-2008 01:20,,,,
SK_profile484,SAGARDHWANI-2009,Output_NODPAC_Sagardhwani2009,5.xls,,SK,,,15.0,73.65,03-11-2008 02:00,,,,
SK_profile485,SAGARDHWANI-2009,Output_NODPAC_Sagardhwani2009,5.xls,,SK,,,15.0,73.73,03-11-2008 03:00,,,,
SK_profile486,SAGARDHWANI-2009,Output_NODPAC_Sagardhwani2009,5.xls,,SK,,,15.0,73.81,03-11-2008 00:00,,,,
SK_profile487,SAGARDHWANI-2009,Output_NODPAC_Sagardhwani2009,5.xls,,SK,,,15.0,73.9,03-11-2008 00:00,,,,
SK_profile488,SAGARDHWANI-2009,Output_NODPAC_Sagardhwani2009,5.xls,,SK,,,15.15,73.82,03-11-2008 00:00,,,,
SK_profile489,SAGARDHWANI-2009,Output_NODPAC_Sagardhwani2009,5.xls,,SK,,,15.08,73.65,03-11-2008 07:10,,,,
SK_profile490,SAGARDHWANI-2009,Output_NODPAC_Sagardhwani2009,5.xls,,SK,,,15.0,73.5,03-11-2008 08:40,,,,
SK_profile491,SAGARDHWANI-2009,Output_NODPAC_Sagardhwani2009,5.xls,,SK,,,14.93,73.35,03-11-2008 00:00,,,,
SK_profile492,SAGARDHWANI-2009,Output_NODPAC_Sagardhwani2009,5.xls,,SK,,,14.85,73.2,03-11-2008 00:00,,,,
SK_profile493,SAGARDHWANI-2009,Output_NODPAC_Sagardhwani2009,5.xls,,SK,,,14.78,73.03,03-11-2008 12:30,,,,
SK_profile494,SAGARDHWANI-2009,Output_NODPAC_Sagardhwani2009,5.xls,,SK,,,14.7,72.88,03-11-2008 14:30,,,,
SK_profile495,SAGARDHWANI-2009,Output_NODPAC_Sagardhwani2009,5.xls,,SK,,,14.48,73.0,03-11-2008 16:20,,,,
SK_profile496,SAGARDHWANI-2009,Output_NODPAC_Sagardhwani2009,5.xls,,SK,,,14.55,73.15,03-11-2008 00:00,,,,
SK_profile497,SAGARDHWANI-2009,Output_NODPAC_Sagardhwani2009,5.xls,,SK,,,14.63,73.3,03-11-2008 19:50,,,,
SK_profile498,SAGARDHWANI-2009,Output_NODPAC_Sagardhwani2009,5.xls,,SK,,,14.7,73.46,03-11-2008 21:50,,,,
SK_profile499,SAGARDHWANI-2009,Output_NODPAC_Sagardhwani2009,5.xls,,SK,,,14.55,73.73,03-11-2008 23:30,,,,
SK_profile500,SAGARDHWANI-2009,Output_NODPAC_Sagardhwani2009,5.xls,,SK,,,14.48,73.56,04-11-2008 00:50,,,,
SK_profile501,SAGARDHWANI-2009,Output_NODPAC_Sagardhwani2009,5.xls,,SK,,,14.4,73.41,04-11-2008 00:00,,,,
SK_profile502,SAGARDHWANI-2009,Output_NODPAC_Sagardhwani2009,5.xls,,SK,,,14.33,73.26,04-11-2008 03:20,,,,
SK_profile503,SAGARDHWANI-2009,Output_NODPAC_Sagardhwani2009,5.xls,,SK,,,14.26,73.11,04-11-2008 00:00,,,,
SK_profile504,SAGARDHWANI-2009,Output_NODPAC_Sagardhwani2009,5.xls,,SK,,,14.03,73.21,04-11-2008 06:40,,,,
SK_profile505,SAGARDHWANI-2009,Output_NODPAC_Sagardhwani2009,5.xls,,SK,,,14.1,73.38,04-11-2008 07:40,,,,
SK_profile506,SAGARDHWANI-2009,Output_NODPAC_Sagardhwani2009,5.xls,,SK,,,14.18,73.53,04-11-2008 09:20,,,,
SK_profile507,SAGARDHWANI-2009,Output_NODPAC_Sagardhwani2009,6.xls,,SK,,,14.25,73.68,04-11-2008 10:50,,,,67.0
SK_profile508,SAGARDHWANI-2009,Output_NODPAC_Sagardhwani2009,6.xls,,SK,,,14.31,73.83,04-11-2008 00:00,,,,52.0
SK_profile509,SAGARDHWANI-2009,Output_NODPAC_Sagardhwani2009,6.xls,,SK,,,14.4,73.98,04-11-2008 00:00,,,,43.0
SK_profile510,SAGARDHWANI-2009,Output_NODPAC_Sagardhwani2009,6.xls,,SK,,,14.4,74.15,04-11-2008 14:20,,,,25.0
SK_profile511,SAGARDHWANI-2009,Output_NODPAC_Sagardhwani2009,6.xls,,SK,,,14.7,74.03,04-11-2008 00:00,,,,22.0
SK_profile512,SAGARDHWANI-2009,Output_NODPAC_Sagardhwani2009,6.xls,,SK,,,10.5,75.797,17-11-2008 00:00,,,,32.0
SK_profile513,SAGARDHWANI-2009,Output_NODPAC_Sagardhwani2009,6.xls,,SK,,,10.5,75.717,17-11-2008 18:00,,,,37.0
SK_profile514,SAGARDHWANI-2009,Output_NODPAC_Sagardhwani2009,6.xls,,SK,,,10.5,75.63,17-11-2008 18:40,,,,56.0
SK_profile515,SAGARDHWANI-2009,Output_NODPAC_Sagardhwani2009,6.xls,,SK,,,10.5,75.551,17-11-2008 19:20,,,,75.0
SK_profile516,SAGARDHWANI-2009,Output_NODPAC_Sagardhwani2009,6.xls,,SK,,,10.5,75.465,17-11-2008 20:30,,,,118.0
SK_profile517,SAGARDHWANI-2009,Output_NODPAC_Sagardhwani2009,6.xls,,SK,,,10.5,75.393,17-11-2008 21:10,,,,334.0
SK_profile518,SAGARDHWANI-2009,Output_NODPAC_Sagardhwani2009,6.xls,,SK,,,10.5,74.891,18-11-2008 01:20,,,,479.0
SK_profile519,SAGARDHWANI-2009,Output_NODPAC_Sagardhwani2009,6.xls,,SK,,,10.5,74.395,18-11-2008 00:00,,,,515.0
SK_profile520,SAGARDHWANI-2009,Output_NODPAC_Sagardhwani2009,6.xls,,SK,,,10.5,73.891,18-11-2008 00:00,,,,504.0
SK_profile521,SAGARDHWANI-2009,Output_NODPAC_Sagardhwani2009,6.xls,,SK,,,10.0,74.098,18-11-2008 00:00,,,,1064.0
SK_profile522,SAGARDHWANI-2009,Output_NODPAC_Sagardhwani2009,6.xls,,SK,,,10.0,74.85,18-11-2008 00:00,,,,510.0
SK_profile523,SAGARDHWANI-2009,Output_NODPAC_Sagardhwani2009,6.xls,,SK,,,10.0,75.603,19-11-2008 00:10,,,,141.0
SK_profile524,SAGARDHWANI-2009,Output_NODPAC_Sagardhwani2009,6.xls,,SK,,,10.0,75.673,19-11-2008 00:00,,,,75.0
SK_profile525,SAGARDHWANI-2009,Output_NODPAC_Sagardhwani2009,6.xls,,SK,,,10.0,75.74,19-11-2008 00:00,,,,60.0
SK_profile526,SAGARDHWANI-2009,Output_NODPAC_Sagardhwani2009,6.xls,,SK,,,10.0,75.844,19-11-2008 04:10,,,,44.0
SK_profile527,SAGARDHWANI-2009,Output_NODPAC_Sagardhwani2009,6.xls,,SK,,,10.0,75.913,19-11-2008 00:00,,,,41.0
SK_profile528,SAGARDHWANI-2009,Output_NODPAC_Sagardhwani2009,6.xls,,SK,,,10.0,75.976,19-11-2008 00:00,,,,33.0
SK_profile529,SAGARDHWANI-2009,Output_NODPAC_Sagardhwani2009,6.xls,,SK,,,9.5,76.188,19-11-2008 09:00,,,,19.0
SK_profile530,SAGARDHWANI-2009,Output_NODPAC_Sagardhwani2009,6.xls,,SK,,,9.5,76.111,19-11-2008 00:00,,,,38.0
SK_profile531,SAGARDHWANI-2009,Output_NODPAC_Sagardhwani2009,6.xls,,SK,,,9.5,76.032,19-11-2008 10:20,,,,49.0
SK_profile532,SAGARDHWANI-2009,Output_NODPAC_Sagardhwani2009,6.xls,,SK,,,9.5,75.963,19-11-2008 11:00,,,,58.0
SK_profile533,SAGARDHWANI-2009,Output_NODPAC_Sagardhwani2009,6.xls,,SK,,,9.5,75.869,19-11-2008 00:00,,,,83.0
SK_profile534,SAGARDHWANI-2009,Output_NODPAC_Sagardhwani2009,6.xls,,SK,,,9.5,75.781,19-11-2008 12:30,,,,183.0
SK_profile535,SAGARDHWANI-2009,Output_NODPAC_Sagardhwani2009,6.xls,,SK,,,9.5,75.03,19-11-2008 16:00,,,,508.0
SK_profile536,SAGARDHWANI-2009,Output_NODPAC_Sagardhwani2009,6.xls,,SK,,,9.5,74.279,19-11-2008 00:00,,,,904.0
SK_profile537,SAGARDHWANI-2009,Output_NODPAC_Sagardhwani2009,6.xls,,SK,,,9.0,75.201,20-11-2008 00:00,,,,964.0
SK_profile538,SAGARDHWANI-2009,Output_NODPAC_Sagardhwani2009,6.xls,,SK,,,9.0,75.948,20-11-2008 09:30,,,,195.0
SK_profile539,SAGARDHWANI-2009,Output_NODPAC_Sagardhwani2009,6.xls,,SK,,,9.0,76.035,20-11-2008 10:20,,,,84.0
SK_profile540,SAGARDHWANI-2009,Output_NODPAC_Sagardhwani2009,6.xls,,SK,,,9.0,76.119,20-11-2008 00:00,,,,59.0
SK_profile541,SAGARDHWANI-2009,Output_NODPAC_Sagardhwani2009,6.xls,,SK,,,9.0,76.201,20-11-2008 11:40,,,,55.0
SK_profile542,SAGARDHWANI-2009,Output_NODPAC_Sagardhwani2009,6.xls,,SK,,,9.0,76.299,20-11-2008 12:20,,,,48.0
SK_profile543,SAGARDHWANI-2009,Output_NODPAC_Sagardhwani2009,6.xls,,SK,,,9.0,76.359,20-11-2008 13:00,,,,36.0
SK_profile544,SAGARDHWANI-2009,Output_NODPAC_Sagardhwani2009,6.xls,,SK,,,8.5,76.749,20-11-2008 00:00,,,,46.0
SK_profile545,SAGARDHWANI-2009,Output_NODPAC_Sagardhwani2009,6.xls,,SK,,,8.5,76.665,20-11-2008 17:20,,,,55.0
SK_profile546,SAGARDHWANI-2009,Output_NODPAC_Sagardhwani2009,6.xls,,SK,,,8.5,76.58,20-11-2008 18:00,,,,57.0
SK_profile547,SAGARDHWANI-2009,Output_NODPAC_Sagardhwani2009,6.xls,,SK,,,8.5,76.497,20-11-2008 00:00,,,,50.0
SK_profile548,SAGARDHWANI-2009,Output_NODPAC_Sagardhwani2009,6.xls,,SK,,,8.5,76.416,20-11-2008 19:40,,,,112.0
SK_profile549,SAGARDHWANI-2009,Output_NODPAC_Sagardhwani2009,6.xls,,SK,,,8.5,76.336,20-11-2008 20:10,,,,222.0
SK_profile550,SAGARDHWANI-2009,Output_NODPAC_Sagardhwani2009,6.xls,,SK,,,75.83,8.5,20-11-2008 23:10,,,,939.0
SK_profile551,SAGARDHWANI-2009,Output_NODPAC_Sagardhwani2009,6.xls,,SK,,,8.5,75.41,21-11-2008 02:50,,,,947.0
SK_profile552,SAGARDHWANI-2009,Output_NODPAC_Sagardhwani2009,6.xls,,SK,,,8.5,75.337,21-11-2008 00:00,,,,949.0
SK_profile553,SAGARDHWANI-2009,Output_NODPAC_Sagardhwani2009,6.xls,,SK,,,9.98,75.56,22-11-2008 04:20,,,,31.0
SK_profile554,SAGARDHWANI-2009,Output_NODPAC_Sagardhwani2009,6.xls,,SK,,,9.98,75.56,22-11-2008 04:20,,,,31.0
SK_profile555,SAGARDHWANI-2009,Output_NODPAC_Sagardhwani2009,6.xls,,SK,,,9.98,75.6,22-11-2008 04:30,,,,31.0
SK_profile556,SAGARDHWANI-2009,Output_NODPAC_Sagardhwani2009,6.xls,,SK,,,9.98,75.61,22-11-2008 04:30,,,,31.0
SK_profile557,SAGARDHWANI-2009,Output_NODPAC_Sagardhwani2009,6.xls,,SK,,,9.98,75.63,22-11-2008 04:50,,,,31.0
SK_profile558,SAGARDHWANI-2009,Output_NODPAC_Sagardhwani2009,6.xls,,SK,,,9.98,75.65,22-11-2008 04:50,,,,38.0
SK_profile559,SAGARDHWANI-2009,Output_NODPAC_Sagardhwani2009,6.xls,,SK,,,9.98,75.66,22-11-2008 00:00,,,,27.0
SK_profile560,SAGARDHWANI-2009,Output_NODPAC_Sagardhwani2009,6.xls,,SK,,,9.98,75.68,22-11-2008 05:10,,,,41.0
SK_profile561,SAGARDHWANI-2009,Output_NODPAC_Sagardhwani2009,6.xls,,SK,,,9.98,75.69,22-11-2008 05:20,,,,41.0
SK_profile562,SAGARDHWANI-2009,Output_NODPAC_Sagardhwani2009,6.xls,,SK,,,9.98,75.71,22-11-2008 05:20,,,,42.0
SK_profile563,SAGARDHWANI-2009,Output_NODPAC_Sagardhwani2009,6.xls,,SK,,,9.98,75.73,22-11-2008 05:30,,,,43.0
SK_profile564,SAGARDHWANI-2009,Output_NODPAC_Sagardhwani2009,6.xls,,SK,,,9.97,75.74,22-11-2008 05:40,,,,44.0
SK_profile565,SAGARDHWANI-2009,Output_NODPAC_Sagardhwani2009,6.xls,,SK,,,10.499,73.893,05-02-2009 19:40,,,,1306.0
SK_profile566,SAGARDHWANI-2009,Output_NODPAC_Sagardhwani2009,6.xls,,SK,,,10.501,74.148,05-02-2009 22:40,,,,961.0
SK_profile567,SAGARDHWANI-2009,Output_NODPAC_Sagardhwani2009,6.xls,,SK,,,10.5,74.397,06-02-2009 05:50,,,,1014.0
SK_profile568,SAGARDHWANI-2009,Output_NODPAC_Sagardhwani2009,6.xls,,SK,,,10.5,74.643,06-02-2009 03:10,,,,997.0
SK_profile569,SAGARDHWANI-2009,Output_NODPAC_Sagardhwani2009,6.xls,,SK,,,10.502,74.884,06-02-2009 05:30,,,,1009.0
SK_profile570,SAGARDHWANI-2009,Output_NODPAC_Sagardhwani2009,6.xls,,SK,,,10.502,75.139,06-02-2009 07:30,,,,997.0
SK_profile571,SAGARDHWANI-2009,Output_NODPAC_Sagardhwani2009,6.xls,,SK,,,10.498,75.394,06-02-2009 09:50,,,,370.0
SK_profile572,SAGARDHWANI-2009,Output_NODPAC_Sagardhwani2009,6.xls,,SK,,,10.512,75.476,06-02-2009 11:12,,,,111.0
SK_profile573,SAGARDHWANI-2009,Output_NODPAC_Sagardhwani2009,6.xls,,SK,,,10.502,75.558,06-02-2009 12:00,,,,69.0
SK_profile574,SAGARDHWANI-2009,Output_NODPAC_Sagardhwani2009,6.xls,,SK,,,10.489,75.642,06-02-2009 12:50,,,,59.0
SK_profile575,SAGARDHWANI-2009,Output_NODPAC_Sagardhwani2009,6.xls,,SK,,,10.505,75.727,06-02-2009 13:40,,,,44.0
SK_profile576,SAGARDHWANI-2009,Output_NODPAC_Sagardhwani2009,6.xls,,SK,,,10.519,75.799,06-02-2009 14:20,,,,37.0
SK_profile577,SAGARDHWANI-2009,Output_NODPAC_Sagardhwani2009,6.xls,,SK,,,10.007,76.003,06-02-2009 17:40,,,,31.0
SK_profile578,SAGARDHWANI-2009,Output_NODPAC_Sagardhwani2009,6.xls,,SK,,,10.004,75.929,06-02-2009 18:20,,,,39.0
SK_profile579,SAGARDHWANI-2009,Output_NODPAC_Sagardhwani2009,6.xls,,SK,,,10.004,75.85,06-02-2009 00:00,,,,38.0
SK_profile580,SAGARDHWANI-2009,Output_NODPAC_Sagardhwani2009,6.xls,,SK,,,10.01,75.766,06-02-2009 19:40,,,,62.0
SK_profile581,SAGARDHWANI-2009,Output_NODPAC_Sagardhwani2009,6.xls,,SK,,,10.053,75.614,06-02-2009 20:50,,,,262.0
SK_profile582,SAGARDHWANI-2009,Output_NODPAC_Sagardhwani2009,6.xls,,SK,,,10.003,75.578,06-02-2009 21:40,,,,321.0
SK_profile583,SAGARDHWANI-2009,Output_NODPAC_Sagardhwani2009,6.xls,,SK,,,10.012,75.351,06-02-2009 23:10,,,,556.0
SK_profile584,SAGARDHWANI-2009,Output_NODPAC_Sagardhwani2009,6.xls,,SK,,,10.023,75.085,07-02-2009 01:10,,,,1002.0
SK_profile585,SAGARDHWANI-2009,Output_NODPAC_Sagardhwani2009,6.xls,,SK,,,9.983,74.747,07-02-2009 04:40,,,,976.0
SK_profile586,SAGARDHWANI-2009,Output_NODPAC_Sagardhwani2009,6.xls,,SK,,,9.992,74.595,07-02-2009 06:30,,,,971.0
SK_profile587,SAGARDHWANI-2009,Output_NODPAC_Sagardhwani2009,6.xls,,SK,,,9.996,74.35,07-02-2009 08:50,,,,665.0
SK_profile588,SAGARDHWANI-2009,Output_NODPAC_Sagardhwani2009,6.xls,,SK,,,9.997,74.101,07-02-2009 11:10,,,,470.0
SK_profile589,SAGARDHWANI-2009,Output_NODPAC_Sagardhwani2009,6.xls,,SK,,,9.493,74.525,07-02-2009 15:10,,,,553.0
SK_profile590,SAGARDHWANI-2009,Output_NODPAC_Sagardhwani2009,6.xls,,SK,,,9.489,74.773,07-02-2009 17:10,,,,542.0
SK_profile591,SAGARDHWANI-2009,Output_NODPAC_Sagardhwani2009,6.xls,,SK,,,9.498,75.018,07-02-2009 19:10,,,,511.0
SK_profile592,SAGARDHWANI-2009,Output_NODPAC_Sagardhwani2009,6.xls,,SK,,,9.508,75.275,07-02-2009 21:00,,,,499.0
SK_profile593,SAGARDHWANI-2009,Output_NODPAC_Sagardhwani2009,6.xls,,SK,,,9.504,75.526,07-02-2009 11:20,,,,488.0
SK_profile594,SAGARDHWANI-2009,Output_NODPAC_Sagardhwani2009,6.xls,,SK,,,9.507,75.778,08-02-2009 01:20,,,,187.0
SK_profile595,SAGARDHWANI-2009,Output_NODPAC_Sagardhwani2009,6.xls,,SK,,,9.507,75.866,08-02-2009 02:10,,,,77.0
SK_profile596,SAGARDHWANI-2009,Output_NODPAC_Sagardhwani2009,6.xls,,SK,,,9.399,76.0,08-02-2009 03:00,,,,55.0
SK_profile597,SAGARDHWANI-2009,Output_NODPAC_Sagardhwani2009,6.xls,,SK,,,9.495,76.033,08-02-2009 03:50,,,,55.0
SK_profile598,SAGARDHWANI-2009,Output_NODPAC_Sagardhwani2009,6.xls,,SK,,,9.505,76.106,08-02-2009 04:40,,,,42.0
SK_profile599,SAGARDHWANI-2009,Output_NODPAC_Sagardhwani2009,6.xls,,SK,,,9.511,76.165,08-02-2009 05:00,,,,27.0
SK_profile600,SAGARDHWANI-2009,Output_NODPAC_Sagardhwani2009,6.xls,,SK,,,8.983,76.358,08-02-2009 08:30,,,,38.0
SK_profile601,SAGARDHWANI-2009,Output_NODPAC_Sagardhwani2009,6.xls,,SK,,,8.998,76.26,08-02-2009 09:20,,,,52.0
SK_profile602,SAGARDHWANI-2009,Output_NODPAC_Sagardhwani2009,6.xls,,SK,,,8.998,76.199,08-02-2009 09:50,,,,57.0
SK_profile603,SAGARDHWANI-2009,Output_NODPAC_Sagardhwani2009,6.xls,,SK,,,8.996,76.12,08-02-2009 10:30,,,,59.0
SK_profile604,SAGARDHWANI-2009,Output_NODPAC_Sagardhwani2009,6.xls,,SK,,,8.995,76.354,08-02-2009 11:00,,,,71.0
SK_profile605,SAGARDHWANI-2009,Output_NODPAC_Sagardhwani2009,6.xls,,SK,,,9.001,75.885,08-02-2009 12:10,,,,239.0
SK_profile606,SAGARDHWANI-2009,Output_NODPAC_Sagardhwani2009,6.xls,,SK,,,9.006,75.696,08-02-2009 13:30,,,,285.0
SK_profile607,SAGARDHWANI-2009,Output_NODPAC_Sagardhwani2009,6.xls,,SK,,,9.002,75.451,08-02-2009 15:10,,,,510.0
SK_profile608,SAGARDHWANI-2009,Output_NODPAC_Sagardhwani2009,6.xls,,SK,,,9.002,75.201,08-02-2009 16:50,,,,506.0
SK_profile609,SAGARDHWANI-2009,Output_NODPAC_Sagardhwani2009,6.xls,,SK,,,8.998,74.951,08-02-2009 19:50,,,,535.0
SK_profile610,SAGARDHWANI-2009,Output_NODPAC_Sagardhwani2009,6.xls,,SK,,,8.995,74.741,08-02-2009 21:50,,,,435.0
SK_profile611,SAGARDHWANI-2009,Output_NODPAC_Sagardhwani2009,6.xls,,SK,,,8.496,75.166,09-02-2009 01:30,,,,507.0
SK_profile612,SAGARDHWANI-2009,Output_NODPAC_Sagardhwani2009,6.xls,,SK,,,8.5,75.332,09-02-2009 03:00,,,,532.0
SK_profile613,SAGARDHWANI-2009,Output_NODPAC_Sagardhwani2009,6.xls,,SK,,,8.502,75.584,09-02-2009 04:50,,,,461.0
SK_profile614,SAGARDHWANI-2009,Output_NODPAC_Sagardhwani2009,6.xls,,SK,,,8.509,75.827,09-02-2009 06:40,,,,420.0
SK_profile615,SAGARDHWANI-2009,Output_NODPAC_Sagardhwani2009,6.xls,,SK,,,8.493,76.079,09-02-2009 08:40,,,,468.0
SK_profile616,SAGARDHWANI-2009,Output_NODPAC_Sagardhwani2009,6.xls,,SK,,,8.485,76.338,09-02-2009 10:50,,,,246.0
SK_profile617,SAGARDHWANI-2009,Output_NODPAC_Sagardhwani2009,6.xls,,SK,,,8.498,76.424,09-02-2009 11:40,,,,115.0
SK_profile618,SAGARDHWANI-2009,Output_NODPAC_Sagardhwani2009,6.xls,,SK,,,8.497,76.504,09-02-2009 12:30,,,,73.0
SK_profile619,SAGARDHWANI-2009,Output_NODPAC_Sagardhwani2009,6.xls,,SK,,,8.494,76.582,09-02-2009 13:00,,,,67.0
SK_profile620,SAGARDHWANI-2009,Output_NODPAC_Sagardhwani2009,6.xls,,SK,,,8.497,76.673,09-02-2009 13:40,,,,57.0
SK_profile621,SAGARDHWANI-2009,Output_NODPAC_Sagardhwani2009,6.xls,,SK,,,8.499,76.734,09-02-2009 14:10,,,,51.0
SK_profile622,SAGARDHWANI-2009,Output_NODPAC_Sagardhwani2009,6.xls,,SK,,,10.2,75.133,05-02-2009 04:50,,,,501.0
SK_profile623,SAGARDHWANI-2009,Output_NODPAC_Sagardhwani2009,6.xls,,SK,,,10.5,75.8,31-03-2009 15:10,,,,32.0
SK_profile624,SAGARDHWANI-2009,Output_NODPAC_Sagardhwani2009,6.xls,,SK,,,10.5,75.72,31-03-2009 00:00,,,,43.0
SK_profile625,SAGARDHWANI-2009,Output_NODPAC_Sagardhwani2009,6.xls,,SK,,,10.5,75.64,31-03-2009 16:30,,,,54.0
SK_profile626,SAGARDHWANI-2009,Output_NODPAC_Sagardhwani2009,6.xls,,SK,,,10.5,75.55,31-03-2009 17:20,,,,75.0
SK_profile627,SAGARDHWANI-2009,Output_NODPAC_Sagardhwani2009,6.xls,,SK,,,10.5,75.47,31-03-2009 00:00,,,,115.0
SK_profile628,SAGARDHWANI-2009,Output_NODPAC_Sagardhwani2009,6.xls,,SK,,,10.5,75.38,31-03-2009 00:00,,,,156.0
SK_profile629,SAGARDHWANI-2009,Output_NODPAC_Sagardhwani2009,6.xls,,SK,,,10.5,75.14,31-03-2009 20:20,,,,508.0
SK_profile630,SAGARDHWANI-2009,Output_NODPAC_Sagardhwani2009,6.xls,,SK,,,10.5,74.89,31-03-2009 22:00,,,,513.0
SK_profile631,SAGARDHWANI-2009,Output_NODPAC_Sagardhwani2009,6.xls,,SK,,,10.5,74.64,31-03-2009 00:00,,,,508.0
SK_profile632,SAGARDHWANI-2009,Output_NODPAC_Sagardhwani2009,6.xls,,SK,,,10.5,74.38,01-04-2009 00:00,,,,512.0
SK_profile633,SAGARDHWANI-2009,Output_NODPAC_Sagardhwani2009,6.xls,,SK,,,10.5,74.13,01-04-2009 00:00,,,,512.0
SK_profile634,SAGARDHWANI-2009,Output_NODPAC_Sagardhwani2009,6.xls,,SK,,,10.5,73.89,01-04-2009 05:40,,,,507.0
SK_profile635,SAGARDHWANI-2009,Output_NODPAC_Sagardhwani2009,6.xls,,SK,,,10.0,74.1,01-04-2009 09:00,,,,506.0
SK_profile636,SAGARDHWANI-2009,Output_NODPAC_Sagardhwani2009,6.xls,,SK,,,10.0,74.35,01-04-2009 00:00,,,,511.0
SK_profile637,SAGARDHWANI-2009,Output_NODPAC_Sagardhwani2009,6.xls,,SK,,,10.0,74.6,01-04-2009 00:00,,,,496.0
SK_profile638,SAGARDHWANI-2009,Output_NODPAC_Sagardhwani2009,6.xls,,SK,,,10.0,74.85,01-04-2009 14:50,,,,506.0
SK_profile639,SAGARDHWANI-2009,Output_NODPAC_Sagardhwani2009,6.xls,,SK,,,10.0,75.1,01-04-2009 16:50,,,,509.0
SK_profile640,SAGARDHWANI-2009,Output_NODPAC_Sagardhwani2009,6.xls,,SK,,,10.0,75.35,01-04-2009 18:40,,,,508.0
SK_profile641,SAGARDHWANI-2009,Output_NODPAC_Sagardhwani2009,6.xls,,SK,,,10.0,75.6,01-04-2009 00:00,,,,142.0
SK_profile642,SAGARDHWANI-2009,Output_NODPAC_Sagardhwani2009,6.xls,,SK,,,10.0,75.7,01-04-2009 22:00,,,,64.0
SK_profile643,SAGARDHWANI-2009,Output_NODPAC_Sagardhwani2009,6.xls,,SK,,,10.0,75.76,01-04-2009 00:00,,,,54.0
SK_profile644,SAGARDHWANI-2009,Output_NODPAC_Sagardhwani2009,6.xls,,SK,,,10.0,75.85,01-04-2009 23:40,,,,39.0
SK_profile645,SAGARDHWANI-2009,Output_NODPAC_Sagardhwani2009,6.xls,,SK,,,10.0,75.93,02-04-2009 00:10,,,,33.0
SK_profile646,SAGARDHWANI-2009,Output_NODPAC_Sagardhwani2009,6.xls,,SK,,,10.0,76.0,02-04-2009 00:00,,,,29.0
SK_profile647,SAGARDHWANI-2009,Output_NODPAC_Sagardhwani2009,6.xls,,SK,,,9.5,76.15,02-04-2009 03:50,,,,24.0
SK_profile648,SAGARDHWANI-2009,Output_NODPAC_Sagardhwani2009,6.xls,,SK,,,9.5,76.03,02-04-2009 04:40,,,,49.0
SK_profile649,SAGARDHWANI-2009,Output_NODPAC_Sagardhwani2009,6.xls,,SK,,,9.5,75.95,02-04-2009 05:00,,,,53.0
SK_profile650,SAGARDHWANI-2009,Output_NODPAC_Sagardhwani2009,6.xls,,SK,,,9.5,75.86,02-04-2009 00:00,,,,86.0
SK_profile651,SAGARDHWANI-2009,Output_NODPAC_Sagardhwani2009,6.xls,,SK,,,9.5,75.78,02-04-2009 06:30,,,,166.0
SK_profile652,SAGARDHWANI-2009,Output_NODPAC_Sagardhwani2009,6.xls,,SK,,,9.5,75.53,02-04-2009 08:40,,,,483.0
SK_profile653,SAGARDHWANI-2009,Output_NODPAC_Sagardhwani2009,6.xls,,SK,,,9.5,75.28,02-04-2009 10:40,,,,461.0
SK_profile654,SAGARDHWANI-2009,Output_NODPAC_Sagardhwani2009,6.xls,,SK,,,9.5,75.03,02-04-2009 12:20,,,,471.0
SK_profile655,SAGARDHWANI-2009,Output_NODPAC_Sagardhwani2009,6.xls,,SK,,,9.5,74.78,02-04-2009 00:00,,,,500.0
SK_profile656,SAGARDHWANI-2009,Output_NODPAC_Sagardhwani2009,6.xls,,SK,,,9.5,74.53,02-04-2009 00:00,,,,483.0
SK_profile657,SAGARDHWANI-2009,Output_NODPAC_Sagardhwani2009,6.xls,,SK,,,9.5,74.28,02-04-2009 17:40,,,,476.0
SK_profile658,SAGARDHWANI-2009,Output_NODPAC_Sagardhwani2009,6.xls,,SK,,,9.0,74.45,02-04-2009 20:50,,,,496.0
SK_profile659,SAGARDHWANI-2009,Output_NODPAC_Sagardhwani2009,7.xls,,SK,,,9.0,74.7,02-04-2009 22:30,,,,499.0
SK_profile660,SAGARDHWANI-2009,Output_NODPAC_Sagardhwani2009,7.xls,,SK,,,9.0,74.95,03-04-2009 04:00,,,,503.0
SK_profile661,SAGARDHWANI-2009,Output_NODPAC_Sagardhwani2009,7.xls,,SK,,,9.0,75.2,03-04-2009 00:00,,,,491.0
SK_profile662,SAGARDHWANI-2009,Output_NODPAC_Sagardhwani2009,7.xls,,SK,,,9.0,75.45,03-04-2009 00:00,,,,503.0
SK_profile663,SAGARDHWANI-2009,Output_NODPAC_Sagardhwani2009,7.xls,,SK,,,9.0,75.7,03-04-2009 00:00,,,,298.0
SK_profile664,SAGARDHWANI-2009,Output_NODPAC_Sagardhwani2009,7.xls,,SK,,,9.0,75.95,03-04-2009 00:00,,,,147.0
SK_profile665,SAGARDHWANI-2009,Output_NODPAC_Sagardhwani2009,7.xls,,SK,,,9.0,76.04,03-04-2009 00:00,,,,59.0
SK_profile666,SAGARDHWANI-2009,Output_NODPAC_Sagardhwani2009,7.xls,,SK,,,9.0,76.12,03-04-2009 09:10,,,,42.0
SK_profile667,SAGARDHWANI-2009,Output_NODPAC_Sagardhwani2009,7.xls,,SK,,,9.0,76.2,03-04-2009 00:00,,,,38.0
SK_profile668,SAGARDHWANI-2009,Output_NODPAC_Sagardhwani2009,7.xls,,SK,,,9.0,76.29,03-04-2009 10:50,,,,37.0
SK_profile669,SAGARDHWANI-2009,Output_NODPAC_Sagardhwani2009,7.xls,,SK,,,9.0,76.355,03-04-2009 11:20,,,,24.0
SK_profile670,SAGARDHWANI-2009,Output_NODPAC_Sagardhwani2009,7.xls,,SK,,,8.5,76.67,03-04-2009 00:00,,,,41.0
SK_profile671,SAGARDHWANI-2009,Output_NODPAC_Sagardhwani2009,7.xls,,SK,,,8.5,76.58,03-04-2009 15:20,,,,51.0
SK_profile672,SAGARDHWANI-2009,Output_NODPAC_Sagardhwani2009,7.xls,,SK,,,8.5,76.5,03-04-2009 00:00,,,,50.0
SK_profile673,SAGARDHWANI-2009,Output_NODPAC_Sagardhwani2009,7.xls,,SK,,,8.5,76.42,03-04-2009 16:30,,,,101.0
SK_profile674,SAGARDHWANI-2009,Output_NODPAC_Sagardhwani2009,7.xls,,SK,,,8.5,76.33,03-04-2009 17:00,,,,193.0
SK_profile675,SAGARDHWANI-2009,Output_NODPAC_Sagardhwani2009,7.xls,,SK,,,8.5,76.08,03-04-2009 18:40,,,,490.0
SK_profile676,SAGARDHWANI-2009,Output_NODPAC_Sagardhwani2009,7.xls,,SK,,,8.5,75.83,03-04-2009 20:00,,,,500.0
SK_profile677,SAGARDHWANI-2009,Output_NODPAC_Sagardhwani2009,7.xls,,SK,,,8.5,75.58,03-04-2009 00:00,,,,498.0
SK_profile678,SAGARDHWANI-2009,Output_NODPAC_Sagardhwani2009,7.xls,,SK,,,8.5,75.33,03-04-2009 23:20,,,,503.0
SK_profile679,SAGARDHWANI-2009,Output_NODPAC_Sagardhwani2009,7.xls,,SK,,,8.5,75.08,04-04-2009 00:00,,,,496.0
SK_profile680,SAGARDHWANI-2009,Output_NODPAC_Sagardhwani2009,7.xls,,SK,,,8.5,74.83,04-04-2009 00:00,,,,493.0
SK_profile681,SAGARDHWANI-2009,Output_NODPAC_Sagardhwani2009,7.xls,,SK,,,10.03,75.25,20-04-2009 17:00,,,,1001.0
SK_profile682,SAGARDHWANI-2009,Output_NODPAC_Sagardhwani2009,7.xls,,SK,,,10.1,75.12,21-04-2009 08:40,,,,1001.0
SK_profile683,SAGARDHWANI-2009,Output_NODPAC_Sagardhwani2009,7.xls,,SK,,,10.25,75.016,21-04-2009 13:40,,,,1001.0
SK_profile684,SAGARDHWANI-2009,Output_NODPAC_Sagardhwani2009,7.xls,,SK,,,10.03,74.76,22-04-2009 13:40,,,,1001.0
SK_profile685,SAGARDHWANI-2009,Output_NODPAC_Sagardhwani2009,7.xls,,SK,,,10.16,75.08,23-04-2009 00:00,,,,1001.0
SK_profile686,SAGARDHWANI-2009,Output_NODPAC_Sagardhwani2009,7.xls,,SK,,,10.0,75.24,19-05-2009 20:40,,,,341.0
SK_profile687,SAGARDHWANI-2009,Output_NODPAC_Sagardhwani2009,7.xls,,SK,,,10.0,75.17,19-05-2009 21:40,,,,314.0
SK_profile688,SAGARDHWANI-2009,Output_NODPAC_Sagardhwani2009,7.xls,,SK,,,9.99,75.08,19-05-2009 22:40,,,,300.0
SK_profile689,SAGARDHWANI-2009,Output_NODPAC_Sagardhwani2009,7.xls,,SK,,,9.99,75.0,19-05-2009 23:50,,,,299.0
SK_profile690,SAGARDHWANI-2009,Output_NODPAC_Sagardhwani2009,7.xls,,SK,,,10.0,74.92,20-05-2009 01:00,,,,298.0
SK_profile691,SAGARDHWANI-2009,Output_NODPAC_Sagardhwani2009,7.xls,,SK,,,10.0,74.83,20-05-2009 02:20,,,,286.0
SK_profile692,SAGARDHWANI-2009,Output_NODPAC_Sagardhwani2009,7.xls,,SK,,,10.0,74.75,20-05-2009 03:20,,,,328.0
SK_profile693,SAGARDHWANI-2009,Output_NODPAC_Sagardhwani2009,7.xls,,SK,,,10.09,74.76,20-05-2009 04:40,,,,312.0
SK_profile694,SAGARDHWANI-2009,Output_NODPAC_Sagardhwani2009,7.xls,,SK,,,10.08,74.83,20-05-2009 05:30,,,,333.0
SK_profile695,SAGARDHWANI-2009,Output_NODPAC_Sagardhwani2009,7.xls,,SK,,,10.08,74.92,20-05-2009 06:20,,,,305.0
SK_profile696,SAGARDHWANI-2009,Output_NODPAC_Sagardhwani2009,7.xls,,SK,,,10.08,75.0,20-05-2009 07:20,,,,281.0
SK_profile697,SAGARDHWANI-2009,Output_NODPAC_Sagardhwani2009,7.xls,,SK,,,10.04,75.05,20-05-2009 08:10,,,,296.0
SK_profile698,SAGARDHWANI-2009,Output_NODPAC_Sagardhwani2009,7.xls,,SK,,,10.08,75.17,20-05-2009 09:10,,,,261.0
SK_profile699,SAGARDHWANI-2009,Output_NODPAC_Sagardhwani2009,7.xls,,SK,,,10.08,75.25,20-05-2009 00:00,,,,290.0
SK_profile700,SAGARDHWANI-2009,Output_NODPAC_Sagardhwani2009,7.xls,,SK,,,10.16,75.25,20-05-2009 11:00,,,,279.0
SK_profile701,SAGARDHWANI-2009,Output_NODPAC_Sagardhwani2009,7.xls,,SK,,,10.16,75.17,20-05-2009 11:50,,,,334.0
SK_profile702,SAGARDHWANI-2009,Output_NODPAC_Sagardhwani2009,7.xls,,SK,,,10.17,75.08,20-05-2009 12:40,,,,352.0
SK_profile703,SAGARDHWANI-2009,Output_NODPAC_Sagardhwani2009,7.xls,,SK,,,10.17,75.31,20-05-2009 00:00,,,,291.0
SK_profile704,SAGARDHWANI-2009,Output_NODPAC_Sagardhwani2009,7.xls,,SK,,,10.17,74.92,20-05-2009 00:00,,,,329.0
SK_profile705,SAGARDHWANI-2009,Output_NODPAC_Sagardhwani2009,7.xls,,SK,,,10.16,74.84,20-05-2009 16:00,,,,353.0
SK_profile706,SAGARDHWANI-2009,Output_NODPAC_Sagardhwani2009,7.xls,,SK,,,10.17,74.79,20-05-2009 16:50,,,,379.0
SK_profile707,SAGARDHWANI-2009,Output_NODPAC_Sagardhwani2009,7.xls,,SK,,,10.25,74.75,20-05-2009 17:50,,,,343.0
SK_profile708,SAGARDHWANI-2009,Output_NODPAC_Sagardhwani2009,7.xls,,SK,,,10.25,74.83,20-05-2009 18:40,,,,370.0
SK_profile709,SAGARDHWANI-2009,Output_NODPAC_Sagardhwani2009,7.xls,,SK,,,10.25,74.91,20-05-2009 19:30,,,,369.0
SK_profile710,SAGARDHWANI-2009,Output_NODPAC_Sagardhwani2009,7.xls,,SK,,,10.25,75.02,20-05-2009 20:30,,,,359.0
SK_profile711,SAGARDHWANI-2009,Output_NODPAC_Sagardhwani2009,7.xls,,SK,,,10.25,75.09,20-05-2009 21:00,,,,382.0
SK_profile712,SAGARDHWANI-2009,Output_NODPAC_Sagardhwani2009,7.xls,,SK,,,9.25,76.0,21-05-2009 05:30,,,,64.0
SK_profile713,SAGARDHWANI-2009,Output_NODPAC_Sagardhwani2009,7.xls,,SK,,,9.25,76.08,21-05-2009 06:09,,,,55.0
SK_profile714,SAGARDHWANI-2009,Output_NODPAC_Sagardhwani2009,7.xls,,SK,,,9.25,76.17,21-05-2009 06:53,,,,46.0
SK_profile715,SAGARDHWANI-2009,Output_NODPAC_Sagardhwani2009,7.xls,,SK,,,9.25,76.24,21-05-2009 07:30,,,,31.0
SK_profile716,SAGARDHWANI-2009,Output_NODPAC_Sagardhwani2009,7.xls,,SK,,,9.19,76.25,21-05-2009 08:20,,,,40.0
SK_profile717,SAGARDHWANI-2009,Output_NODPAC_Sagardhwani2009,7.xls,,SK,,,9.17,76.17,21-05-2009 09:10,,,,48.0
SK_profile718,SAGARDHWANI-2009,Output_NODPAC_Sagardhwani2009,7.xls,,SK,,,9.17,76.08,21-05-2009 01:00,,,,53.0
SK_profile719,SAGARDHWANI-2009,Output_NODPAC_Sagardhwani2009,7.xls,,SK,,,9.17,76.0,21-05-2009 10:43,,,,75.0
SK_profile720,SAGARDHWANI-2009,Output_NODPAC_Sagardhwani2009,7.xls,,SK,,,9.09,76.02,21-05-2009 11:35,,,,79.0
SK_profile721,SAGARDHWANI-2009,Output_NODPAC_Sagardhwani2009,7.xls,,SK,,,9.08,76.08,21-05-2009 12:11,,,,57.0
SK_profile722,SAGARDHWANI-2009,Output_NODPAC_Sagardhwani2009,7.xls,,SK,,,9.08,76.17,21-05-2009 12:58,,,,51.0
SK_profile723,SAGARDHWANI-2009,Output_NODPAC_Sagardhwani2009,7.xls,,SK,,,9.08,76.25,21-05-2009 13:40,,,,48.0
SK_profile724,SAGARDHWANI-2009,Output_NODPAC_Sagardhwani2009,7.xls,,SK,,,9.0,76.25,21-05-2009 14:20,,,,47.0
SK_profile725,SAGARDHWANI-2009,Output_NODPAC_Sagardhwani2009,7.xls,,SK,,,9.0,76.17,21-05-2009 15:10,,,,56.0
SK_profile726,SAGARDHWANI-2009,Output_NODPAC_Sagardhwani2009,7.xls,,SK,,,9.0,76.09,21-05-2009 00:00,,,,64.0
SK_profile727,SAGARDHWANI-2009,Output_NODPAC_Sagardhwani2009,7.xls,,SK,,,9.0,76.02,21-05-2009 16:30,,,,82.0
SK_profile728,SAGARDHWANI-2009,Output_NODPAC_Sagardhwani2009,7.xls,,SK,,,8.5,74.83,01-06-2009 00:00,,,,480.0
SK_profile729,SAGARDHWANI-2009,Output_NODPAC_Sagardhwani2009,7.xls,,SK,,,8.5,75.08,01-06-2009 00:00,,,,473.0
SK_profile730,SAGARDHWANI-2009,Output_NODPAC_Sagardhwani2009,7.xls,,SK,,,8.5,75.33,02-06-2009 01:00,,,,472.0
SK_profile731,SAGARDHWANI-2009,Output_NODPAC_Sagardhwani2009,7.xls,,SK,,,8.5,75.58,02-06-2009 00:00,,,,472.0
SK_profile732,SAGARDHWANI-2009,Output_NODPAC_Sagardhwani2009,7.xls,,SK,,,8.5,75.83,02-06-2009 00:00,,,,484.0
SK_profile733,SAGARDHWANI-2009,Output_NODPAC_Sagardhwani2009,7.xls,,SK,,,8.5,76.08,02-06-2009 00:00,,,,448.0
SK_profile734,SAGARDHWANI-2009,Output_NODPAC_Sagardhwani2009,7.xls,,SK,,,8.5,76.33,02-06-2009 09:50,,,,152.0
SK_profile735,SAGARDHWANI-2009,Output_NODPAC_Sagardhwani2009,7.xls,,SK,,,8.5,76.42,02-06-2009 10:40,,,,105.0
SK_profile736,SAGARDHWANI-2009,Output_NODPAC_Sagardhwani2009,7.xls,,SK,,,8.5,76.5,02-06-2009 11:10,,,,64.0
SK_profile737,SAGARDHWANI-2009,Output_NODPAC_Sagardhwani2009,7.xls,,SK,,,8.5,76.58,02-06-2009 00:00,,,,55.0
SK_profile738,SAGARDHWANI-2009,Output_NODPAC_Sagardhwani2009,7.xls,,SK,,,8.5,76.67,02-06-2009 00:00,,,,50.0
SK_profile739,SAGARDHWANI-2009,Output_NODPAC_Sagardhwani2009,7.xls,,SK,,,8.5,76.75,02-06-2009 13:30,,,,47.0
SK_profile740,SAGARDHWANI-2009,Output_NODPAC_Sagardhwani2009,7.xls,,SK,,,9.0,76.37,02-06-2009 17:40,,,,28.0
SK_profile741,SAGARDHWANI-2009,Output_NODPAC_Sagardhwani2009,7.xls,,SK,,,9.0,76.29,02-06-2009 18:10,,,,43.0
SK_profile742,SAGARDHWANI-2009,Output_NODPAC_Sagardhwani2009,7.xls,,SK,,,9.0,76.2,02-06-2009 00:00,,,,48.0
SK_profile743,SAGARDHWANI-2009,Output_NODPAC_Sagardhwani2009,7.xls,,SK,,,9.0,76.12,02-06-2009 00:00,,,,52.0
SK_profile744,SAGARDHWANI-2009,Output_NODPAC_Sagardhwani2009,7.xls,,SK,,,9.0,76.04,02-06-2009 20:50,,,,72.0
SK_profile745,SAGARDHWANI-2009,Output_NODPAC_Sagardhwani2009,7.xls,,SK,,,9.0,75.95,02-06-2009 00:00,,,,173.0
SK_profile746,SAGARDHWANI-2009,Output_NODPAC_Sagardhwani2009,7.xls,,SK,,,9.0,75.7,02-06-2009 23:50,,,,320.0
SK_profile747,SAGARDHWANI-2009,Output_NODPAC_Sagardhwani2009,7.xls,,SK,,,9.0,75.45,03-06-2009 00:00,,,,460.0
SK_profile748,SAGARDHWANI-2009,Output_NODPAC_Sagardhwani2009,7.xls,,SK,,,9.0,75.2,03-06-2009 04:00,,,,489.0
SK_profile749,SAGARDHWANI-2009,Output_NODPAC_Sagardhwani2009,7.xls,,SK,,,9.0,74.95,03-06-2009 06:20,,,,474.0
SK_profile750,SAGARDHWANI-2009,Output_NODPAC_Sagardhwani2009,7.xls,,SK,,,9.0,74.7,03-06-2009 08:50,,,,447.0
SK_profile751,SAGARDHWANI-2009,Output_NODPAC_Sagardhwani2009,7.xls,,SK,,,9.0,74.45,03-06-2009 00:00,,,,477.0
SK_profile752,SAGARDHWANI-2009,Output_NODPAC_Sagardhwani2009,7.xls,,SK,,,9.5,74.28,03-06-2009 00:00,,,,486.0
SK_profile753,SAGARDHWANI-2009,Output_NODPAC_Sagardhwani2009,7.xls,,SK,,,9.5,74.53,03-06-2009 16:50,,,,470.0
SK_profile754,SAGARDHWANI-2009,Output_NODPAC_Sagardhwani2009,7.xls,,SK,,,9.5,74.78,03-06-2009 18:20,,,,479.0
SK_profile755,SAGARDHWANI-2009,Output_NODPAC_Sagardhwani2009,7.xls,,SK,,,9.5,75.03,03-06-2009 20:00,,,,477.0
SK_profile756,SAGARDHWANI-2009,Output_NODPAC_Sagardhwani2009,7.xls,,SK,,,9.5,75.28,03-06-2009 00:00,,,,488.0
SK_profile757,SAGARDHWANI-2009,Output_NODPAC_Sagardhwani2009,7.xls,,SK,,,9.5,75.53,03-06-2009 23:50,,,,475.0
SK_profile758,SAGARDHWANI-2009,Output_NODPAC_Sagardhwani2009,7.xls,,SK,,,9.5,75.78,04-06-2009 01:00,,,,177.0
SK_profile759,SAGARDHWANI-2009,Output_NODPAC_Sagardhwani2009,7.xls,,SK,,,9.5,75.86,04-06-2009 00:00,,,,85.0
SK_profile760,SAGARDHWANI-2009,Output_NODPAC_Sagardhwani2009,7.xls,,SK,,,9.5,75.95,04-06-2009 02:30,,,,55.0
SK_profile761,SAGARDHWANI-2009,Output_NODPAC_Sagardhwani2009,7.xls,,SK,,,9.5,76.03,04-06-2009 00:00,,,,45.0
SK_profile762,SAGARDHWANI-2009,Output_NODPAC_Sagardhwani2009,7.xls,,SK,,,9.5,76.11,04-06-2009 03:50,,,,33.0
SK_profile763,SAGARDHWANI-2009,Output_NODPAC_Sagardhwani2009,7.xls,,SK,,,9.5,76.2,04-06-2009 00:00,,,,24.0
SK_profile764,SAGARDHWANI-2009,Output_NODPAC_Sagardhwani2009,7.xls,,SK,,,10.0,76.01,04-06-2009 00:00,,,,24.0
SK_profile765,SAGARDHWANI-2009,Output_NODPAC_Sagardhwani2009,7.xls,,SK,,,10.0,75.92,04-06-2009 07:40,,,,29.0
SK_profile766,SAGARDHWANI-2009,Output_NODPAC_Sagardhwani2009,7.xls,,SK,,,10.0,75.85,04-06-2009 00:00,,,,44.0
SK_profile767,SAGARDHWANI-2009,Output_NODPAC_Sagardhwani2009,7.xls,,SK,,,10.0,75.75,04-06-2009 00:00,,,,55.0
SK_profile768,SAGARDHWANI-2009,Output_NODPAC_Sagardhwani2009,7.xls,,SK,,,10.0,75.67,04-06-2009 09:10,,,,74.0
SK_profile769,SAGARDHWANI-2009,Output_NODPAC_Sagardhwani2009,7.xls,,SK,,,10.0,75.59,04-06-2009 00:00,,,,65.0
SK_profile770,SAGARDHWANI-2009,Output_NODPAC_Sagardhwani2009,7.xls,,SK,,,10.0,75.35,04-06-2009 11:50,,,,504.0
SK_profile771,SAGARDHWANI-2009,Output_NODPAC_Sagardhwani2009,7.xls,,SK,,,10.0,75.1,04-06-2009 00:00,,,,487.0
SK_profile772,SAGARDHWANI-2009,Output_NODPAC_Sagardhwani2009,7.xls,,SK,,,10.0,74.85,04-06-2009 16:00,,,,395.0
SK_profile773,SAGARDHWANI-2009,Output_NODPAC_Sagardhwani2009,7.xls,,SK,,,10.0,74.6,04-06-2009 19:00,,,,1017.0
SK_profile774,SAGARDHWANI-2009,Output_NODPAC_Sagardhwani2009,7.xls,,SK,,,10.0,74.35,04-06-2009 21:40,,,,474.0
SK_profile775,SAGARDHWANI-2009,Output_NODPAC_Sagardhwani2009,7.xls,,SK,,,10.0,74.1,04-06-2009 00:00,,,,466.0
SK_profile776,SAGARDHWANI-2009,Output_NODPAC_Sagardhwani2009,7.xls,,SK,,,10.5,73.88,05-06-2009 03:00,,,,494.0
SK_profile777,SAGARDHWANI-2009,Output_NODPAC_Sagardhwani2009,7.xls,,SK,,,10.5,74.14,05-06-2009 00:00,,,,491.0
SK_profile778,SAGARDHWANI-2009,Output_NODPAC_Sagardhwani2009,7.xls,,SK,,,10.5,74.38,05-06-2009 07:40,,,,952.0
SK_profile779,SAGARDHWANI-2009,Output_NODPAC_Sagardhwani2009,7.xls,,SK,,,10.5,74.65,05-06-2009 00:00,,,,463.0
SK_profile780,SAGARDHWANI-2009,Output_NODPAC_Sagardhwani2009,7.xls,,SK,,,10.5,74.89,05-06-2009 00:00,,,,447.0
SK_profile781,SAGARDHWANI-2009,Output_NODPAC_Sagardhwani2009,7.xls,,SK,,,10.5,75.14,05-06-2009 16:50,,,,423.0
SK_profile782,SAGARDHWANI-2009,Output_NODPAC_Sagardhwani2009,7.xls,,SK,,,10.5,75.39,05-06-2009 18:00,,,,264.0
SK_profile783,SAGARDHWANI-2009,Output_NODPAC_Sagardhwani2009,7.xls,,SK,,,10.5,75.47,05-06-2009 00:00,,,,108.0
SK_profile784,SAGARDHWANI-2009,Output_NODPAC_Sagardhwani2009,7.xls,,SK,,,10.5,75.55,05-06-2009 19:50,,,,73.0
SK_profile785,SAGARDHWANI-2009,Output_NODPAC_Sagardhwani2009,7.xls,,SK,,,10.5,75.63,05-06-2009 20:20,,,,51.0
SK_profile786,SAGARDHWANI-2009,Output_NODPAC_Sagardhwani2009,7.xls,,SK,,,10.5,75.72,05-06-2009 00:00,,,,40.0
SK_profile787,SAGARDHWANI-2009,Output_NODPAC_Sagardhwani2009,7.xls,,SK,,,10.5,75.79,05-06-2009 21:50,,,,30.0
SK_profile788,SAGARDHWANI-2009,Output_NODPAC_Sagardhwani2009,7.xls,,SK,,,8.5,74.83,08-07-2009 02:50,,,,497.0
SK_profile789,SAGARDHWANI-2009,Output_NODPAC_Sagardhwani2009,7.xls,,SK,,,8.5,75.08,08-07-2009 04:30,,,,492.0
SK_profile790,SAGARDHWANI-2009,Output_NODPAC_Sagardhwani2009,7.xls,,SK,,,8.5,75.33,08-07-2009 06:30,,,,491.0
SK_profile791,SAGARDHWANI-2009,Output_NODPAC_Sagardhwani2009,7.xls,,SK,,,8.5,75.63,08-07-2009 00:00,,,,513.0
SK_profile792,SAGARDHWANI-2009,Output_NODPAC_Sagardhwani2009,7.xls,,SK,,,8.5,75.83,08-07-2009 11:00,,,,504.0
SK_profile793,SAGARDHWANI-2009,Output_NODPAC_Sagardhwani2009,7.xls,,SK,,,8.5,76.08,08-07-2009 13:20,,,,497.0
SK_profile794,SAGARDHWANI-2009,Output_NODPAC_Sagardhwani2009,7.xls,,SK,,,8.5,76.33,08-07-2009 15:00,,,,229.0
SK_profile795,SAGARDHWANI-2009,Output_NODPAC_Sagardhwani2009,7.xls,,SK,,,8.5,76.42,08-07-2009 00:00,,,,112.0
SK_profile796,SAGARDHWANI-2009,Output_NODPAC_Sagardhwani2009,7.xls,,SK,,,8.5,76.5,08-07-2009 00:00,,,,65.0
SK_profile797,SAGARDHWANI-2009,Output_NODPAC_Sagardhwani2009,7.xls,,SK,,,8.5,76.58,08-07-2009 17:40,,,,57.0
SK_profile798,SAGARDHWANI-2009,Output_NODPAC_Sagardhwani2009,7.xls,,SK,,,8.5,76.67,08-07-2009 18:10,,,,51.0
SK_profile799,SAGARDHWANI-2009,Output_NODPAC_Sagardhwani2009,7.xls,,SK,,,8.5,76.71,08-07-2009 18:50,,,,45.0
SK_profile800,SAGARDHWANI-2009,Output_NODPAC_Sagardhwani2009,7.xls,,SK,,,9.0,76.34,08-07-2009 22:00,,,,36.0
SK_profile801,SAGARDHWANI-2009,Output_NODPAC_Sagardhwani2009,7.xls,,SK,,,9.0,76.29,08-07-2009 22:50,,,,41.0
SK_profile802,SAGARDHWANI-2009,Output_NODPAC_Sagardhwani2009,7.xls,,SK,,,9.0,76.2,08-07-2009 23:30,,,,51.0
SK_profile803,SAGARDHWANI-2009,Output_NODPAC_Sagardhwani2009,7.xls,,SK,,,9.0,76.11,08-07-2009 00:00,,,,51.0
SK_profile804,SAGARDHWANI-2009,Output_NODPAC_Sagardhwani2009,7.xls,,SK,,,9.0,76.04,09-07-2009 01:10,,,,77.0
SK_profile805,SAGARDHWANI-2009,Output_NODPAC_Sagardhwani2009,7.xls,,SK,,,9.0,75.95,09-07-2009 02:20,,,,153.0
SK_profile806,SAGARDHWANI-2009,Output_NODPAC_Sagardhwani2009,7.xls,,SK,,,9.0,75.7,09-07-2009 00:00,,,,237.0
SK_profile807,SAGARDHWANI-2009,Output_NODPAC_Sagardhwani2009,7.xls,,SK,,,9.0,75.45,09-07-2009 00:00,,,,420.0
SK_profile808,SAGARDHWANI-2009,Output_NODPAC_Sagardhwani2009,7.xls,,SK,,,9.0,75.2,09-07-2009 00:00,,,,394.0
SK_profile809,SAGARDHWANI-2009,Output_NODPAC_Sagardhwani2009,7.xls,,SK,,,9.0,74.96,09-07-2009 00:00,,,,372.0
SK_profile810,SAGARDHWANI-2009,Output_NODPAC_Sagardhwani2009,7.xls,,SK,,,9.0,74.79,09-07-2009 00:00,,,,344.0
SK_profile811,SAGARDHWANI-2009,Output_NODPAC_Sagardhwani2009,7.xls,,SK,,,9.5,74.44,09-07-2009 18:10,,,,434.0
SK_profile812,SAGARDHWANI-2009,Output_NODPAC_Sagardhwani2009,7.xls,,SK,,,9.5,74.53,09-07-2009 19:20,,,,406.0
SK_profile813,SAGARDHWANI-2009,Output_NODPAC_Sagardhwani2009,8.xls,,SK,,,9.5,74.78,09-07-2009 21:20,,,,450.0
SK_profile814,SAGARDHWANI-2009,Output_NODPAC_Sagardhwani2009,8.xls,,SK,,,9.5,75.03,09-07-2009 23:40,,,,503.0
SK_profile815,SAGARDHWANI-2009,Output_NODPAC_Sagardhwani2009,8.xls,,SK,,,9.5,75.28,10-07-2009 00:00,,,,497.0
SK_profile816,SAGARDHWANI-2009,Output_NODPAC_Sagardhwani2009,8.xls,,SK,,,9.5,75.52,10-07-2009 04:10,,,,491.0
SK_profile817,SAGARDHWANI-2009,Output_NODPAC_Sagardhwani2009,8.xls,,SK,,,9.5,75.77,10-07-2009 06:10,,,,173.0
SK_profile818,SAGARDHWANI-2009,Output_NODPAC_Sagardhwani2009,8.xls,,SK,,,9.5,75.86,10-07-2009 00:00,,,,85.0
SK_profile819,SAGARDHWANI-2009,Output_NODPAC_Sagardhwani2009,8.xls,,SK,,,9.5,75.95,10-07-2009 00:00,,,,55.0
SK_profile820,SAGARDHWANI-2009,Output_NODPAC_Sagardhwani2009,8.xls,,SK,,,9.5,76.03,10-07-2009 08:50,,,,45.0
SK_profile821,SAGARDHWANI-2009,Output_NODPAC_Sagardhwani2009,8.xls,,SK,,,9.5,76.11,10-07-2009 09:30,,,,34.0
SK_profile822,SAGARDHWANI-2009,Output_NODPAC_Sagardhwani2009,8.xls,,SK,,,9.5,76.16,10-07-2009 00:00,,,,22.0
SK_profile823,SAGARDHWANI-2009,Output_NODPAC_Sagardhwani2009,8.xls,,SK,,,10.0,75.99,10-07-2009 00:00,,,,25.0
SK_profile824,SAGARDHWANI-2009,Output_NODPAC_Sagardhwani2009,8.xls,,SK,,,10.0,75.93,10-07-2009 13:50,,,,37.0
SK_profile825,SAGARDHWANI-2009,Output_NODPAC_Sagardhwani2009,8.xls,,SK,,,10.0,75.85,10-07-2009 14:20,,,,45.0
SK_profile826,SAGARDHWANI-2009,Output_NODPAC_Sagardhwani2009,8.xls,,SK,,,10.0,75.76,10-07-2009 15:10,,,,60.0
SK_profile827,SAGARDHWANI-2009,Output_NODPAC_Sagardhwani2009,8.xls,,SK,,,10.0,75.68,10-07-2009 00:00,,,,76.0
SK_profile828,SAGARDHWANI-2009,Output_NODPAC_Sagardhwani2009,8.xls,,SK,,,10.0,75.6,10-07-2009 00:00,,,,165.0
SK_profile829,SAGARDHWANI-2009,Output_NODPAC_Sagardhwani2009,8.xls,,SK,,,10.0,75.35,10-07-2009 00:00,,,,502.0
SK_profile830,SAGARDHWANI-2009,Output_NODPAC_Sagardhwani2009,8.xls,,SK,,,10.0,75.1,10-07-2009 21:10,,,,487.0
SK_profile831,SAGARDHWANI-2009,Output_NODPAC_Sagardhwani2009,8.xls,,SK,,,10.0,74.91,10-07-2009 23:10,,,,500.0
SK_profile832,SAGARDHWANI-2009,Output_NODPAC_Sagardhwani2009,8.xls,,SK,,,10.0,74.6,11-07-2009 00:00,,,,476.0
SK_profile833,SAGARDHWANI-2009,Output_NODPAC_Sagardhwani2009,8.xls,,SK,,,10.0,74.35,11-07-2009 00:00,,,,463.0
SK_profile834,SAGARDHWANI-2009,Output_NODPAC_Sagardhwani2009,8.xls,,SK,,,10.0,74.17,11-07-2009 00:00,,,,479.0
SK_profile835,SAGARDHWANI-2009,Output_NODPAC_Sagardhwani2009,8.xls,,SK,,,10.5,73.91,11-07-2009 09:10,,,,464.0
SK_profile836,SAGARDHWANI-2009,Output_NODPAC_Sagardhwani2009,8.xls,,SK,,,10.5,74.14,11-07-2009 11:10,,,,434.0
SK_profile837,SAGARDHWANI-2009,Output_NODPAC_Sagardhwani2009,8.xls,,SK,,,10.5,74.39,11-07-2009 13:30,,,,480.0
SK_profile838,SAGARDHWANI-2009,Output_NODPAC_Sagardhwani2009,8.xls,,SK,,,10.5,74.64,11-07-2009 15:30,,,,449.0
SK_profile839,SAGARDHWANI-2009,Output_NODPAC_Sagardhwani2009,8.xls,,SK,,,10.5,74.89,11-07-2009 17:30,,,,458.0
SK_profile840,SAGARDHWANI-2009,Output_NODPAC_Sagardhwani2009,8.xls,,SK,,,10.5,75.15,11-07-2009 19:30,,,,486.0
SK_profile841,SAGARDHWANI-2009,Output_NODPAC_Sagardhwani2009,8.xls,,SK,,,10.5,75.39,11-07-2009 21:30,,,,350.0
SK_profile842,SAGARDHWANI-2009,Output_NODPAC_Sagardhwani2009,8.xls,,SK,,,10.5,75.47,11-07-2009 22:00,,,,117.0
SK_profile843,SAGARDHWANI-2009,Output_NODPAC_Sagardhwani2009,8.xls,,SK,,,10.5,75.55,11-07-2009 00:00,,,,76.0
SK_profile844,SAGARDHWANI-2009,Output_NODPAC_Sagardhwani2009,8.xls,,SK,,,10.5,75.64,11-07-2009 23:50,,,,56.0
SK_profile845,SAGARDHWANI-2009,Output_NODPAC_Sagardhwani2009,8.xls,,SK,,,10.5,75.71,12-07-2009 00:10,,,,46.0
SK_profile846,SAGARDHWANI-2009,Output_NODPAC_Sagardhwani2009,8.xls,,SK,,,10.5,75.76,12-07-2009 00:00,,,,39.0
SK_profile847,SAGARDHWANI-2009,Output_NODPAC_Sagardhwani2009,8.xls,,SK,,,14.244,74.268,14-07-2009 18:20,,,,26.0
SK_profile848,SAGARDHWANI-2009,Output_NODPAC_Sagardhwani2009,8.xls,,SK,,,14.174,74.115,14-07-2009 00:00,,,,42.0
SK_profile849,SAGARDHWANI-2009,Output_NODPAC_Sagardhwani2009,8.xls,,SK,,,14.102,73.963,14-07-2009 21:10,,,,52.0
SK_profile850,SAGARDHWANI-2009,Output_NODPAC_Sagardhwani2009,8.xls,,SK,,,14.03,73.805,14-07-2009 22:40,,,,62.0
SK_profile851,SAGARDHWANI-2009,Output_NODPAC_Sagardhwani2009,8.xls,,SK,,,13.955,73.649,14-07-2009 00:00,,,,73.0
SK_profile852,SAGARDHWANI-2009,Output_NODPAC_Sagardhwani2009,8.xls,,SK,,,13.885,73.497,15-07-2009 01:30,,,,103.0
SK_profile853,SAGARDHWANI-2009,Output_NODPAC_Sagardhwani2009,8.xls,,SK,,,13.815,73.344,15-07-2009 03:00,,,,182.0
SK_profile854,SAGARDHWANI-2009,Output_NODPAC_Sagardhwani2009,8.xls,,SK,,,14.415,74.024,15-07-2009 09:00,,,,45.0
SK_profile855,SAGARDHWANI-2009,Output_NODPAC_Sagardhwani2009,8.xls,,SK,,,14.476,74.157,15-07-2009 10:00,,,,25.0
SK_profile856,SAGARDHWANI-2009,Output_NODPAC_Sagardhwani2009,8.xls,,SK,,,14.7,74.043,15-07-2009 12:40,,,,24.0
SK_profile857,SAGARDHWANI-2009,Output_NODPAC_Sagardhwani2009,8.xls,,SK,,,14.12,73.42,15-07-2009 05:20,,,,161.0
SK_profile858,SAGARDHWANI-2009,Output_NODPAC_Sagardhwani2009,8.xls,,SK,,,14.18,73.58,15-07-2009 06:10,,,,98.0
SK_profile859,SAGARDHWANI-2009,Output_NODPAC_Sagardhwani2009,8.xls,,SK,,,14.26,73.7,15-07-2009 00:00,,,,74.0
SK_profile860,SAGARDHWANI-2009,Output_NODPAC_Sagardhwani2009,8.xls,,SK,,,14.33,73.87,15-07-2009 00:00,,,,61.0
SK_profile861,SAGARDHWANI-2009,Output_NODPAC_Sagardhwani2009,8.xls,,SK,,,9.249,75.998,18-08-2009 22:50,,,,65.0
SK_profile862,SAGARDHWANI-2009,Output_NODPAC_Sagardhwani2009,8.xls,,SK,,,9.249,76.079,18-08-2009 23:00,,,,55.0
SK_profile863,SAGARDHWANI-2009,Output_NODPAC_Sagardhwani2009,8.xls,,SK,,,9.252,76.164,18-08-2009 00:00,,,,40.0
SK_profile864,SAGARDHWANI-2009,Output_NODPAC_Sagardhwani2009,8.xls,,SK,,,9.249,76.245,19-08-2009 00:30,,,,25.0
SK_profile865,SAGARDHWANI-2009,Output_NODPAC_Sagardhwani2009,8.xls,,SK,,,9.169,76.25,19-08-2009 01:00,,,,27.0
SK_profile866,SAGARDHWANI-2009,Output_NODPAC_Sagardhwani2009,8.xls,,SK,,,9.169,76.161,19-08-2009 00:00,,,,43.0
SK_profile867,SAGARDHWANI-2009,Output_NODPAC_Sagardhwani2009,8.xls,,SK,,,9.165,76.079,19-08-2009 02:50,,,,48.0
SK_profile868,SAGARDHWANI-2009,Output_NODPAC_Sagardhwani2009,8.xls,,SK,,,9.167,75.997,19-08-2009 03:00,,,,71.0
SK_profile869,SAGARDHWANI-2009,Output_NODPAC_Sagardhwani2009,8.xls,,SK,,,9.079,76.01,19-08-2009 03:10,,,,69.0
SK_profile870,SAGARDHWANI-2009,Output_NODPAC_Sagardhwani2009,8.xls,,SK,,,9.084,76.084,19-08-2009 04:40,,,,56.0
SK_profile871,SAGARDHWANI-2009,Output_NODPAC_Sagardhwani2009,8.xls,,SK,,,9.083,76.168,19-08-2009 05:00,,,,51.0
SK_profile872,SAGARDHWANI-2009,Output_NODPAC_Sagardhwani2009,8.xls,,SK,,,9.082,76.249,19-08-2009 05:10,,,,46.0
SK_profile873,SAGARDHWANI-2009,Output_NODPAC_Sagardhwani2009,8.xls,,SK,,,9.001,76.248,19-08-2009 06:40,,,,46.0
SK_profile874,SAGARDHWANI-2009,Output_NODPAC_Sagardhwani2009,8.xls,,SK,,,9.0,76.165,19-08-2009 07:00,,,,51.0
SK_profile875,SAGARDHWANI-2009,Output_NODPAC_Sagardhwani2009,8.xls,,SK,,,9.001,76.082,19-08-2009 00:00,,,,52.0
SK_profile876,SAGARDHWANI-2009,Output_NODPAC_Sagardhwani2009,8.xls,,SK,,,9.004,76.014,19-08-2009 08:10,,,,84.0
SK_profile877,SAGARDHWANI-2009,Output_NODPAC_Sagardhwani2009,8.xls,,SK,,,10.247,75.248,17-08-2009 17:00,,,,520.0
SK_profile878,SAGARDHWANI-2009,Output_NODPAC_Sagardhwani2009,8.xls,,SK,,,10.248,75.164,17-08-2009 18:00,,,,531.0
SK_profile879,SAGARDHWANI-2009,Output_NODPAC_Sagardhwani2009,8.xls,,SK,,,10.25,75.082,17-08-2009 00:00,,,,477.0
SK_profile880,SAGARDHWANI-2009,Output_NODPAC_Sagardhwani2009,8.xls,,SK,,,10.249,74.999,17-08-2009 00:00,,,,468.0
SK_profile881,SAGARDHWANI-2009,Output_NODPAC_Sagardhwani2009,8.xls,,SK,,,10.251,74.918,17-08-2009 00:00,,,,468.0
SK_profile882,SAGARDHWANI-2009,Output_NODPAC_Sagardhwani2009,8.xls,,SK,,,10.243,74.839,17-08-2009 00:00,,,,384.0
SK_profile883,SAGARDHWANI-2009,Output_NODPAC_Sagardhwani2009,8.xls,,SK,,,10.246,74.795,17-08-2009 22:30,,,,435.0
SK_profile884,SAGARDHWANI-2009,Output_NODPAC_Sagardhwani2009,8.xls,,SK,,,10.176,74.799,17-08-2009 23:00,,,,347.0
SK_profile885,SAGARDHWANI-2009,Output_NODPAC_Sagardhwani2009,8.xls,,SK,,,10.165,74.836,17-08-2009 00:00,,,,428.0
SK_profile886,SAGARDHWANI-2009,Output_NODPAC_Sagardhwani2009,8.xls,,SK,,,10.171,74.916,18-08-2009 00:00,,,,525.0
SK_profile887,SAGARDHWANI-2009,Output_NODPAC_Sagardhwani2009,8.xls,,SK,,,10.167,74.999,18-08-2009 00:00,,,,594.0
SK_profile888,SAGARDHWANI-2009,Output_NODPAC_Sagardhwani2009,8.xls,,SK,,,10.178,75.087,18-08-2009 00:00,,,,595.0
SK_profile889,SAGARDHWANI-2009,Output_NODPAC_Sagardhwani2009,8.xls,,SK,,,10.166,75.166,18-08-2009 00:00,,,,598.0
SK_profile890,SAGARDHWANI-2009,Output_NODPAC_Sagardhwani2009,8.xls,,SK,,,10.165,75.214,18-08-2009 04:30,,,,482.0
SK_profile891,SAGARDHWANI-2009,Output_NODPAC_Sagardhwani2009,8.xls,,SK,,,10.079,75.21,18-08-2009 05:30,,,,412.0
SK_profile892,SAGARDHWANI-2009,Output_NODPAC_Sagardhwani2009,8.xls,,SK,,,10.083,75.163,18-08-2009 00:00,,,,483.0
SK_profile893,SAGARDHWANI-2009,Output_NODPAC_Sagardhwani2009,8.xls,,SK,,,10.083,75.083,18-08-2009 06:50,,,,431.0
SK_profile894,SAGARDHWANI-2009,Output_NODPAC_Sagardhwani2009,8.xls,,SK,,,10.083,75.001,18-08-2009 07:20,,,,538.0
SK_profile895,SAGARDHWANI-2009,Output_NODPAC_Sagardhwani2009,8.xls,,SK,,,10.083,74.915,18-08-2009 08:10,,,,550.0
SK_profile896,SAGARDHWANI-2009,Output_NODPAC_Sagardhwani2009,8.xls,,SK,,,10.084,74.829,18-08-2009 09:20,,,,544.0
SK_profile897,SAGARDHWANI-2009,Output_NODPAC_Sagardhwani2009,8.xls,,SK,,,10.083,74.783,18-08-2009 10:10,,,,468.0
SK_profile898,SAGARDHWANI-2009,Output_NODPAC_Sagardhwani2009,8.xls,,SK,,,9.999,74.79,18-08-2009 11:20,,,,423.0
SK_profile899,SAGARDHWANI-2009,Output_NODPAC_Sagardhwani2009,8.xls,,SK,,,10.0,74.835,18-08-2009 00:00,,,,440.0
SK_profile900,SAGARDHWANI-2009,Output_NODPAC_Sagardhwani2009,8.xls,,SK,,,10.003,74.918,18-08-2009 13:00,,,,476.0
SK_profile901,SAGARDHWANI-2009,Output_NODPAC_Sagardhwani2009,8.xls,,SK,,,10.0,75.002,18-08-2009 00:00,,,,480.0
SK_profile902,SAGARDHWANI-2009,Output_NODPAC_Sagardhwani2009,8.xls,,SK,,,10.001,75.085,18-08-2009 00:00,,,,500.0
SK_profile903,SAGARDHWANI-2009,Output_NODPAC_Sagardhwani2009,8.xls,,SK,,,9.999,75.165,18-08-2009 00:00,,,,500.0
SK_profile904,SAGARDHWANI-2009,Output_NODPAC_Sagardhwani2009,8.xls,,SK,,,10.002,75.259,18-08-2009 00:00,,,,498.0
SK_profile905,SAGARDHWANI-2009,Output_NODPAC_Sagardhwani2009,8.xls,,SK,,,9.125,76.125,19-08-2009 10:00,,,,56.0
SK_profile906,SAGARDHWANI-2009,Output_NODPAC_Sagardhwani2009,8.xls,,SK,,,9.125,76.125,19-08-2009 11:00,,,,55.0
SK_profile907,SAGARDHWANI-2009,Output_NODPAC_Sagardhwani2009,8.xls,,SK,,,9.125,76.125,19-08-2009 12:00,,,,56.0
SK_profile908,SAGARDHWANI-2009,Output_NODPAC_Sagardhwani2009,8.xls,,SK,,,9.125,76.125,19-08-2009 13:00,,,,56.0
SK_profile909,SAGARDHWANI-2009,Output_NODPAC_Sagardhwani2009,8.xls,,SK,,,9.125,76.125,19-08-2009 14:00,,,,55.0
SK_profile910,SAGARDHWANI-2009,Output_NODPAC_Sagardhwani2009,8.xls,,SK,,,9.125,76.125,19-08-2009 15:00,,,,55.0
SK_profile911,SAGARDHWANI-2009,Output_NODPAC_Sagardhwani2009,8.xls,,SK,,,9.125,76.125,19-08-2009 16:00,,,,55.0
SK_profile912,SAGARDHWANI-2009,Output_NODPAC_Sagardhwani2009,8.xls,,SK,,,9.125,76.125,19-08-2009 17:00,,,,55.0
SK_profile913,SAGARDHWANI-2009,Output_NODPAC_Sagardhwani2009,8.xls,,SK,,,9.125,76.125,19-08-2009 18:00,,,,55.0
SK_profile914,SAGARDHWANI-2009,Output_NODPAC_Sagardhwani2009,8.xls,,SK,,,9.125,76.125,19-08-2009 19:00,,,,55.0
SK_profile915,SAGARDHWANI-2009,Output_NODPAC_Sagardhwani2009,8.xls,,SK,,,9.125,76.125,19-08-2009 20:00,,,,55.0
SK_profile916,SAGARDHWANI-2009,Output_NODPAC_Sagardhwani2009,8.xls,,SK,,,9.125,76.125,19-08-2009 21:00,,,,56.0
SK_profile917,SAGARDHWANI-2009,Output_NODPAC_Sagardhwani2009,8.xls,,SK,,,9.125,76.125,19-08-2009 22:00,,,,56.0
SK_profile918,SAGARDHWANI-2009,Output_NODPAC_Sagardhwani2009,8.xls,,SK,,,9.125,76.125,19-08-2009 23:00,,,,56.0
SK_profile919,SAGARDHWANI-2009,Output_NODPAC_Sagardhwani2009,8.xls,,SK,,,9.125,76.125,20-08-2009 00:00,,,,56.0
SK_profile920,SAGARDHWANI-2009,Output_NODPAC_Sagardhwani2009,8.xls,,SK,,,9.125,76.125,20-08-2009 01:00,,,,55.0
SK_profile921,SAGARDHWANI-2009,Output_NODPAC_Sagardhwani2009,8.xls,,SK,,,9.125,76.125,20-08-2009 02:00,,,,55.0
SK_profile922,SAGARDHWANI-2009,Output_NODPAC_Sagardhwani2009,8.xls,,SK,,,9.125,76.125,20-08-2009 03:00,,,,55.0
SK_profile923,SAGARDHWANI-2009,Output_NODPAC_Sagardhwani2009,8.xls,,SK,,,9.125,76.125,20-08-2009 04:00,,,,55.0
SK_profile924,SAGARDHWANI-2009,Output_NODPAC_Sagardhwani2009,8.xls,,SK,,,9.125,76.125,20-08-2009 05:00,,,,52.0
SK_profile925,SAGARDHWANI-2009,Output_NODPAC_Sagardhwani2009,8.xls,,SK,,,9.125,76.125,20-08-2009 06:00,,,,54.0
SK_profile926,SAGARDHWANI-2009,Output_NODPAC_Sagardhwani2009,8.xls,,SK,,,9.125,76.125,20-08-2009 07:00,,,,55.0
SK_profile927,SAGARDHWANI-2009,Output_NODPAC_Sagardhwani2009,8.xls,,SK,,,9.125,76.125,20-08-2009 08:00,,,,55.0
SK_profile928,SAGARDHWANI-2009,Output_NODPAC_Sagardhwani2009,8.xls,,SK,,,9.125,76.125,20-08-2009 09:00,,,,55.0
SK_profile929,SAGARDHWANI-2009,Output_NODPAC_Sagardhwani2009,8.xls,,SK,,,9.125,76.125,20-08-2009 10:00,,,,55.0
SK_profile930,SAGARDHWANI-2009,Output_NODPAC_Sagardhwani2009,8.xls,,SK,,,9.125,76.125,20-08-2009 11:00,,,,56.0
SK_profile931,SAGARDHWANI-2009,Output_NODPAC_Sagardhwani2009,8.xls,,SK,,,9.125,76.125,20-08-2009 12:00,,,,56.0
SK_profile932,SAGARDHWANI-2009,Output_NODPAC_Sagardhwani2009,8.xls,,SK,,,9.125,76.125,20-08-2009 13:00,,,,55.0
SK_profile933,SAGARDHWANI-2009,Output_NODPAC_Sagardhwani2009,8.xls,,SK,,,9.125,76.125,20-08-2009 14:00,,,,55.0
SK_profile934,SAGARDHWANI-2009,Output_NODPAC_Sagardhwani2009,8.xls,,SK,,,9.125,76.125,20-08-2009 15:00,,,,55.0
SK_profile935,SAGARDHWANI-2009,Output_NODPAC_Sagardhwani2009,8.xls,,SK,,,9.125,76.125,20-08-2009 16:00,,,,55.0
SK_profile936,SAGARDHWANI-2009,Output_NODPAC_Sagardhwani2009,8.xls,,SK,,,9.125,76.125,20-08-2009 17:00,,,,55.0
SK_profile937,SAGARDHWANI-2009,Output_NODPAC_Sagardhwani2009,8.xls,,SK,,,9.125,76.125,20-08-2009 18:00,,,,55.0
SK_profile938,SAGARDHWANI-2009,Output_NODPAC_Sagardhwani2009,8.xls,,SK,,,9.125,76.125,20-08-2009 19:00,,,,55.0
SK_profile939,SAGARDHWANI-2009,Output_NODPAC_Sagardhwani2009,8.xls,,SK,,,9.125,76.125,20-08-2009 20:00,,,,55.0
SK_profile940,SAGARDHWANI-2009,Output_NODPAC_Sagardhwani2009,8.xls,,SK,,,9.125,76.125,20-08-2009 21:00,,,,55.0
SK_profile941,SAGARDHWANI-2009,Output_NODPAC_Sagardhwani2009,8.xls,,SK,,,9.125,76.125,20-08-2009 22:00,,,,55.0
SK_profile942,SAGARDHWANI-2009,Output_NODPAC_Sagardhwani2009,8.xls,,SK,,,9.125,76.125,20-08-2009 23:00,,,,55.0
SK_profile943,SAGARDHWANI-2009,Output_NODPAC_Sagardhwani2009,8.xls,,SK,,,9.125,76.125,21-08-2009 00:00,,,,55.0
SK_profile944,SAGARDHWANI-2009,Output_NODPAC_Sagardhwani2009,8.xls,,SK,,,9.125,76.125,21-08-2009 01:00,,,,54.0
SK_profile945,SAGARDHWANI-2009,Output_NODPAC_Sagardhwani2009,8.xls,,SK,,,9.125,76.125,21-08-2009 02:00,,,,54.0
SK_profile946,SAGARDHWANI-2009,Output_NODPAC_Sagardhwani2009,8.xls,,SK,,,9.125,76.125,21-08-2009 03:00,,,,54.0
SK_profile947,SAGARDHWANI-2009,Output_NODPAC_Sagardhwani2009,8.xls,,SK,,,9.125,76.125,21-08-2009 04:00,,,,54.0
SK_profile948,SAGARDHWANI-2009,Output_NODPAC_Sagardhwani2009,8.xls,,SK,,,9.125,76.125,21-08-2009 05:00,,,,54.0
SK_profile949,SAGARDHWANI-2009,Output_NODPAC_Sagardhwani2009,8.xls,,SK,,,9.125,76.125,21-08-2009 06:00,,,,53.0
SK_profile950,SAGARDHWANI-2009,Output_NODPAC_Sagardhwani2009,8.xls,,SK,,,9.125,76.125,21-08-2009 07:00,,,,53.0
SK_profile951,SAGARDHWANI-2009,Output_NODPAC_Sagardhwani2009,8.xls,,SK,,,9.125,76.125,21-08-2009 08:00,,,,54.0
SK_profile952,SAGARDHWANI-2009,Output_NODPAC_Sagardhwani2009,8.xls,,SK,,,9.125,76.125,21-08-2009 09:00,,,,53.0
SK_profile953,SAGARDHWANI-2009,Output_NODPAC_Sagardhwani2009,8.xls,,SK,,,9.125,76.125,21-08-2009 10:00,,,,55.0
SK_profile954,SAGARDHWANI-2009,Output_NODPAC_Sagardhwani2009,8.xls,,SK,,,9.125,76.125,21-08-2009 11:00,,,,53.0
SK_profile955,SAGARDHWANI-2009,Output_NODPAC_Sagardhwani2009,8.xls,,SK,,,9.125,76.125,21-08-2009 12:00,,,,53.0
SK_profile956,SAGARDHWANI-2009,Output_NODPAC_Sagardhwani2009,8.xls,,SK,,,9.125,76.125,21-08-2009 13:00,,,,54.0
SK_profile957,SAGARDHWANI-2009,Output_NODPAC_Sagardhwani2009,8.xls,,SK,,,9.125,76.125,21-08-2009 14:00,,,,54.0
SK_profile958,SAGARDHWANI-2009,Output_NODPAC_Sagardhwani2009,8.xls,,SK,,,9.125,76.125,21-08-2009 15:00,,,,51.0
SK_profile959,SAGARDHWANI-2009,Output_NODPAC_Sagardhwani2009,8.xls,,SK,,,9.125,76.125,21-08-2009 16:00,,,,52.0
SK_profile960,SAGARDHWANI-2009,Output_NODPAC_Sagardhwani2009,8.xls,,SK,,,9.125,76.125,21-08-2009 17:00,,,,53.0
SK_profile961,SAGARDHWANI-2009,Output_NODPAC_Sagardhwani2009,8.xls,,SK,,,9.125,76.125,21-08-2009 18:00,,,,53.0
SK_profile962,SAGARDHWANI-2009,Output_NODPAC_Sagardhwani2009,8.xls,,SK,,,9.125,76.125,21-08-2009 19:00,,,,53.0
SK_profile963,SAGARDHWANI-2009,Output_NODPAC_Sagardhwani2009,8.xls,,SK,,,9.125,76.125,21-08-2009 20:00,,,,53.0
SK_profile964,SAGARDHWANI-2009,Output_NODPAC_Sagardhwani2009,8.xls,,SK,,,9.125,76.125,21-08-2009 21:00,,,,54.0
SK_profile965,SAGARDHWANI-2009,Output_NODPAC_Sagardhwani2009,8.xls,,SK,,,9.125,76.125,21-08-2009 22:00,,,,54.0
SK_profile966,SAGARDHWANI-2009,Output_NODPAC_Sagardhwani2009,8.xls,,SK,,,9.125,76.125,21-08-2009 23:00,,,,54.0
SK_profile967,SAGARDHWANI-2009,Output_NODPAC_Sagardhwani2009,8.xls,,SK,,,10.003,75.247,26-10-2009 00:00,,,,467.0
SK_profile968,SAGARDHWANI-2009,Output_NODPAC_Sagardhwani2009,8.xls,,SK,,,10.001,75.167,26-10-2009 00:00,,,,460.0
SK_profile969,SAGARDHWANI-2009,Output_NODPAC_Sagardhwani2009,8.xls,,SK,,,10.001,75.085,26-10-2009 00:00,,,,479.0
SK_profile970,SAGARDHWANI-2009,Output_NODPAC_Sagardhwani2009,8.xls,,SK,,,10.093,75.088,27-10-2009 00:00,,,,413.0
SK_profile971,SAGARDHWANI-2009,Output_NODPAC_Sagardhwani2009,8.xls,,SK,,,10.082,75.017,27-10-2009 00:00,,,,448.0
SK_profile972,SAGARDHWANI-2009,Output_NODPAC_Sagardhwani2009,8.xls,,SK,,,10.083,74.902,27-10-2009 00:00,,,,489.0
SK_profile973,SAGARDHWANI-2009,Output_NODPAC_Sagardhwani2009,8.xls,,SK,,,10.082,74.833,27-10-2009 00:00,,,,495.0
SK_profile974,SAGARDHWANI-2009,Output_NODPAC_Sagardhwani2009,8.xls,,SK,,,10.081,74.753,27-10-2009 00:00,,,,492.0
SK_profile975,SAGARDHWANI-2009,Output_NODPAC_Sagardhwani2009,8.xls,,SK,,,10.171,74.748,27-10-2009 12:30,,,,496.0
SK_profile976,SAGARDHWANI-2009,Output_NODPAC_Sagardhwani2009,8.xls,,SK,,,10.159,74.825,27-10-2009 00:00,,,,493.0
SK_profile977,SAGARDHWANI-2009,Output_NODPAC_Sagardhwani2009,8.xls,,SK,,,10.168,74.917,27-10-2009 00:00,,,,495.0
SK_profile978,SAGARDHWANI-2009,Output_NODPAC_Sagardhwani2009,8.xls,,SK,,,10.169,74.999,27-10-2009 15:30,,,,493.0
SK_profile979,SAGARDHWANI-2009,Output_NODPAC_Sagardhwani2009,8.xls,,SK,,,10.166,75.083,27-10-2009 16:50,,,,475.0
SK_profile980,SAGARDHWANI-2009,Output_NODPAC_Sagardhwani2009,8.xls,,SK,,,10.166,75.165,27-10-2009 00:00,,,,452.0
SK_profile981,SAGARDHWANI-2009,Output_NODPAC_Sagardhwani2009,8.xls,,SK,,,10.174,75.25,27-10-2009 00:00,,,,433.0
SK_profile982,SAGARDHWANI-2009,Output_NODPAC_Sagardhwani2009,8.xls,,SK,,,10.253,75.247,27-10-2009 19:40,,,,483.0
SK_profile983,SAGARDHWANI-2009,Output_NODPAC_Sagardhwani2009,8.xls,,SK,,,10.253,75.165,27-10-2009 20:40,,,,470.0
SK_profile984,SAGARDHWANI-2009,Output_NODPAC_Sagardhwani2009,8.xls,,SK,,,10.25,75.084,27-10-2009 21:30,,,,482.0
SK_profile985,SAGARDHWANI-2009,Output_NODPAC_Sagardhwani2009,8.xls,,SK,,,10.25,75.0,27-10-2009 22:40,,,,495.0
SK_profile986,SAGARDHWANI-2009,Output_NODPAC_Sagardhwani2009,8.xls,,SK,,,10.25,74.917,27-10-2009 23:40,,,,495.0
SK_profile987,SAGARDHWANI-2009,Output_NODPAC_Sagardhwani2009,8.xls,,SK,,,10.252,74.828,28-10-2009 00:40,,,,497.0
SK_profile988,SAGARDHWANI-2009,Output_NODPAC_Sagardhwani2009,8.xls,,SK,,,10.25,74.743,28-10-2009 01:50,,,,499.0
SK_profile989,SAGARDHWANI-2009,Output_NODPAC_Sagardhwani2009,8.xls,,SK,,,13.8,73.34,29-10-2009 00:00,,,,244.0
SK_profile990,SAGARDHWANI-2009,Output_NODPAC_Sagardhwani2009,8.xls,,SK,,,13.88,73.49,29-10-2009 00:00,,,,92.0
SK_profile991,SAGARDHWANI-2009,Output_NODPAC_Sagardhwani2009,8.xls,,SK,,,13.95,73.65,29-10-2009 00:00,,,,70.0
SK_profile992,SAGARDHWANI-2009,Output_NODPAC_Sagardhwani2009,8.xls,,SK,,,14.03,73.8,29-10-2009 00:00,,,,53.0
SK_profile993,SAGARDHWANI-2009,Output_NODPAC_Sagardhwani2009,8.xls,,SK,,,14.1,73.96,29-10-2009 00:00,,,,44.0
SK_profile994,SAGARDHWANI-2009,Output_NODPAC_Sagardhwani2009,8.xls,,SK,,,14.18,74.11,29-10-2009 10:10,,,,37.0
SK_profile995,SAGARDHWANI-2009,Output_NODPAC_Sagardhwani2009,8.xls,,SK,,,14.25,74.27,29-10-2009 11:40,,,,19.0
SK_profile996,SAGARDHWANI-2009,Output_NODPAC_Sagardhwani2009,8.xls,,SK,,,14.48,74.15,29-10-2009 13:00,,,,21.0
SK_profile997,SAGARDHWANI-2009,Output_NODPAC_Sagardhwani2009,8.xls,,SK,,,14.4,74.0,29-10-2009 14:10,,,,40.0
SK_profile998,SAGARDHWANI-2009,Output_NODPAC_Sagardhwani2009,8.xls,,SK,,,14.33,73.84,29-10-2009 15:30,,,,50.0
SK_profile999,SAGARDHWANI-2009,Output_NODPAC_Sagardhwani2009,8.xls,,SK,,,14.26,73.69,29-10-2009 16:50,,,,62.0
SK_profile1000,SAGARDHWANI-2009,Output_NODPAC_Sagardhwani2009,8.xls,,SK,,,14.18,73.54,29-10-2009 00:00,,,,80.0
SK_profile1001,SAGARDHWANI-2009,Output_NODPAC_Sagardhwani2009,8.xls,,SK,,,14.11,73.38,29-10-2009 19:00,,,,144.0
SK_profile1002,SAGARDHWANI-2009,Output_NODPAC_Sagardhwani2009,8.xls,,SK,,,14.04,73.23,29-10-2009 00:00,,,,482.0
SK_profile1003,SAGARDHWANI-2009,Output_NODPAC_Sagardhwani2009,8.xls,,SK,,,14.278,73.099,29-10-2009 00:00,,,,492.0
SK_profile1004,SAGARDHWANI-2009,Output_NODPAC_Sagardhwani2009,8.xls,,SK,,,14.335,73.262,30-10-2009 00:30,,,,150.0
SK_profile1005,SAGARDHWANI-2009,Output_NODPAC_Sagardhwani2009,8.xls,,SK,,,14.397,73.401,30-10-2009 00:00,,,,95.0
SK_profile1006,SAGARDHWANI-2009,Output_NODPAC_Sagardhwani2009,8.xls,,SK,,,14.482,73.579,30-10-2009 03:30,,,,74.0
SK_profile1007,SAGARDHWANI-2009,Output_NODPAC_Sagardhwani2009,8.xls,,SK,,,14.556,73.732,30-10-2009 00:00,,,,53.0
SK_profile1008,SAGARDHWANI-2009,Output_NODPAC_Sagardhwani2009,8.xls,,SK,,,14.629,73.887,30-10-2009 00:00,,,,38.0
SK_profile1009,SAGARDHWANI-2009,Output_NODPAC_Sagardhwani2009,8.xls,,SK,,,14.677,73.984,30-10-2009 00:00,,,,27.0
SK_profile1010,SAGARDHWANI-2009,Output_NODPAC_Sagardhwani2009,8.xls,,SK,,,14.927,73.926,30-10-2009 08:30,,,,3.0
SK_profile1011,SAGARDHWANI-2009,Output_NODPAC_Sagardhwani2009,8.xls,,SK,,,14.853,73.772,30-10-2009 08:30,,,,36.0
SK_profile1012,SAGARDHWANI-2009,Output_NODPAC_Sagardhwani2009,8.xls,,SK,,,14.781,73.618,30-10-2009 09:40,,,,53.0
SK_profile1013,SAGARDHWANI-2009,Output_NODPAC_Sagardhwani2009,8.xls,,SK,,,14.706,73.462,30-10-2009 00:00,,,,77.0
SK_profile1014,SAGARDHWANI-2009,Output_NODPAC_Sagardhwani2009,8.xls,,SK,,,14.63,73.308,30-10-2009 00:00,,,,85.0
SK_profile1015,SAGARDHWANI-2009,Output_NODPAC_Sagardhwani2009,8.xls,,SK,,,14.561,73.157,30-10-2009 13:10,,,,224.0
SK_profile1016,SAGARDHWANI-2009,Output_NODPAC_Sagardhwani2009,8.xls,,SK,,,14.486,73.003,30-10-2009 00:00,,,,445.0
SK_profile1017,SAGARDHWANI-2009,Output_NODPAC_Sagardhwani2009,8.xls,,SK,,,14.719,72.886,30-10-2009 18:30,,,,463.0
SK_profile1018,SAGARDHWANI-2009,Output_NODPAC_Sagardhwani2009,8.xls,,SK,,,14.789,73.045,30-10-2009 19:50,,,,242.0
SK_profile1019,SAGARDHWANI-2009,Output_NODPAC_Sagardhwani2009,8.xls,,SK,,,14.861,73.203,30-10-2009 00:00,,,,117.0
SK_profile1020,SAGARDHWANI-2009,Output_NODPAC_Sagardhwani2009,8.xls,,SK,,,14.932,73.353,30-10-2009 00:00,,,,77.0
SK_profile1021,SAGARDHWANI-2009,Output_NODPAC_Sagardhwani2009,8.xls,,SK,,,15.021,73.538,30-10-2009 00:00,,,,52.0
SK_profile1022,SAGARDHWANI-2009,Output_NODPAC_Sagardhwani2009,8.xls,,SK,,,15.091,73.68,30-10-2009 00:00,,,,32.0
SK_profile1023,SAGARDHWANI-2009,Output_NODPAC_Sagardhwani2009,8.xls,,SK,,,15.131,73.782,31-10-2009 00:50,,,,20.0
SK_profile1024,SAGARDHWANI-2009,Output_NODPAC_Sagardhwani2009,8.xls,,SK,,,9.998,74.103,19-12-2009 00:00,,,,526.0
SK_profile1025,SAGARDHWANI-2009,Output_NODPAC_Sagardhwani2009,8.xls,,SK,,,9.998,74.35,19-12-2009 09:10,,,,497.0
SK_profile1026,SAGARDHWANI-2009,Output_NODPAC_Sagardhwani2009,8.xls,,SK,,,9.994,74.596,19-12-2009 07:40,,,,500.0
SK_profile1027,SAGARDHWANI-2009,Output_NODPAC_Sagardhwani2009,8.xls,,SK,,,10.005,74.852,19-12-2009 00:00,,,,336.0
SK_profile1028,SAGARDHWANI-2009,Output_NODPAC_Sagardhwani2009,8.xls,,SK,,,10.002,75.101,19-12-2009 00:00,,,,494.0
SK_profile1029,SAGARDHWANI-2009,Output_NODPAC_Sagardhwani2009,sagardhwani2009.xls,,SK,,,10.0,75.349,19-12-2009 00:00,,,,455.0
SK_profile1030,SAGARDHWANI-2009,Output_NODPAC_Sagardhwani2009,sagardhwani2009.xls,,SK,,,10.0,75.599,18-12-2009 00:00,,,,185.0
SK_profile1031,SAGARDHWANI-2009,Output_NODPAC_Sagardhwani2009,sagardhwani2009.xls,,SK,,,9.997,75.677,18-12-2009 23:40,,,,77.0
SK_profile1032,SAGARDHWANI-2009,Output_NODPAC_Sagardhwani2009,sagardhwani2009.xls,,SK,,,9.999,75.758,18-12-2009 00:00,,,,59.0
SK_profile1033,SAGARDHWANI-2009,Output_NODPAC_Sagardhwani2009,sagardhwani2009.xls,,SK,,,10.003,75.847,18-12-2009 22:00,,,,43.0
SK_profile1034,SAGARDHWANI-2009,Output_NODPAC_Sagardhwani2009,sagardhwani2009.xls,,SK,,,10.003,75.931,18-12-2009 21:40,,,,25.0
SK_profile1035,SAGARDHWANI-2009,Output_NODPAC_Sagardhwani2009,sagardhwani2009.xls,,SK,,,10.002,75.959,18-12-2009 21:00,,,,23.0
SK_profile1036,SAGARDHWANI-2009,Output_NODPAC_Sagardhwani2009,sagardhwani2009.xls,,SK,,,9.497,74.281,19-12-2009 14:10,,,,497.0
SK_profile1037,SAGARDHWANI-2009,Output_NODPAC_Sagardhwani2009,sagardhwani2009.xls,,SK,,,9.496,74.528,19-12-2009 00:00,,,,429.0
SK_profile1038,SAGARDHWANI-2009,Output_NODPAC_Sagardhwani2009,sagardhwani2009.xls,,SK,,,9.498,74.773,19-12-2009 00:00,,,,458.0
SK_profile1039,SAGARDHWANI-2009,Output_NODPAC_Sagardhwani2009,sagardhwani2009.xls,,SK,,,9.497,75.021,19-12-2009 00:00,,,,462.0
SK_profile1040,SAGARDHWANI-2009,Output_NODPAC_Sagardhwani2009,sagardhwani2009.xls,,SK,,,9.5,75.279,19-12-2009 21:50,,,,395.0
SK_profile1041,SAGARDHWANI-2009,Output_NODPAC_Sagardhwani2009,sagardhwani2009.xls,,SK,,,9.508,75.548,19-12-2009 23:40,,,,416.0
SK_profile1042,SAGARDHWANI-2009,Output_NODPAC_Sagardhwani2009,sagardhwani2009.xls,,SK,,,9.504,75.781,20-12-2009 01:10,,,,160.0
SK_profile1043,SAGARDHWANI-2009,Output_NODPAC_Sagardhwani2009,sagardhwani2009.xls,,SK,,,9.5,75.86,20-12-2009 00:00,,,,82.0
SK_profile1044,SAGARDHWANI-2009,Output_NODPAC_Sagardhwani2009,sagardhwani2009.xls,,SK,,,9.501,75.95,20-12-2009 02:30,,,,58.0
SK_profile1045,SAGARDHWANI-2009,Output_NODPAC_Sagardhwani2009,sagardhwani2009.xls,,SK,,,9.5,76.03,20-12-2009 00:00,,,,49.0
SK_profile1046,SAGARDHWANI-2009,Output_NODPAC_Sagardhwani2009,sagardhwani2009.xls,,SK,,,9.5,76.111,20-12-2009 03:40,,,,34.0
SK_profile1047,SAGARDHWANI-2009,Output_NODPAC_Sagardhwani2009,sagardhwani2009.xls,,SK,,,9.504,76.199,20-12-2009 00:00,,,,20.0
SK_profile1048,SAGARDHWANI-2009,Output_NODPAC_Sagardhwani2009,sagardhwani2009.xls,,SK,,,8.999,74.948,20-12-2009 16:20,,,,496.0
SK_profile1049,SAGARDHWANI-2009,Output_NODPAC_Sagardhwani2009,sagardhwani2009.xls,,SK,,,9.001,75.193,20-12-2009 14:20,,,,483.0
SK_profile1050,SAGARDHWANI-2009,Output_NODPAC_Sagardhwani2009,sagardhwani2009.xls,,SK,,,8.996,75.45,20-12-2009 00:00,,,,497.0
SK_profile1051,SAGARDHWANI-2009,Output_NODPAC_Sagardhwani2009,sagardhwani2009.xls,,SK,,,9.002,75.699,20-12-2009 11:10,,,,343.0
SK_profile1052,SAGARDHWANI-2009,Output_NODPAC_Sagardhwani2009,sagardhwani2009.xls,,SK,,,9.003,75.953,20-12-2009 00:00,,,,165.0
SK_profile1053,SAGARDHWANI-2009,Output_NODPAC_Sagardhwani2009,sagardhwani2009.xls,,SK,,,9.005,76.048,20-12-2009 09:00,,,,74.0
SK_profile1054,SAGARDHWANI-2009,Output_NODPAC_Sagardhwani2009,sagardhwani2009.xls,,SK,,,8.998,76.122,20-12-2009 08:50,,,,52.0
SK_profile1055,SAGARDHWANI-2009,Output_NODPAC_Sagardhwani2009,sagardhwani2009.xls,,SK,,,9.001,76.199,20-12-2009 00:00,,,,45.0
SK_profile1056,SAGARDHWANI-2009,Output_NODPAC_Sagardhwani2009,sagardhwani2009.xls,,SK,,,9.002,76.289,20-12-2009 07:30,,,,44.0
SK_profile1057,SAGARDHWANI-2009,Output_NODPAC_Sagardhwani2009,sagardhwani2009.xls,,SK,,,9.0,76.37,20-12-2009 00:00,,,,28.0
SK_profile1058,SAGARDHWANI-2009,Output_NODPAC_Sagardhwani2009,sagardhwani2009.xls,,SK,,,8.497,74.83,20-12-2009 19:20,,,,498.0
SK_profile1059,SAGARDHWANI-2009,Output_NODPAC_Sagardhwani2009,sagardhwani2009.xls,,SK,,,8.5,75.082,20-12-2009 21:00,,,,498.0
SK_profile1060,SAGARDHWANI-2009,Output_NODPAC_Sagardhwani2009,sagardhwani2009.xls,,SK,,,8.502,75.33,20-12-2009 00:00,,,,479.0
SK_profile1061,SAGARDHWANI-2009,Output_NODPAC_Sagardhwani2009,sagardhwani2009.xls,,SK,,,8.502,75.578,21-12-2009 00:40,,,,321.0
SK_profile1062,SAGARDHWANI-2009,Output_NODPAC_Sagardhwani2009,sagardhwani2009.xls,,SK,,,8.501,75.828,21-12-2009 02:20,,,,422.0
